fiscal_year,date,manufacturer,model_group,measure,units,source_sheet,source_row
2007-08,2007-07-01,Honda,Honda Civic,Production,554,2007-08,9
2007-08,2007-08-01,Honda,Honda Civic,Production,533,2007-08,9
2007-08,2007-09-01,Honda,Honda Civic,Production,405,2007-08,9
2007-08,2007-10-01,Honda,Honda Civic,Production,662,2007-08,9
2007-08,2007-11-01,Honda,Honda Civic,Production,423,2007-08,9
2007-08,2007-12-01,Honda,Honda Civic,Production,363,2007-08,9
2007-08,2008-01-01,Honda,Honda Civic,Production,477,2007-08,9
2007-08,2008-02-01,Honda,Honda Civic,Production,598,2007-08,9
2007-08,2008-03-01,Honda,Honda Civic,Production,332,2007-08,9
2007-08,2008-04-01,Honda,Honda Civic,Production,419,2007-08,9
2007-08,2008-05-01,Honda,Honda Civic,Production,418,2007-08,9
2007-08,2008-06-01,Honda,Honda Civic,Production,629,2007-08,9
2007-08,2007-07-01,Honda,Honda Civic,Sales,418,2007-08,10
2007-08,2007-08-01,Honda,Honda Civic,Sales,630,2007-08,10
2007-08,2007-09-01,Honda,Honda Civic,Sales,305,2007-08,10
2007-08,2007-10-01,Honda,Honda Civic,Sales,581,2007-08,10
2007-08,2007-11-01,Honda,Honda Civic,Sales,348,2007-08,10
2007-08,2007-12-01,Honda,Honda Civic,Sales,315,2007-08,10
2007-08,2008-01-01,Honda,Honda Civic,Sales,521,2007-08,10
2007-08,2008-02-01,Honda,Honda Civic,Sales,579,2007-08,10
2007-08,2008-03-01,Honda,Honda Civic,Sales,449,2007-08,10
2007-08,2008-04-01,Honda,Honda Civic,Sales,527,2007-08,10
2007-08,2008-05-01,Honda,Honda Civic,Sales,417,2007-08,10
2007-08,2008-06-01,Honda,Honda Civic,Sales,672,2007-08,10
2007-08,2007-07-01,Honda,Honda City,Production,1046,2007-08,12
2007-08,2007-08-01,Honda,Honda City,Production,960,2007-08,12
2007-08,2007-09-01,Honda,Honda City,Production,1035,2007-08,12
2007-08,2007-10-01,Honda,Honda City,Production,778,2007-08,12
2007-08,2007-11-01,Honda,Honda City,Production,657,2007-08,12
2007-08,2007-12-01,Honda,Honda City,Production,297,2007-08,12
2007-08,2008-01-01,Honda,Honda City,Production,423,2007-08,12
2007-08,2008-02-01,Honda,Honda City,Production,572,2007-08,12
2007-08,2008-03-01,Honda,Honda City,Production,438,2007-08,12
2007-08,2008-04-01,Honda,Honda City,Production,361,2007-08,12
2007-08,2008-05-01,Honda,Honda City,Production,782,2007-08,12
2007-08,2008-06-01,Honda,Honda City,Production,871,2007-08,12
2007-08,2007-07-01,Honda,Honda City,Sales,611,2007-08,13
2007-08,2007-08-01,Honda,Honda City,Sales,1506,2007-08,13
2007-08,2007-09-01,Honda,Honda City,Sales,497,2007-08,13
2007-08,2007-10-01,Honda,Honda City,Sales,621,2007-08,13
2007-08,2007-11-01,Honda,Honda City,Sales,605,2007-08,13
2007-08,2007-12-01,Honda,Honda City,Sales,328,2007-08,13
2007-08,2008-01-01,Honda,Honda City,Sales,852,2007-08,13
2007-08,2008-02-01,Honda,Honda City,Sales,641,2007-08,13
2007-08,2008-03-01,Honda,Honda City,Sales,694,2007-08,13
2007-08,2008-04-01,Honda,Honda City,Sales,484,2007-08,13
2007-08,2008-05-01,Honda,Honda City,Sales,658,2007-08,13
2007-08,2008-06-01,Honda,Honda City,Sales,942,2007-08,13
2007-08,2007-07-01,Suzuki,Suzuki Liana,Production,353,2007-08,15
2007-08,2007-08-01,Suzuki,Suzuki Liana,Production,199,2007-08,15
2007-08,2007-09-01,Suzuki,Suzuki Liana,Production,514,2007-08,15
2007-08,2007-10-01,Suzuki,Suzuki Liana,Production,439,2007-08,15
2007-08,2007-11-01,Suzuki,Suzuki Liana,Production,306,2007-08,15
2007-08,2007-12-01,Suzuki,Suzuki Liana,Production,10,2007-08,15
2007-08,2008-01-01,Suzuki,Suzuki Liana,Production,30,2007-08,15
2007-08,2008-02-01,Suzuki,Suzuki Liana,Production,175,2007-08,15
2007-08,2008-03-01,Suzuki,Suzuki Liana,Production,280,2007-08,15
2007-08,2008-04-01,Suzuki,Suzuki Liana,Production,145,2007-08,15
2007-08,2008-05-01,Suzuki,Suzuki Liana,Production,96,2007-08,15
2007-08,2008-06-01,Suzuki,Suzuki Liana,Production,58,2007-08,15
2007-08,2007-07-01,Suzuki,Suzuki Liana,Sales,318,2007-08,16
2007-08,2007-08-01,Suzuki,Suzuki Liana,Sales,613,2007-08,16
2007-08,2007-09-01,Suzuki,Suzuki Liana,Sales,386,2007-08,16
2007-08,2007-10-01,Suzuki,Suzuki Liana,Sales,162,2007-08,16
2007-08,2007-11-01,Suzuki,Suzuki Liana,Sales,192,2007-08,16
2007-08,2007-12-01,Suzuki,Suzuki Liana,Sales,175,2007-08,16
2007-08,2008-01-01,Suzuki,Suzuki Liana,Sales,180,2007-08,16
2007-08,2008-02-01,Suzuki,Suzuki Liana,Sales,186,2007-08,16
2007-08,2008-03-01,Suzuki,Suzuki Liana,Sales,208,2007-08,16
2007-08,2008-04-01,Suzuki,Suzuki Liana,Sales,196,2007-08,16
2007-08,2008-05-01,Suzuki,Suzuki Liana,Sales,148,2007-08,16
2007-08,2008-06-01,Suzuki,Suzuki Liana,Sales,219,2007-08,16
2007-08,2007-07-01,Toyota,Toyota Corolla,Production,3745,2007-08,18
2007-08,2007-08-01,Toyota,Toyota Corolla,Production,3404,2007-08,18
2007-08,2007-09-01,Toyota,Toyota Corolla,Production,2826,2007-08,18
2007-08,2007-10-01,Toyota,Toyota Corolla,Production,2543,2007-08,18
2007-08,2007-11-01,Toyota,Toyota Corolla,Production,2702,2007-08,18
2007-08,2007-12-01,Toyota,Toyota Corolla,Production,1690,2007-08,18
2007-08,2008-01-01,Toyota,Toyota Corolla,Production,1888,2007-08,18
2007-08,2008-02-01,Toyota,Toyota Corolla,Production,2654,2007-08,18
2007-08,2008-03-01,Toyota,Toyota Corolla,Production,2944,2007-08,18
2007-08,2008-04-01,Toyota,Toyota Corolla,Production,3091,2007-08,18
2007-08,2008-05-01,Toyota,Toyota Corolla,Production,3034,2007-08,18
2007-08,2008-06-01,Toyota,Toyota Corolla,Production,3151,2007-08,18
2007-08,2007-07-01,Toyota,Toyota Corolla,Sales,3414,2007-08,19
2007-08,2007-08-01,Toyota,Toyota Corolla,Sales,3711,2007-08,19
2007-08,2007-09-01,Toyota,Toyota Corolla,Sales,2546,2007-08,19
2007-08,2007-10-01,Toyota,Toyota Corolla,Sales,2531,2007-08,19
2007-08,2007-11-01,Toyota,Toyota Corolla,Sales,2637,2007-08,19
2007-08,2007-12-01,Toyota,Toyota Corolla,Sales,1141,2007-08,19
2007-08,2008-01-01,Toyota,Toyota Corolla,Sales,2485,2007-08,19
2007-08,2008-02-01,Toyota,Toyota Corolla,Sales,2704,2007-08,19
2007-08,2008-03-01,Toyota,Toyota Corolla,Sales,3054,2007-08,19
2007-08,2008-04-01,Toyota,Toyota Corolla,Sales,3054,2007-08,19
2007-08,2008-05-01,Toyota,Toyota Corolla,Sales,2923,2007-08,19
2007-08,2008-06-01,Toyota,Toyota Corolla,Sales,3440,2007-08,19
2007-08,2007-07-01,Suzuki,Suzuki Cultus,Production,709,2007-08,26
2007-08,2007-08-01,Suzuki,Suzuki Cultus,Production,3166,2007-08,26
2007-08,2007-09-01,Suzuki,Suzuki Cultus,Production,3019,2007-08,26
2007-08,2007-10-01,Suzuki,Suzuki Cultus,Production,3131,2007-08,26
2007-08,2007-11-01,Suzuki,Suzuki Cultus,Production,2047,2007-08,26
2007-08,2007-12-01,Suzuki,Suzuki Cultus,Production,1739,2007-08,26
2007-08,2008-01-01,Suzuki,Suzuki Cultus,Production,1524,2007-08,26
2007-08,2008-02-01,Suzuki,Suzuki Cultus,Production,2040,2007-08,26
2007-08,2008-03-01,Suzuki,Suzuki Cultus,Production,2477,2007-08,26
2007-08,2008-04-01,Suzuki,Suzuki Cultus,Production,2980,2007-08,26
2007-08,2008-05-01,Suzuki,Suzuki Cultus,Production,2966,2007-08,26
2007-08,2008-06-01,Suzuki,Suzuki Cultus,Production,1864,2007-08,26
2007-08,2007-07-01,Suzuki,Suzuki Cultus,Sales,389,2007-08,27
2007-08,2007-08-01,Suzuki,Suzuki Cultus,Sales,3398,2007-08,27
2007-08,2007-09-01,Suzuki,Suzuki Cultus,Sales,2340,2007-08,27
2007-08,2007-10-01,Suzuki,Suzuki Cultus,Sales,2838,2007-08,27
2007-08,2007-11-01,Suzuki,Suzuki Cultus,Sales,1712,2007-08,27
2007-08,2007-12-01,Suzuki,Suzuki Cultus,Sales,1674,2007-08,27
2007-08,2008-01-01,Suzuki,Suzuki Cultus,Sales,2080,2007-08,27
2007-08,2008-02-01,Suzuki,Suzuki Cultus,Sales,2204,2007-08,27
2007-08,2008-03-01,Suzuki,Suzuki Cultus,Sales,2707,2007-08,27
2007-08,2008-04-01,Suzuki,Suzuki Cultus,Sales,2795,2007-08,27
2007-08,2008-05-01,Suzuki,Suzuki Cultus,Sales,2221,2007-08,27
2007-08,2008-06-01,Suzuki,Suzuki Cultus,Sales,3205,2007-08,27
2007-08,2007-07-01,Suzuki,Suzuki Alto,Production,1981,2007-08,29
2007-08,2007-08-01,Suzuki,Suzuki Alto,Production,1847,2007-08,29
2007-08,2007-09-01,Suzuki,Suzuki Alto,Production,1777,2007-08,29
2007-08,2007-10-01,Suzuki,Suzuki Alto,Production,1590,2007-08,29
2007-08,2007-11-01,Suzuki,Suzuki Alto,Production,1947,2007-08,29
2007-08,2007-12-01,Suzuki,Suzuki Alto,Production,1452,2007-08,29
2007-08,2008-01-01,Suzuki,Suzuki Alto,Production,632,2007-08,29
2007-08,2008-02-01,Suzuki,Suzuki Alto,Production,1509,2007-08,29
2007-08,2008-03-01,Suzuki,Suzuki Alto,Production,1672,2007-08,29
2007-08,2008-04-01,Suzuki,Suzuki Alto,Production,1604,2007-08,29
2007-08,2008-05-01,Suzuki,Suzuki Alto,Production,1608,2007-08,29
2007-08,2008-06-01,Suzuki,Suzuki Alto,Production,1186,2007-08,29
2007-08,2007-07-01,Suzuki,Suzuki Alto,Sales,1320,2007-08,30
2007-08,2007-08-01,Suzuki,Suzuki Alto,Sales,2617,2007-08,30
2007-08,2007-09-01,Suzuki,Suzuki Alto,Sales,1253,2007-08,30
2007-08,2007-10-01,Suzuki,Suzuki Alto,Sales,1537,2007-08,30
2007-08,2007-11-01,Suzuki,Suzuki Alto,Sales,1264,2007-08,30
2007-08,2007-12-01,Suzuki,Suzuki Alto,Sales,821,2007-08,30
2007-08,2008-01-01,Suzuki,Suzuki Alto,Sales,1386,2007-08,30
2007-08,2008-02-01,Suzuki,Suzuki Alto,Sales,1417,2007-08,30
2007-08,2008-03-01,Suzuki,Suzuki Alto,Sales,2070,2007-08,30
2007-08,2008-04-01,Suzuki,Suzuki Alto,Sales,1865,2007-08,30
2007-08,2008-05-01,Suzuki,Suzuki Alto,Sales,1627,2007-08,30
2007-08,2008-06-01,Suzuki,Suzuki Alto,Sales,1920,2007-08,30
2007-08,2007-07-01,Hyundai,Hyundai Santro,Production,302,2007-08,32
2007-08,2007-08-01,Hyundai,Hyundai Santro,Production,253,2007-08,32
2007-08,2007-09-01,Hyundai,Hyundai Santro,Production,333,2007-08,32
2007-08,2007-10-01,Hyundai,Hyundai Santro,Production,134,2007-08,32
2007-08,2007-11-01,Hyundai,Hyundai Santro,Production,86,2007-08,32
2007-08,2007-12-01,Hyundai,Hyundai Santro,Production,81,2007-08,32
2007-08,2008-01-01,Hyundai,Hyundai Santro,Production,96,2007-08,32
2007-08,2008-02-01,Hyundai,Hyundai Santro,Production,81,2007-08,32
2007-08,2008-03-01,Hyundai,Hyundai Santro,Production,161,2007-08,32
2007-08,2008-04-01,Hyundai,Hyundai Santro,Production,181,2007-08,32
2007-08,2008-05-01,Hyundai,Hyundai Santro,Production,222,2007-08,32
2007-08,2008-06-01,Hyundai,Hyundai Santro,Production,98,2007-08,32
2007-08,2007-07-01,Hyundai,Hyundai Santro,Sales,302,2007-08,33
2007-08,2007-08-01,Hyundai,Hyundai Santro,Sales,391,2007-08,33
2007-08,2007-09-01,Hyundai,Hyundai Santro,Sales,301,2007-08,33
2007-08,2007-10-01,Hyundai,Hyundai Santro,Sales,158,2007-08,33
2007-08,2007-11-01,Hyundai,Hyundai Santro,Sales,152,2007-08,33
2007-08,2007-12-01,Hyundai,Hyundai Santro,Sales,76,2007-08,33
2007-08,2008-01-01,Hyundai,Hyundai Santro,Sales,101,2007-08,33
2007-08,2008-02-01,Hyundai,Hyundai Santro,Sales,102,2007-08,33
2007-08,2008-03-01,Hyundai,Hyundai Santro,Sales,162,2007-08,33
2007-08,2008-04-01,Hyundai,Hyundai Santro,Sales,179,2007-08,33
2007-08,2008-05-01,Hyundai,Hyundai Santro,Sales,101,2007-08,33
2007-08,2008-06-01,Hyundai,Hyundai Santro,Sales,202,2007-08,33
2007-08,2007-07-01,Daihatsu,Daihatsu Cuore,Production,1104,2007-08,40
2007-08,2007-08-01,Daihatsu,Daihatsu Cuore,Production,1235,2007-08,40
2007-08,2007-09-01,Daihatsu,Daihatsu Cuore,Production,837,2007-08,40
2007-08,2007-10-01,Daihatsu,Daihatsu Cuore,Production,749,2007-08,40
2007-08,2007-11-01,Daihatsu,Daihatsu Cuore,Production,960,2007-08,40
2007-08,2007-12-01,Daihatsu,Daihatsu Cuore,Production,443,2007-08,40
2007-08,2008-01-01,Daihatsu,Daihatsu Cuore,Production,1422,2007-08,40
2007-08,2008-02-01,Daihatsu,Daihatsu Cuore,Production,1106,2007-08,40
2007-08,2008-03-01,Daihatsu,Daihatsu Cuore,Production,1077,2007-08,40
2007-08,2008-04-01,Daihatsu,Daihatsu Cuore,Production,1361,2007-08,40
2007-08,2008-05-01,Daihatsu,Daihatsu Cuore,Production,1223,2007-08,40
2007-08,2008-06-01,Daihatsu,Daihatsu Cuore,Production,889,2007-08,40
2007-08,2007-07-01,Daihatsu,Daihatsu Cuore,Sales,1054,2007-08,41
2007-08,2007-08-01,Daihatsu,Daihatsu Cuore,Sales,1277,2007-08,41
2007-08,2007-09-01,Daihatsu,Daihatsu Cuore,Sales,841,2007-08,41
2007-08,2007-10-01,Daihatsu,Daihatsu Cuore,Sales,715,2007-08,41
2007-08,2007-11-01,Daihatsu,Daihatsu Cuore,Sales,971,2007-08,41
2007-08,2007-12-01,Daihatsu,Daihatsu Cuore,Sales,380,2007-08,41
2007-08,2008-01-01,Daihatsu,Daihatsu Cuore,Sales,1314,2007-08,41
2007-08,2008-02-01,Daihatsu,Daihatsu Cuore,Sales,982,2007-08,41
2007-08,2008-03-01,Daihatsu,Daihatsu Cuore,Sales,1137,2007-08,41
2007-08,2008-04-01,Daihatsu,Daihatsu Cuore,Sales,1337,2007-08,41
2007-08,2008-05-01,Daihatsu,Daihatsu Cuore,Sales,1217,2007-08,41
2007-08,2008-06-01,Daihatsu,Daihatsu Cuore,Sales,979,2007-08,41
2007-08,2007-07-01,Suzuki,Suzuki Mehran,Production,2976,2007-08,43
2007-08,2007-08-01,Suzuki,Suzuki Mehran,Production,3328,2007-08,43
2007-08,2007-09-01,Suzuki,Suzuki Mehran,Production,3109,2007-08,43
2007-08,2007-10-01,Suzuki,Suzuki Mehran,Production,2814,2007-08,43
2007-08,2007-11-01,Suzuki,Suzuki Mehran,Production,3475,2007-08,43
2007-08,2007-12-01,Suzuki,Suzuki Mehran,Production,2193,2007-08,43
2007-08,2008-01-01,Suzuki,Suzuki Mehran,Production,3047,2007-08,43
2007-08,2008-02-01,Suzuki,Suzuki Mehran,Production,3008,2007-08,43
2007-08,2008-03-01,Suzuki,Suzuki Mehran,Production,2983,2007-08,43
2007-08,2008-04-01,Suzuki,Suzuki Mehran,Production,3599,2007-08,43
2007-08,2008-05-01,Suzuki,Suzuki Mehran,Production,3633,2007-08,43
2007-08,2008-06-01,Suzuki,Suzuki Mehran,Production,2084,2007-08,43
2007-08,2007-07-01,Suzuki,Suzuki Mehran,Sales,2690,2007-08,44
2007-08,2007-08-01,Suzuki,Suzuki Mehran,Sales,3566,2007-08,44
2007-08,2007-09-01,Suzuki,Suzuki Mehran,Sales,2603,2007-08,44
2007-08,2007-10-01,Suzuki,Suzuki Mehran,Sales,3014,2007-08,44
2007-08,2007-11-01,Suzuki,Suzuki Mehran,Sales,3480,2007-08,44
2007-08,2007-12-01,Suzuki,Suzuki Mehran,Sales,2233,2007-08,44
2007-08,2008-01-01,Suzuki,Suzuki Mehran,Sales,2669,2007-08,44
2007-08,2008-02-01,Suzuki,Suzuki Mehran,Sales,3030,2007-08,44
2007-08,2008-03-01,Suzuki,Suzuki Mehran,Sales,3390,2007-08,44
2007-08,2008-04-01,Suzuki,Suzuki Mehran,Sales,3160,2007-08,44
2007-08,2008-05-01,Suzuki,Suzuki Mehran,Sales,3303,2007-08,44
2007-08,2008-06-01,Suzuki,Suzuki Mehran,Sales,2388,2007-08,44
2007-08,2007-07-01,Suzuki,Suzuki Bolan,Production,1182,2007-08,46
2007-08,2007-08-01,Suzuki,Suzuki Bolan,Production,1562,2007-08,46
2007-08,2007-09-01,Suzuki,Suzuki Bolan,Production,1610,2007-08,46
2007-08,2007-10-01,Suzuki,Suzuki Bolan,Production,1410,2007-08,46
2007-08,2007-11-01,Suzuki,Suzuki Bolan,Production,1821,2007-08,46
2007-08,2007-12-01,Suzuki,Suzuki Bolan,Production,1326,2007-08,46
2007-08,2008-01-01,Suzuki,Suzuki Bolan,Production,1128,2007-08,46
2007-08,2008-02-01,Suzuki,Suzuki Bolan,Production,1516,2007-08,46
2007-08,2008-03-01,Suzuki,Suzuki Bolan,Production,1496,2007-08,46
2007-08,2008-04-01,Suzuki,Suzuki Bolan,Production,1679,2007-08,46
2007-08,2008-05-01,Suzuki,Suzuki Bolan,Production,1461,2007-08,46
2007-08,2008-06-01,Suzuki,Suzuki Bolan,Production,1059,2007-08,46
2007-08,2007-07-01,Suzuki,Suzuki Bolan,Sales,1139,2007-08,47
2007-08,2007-08-01,Suzuki,Suzuki Bolan,Sales,1611,2007-08,47
2007-08,2007-09-01,Suzuki,Suzuki Bolan,Sales,1593,2007-08,47
2007-08,2007-10-01,Suzuki,Suzuki Bolan,Sales,1370,2007-08,47
2007-08,2007-11-01,Suzuki,Suzuki Bolan,Sales,1817,2007-08,47
2007-08,2007-12-01,Suzuki,Suzuki Bolan,Sales,1271,2007-08,47
2007-08,2008-01-01,Suzuki,Suzuki Bolan,Sales,1103,2007-08,47
2007-08,2008-02-01,Suzuki,Suzuki Bolan,Sales,1526,2007-08,47
2007-08,2008-03-01,Suzuki,Suzuki Bolan,Sales,1554,2007-08,47
2007-08,2008-04-01,Suzuki,Suzuki Bolan,Sales,1657,2007-08,47
2007-08,2008-05-01,Suzuki,Suzuki Bolan,Sales,1412,2007-08,47
2007-08,2008-06-01,Suzuki,Suzuki Bolan,Sales,1156,2007-08,47
2008-09,2008-07-01,Honda,Honda Civic,Production,569,2008-09,8
2008-09,2008-08-01,Honda,Honda Civic,Production,453,2008-09,8
2008-09,2008-09-01,Honda,Honda Civic,Production,598,2008-09,8
2008-09,2008-10-01,Honda,Honda Civic,Production,742,2008-09,8
2008-09,2008-11-01,Honda,Honda Civic,Production,525,2008-09,8
2008-09,2008-12-01,Honda,Honda Civic,Production,414,2008-09,8
2008-09,2009-01-01,Honda,Honda Civic,Production,683,2008-09,8
2008-09,2009-02-01,Honda,Honda Civic,Production,145,2008-09,8
2008-09,2009-03-01,Honda,Honda Civic,Production,78,2008-09,8
2008-09,2009-04-01,Honda,Honda Civic,Production,235,2008-09,8
2008-09,2009-05-01,Honda,Honda Civic,Production,245,2008-09,8
2008-09,2009-06-01,Honda,Honda Civic,Production,298,2008-09,8
2008-09,2008-07-01,Honda,Honda Civic,Sales,400,2008-09,9
2008-09,2008-08-01,Honda,Honda Civic,Sales,405,2008-09,9
2008-09,2008-09-01,Honda,Honda Civic,Sales,342,2008-09,9
2008-09,2008-10-01,Honda,Honda Civic,Sales,754,2008-09,9
2008-09,2008-11-01,Honda,Honda Civic,Sales,293,2008-09,9
2008-09,2008-12-01,Honda,Honda Civic,Sales,105,2008-09,9
2008-09,2009-01-01,Honda,Honda Civic,Sales,475,2008-09,9
2008-09,2009-02-01,Honda,Honda Civic,Sales,428,2008-09,9
2008-09,2009-03-01,Honda,Honda Civic,Sales,457,2008-09,9
2008-09,2009-04-01,Honda,Honda Civic,Sales,261,2008-09,9
2008-09,2009-05-01,Honda,Honda Civic,Sales,338,2008-09,9
2008-09,2009-06-01,Honda,Honda Civic,Sales,404,2008-09,9
2008-09,2008-07-01,Honda,Honda City,Production,983,2008-09,11
2008-09,2008-08-01,Honda,Honda City,Production,807,2008-09,11
2008-09,2008-09-01,Honda,Honda City,Production,471,2008-09,11
2008-09,2008-10-01,Honda,Honda City,Production,397,2008-09,11
2008-09,2008-11-01,Honda,Honda City,Production,195,2008-09,11
2008-09,2008-12-01,Honda,Honda City,Production,10,2008-09,11
2008-09,2009-01-01,Honda,Honda City,Production,46,2008-09,11
2008-09,2009-02-01,Honda,Honda City,Production,897,2008-09,11
2008-09,2009-03-01,Honda,Honda City,Production,1287,2008-09,11
2008-09,2009-04-01,Honda,Honda City,Production,705,2008-09,11
2008-09,2009-05-01,Honda,Honda City,Production,588,2008-09,11
2008-09,2009-06-01,Honda,Honda City,Production,369,2008-09,11
2008-09,2008-07-01,Honda,Honda City,Sales,625,2008-09,12
2008-09,2008-08-01,Honda,Honda City,Sales,670,2008-09,12
2008-09,2008-09-01,Honda,Honda City,Sales,790,2008-09,12
2008-09,2008-10-01,Honda,Honda City,Sales,584,2008-09,12
2008-09,2008-11-01,Honda,Honda City,Sales,272,2008-09,12
2008-09,2008-12-01,Honda,Honda City,Sales,45,2008-09,12
2008-09,2009-01-01,Honda,Honda City,Sales,3,2008-09,12
2008-09,2009-02-01,Honda,Honda City,Sales,795,2008-09,12
2008-09,2009-03-01,Honda,Honda City,Sales,1202,2008-09,12
2008-09,2009-04-01,Honda,Honda City,Sales,675,2008-09,12
2008-09,2009-05-01,Honda,Honda City,Sales,363,2008-09,12
2008-09,2009-06-01,Honda,Honda City,Sales,458,2008-09,12
2008-09,2008-07-01,Suzuki,Suzuki Liana,Production,11,2008-09,14
2008-09,2008-08-01,Suzuki,Suzuki Liana,Production,66,2008-09,14
2008-09,2008-09-01,Suzuki,Suzuki Liana,Production,143,2008-09,14
2008-09,2008-10-01,Suzuki,Suzuki Liana,Production,149,2008-09,14
2008-09,2008-11-01,Suzuki,Suzuki Liana,Production,14,2008-09,14
2008-09,2008-12-01,Suzuki,Suzuki Liana,Production,3,2008-09,14
2008-09,2009-01-01,Suzuki,Suzuki Liana,Production,0,2008-09,14
2008-09,2009-02-01,Suzuki,Suzuki Liana,Production,18,2008-09,14
2008-09,2009-03-01,Suzuki,Suzuki Liana,Production,96,2008-09,14
2008-09,2009-04-01,Suzuki,Suzuki Liana,Production,11,2008-09,14
2008-09,2009-05-01,Suzuki,Suzuki Liana,Production,20,2008-09,14
2008-09,2009-06-01,Suzuki,Suzuki Liana,Production,153,2008-09,14
2008-09,2008-07-01,Suzuki,Suzuki Liana,Sales,59,2008-09,15
2008-09,2008-08-01,Suzuki,Suzuki Liana,Sales,101,2008-09,15
2008-09,2008-09-01,Suzuki,Suzuki Liana,Sales,102,2008-09,15
2008-09,2008-10-01,Suzuki,Suzuki Liana,Sales,114,2008-09,15
2008-09,2008-11-01,Suzuki,Suzuki Liana,Sales,35,2008-09,15
2008-09,2008-12-01,Suzuki,Suzuki Liana,Sales,158,2008-09,15
2008-09,2009-01-01,Suzuki,Suzuki Liana,Sales,21,2008-09,15
2008-09,2009-02-01,Suzuki,Suzuki Liana,Sales,33,2008-09,15
2008-09,2009-03-01,Suzuki,Suzuki Liana,Sales,45,2008-09,15
2008-09,2009-04-01,Suzuki,Suzuki Liana,Sales,48,2008-09,15
2008-09,2009-05-01,Suzuki,Suzuki Liana,Sales,45,2008-09,15
2008-09,2009-06-01,Suzuki,Suzuki Liana,Sales,90,2008-09,15
2008-09,2008-07-01,Toyota,Toyota Corolla,Production,379,2008-09,17
2008-09,2008-08-01,Toyota,Toyota Corolla,Production,471,2008-09,17
2008-09,2008-09-01,Toyota,Toyota Corolla,Production,1697,2008-09,17
2008-09,2008-10-01,Toyota,Toyota Corolla,Production,2902,2008-09,17
2008-09,2008-11-01,Toyota,Toyota Corolla,Production,3053,2008-09,17
2008-09,2008-12-01,Toyota,Toyota Corolla,Production,1628,2008-09,17
2008-09,2009-01-01,Toyota,Toyota Corolla,Production,2581,2008-09,17
2008-09,2009-02-01,Toyota,Toyota Corolla,Production,2406,2008-09,17
2008-09,2009-03-01,Toyota,Toyota Corolla,Production,2706,2008-09,17
2008-09,2009-04-01,Toyota,Toyota Corolla,Production,3201,2008-09,17
2008-09,2009-05-01,Toyota,Toyota Corolla,Production,3008,2008-09,17
2008-09,2009-06-01,Toyota,Toyota Corolla,Production,3022,2008-09,17
2008-09,2008-07-01,Toyota,Toyota Corolla,Sales,298,2008-09,18
2008-09,2008-08-01,Toyota,Toyota Corolla,Sales,341,2008-09,18
2008-09,2008-09-01,Toyota,Toyota Corolla,Sales,1280,2008-09,18
2008-09,2008-10-01,Toyota,Toyota Corolla,Sales,2905,2008-09,18
2008-09,2008-11-01,Toyota,Toyota Corolla,Sales,3030,2008-09,18
2008-09,2008-12-01,Toyota,Toyota Corolla,Sales,1253,2008-09,18
2008-09,2009-01-01,Toyota,Toyota Corolla,Sales,3103,2008-09,18
2008-09,2009-02-01,Toyota,Toyota Corolla,Sales,2444,2008-09,18
2008-09,2009-03-01,Toyota,Toyota Corolla,Sales,2606,2008-09,18
2008-09,2009-04-01,Toyota,Toyota Corolla,Sales,3366,2008-09,18
2008-09,2009-05-01,Toyota,Toyota Corolla,Sales,3095,2008-09,18
2008-09,2009-06-01,Toyota,Toyota Corolla,Sales,3039,2008-09,18
2008-09,2008-07-01,Suzuki,Suzuki Cultus,Production,900,2008-09,25
2008-09,2008-08-01,Suzuki,Suzuki Cultus,Production,1421,2008-09,25
2008-09,2008-09-01,Suzuki,Suzuki Cultus,Production,1179,2008-09,25
2008-09,2008-10-01,Suzuki,Suzuki Cultus,Production,1496,2008-09,25
2008-09,2008-11-01,Suzuki,Suzuki Cultus,Production,616,2008-09,25
2008-09,2008-12-01,Suzuki,Suzuki Cultus,Production,521,2008-09,25
2008-09,2009-01-01,Suzuki,Suzuki Cultus,Production,403,2008-09,25
2008-09,2009-02-01,Suzuki,Suzuki Cultus,Production,420,2008-09,25
2008-09,2009-03-01,Suzuki,Suzuki Cultus,Production,506,2008-09,25
2008-09,2009-04-01,Suzuki,Suzuki Cultus,Production,608,2008-09,25
2008-09,2009-05-01,Suzuki,Suzuki Cultus,Production,425,2008-09,25
2008-09,2009-06-01,Suzuki,Suzuki Cultus,Production,686,2008-09,25
2008-09,2008-07-01,Suzuki,Suzuki Cultus,Sales,653,2008-09,26
2008-09,2008-08-01,Suzuki,Suzuki Cultus,Sales,1282,2008-09,26
2008-09,2008-09-01,Suzuki,Suzuki Cultus,Sales,1442,2008-09,26
2008-09,2008-10-01,Suzuki,Suzuki Cultus,Sales,1498,2008-09,26
2008-09,2008-11-01,Suzuki,Suzuki Cultus,Sales,613,2008-09,26
2008-09,2008-12-01,Suzuki,Suzuki Cultus,Sales,254,2008-09,26
2008-09,2009-01-01,Suzuki,Suzuki Cultus,Sales,741,2008-09,26
2008-09,2009-02-01,Suzuki,Suzuki Cultus,Sales,412,2008-09,26
2008-09,2009-03-01,Suzuki,Suzuki Cultus,Sales,371,2008-09,26
2008-09,2009-04-01,Suzuki,Suzuki Cultus,Sales,484,2008-09,26
2008-09,2009-05-01,Suzuki,Suzuki Cultus,Sales,671,2008-09,26
2008-09,2009-06-01,Suzuki,Suzuki Cultus,Sales,777,2008-09,26
2008-09,2008-07-01,Suzuki,Suzuki Alto,Production,1202,2008-09,28
2008-09,2008-08-01,Suzuki,Suzuki Alto,Production,1235,2008-09,28
2008-09,2008-09-01,Suzuki,Suzuki Alto,Production,498,2008-09,28
2008-09,2008-10-01,Suzuki,Suzuki Alto,Production,1030,2008-09,28
2008-09,2008-11-01,Suzuki,Suzuki Alto,Production,306,2008-09,28
2008-09,2008-12-01,Suzuki,Suzuki Alto,Production,396,2008-09,28
2008-09,2009-01-01,Suzuki,Suzuki Alto,Production,7,2008-09,28
2008-09,2009-02-01,Suzuki,Suzuki Alto,Production,173,2008-09,28
2008-09,2009-03-01,Suzuki,Suzuki Alto,Production,404,2008-09,28
2008-09,2009-04-01,Suzuki,Suzuki Alto,Production,512,2008-09,28
2008-09,2009-05-01,Suzuki,Suzuki Alto,Production,254,2008-09,28
2008-09,2009-06-01,Suzuki,Suzuki Alto,Production,624,2008-09,28
2008-09,2008-07-01,Suzuki,Suzuki Alto,Sales,425,2008-09,29
2008-09,2008-08-01,Suzuki,Suzuki Alto,Sales,847,2008-09,29
2008-09,2008-09-01,Suzuki,Suzuki Alto,Sales,1009,2008-09,29
2008-09,2008-10-01,Suzuki,Suzuki Alto,Sales,1231,2008-09,29
2008-09,2008-11-01,Suzuki,Suzuki Alto,Sales,200,2008-09,29
2008-09,2008-12-01,Suzuki,Suzuki Alto,Sales,100,2008-09,29
2008-09,2009-01-01,Suzuki,Suzuki Alto,Sales,733,2008-09,29
2008-09,2009-02-01,Suzuki,Suzuki Alto,Sales,170,2008-09,29
2008-09,2009-03-01,Suzuki,Suzuki Alto,Sales,255,2008-09,29
2008-09,2009-04-01,Suzuki,Suzuki Alto,Sales,341,2008-09,29
2008-09,2009-05-01,Suzuki,Suzuki Alto,Sales,571,2008-09,29
2008-09,2009-06-01,Suzuki,Suzuki Alto,Sales,668,2008-09,29
2008-09,2008-07-01,Hyundai,Hyundai Santro,Production,9,2008-09,31
2008-09,2008-08-01,Hyundai,Hyundai Santro,Production,75,2008-09,31
2008-09,2008-09-01,Hyundai,Hyundai Santro,Production,9,2008-09,31
2008-09,2008-10-01,Hyundai,Hyundai Santro,Production,0,2008-09,31
2008-09,2008-11-01,Hyundai,Hyundai Santro,Production,0,2008-09,31
2008-09,2008-12-01,Hyundai,Hyundai Santro,Production,0,2008-09,31
2008-09,2009-01-01,Hyundai,Hyundai Santro,Production,9,2008-09,31
2008-09,2009-02-01,Hyundai,Hyundai Santro,Production,209,2008-09,31
2008-09,2009-03-01,Hyundai,Hyundai Santro,Production,15,2008-09,31
2008-09,2009-04-01,Hyundai,Hyundai Santro,Production,1,2008-09,31
2008-09,2009-05-01,Hyundai,Hyundai Santro,Production,0,2008-09,31
2008-09,2009-06-01,Hyundai,Hyundai Santro,Production,0,2008-09,31
2008-09,2008-07-01,Hyundai,Hyundai Santro,Sales,27,2008-09,32
2008-09,2008-08-01,Hyundai,Hyundai Santro,Sales,15,2008-09,32
2008-09,2008-09-01,Hyundai,Hyundai Santro,Sales,44,2008-09,32
2008-09,2008-10-01,Hyundai,Hyundai Santro,Sales,11,2008-09,32
2008-09,2008-11-01,Hyundai,Hyundai Santro,Sales,19,2008-09,32
2008-09,2008-12-01,Hyundai,Hyundai Santro,Sales,11,2008-09,32
2008-09,2009-01-01,Hyundai,Hyundai Santro,Sales,2,2008-09,32
2008-09,2009-02-01,Hyundai,Hyundai Santro,Sales,58,2008-09,32
2008-09,2009-03-01,Hyundai,Hyundai Santro,Sales,79,2008-09,32
2008-09,2009-04-01,Hyundai,Hyundai Santro,Sales,61,2008-09,32
2008-09,2009-05-01,Hyundai,Hyundai Santro,Sales,53,2008-09,32
2008-09,2009-06-01,Hyundai,Hyundai Santro,Sales,24,2008-09,32
2008-09,2008-07-01,Daihatsu,Daihatsu Cuore,Production,1032,2008-09,39
2008-09,2008-08-01,Daihatsu,Daihatsu Cuore,Production,1013,2008-09,39
2008-09,2008-09-01,Daihatsu,Daihatsu Cuore,Production,718,2008-09,39
2008-09,2008-10-01,Daihatsu,Daihatsu Cuore,Production,640,2008-09,39
2008-09,2008-11-01,Daihatsu,Daihatsu Cuore,Production,530,2008-09,39
2008-09,2008-12-01,Daihatsu,Daihatsu Cuore,Production,70,2008-09,39
2008-09,2009-01-01,Daihatsu,Daihatsu Cuore,Production,90,2008-09,39
2008-09,2009-02-01,Daihatsu,Daihatsu Cuore,Production,412,2008-09,39
2008-09,2009-03-01,Daihatsu,Daihatsu Cuore,Production,488,2008-09,39
2008-09,2009-04-01,Daihatsu,Daihatsu Cuore,Production,179,2008-09,39
2008-09,2009-05-01,Daihatsu,Daihatsu Cuore,Production,281,2008-09,39
2008-09,2009-06-01,Daihatsu,Daihatsu Cuore,Production,350,2008-09,39
2008-09,2008-07-01,Daihatsu,Daihatsu Cuore,Sales,918,2008-09,40
2008-09,2008-08-01,Daihatsu,Daihatsu Cuore,Sales,905,2008-09,40
2008-09,2008-09-01,Daihatsu,Daihatsu Cuore,Sales,917,2008-09,40
2008-09,2008-10-01,Daihatsu,Daihatsu Cuore,Sales,604,2008-09,40
2008-09,2008-11-01,Daihatsu,Daihatsu Cuore,Sales,173,2008-09,40
2008-09,2008-12-01,Daihatsu,Daihatsu Cuore,Sales,87,2008-09,40
2008-09,2009-01-01,Daihatsu,Daihatsu Cuore,Sales,285,2008-09,40
2008-09,2009-02-01,Daihatsu,Daihatsu Cuore,Sales,524,2008-09,40
2008-09,2009-03-01,Daihatsu,Daihatsu Cuore,Sales,397,2008-09,40
2008-09,2009-04-01,Daihatsu,Daihatsu Cuore,Sales,320,2008-09,40
2008-09,2009-05-01,Daihatsu,Daihatsu Cuore,Sales,325,2008-09,40
2008-09,2009-06-01,Daihatsu,Daihatsu Cuore,Sales,397,2008-09,40
2008-09,2008-07-01,Suzuki,Suzuki Mehran,Production,2547,2008-09,42
2008-09,2008-08-01,Suzuki,Suzuki Mehran,Production,1506,2008-09,42
2008-09,2008-09-01,Suzuki,Suzuki Mehran,Production,926,2008-09,42
2008-09,2008-10-01,Suzuki,Suzuki Mehran,Production,1759,2008-09,42
2008-09,2008-11-01,Suzuki,Suzuki Mehran,Production,517,2008-09,42
2008-09,2008-12-01,Suzuki,Suzuki Mehran,Production,598,2008-09,42
2008-09,2009-01-01,Suzuki,Suzuki Mehran,Production,494,2008-09,42
2008-09,2009-02-01,Suzuki,Suzuki Mehran,Production,547,2008-09,42
2008-09,2009-03-01,Suzuki,Suzuki Mehran,Production,598,2008-09,42
2008-09,2009-04-01,Suzuki,Suzuki Mehran,Production,1108,2008-09,42
2008-09,2009-05-01,Suzuki,Suzuki Mehran,Production,1356,2008-09,42
2008-09,2009-06-01,Suzuki,Suzuki Mehran,Production,1283,2008-09,42
2008-09,2008-07-01,Suzuki,Suzuki Mehran,Sales,1339,2008-09,43
2008-09,2008-08-01,Suzuki,Suzuki Mehran,Sales,1867,2008-09,43
2008-09,2008-09-01,Suzuki,Suzuki Mehran,Sales,1963,2008-09,43
2008-09,2008-10-01,Suzuki,Suzuki Mehran,Sales,1898,2008-09,43
2008-09,2008-11-01,Suzuki,Suzuki Mehran,Sales,558,2008-09,43
2008-09,2008-12-01,Suzuki,Suzuki Mehran,Sales,208,2008-09,43
2008-09,2009-01-01,Suzuki,Suzuki Mehran,Sales,1078,2008-09,43
2008-09,2009-02-01,Suzuki,Suzuki Mehran,Sales,598,2008-09,43
2008-09,2009-03-01,Suzuki,Suzuki Mehran,Sales,678,2008-09,43
2008-09,2009-04-01,Suzuki,Suzuki Mehran,Sales,955,2008-09,43
2008-09,2009-05-01,Suzuki,Suzuki Mehran,Sales,1143,2008-09,43
2008-09,2009-06-01,Suzuki,Suzuki Mehran,Sales,1136,2008-09,43
2008-09,2008-07-01,Suzuki,Suzuki Bolan,Production,1075,2008-09,45
2008-09,2008-08-01,Suzuki,Suzuki Bolan,Production,1123,2008-09,45
2008-09,2008-09-01,Suzuki,Suzuki Bolan,Production,858,2008-09,45
2008-09,2008-10-01,Suzuki,Suzuki Bolan,Production,1219,2008-09,45
2008-09,2008-11-01,Suzuki,Suzuki Bolan,Production,1132,2008-09,45
2008-09,2008-12-01,Suzuki,Suzuki Bolan,Production,894,2008-09,45
2008-09,2009-01-01,Suzuki,Suzuki Bolan,Production,709,2008-09,45
2008-09,2009-02-01,Suzuki,Suzuki Bolan,Production,506,2008-09,45
2008-09,2009-03-01,Suzuki,Suzuki Bolan,Production,610,2008-09,45
2008-09,2009-04-01,Suzuki,Suzuki Bolan,Production,594,2008-09,45
2008-09,2009-05-01,Suzuki,Suzuki Bolan,Production,467,2008-09,45
2008-09,2009-06-01,Suzuki,Suzuki Bolan,Production,452,2008-09,45
2008-09,2008-07-01,Suzuki,Suzuki Bolan,Sales,925,2008-09,46
2008-09,2008-08-01,Suzuki,Suzuki Bolan,Sales,1214,2008-09,46
2008-09,2008-09-01,Suzuki,Suzuki Bolan,Sales,749,2008-09,46
2008-09,2008-10-01,Suzuki,Suzuki Bolan,Sales,1280,2008-09,46
2008-09,2008-11-01,Suzuki,Suzuki Bolan,Sales,1257,2008-09,46
2008-09,2008-12-01,Suzuki,Suzuki Bolan,Sales,468,2008-09,46
2008-09,2009-01-01,Suzuki,Suzuki Bolan,Sales,473,2008-09,46
2008-09,2009-02-01,Suzuki,Suzuki Bolan,Sales,312,2008-09,46
2008-09,2009-03-01,Suzuki,Suzuki Bolan,Sales,435,2008-09,46
2008-09,2009-04-01,Suzuki,Suzuki Bolan,Sales,453,2008-09,46
2008-09,2009-05-01,Suzuki,Suzuki Bolan,Sales,540,2008-09,46
2008-09,2009-06-01,Suzuki,Suzuki Bolan,Sales,558,2008-09,46
2009-10,2009-07-01,Honda,Honda Civic,Production,243,2009-10,7
2009-10,2009-08-01,Honda,Honda Civic,Production,419,2009-10,7
2009-10,2009-09-01,Honda,Honda Civic,Production,420,2009-10,7
2009-10,2009-10-01,Honda,Honda Civic,Production,429,2009-10,7
2009-10,2009-11-01,Honda,Honda Civic,Production,435,2009-10,7
2009-10,2009-12-01,Honda,Honda Civic,Production,456,2009-10,7
2009-10,2010-01-01,Honda,Honda Civic,Production,419,2009-10,7
2009-10,2010-02-01,Honda,Honda Civic,Production,480,2009-10,7
2009-10,2010-03-01,Honda,Honda Civic,Production,661,2009-10,7
2009-10,2010-04-01,Honda,Honda Civic,Production,299,2009-10,7
2009-10,2010-05-01,Honda,Honda Civic,Production,780,2009-10,7
2009-10,2010-06-01,Honda,Honda Civic,Production,607,2009-10,7
2009-10,2009-07-01,Honda,Honda Civic,Sales,454,2009-10,8
2009-10,2009-08-01,Honda,Honda Civic,Sales,423,2009-10,8
2009-10,2009-09-01,Honda,Honda Civic,Sales,431,2009-10,8
2009-10,2009-10-01,Honda,Honda Civic,Sales,417,2009-10,8
2009-10,2009-11-01,Honda,Honda Civic,Sales,363,2009-10,8
2009-10,2009-12-01,Honda,Honda Civic,Sales,224,2009-10,8
2009-10,2010-01-01,Honda,Honda Civic,Sales,627,2009-10,8
2009-10,2010-02-01,Honda,Honda Civic,Sales,606,2009-10,8
2009-10,2010-03-01,Honda,Honda Civic,Sales,520,2009-10,8
2009-10,2010-04-01,Honda,Honda Civic,Sales,441,2009-10,8
2009-10,2010-05-01,Honda,Honda Civic,Sales,700,2009-10,8
2009-10,2010-06-01,Honda,Honda Civic,Sales,702,2009-10,8
2009-10,2009-07-01,Honda,Honda City,Production,537,2009-10,10
2009-10,2009-08-01,Honda,Honda City,Production,691,2009-10,10
2009-10,2009-09-01,Honda,Honda City,Production,570,2009-10,10
2009-10,2009-10-01,Honda,Honda City,Production,591,2009-10,10
2009-10,2009-11-01,Honda,Honda City,Production,542,2009-10,10
2009-10,2009-12-01,Honda,Honda City,Production,532,2009-10,10
2009-10,2010-01-01,Honda,Honda City,Production,749,2009-10,10
2009-10,2010-02-01,Honda,Honda City,Production,696,2009-10,10
2009-10,2010-03-01,Honda,Honda City,Production,670,2009-10,10
2009-10,2010-04-01,Honda,Honda City,Production,571,2009-10,10
2009-10,2010-05-01,Honda,Honda City,Production,870,2009-10,10
2009-10,2010-06-01,Honda,Honda City,Production,833,2009-10,10
2009-10,2009-07-01,Honda,Honda City,Sales,686,2009-10,11
2009-10,2009-08-01,Honda,Honda City,Sales,630,2009-10,11
2009-10,2009-09-01,Honda,Honda City,Sales,639,2009-10,11
2009-10,2009-10-01,Honda,Honda City,Sales,670,2009-10,11
2009-10,2009-11-01,Honda,Honda City,Sales,391,2009-10,11
2009-10,2009-12-01,Honda,Honda City,Sales,343,2009-10,11
2009-10,2010-01-01,Honda,Honda City,Sales,952,2009-10,11
2009-10,2010-02-01,Honda,Honda City,Sales,803,2009-10,11
2009-10,2010-03-01,Honda,Honda City,Sales,631,2009-10,11
2009-10,2010-04-01,Honda,Honda City,Sales,631,2009-10,11
2009-10,2010-05-01,Honda,Honda City,Sales,810,2009-10,11
2009-10,2010-06-01,Honda,Honda City,Sales,1026,2009-10,11
2009-10,2009-07-01,Suzuki,Suzuki Liana,Production,92,2009-10,13
2009-10,2009-08-01,Suzuki,Suzuki Liana,Production,91,2009-10,13
2009-10,2009-09-01,Suzuki,Suzuki Liana,Production,116,2009-10,13
2009-10,2009-10-01,Suzuki,Suzuki Liana,Production,96,2009-10,13
2009-10,2009-11-01,Suzuki,Suzuki Liana,Production,83,2009-10,13
2009-10,2009-12-01,Suzuki,Suzuki Liana,Production,66,2009-10,13
2009-10,2010-01-01,Suzuki,Suzuki Liana,Production,54,2009-10,13
2009-10,2010-02-01,Suzuki,Suzuki Liana,Production,44,2009-10,13
2009-10,2010-03-01,Suzuki,Suzuki Liana,Production,70,2009-10,13
2009-10,2010-04-01,Suzuki,Suzuki Liana,Production,56,2009-10,13
2009-10,2010-05-01,Suzuki,Suzuki Liana,Production,65,2009-10,13
2009-10,2010-06-01,Suzuki,Suzuki Liana,Production,67,2009-10,13
2009-10,2009-07-01,Suzuki,Suzuki Liana,Sales,87,2009-10,14
2009-10,2009-08-01,Suzuki,Suzuki Liana,Sales,101,2009-10,14
2009-10,2009-09-01,Suzuki,Suzuki Liana,Sales,170,2009-10,14
2009-10,2009-10-01,Suzuki,Suzuki Liana,Sales,59,2009-10,14
2009-10,2009-11-01,Suzuki,Suzuki Liana,Sales,74,2009-10,14
2009-10,2009-12-01,Suzuki,Suzuki Liana,Sales,42,2009-10,14
2009-10,2010-01-01,Suzuki,Suzuki Liana,Sales,88,2009-10,14
2009-10,2010-02-01,Suzuki,Suzuki Liana,Sales,30,2009-10,14
2009-10,2010-03-01,Suzuki,Suzuki Liana,Sales,119,2009-10,14
2009-10,2010-04-01,Suzuki,Suzuki Liana,Sales,78,2009-10,14
2009-10,2010-05-01,Suzuki,Suzuki Liana,Sales,95,2009-10,14
2009-10,2010-06-01,Suzuki,Suzuki Liana,Sales,82,2009-10,14
2009-10,2009-07-01,Suzuki,Suzuki Swift,Production,0,2009-10,16
2009-10,2009-08-01,Suzuki,Suzuki Swift,Production,0,2009-10,16
2009-10,2009-09-01,Suzuki,Suzuki Swift,Production,0,2009-10,16
2009-10,2009-10-01,Suzuki,Suzuki Swift,Production,5,2009-10,16
2009-10,2009-11-01,Suzuki,Suzuki Swift,Production,92,2009-10,16
2009-10,2009-12-01,Suzuki,Suzuki Swift,Production,176,2009-10,16
2009-10,2010-01-01,Suzuki,Suzuki Swift,Production,502,2009-10,16
2009-10,2010-02-01,Suzuki,Suzuki Swift,Production,487,2009-10,16
2009-10,2010-03-01,Suzuki,Suzuki Swift,Production,508,2009-10,16
2009-10,2010-04-01,Suzuki,Suzuki Swift,Production,509,2009-10,16
2009-10,2010-05-01,Suzuki,Suzuki Swift,Production,5,2009-10,16
2009-10,2010-06-01,Suzuki,Suzuki Swift,Production,294,2009-10,16
2009-10,2009-07-01,Suzuki,Suzuki Swift,Sales,0,2009-10,17
2009-10,2009-08-01,Suzuki,Suzuki Swift,Sales,0,2009-10,17
2009-10,2009-09-01,Suzuki,Suzuki Swift,Sales,0,2009-10,17
2009-10,2009-10-01,Suzuki,Suzuki Swift,Sales,0,2009-10,17
2009-10,2009-11-01,Suzuki,Suzuki Swift,Sales,0,2009-10,17
2009-10,2009-12-01,Suzuki,Suzuki Swift,Sales,2,2009-10,17
2009-10,2010-01-01,Suzuki,Suzuki Swift,Sales,502,2009-10,17
2009-10,2010-02-01,Suzuki,Suzuki Swift,Sales,505,2009-10,17
2009-10,2010-03-01,Suzuki,Suzuki Swift,Sales,408,2009-10,17
2009-10,2010-04-01,Suzuki,Suzuki Swift,Sales,279,2009-10,17
2009-10,2010-05-01,Suzuki,Suzuki Swift,Sales,300,2009-10,17
2009-10,2010-06-01,Suzuki,Suzuki Swift,Sales,357,2009-10,17
2009-10,2009-07-01,Toyota,Toyota Corolla,Production,3241,2009-10,19
2009-10,2009-08-01,Toyota,Toyota Corolla,Production,3155,2009-10,19
2009-10,2009-09-01,Toyota,Toyota Corolla,Production,2661,2009-10,19
2009-10,2009-10-01,Toyota,Toyota Corolla,Production,3933,2009-10,19
2009-10,2009-11-01,Toyota,Toyota Corolla,Production,3157,2009-10,19
2009-10,2009-12-01,Toyota,Toyota Corolla,Production,2033,2009-10,19
2009-10,2010-01-01,Toyota,Toyota Corolla,Production,4385,2009-10,19
2009-10,2010-02-01,Toyota,Toyota Corolla,Production,3432,2009-10,19
2009-10,2010-03-01,Toyota,Toyota Corolla,Production,4157,2009-10,19
2009-10,2010-04-01,Toyota,Toyota Corolla,Production,4309,2009-10,19
2009-10,2010-05-01,Toyota,Toyota Corolla,Production,4304,2009-10,19
2009-10,2010-06-01,Toyota,Toyota Corolla,Production,4615,2009-10,19
2009-10,2009-07-01,Toyota,Toyota Corolla,Sales,3124,2009-10,20
2009-10,2009-08-01,Toyota,Toyota Corolla,Sales,3172,2009-10,20
2009-10,2009-09-01,Toyota,Toyota Corolla,Sales,2655,2009-10,20
2009-10,2009-10-01,Toyota,Toyota Corolla,Sales,3951,2009-10,20
2009-10,2009-11-01,Toyota,Toyota Corolla,Sales,3183,2009-10,20
2009-10,2009-12-01,Toyota,Toyota Corolla,Sales,2044,2009-10,20
2009-10,2010-01-01,Toyota,Toyota Corolla,Sales,4207,2009-10,20
2009-10,2010-02-01,Toyota,Toyota Corolla,Sales,3481,2009-10,20
2009-10,2010-03-01,Toyota,Toyota Corolla,Sales,4147,2009-10,20
2009-10,2010-04-01,Toyota,Toyota Corolla,Sales,4558,2009-10,20
2009-10,2010-05-01,Toyota,Toyota Corolla,Sales,4235,2009-10,20
2009-10,2010-06-01,Toyota,Toyota Corolla,Sales,4753,2009-10,20
2009-10,2009-07-01,Suzuki,Suzuki Cultus,Production,955,2009-10,27
2009-10,2009-08-01,Suzuki,Suzuki Cultus,Production,952,2009-10,27
2009-10,2009-09-01,Suzuki,Suzuki Cultus,Production,922,2009-10,27
2009-10,2009-10-01,Suzuki,Suzuki Cultus,Production,1159,2009-10,27
2009-10,2009-11-01,Suzuki,Suzuki Cultus,Production,995,2009-10,27
2009-10,2009-12-01,Suzuki,Suzuki Cultus,Production,981,2009-10,27
2009-10,2010-01-01,Suzuki,Suzuki Cultus,Production,880,2009-10,27
2009-10,2010-02-01,Suzuki,Suzuki Cultus,Production,860,2009-10,27
2009-10,2010-03-01,Suzuki,Suzuki Cultus,Production,1314,2009-10,27
2009-10,2010-04-01,Suzuki,Suzuki Cultus,Production,1287,2009-10,27
2009-10,2010-05-01,Suzuki,Suzuki Cultus,Production,1195,2009-10,27
2009-10,2010-06-01,Suzuki,Suzuki Cultus,Production,953,2009-10,27
2009-10,2009-07-01,Suzuki,Suzuki Cultus,Sales,909,2009-10,28
2009-10,2009-08-01,Suzuki,Suzuki Cultus,Sales,968,2009-10,28
2009-10,2009-09-01,Suzuki,Suzuki Cultus,Sales,975,2009-10,28
2009-10,2009-10-01,Suzuki,Suzuki Cultus,Sales,1201,2009-10,28
2009-10,2009-11-01,Suzuki,Suzuki Cultus,Sales,880,2009-10,28
2009-10,2009-12-01,Suzuki,Suzuki Cultus,Sales,805,2009-10,28
2009-10,2010-01-01,Suzuki,Suzuki Cultus,Sales,950,2009-10,28
2009-10,2010-02-01,Suzuki,Suzuki Cultus,Sales,900,2009-10,28
2009-10,2010-03-01,Suzuki,Suzuki Cultus,Sales,1200,2009-10,28
2009-10,2010-04-01,Suzuki,Suzuki Cultus,Sales,1104,2009-10,28
2009-10,2010-05-01,Suzuki,Suzuki Cultus,Sales,1250,2009-10,28
2009-10,2010-06-01,Suzuki,Suzuki Cultus,Sales,1516,2009-10,28
2009-10,2009-07-01,Suzuki,Suzuki Alto,Production,619,2009-10,30
2009-10,2009-08-01,Suzuki,Suzuki Alto,Production,683,2009-10,30
2009-10,2009-09-01,Suzuki,Suzuki Alto,Production,1162,2009-10,30
2009-10,2009-10-01,Suzuki,Suzuki Alto,Production,1327,2009-10,30
2009-10,2009-11-01,Suzuki,Suzuki Alto,Production,1126,2009-10,30
2009-10,2009-12-01,Suzuki,Suzuki Alto,Production,640,2009-10,30
2009-10,2010-01-01,Suzuki,Suzuki Alto,Production,662,2009-10,30
2009-10,2010-02-01,Suzuki,Suzuki Alto,Production,687,2009-10,30
2009-10,2010-03-01,Suzuki,Suzuki Alto,Production,946,2009-10,30
2009-10,2010-04-01,Suzuki,Suzuki Alto,Production,1148,2009-10,30
2009-10,2010-05-01,Suzuki,Suzuki Alto,Production,1016,2009-10,30
2009-10,2010-06-01,Suzuki,Suzuki Alto,Production,649,2009-10,30
2009-10,2009-07-01,Suzuki,Suzuki Alto,Sales,629,2009-10,31
2009-10,2009-08-01,Suzuki,Suzuki Alto,Sales,733,2009-10,31
2009-10,2009-09-01,Suzuki,Suzuki Alto,Sales,1003,2009-10,31
2009-10,2009-10-01,Suzuki,Suzuki Alto,Sales,1265,2009-10,31
2009-10,2009-11-01,Suzuki,Suzuki Alto,Sales,675,2009-10,31
2009-10,2009-12-01,Suzuki,Suzuki Alto,Sales,729,2009-10,31
2009-10,2010-01-01,Suzuki,Suzuki Alto,Sales,860,2009-10,31
2009-10,2010-02-01,Suzuki,Suzuki Alto,Sales,857,2009-10,31
2009-10,2010-03-01,Suzuki,Suzuki Alto,Sales,887,2009-10,31
2009-10,2010-04-01,Suzuki,Suzuki Alto,Sales,1002,2009-10,31
2009-10,2010-05-01,Suzuki,Suzuki Alto,Sales,1009,2009-10,31
2009-10,2010-06-01,Suzuki,Suzuki Alto,Sales,1145,2009-10,31
2009-10,2009-07-01,Hyundai,Hyundai Santro,Production,31,2009-10,33
2009-10,2009-08-01,Hyundai,Hyundai Santro,Production,178,2009-10,33
2009-10,2009-09-01,Hyundai,Hyundai Santro,Production,2,2009-10,33
2009-10,2009-10-01,Hyundai,Hyundai Santro,Production,1,2009-10,33
2009-10,2009-11-01,Hyundai,Hyundai Santro,Production,0,2009-10,33
2009-10,2009-12-01,Hyundai,Hyundai Santro,Production,0,2009-10,33
2009-10,2010-01-01,Hyundai,Hyundai Santro,Production,0,2009-10,33
2009-10,2010-02-01,Hyundai,Hyundai Santro,Production,0,2009-10,33
2009-10,2010-03-01,Hyundai,Hyundai Santro,Production,0,2009-10,33
2009-10,2010-04-01,Hyundai,Hyundai Santro,Production,0,2009-10,33
2009-10,2010-05-01,Hyundai,Hyundai Santro,Production,0,2009-10,33
2009-10,2010-06-01,Hyundai,Hyundai Santro,Production,0,2009-10,33
2009-10,2009-07-01,Hyundai,Hyundai Santro,Sales,17,2009-10,34
2009-10,2009-08-01,Hyundai,Hyundai Santro,Sales,52,2009-10,34
2009-10,2009-09-01,Hyundai,Hyundai Santro,Sales,46,2009-10,34
2009-10,2009-10-01,Hyundai,Hyundai Santro,Sales,60,2009-10,34
2009-10,2009-11-01,Hyundai,Hyundai Santro,Sales,22,2009-10,34
2009-10,2009-12-01,Hyundai,Hyundai Santro,Sales,18,2009-10,34
2009-10,2010-01-01,Hyundai,Hyundai Santro,Sales,19,2009-10,34
2009-10,2010-02-01,Hyundai,Hyundai Santro,Sales,7,2009-10,34
2009-10,2010-03-01,Hyundai,Hyundai Santro,Sales,2,2009-10,34
2009-10,2010-04-01,Hyundai,Hyundai Santro,Sales,1,2009-10,34
2009-10,2010-05-01,Hyundai,Hyundai Santro,Sales,0,2009-10,34
2009-10,2010-06-01,Hyundai,Hyundai Santro,Sales,0,2009-10,34
2009-10,2009-07-01,Daihatsu,Daihatsu Cuore,Production,320,2009-10,41
2009-10,2009-08-01,Daihatsu,Daihatsu Cuore,Production,349,2009-10,41
2009-10,2009-09-01,Daihatsu,Daihatsu Cuore,Production,327,2009-10,41
2009-10,2009-10-01,Daihatsu,Daihatsu Cuore,Production,434,2009-10,41
2009-10,2009-11-01,Daihatsu,Daihatsu Cuore,Production,287,2009-10,41
2009-10,2009-12-01,Daihatsu,Daihatsu Cuore,Production,217,2009-10,41
2009-10,2010-01-01,Daihatsu,Daihatsu Cuore,Production,682,2009-10,41
2009-10,2010-02-01,Daihatsu,Daihatsu Cuore,Production,573,2009-10,41
2009-10,2010-03-01,Daihatsu,Daihatsu Cuore,Production,469,2009-10,41
2009-10,2010-04-01,Daihatsu,Daihatsu Cuore,Production,288,2009-10,41
2009-10,2010-05-01,Daihatsu,Daihatsu Cuore,Production,630,2009-10,41
2009-10,2010-06-01,Daihatsu,Daihatsu Cuore,Production,569,2009-10,41
2009-10,2009-07-01,Daihatsu,Daihatsu Cuore,Sales,331,2009-10,42
2009-10,2009-08-01,Daihatsu,Daihatsu Cuore,Sales,379,2009-10,42
2009-10,2009-09-01,Daihatsu,Daihatsu Cuore,Sales,409,2009-10,42
2009-10,2009-10-01,Daihatsu,Daihatsu Cuore,Sales,425,2009-10,42
2009-10,2009-11-01,Daihatsu,Daihatsu Cuore,Sales,285,2009-10,42
2009-10,2009-12-01,Daihatsu,Daihatsu Cuore,Sales,206,2009-10,42
2009-10,2010-01-01,Daihatsu,Daihatsu Cuore,Sales,643,2009-10,42
2009-10,2010-02-01,Daihatsu,Daihatsu Cuore,Sales,553,2009-10,42
2009-10,2010-03-01,Daihatsu,Daihatsu Cuore,Sales,496,2009-10,42
2009-10,2010-04-01,Daihatsu,Daihatsu Cuore,Sales,327,2009-10,42
2009-10,2010-05-01,Daihatsu,Daihatsu Cuore,Sales,619,2009-10,42
2009-10,2010-06-01,Daihatsu,Daihatsu Cuore,Sales,628,2009-10,42
2009-10,2009-07-01,Suzuki,Suzuki Mehran,Production,1865,2009-10,44
2009-10,2009-08-01,Suzuki,Suzuki Mehran,Production,1900,2009-10,44
2009-10,2009-09-01,Suzuki,Suzuki Mehran,Production,1456,2009-10,44
2009-10,2009-10-01,Suzuki,Suzuki Mehran,Production,2345,2009-10,44
2009-10,2009-11-01,Suzuki,Suzuki Mehran,Production,1884,2009-10,44
2009-10,2009-12-01,Suzuki,Suzuki Mehran,Production,1458,2009-10,44
2009-10,2010-01-01,Suzuki,Suzuki Mehran,Production,1745,2009-10,44
2009-10,2010-02-01,Suzuki,Suzuki Mehran,Production,1713,2009-10,44
2009-10,2010-03-01,Suzuki,Suzuki Mehran,Production,1944,2009-10,44
2009-10,2010-04-01,Suzuki,Suzuki Mehran,Production,1723,2009-10,44
2009-10,2010-05-01,Suzuki,Suzuki Mehran,Production,1894,2009-10,44
2009-10,2010-06-01,Suzuki,Suzuki Mehran,Production,2344,2009-10,44
2009-10,2009-07-01,Suzuki,Suzuki Mehran,Sales,1377,2009-10,45
2009-10,2009-08-01,Suzuki,Suzuki Mehran,Sales,1983,2009-10,45
2009-10,2009-09-01,Suzuki,Suzuki Mehran,Sales,1798,2009-10,45
2009-10,2009-10-01,Suzuki,Suzuki Mehran,Sales,2324,2009-10,45
2009-10,2009-11-01,Suzuki,Suzuki Mehran,Sales,1740,2009-10,45
2009-10,2009-12-01,Suzuki,Suzuki Mehran,Sales,1765,2009-10,45
2009-10,2010-01-01,Suzuki,Suzuki Mehran,Sales,1666,2009-10,45
2009-10,2010-02-01,Suzuki,Suzuki Mehran,Sales,1707,2009-10,45
2009-10,2010-03-01,Suzuki,Suzuki Mehran,Sales,1868,2009-10,45
2009-10,2010-04-01,Suzuki,Suzuki Mehran,Sales,1802,2009-10,45
2009-10,2010-05-01,Suzuki,Suzuki Mehran,Sales,1801,2009-10,45
2009-10,2010-06-01,Suzuki,Suzuki Mehran,Sales,2682,2009-10,45
2009-10,2009-07-01,Suzuki,Suzuki Bolan,Production,830,2009-10,47
2009-10,2009-08-01,Suzuki,Suzuki Bolan,Production,461,2009-10,47
2009-10,2009-09-01,Suzuki,Suzuki Bolan,Production,474,2009-10,47
2009-10,2009-10-01,Suzuki,Suzuki Bolan,Production,1039,2009-10,47
2009-10,2009-11-01,Suzuki,Suzuki Bolan,Production,911,2009-10,47
2009-10,2009-12-01,Suzuki,Suzuki Bolan,Production,822,2009-10,47
2009-10,2010-01-01,Suzuki,Suzuki Bolan,Production,962,2009-10,47
2009-10,2010-02-01,Suzuki,Suzuki Bolan,Production,885,2009-10,47
2009-10,2010-03-01,Suzuki,Suzuki Bolan,Production,1003,2009-10,47
2009-10,2010-04-01,Suzuki,Suzuki Bolan,Production,1032,2009-10,47
2009-10,2010-05-01,Suzuki,Suzuki Bolan,Production,981,2009-10,47
2009-10,2010-06-01,Suzuki,Suzuki Bolan,Production,1141,2009-10,47
2009-10,2009-07-01,Suzuki,Suzuki Bolan,Sales,946,2009-10,48
2009-10,2009-08-01,Suzuki,Suzuki Bolan,Sales,949,2009-10,48
2009-10,2009-09-01,Suzuki,Suzuki Bolan,Sales,736,2009-10,48
2009-10,2009-10-01,Suzuki,Suzuki Bolan,Sales,738,2009-10,48
2009-10,2009-11-01,Suzuki,Suzuki Bolan,Sales,962,2009-10,48
2009-10,2009-12-01,Suzuki,Suzuki Bolan,Sales,890,2009-10,48
2009-10,2010-01-01,Suzuki,Suzuki Bolan,Sales,886,2009-10,48
2009-10,2010-02-01,Suzuki,Suzuki Bolan,Sales,861,2009-10,48
2009-10,2010-03-01,Suzuki,Suzuki Bolan,Sales,930,2009-10,48
2009-10,2010-04-01,Suzuki,Suzuki Bolan,Sales,1112,2009-10,48
2009-10,2010-05-01,Suzuki,Suzuki Bolan,Sales,1000,2009-10,48
2009-10,2010-06-01,Suzuki,Suzuki Bolan,Sales,1429,2009-10,48
2010-11,2010-07-01,Honda,Honda Civic,Production,710,2010-11,7
2010-11,2010-08-01,Honda,Honda Civic,Production,418,2010-11,7
2010-11,2010-09-01,Honda,Honda Civic,Production,546,2010-11,7
2010-11,2010-10-01,Honda,Honda Civic,Production,659,2010-11,7
2010-11,2010-11-01,Honda,Honda Civic,Production,449,2010-11,7
2010-11,2010-12-01,Honda,Honda Civic,Production,568,2010-11,7
2010-11,2011-01-01,Honda,Honda Civic,Production,542,2010-11,7
2010-11,2011-02-01,Honda,Honda Civic,Production,657,2010-11,7
2010-11,2011-03-01,Honda,Honda Civic,Production,665,2010-11,7
2010-11,2011-04-01,Honda,Honda Civic,Production,596,2010-11,7
2010-11,2011-05-01,Honda,Honda Civic,Production,303,2010-11,7
2010-11,2011-06-01,Honda,Honda Civic,Production,295,2010-11,7
2010-11,2010-07-01,Honda,Honda Civic,Sales,518,2010-11,8
2010-11,2010-08-01,Honda,Honda Civic,Sales,492,2010-11,8
2010-11,2010-09-01,Honda,Honda Civic,Sales,548,2010-11,8
2010-11,2010-10-01,Honda,Honda Civic,Sales,573,2010-11,8
2010-11,2010-11-01,Honda,Honda Civic,Sales,446,2010-11,8
2010-11,2010-12-01,Honda,Honda Civic,Sales,341,2010-11,8
2010-11,2011-01-01,Honda,Honda Civic,Sales,814,2010-11,8
2010-11,2011-02-01,Honda,Honda Civic,Sales,714,2010-11,8
2010-11,2011-03-01,Honda,Honda Civic,Sales,705,2010-11,8
2010-11,2011-04-01,Honda,Honda Civic,Sales,612,2010-11,8
2010-11,2011-05-01,Honda,Honda Civic,Sales,362,2010-11,8
2010-11,2011-06-01,Honda,Honda Civic,Sales,240,2010-11,8
2010-11,2010-07-01,Honda,Honda City,Production,850,2010-11,10
2010-11,2010-08-01,Honda,Honda City,Production,604,2010-11,10
2010-11,2010-09-01,Honda,Honda City,Production,839,2010-11,10
2010-11,2010-10-01,Honda,Honda City,Production,855,2010-11,10
2010-11,2010-11-01,Honda,Honda City,Production,696,2010-11,10
2010-11,2010-12-01,Honda,Honda City,Production,574,2010-11,10
2010-11,2011-01-01,Honda,Honda City,Production,969,2010-11,10
2010-11,2011-02-01,Honda,Honda City,Production,898,2010-11,10
2010-11,2011-03-01,Honda,Honda City,Production,981,2010-11,10
2010-11,2011-04-01,Honda,Honda City,Production,986,2010-11,10
2010-11,2011-05-01,Honda,Honda City,Production,637,2010-11,10
2010-11,2011-06-01,Honda,Honda City,Production,405,2010-11,10
2010-11,2010-07-01,Honda,Honda City,Sales,754,2010-11,11
2010-11,2010-08-01,Honda,Honda City,Sales,688,2010-11,11
2010-11,2010-09-01,Honda,Honda City,Sales,832,2010-11,11
2010-11,2010-10-01,Honda,Honda City,Sales,767,2010-11,11
2010-11,2010-11-01,Honda,Honda City,Sales,629,2010-11,11
2010-11,2010-12-01,Honda,Honda City,Sales,287,2010-11,11
2010-11,2011-01-01,Honda,Honda City,Sales,1090,2010-11,11
2010-11,2011-02-01,Honda,Honda City,Sales,951,2010-11,11
2010-11,2011-03-01,Honda,Honda City,Sales,965,2010-11,11
2010-11,2011-04-01,Honda,Honda City,Sales,1028,2010-11,11
2010-11,2011-05-01,Honda,Honda City,Sales,582,2010-11,11
2010-11,2011-06-01,Honda,Honda City,Sales,548,2010-11,11
2010-11,2010-07-01,Suzuki,Suzuki Liana,Production,28,2010-11,13
2010-11,2010-08-01,Suzuki,Suzuki Liana,Production,80,2010-11,13
2010-11,2010-09-01,Suzuki,Suzuki Liana,Production,8,2010-11,13
2010-11,2010-10-01,Suzuki,Suzuki Liana,Production,79,2010-11,13
2010-11,2010-11-01,Suzuki,Suzuki Liana,Production,53,2010-11,13
2010-11,2010-12-01,Suzuki,Suzuki Liana,Production,40,2010-11,13
2010-11,2011-01-01,Suzuki,Suzuki Liana,Production,40,2010-11,13
2010-11,2011-02-01,Suzuki,Suzuki Liana,Production,70,2010-11,13
2010-11,2011-03-01,Suzuki,Suzuki Liana,Production,81,2010-11,13
2010-11,2011-04-01,Suzuki,Suzuki Liana,Production,4,2010-11,13
2010-11,2011-05-01,Suzuki,Suzuki Liana,Production,75,2010-11,13
2010-11,2011-06-01,Suzuki,Suzuki Liana,Production,56,2010-11,13
2010-11,2010-07-01,Suzuki,Suzuki Liana,Sales,17,2010-11,14
2010-11,2010-08-01,Suzuki,Suzuki Liana,Sales,34,2010-11,14
2010-11,2010-09-01,Suzuki,Suzuki Liana,Sales,22,2010-11,14
2010-11,2010-10-01,Suzuki,Suzuki Liana,Sales,50,2010-11,14
2010-11,2010-11-01,Suzuki,Suzuki Liana,Sales,39,2010-11,14
2010-11,2010-12-01,Suzuki,Suzuki Liana,Sales,26,2010-11,14
2010-11,2011-01-01,Suzuki,Suzuki Liana,Sales,52,2010-11,14
2010-11,2011-02-01,Suzuki,Suzuki Liana,Sales,65,2010-11,14
2010-11,2011-03-01,Suzuki,Suzuki Liana,Sales,31,2010-11,14
2010-11,2011-04-01,Suzuki,Suzuki Liana,Sales,50,2010-11,14
2010-11,2011-05-01,Suzuki,Suzuki Liana,Sales,61,2010-11,14
2010-11,2011-06-01,Suzuki,Suzuki Liana,Sales,23,2010-11,14
2010-11,2010-07-01,Suzuki,Suzuki Swift,Production,351,2010-11,16
2010-11,2010-08-01,Suzuki,Suzuki Swift,Production,202,2010-11,16
2010-11,2010-09-01,Suzuki,Suzuki Swift,Production,191,2010-11,16
2010-11,2010-10-01,Suzuki,Suzuki Swift,Production,269,2010-11,16
2010-11,2010-11-01,Suzuki,Suzuki Swift,Production,270,2010-11,16
2010-11,2010-12-01,Suzuki,Suzuki Swift,Production,311,2010-11,16
2010-11,2011-01-01,Suzuki,Suzuki Swift,Production,499,2010-11,16
2010-11,2011-02-01,Suzuki,Suzuki Swift,Production,425,2010-11,16
2010-11,2011-03-01,Suzuki,Suzuki Swift,Production,408,2010-11,16
2010-11,2011-04-01,Suzuki,Suzuki Swift,Production,508,2010-11,16
2010-11,2011-05-01,Suzuki,Suzuki Swift,Production,472,2010-11,16
2010-11,2011-06-01,Suzuki,Suzuki Swift,Production,470,2010-11,16
2010-11,2010-07-01,Suzuki,Suzuki Swift,Sales,195,2010-11,17
2010-11,2010-08-01,Suzuki,Suzuki Swift,Sales,226,2010-11,17
2010-11,2010-09-01,Suzuki,Suzuki Swift,Sales,252,2010-11,17
2010-11,2010-10-01,Suzuki,Suzuki Swift,Sales,296,2010-11,17
2010-11,2010-11-01,Suzuki,Suzuki Swift,Sales,301,2010-11,17
2010-11,2010-12-01,Suzuki,Suzuki Swift,Sales,202,2010-11,17
2010-11,2011-01-01,Suzuki,Suzuki Swift,Sales,500,2010-11,17
2010-11,2011-02-01,Suzuki,Suzuki Swift,Sales,448,2010-11,17
2010-11,2011-03-01,Suzuki,Suzuki Swift,Sales,354,2010-11,17
2010-11,2011-04-01,Suzuki,Suzuki Swift,Sales,507,2010-11,17
2010-11,2011-05-01,Suzuki,Suzuki Swift,Sales,552,2010-11,17
2010-11,2011-06-01,Suzuki,Suzuki Swift,Sales,247,2010-11,17
2010-11,2010-07-01,Toyota,Toyota Corolla,Production,4521,2010-11,19
2010-11,2010-08-01,Toyota,Toyota Corolla,Production,2876,2010-11,19
2010-11,2010-09-01,Toyota,Toyota Corolla,Production,3141,2010-11,19
2010-11,2010-10-01,Toyota,Toyota Corolla,Production,3973,2010-11,19
2010-11,2010-11-01,Toyota,Toyota Corolla,Production,2862,2010-11,19
2010-11,2010-12-01,Toyota,Toyota Corolla,Production,1877,2010-11,19
2010-11,2011-01-01,Toyota,Toyota Corolla,Production,4724,2010-11,19
2010-11,2011-02-01,Toyota,Toyota Corolla,Production,3765,2010-11,19
2010-11,2011-03-01,Toyota,Toyota Corolla,Production,3867,2010-11,19
2010-11,2011-04-01,Toyota,Toyota Corolla,Production,3618,2010-11,19
2010-11,2011-05-01,Toyota,Toyota Corolla,Production,3301,2010-11,19
2010-11,2011-06-01,Toyota,Toyota Corolla,Production,2894,2010-11,19
2010-11,2010-07-01,Toyota,Toyota Corolla,Sales,4400,2010-11,20
2010-11,2010-08-01,Toyota,Toyota Corolla,Sales,2901,2010-11,20
2010-11,2010-09-01,Toyota,Toyota Corolla,Sales,3070,2010-11,20
2010-11,2010-10-01,Toyota,Toyota Corolla,Sales,3891,2010-11,20
2010-11,2010-11-01,Toyota,Toyota Corolla,Sales,2887,2010-11,20
2010-11,2010-12-01,Toyota,Toyota Corolla,Sales,1568,2010-11,20
2010-11,2011-01-01,Toyota,Toyota Corolla,Sales,5023,2010-11,20
2010-11,2011-02-01,Toyota,Toyota Corolla,Sales,3683,2010-11,20
2010-11,2011-03-01,Toyota,Toyota Corolla,Sales,3397,2010-11,20
2010-11,2011-04-01,Toyota,Toyota Corolla,Sales,4122,2010-11,20
2010-11,2011-05-01,Toyota,Toyota Corolla,Sales,3331,2010-11,20
2010-11,2011-06-01,Toyota,Toyota Corolla,Sales,2838,2010-11,20
2010-11,2010-07-01,Suzuki,Suzuki Cultus,Production,1112,2010-11,27
2010-11,2010-08-01,Suzuki,Suzuki Cultus,Production,923,2010-11,27
2010-11,2010-09-01,Suzuki,Suzuki Cultus,Production,1031,2010-11,27
2010-11,2010-10-01,Suzuki,Suzuki Cultus,Production,1084,2010-11,27
2010-11,2010-11-01,Suzuki,Suzuki Cultus,Production,1015,2010-11,27
2010-11,2010-12-01,Suzuki,Suzuki Cultus,Production,924,2010-11,27
2010-11,2011-01-01,Suzuki,Suzuki Cultus,Production,493,2010-11,27
2010-11,2011-02-01,Suzuki,Suzuki Cultus,Production,441,2010-11,27
2010-11,2011-03-01,Suzuki,Suzuki Cultus,Production,1960,2010-11,27
2010-11,2011-04-01,Suzuki,Suzuki Cultus,Production,1038,2010-11,27
2010-11,2011-05-01,Suzuki,Suzuki Cultus,Production,1249,2010-11,27
2010-11,2011-06-01,Suzuki,Suzuki Cultus,Production,1144,2010-11,27
2010-11,2010-07-01,Suzuki,Suzuki Cultus,Sales,704,2010-11,28
2010-11,2010-08-01,Suzuki,Suzuki Cultus,Sales,1050,2010-11,28
2010-11,2010-09-01,Suzuki,Suzuki Cultus,Sales,1106,2010-11,28
2010-11,2010-10-01,Suzuki,Suzuki Cultus,Sales,963,2010-11,28
2010-11,2010-11-01,Suzuki,Suzuki Cultus,Sales,977,2010-11,28
2010-11,2010-12-01,Suzuki,Suzuki Cultus,Sales,799,2010-11,28
2010-11,2011-01-01,Suzuki,Suzuki Cultus,Sales,908,2010-11,28
2010-11,2011-02-01,Suzuki,Suzuki Cultus,Sales,412,2010-11,28
2010-11,2011-03-01,Suzuki,Suzuki Cultus,Sales,1435,2010-11,28
2010-11,2011-04-01,Suzuki,Suzuki Cultus,Sales,1264,2010-11,28
2010-11,2011-05-01,Suzuki,Suzuki Cultus,Sales,1321,2010-11,28
2010-11,2011-06-01,Suzuki,Suzuki Cultus,Sales,489,2010-11,28
2010-11,2010-07-01,Suzuki,Suzuki Alto,Production,1154,2010-11,30
2010-11,2010-08-01,Suzuki,Suzuki Alto,Production,1041,2010-11,30
2010-11,2010-09-01,Suzuki,Suzuki Alto,Production,933,2010-11,30
2010-11,2010-10-01,Suzuki,Suzuki Alto,Production,1067,2010-11,30
2010-11,2010-11-01,Suzuki,Suzuki Alto,Production,970,2010-11,30
2010-11,2010-12-01,Suzuki,Suzuki Alto,Production,814,2010-11,30
2010-11,2011-01-01,Suzuki,Suzuki Alto,Production,584,2010-11,30
2010-11,2011-02-01,Suzuki,Suzuki Alto,Production,1292,2010-11,30
2010-11,2011-03-01,Suzuki,Suzuki Alto,Production,1931,2010-11,30
2010-11,2011-04-01,Suzuki,Suzuki Alto,Production,1022,2010-11,30
2010-11,2011-05-01,Suzuki,Suzuki Alto,Production,996,2010-11,30
2010-11,2011-06-01,Suzuki,Suzuki Alto,Production,1069,2010-11,30
2010-11,2010-07-01,Suzuki,Suzuki Alto,Sales,631,2010-11,31
2010-11,2010-08-01,Suzuki,Suzuki Alto,Sales,1141,2010-11,31
2010-11,2010-09-01,Suzuki,Suzuki Alto,Sales,1047,2010-11,31
2010-11,2010-10-01,Suzuki,Suzuki Alto,Sales,1100,2010-11,31
2010-11,2010-11-01,Suzuki,Suzuki Alto,Sales,1031,2010-11,31
2010-11,2010-12-01,Suzuki,Suzuki Alto,Sales,812,2010-11,31
2010-11,2011-01-01,Suzuki,Suzuki Alto,Sales,676,2010-11,31
2010-11,2011-02-01,Suzuki,Suzuki Alto,Sales,1000,2010-11,31
2010-11,2011-03-01,Suzuki,Suzuki Alto,Sales,1957,2010-11,31
2010-11,2011-04-01,Suzuki,Suzuki Alto,Sales,1101,2010-11,31
2010-11,2011-05-01,Suzuki,Suzuki Alto,Sales,1056,2010-11,31
2010-11,2011-06-01,Suzuki,Suzuki Alto,Sales,380,2010-11,31
2010-11,2010-07-01,Hyundai,Hyundai Santro,Production,0,2010-11,33
2010-11,2010-08-01,Hyundai,Hyundai Santro,Production,0,2010-11,33
2010-11,2010-09-01,Hyundai,Hyundai Santro,Production,0,2010-11,33
2010-11,2010-10-01,Hyundai,Hyundai Santro,Production,0,2010-11,33
2010-11,2010-11-01,Hyundai,Hyundai Santro,Production,0,2010-11,33
2010-11,2010-12-01,Hyundai,Hyundai Santro,Production,0,2010-11,33
2010-11,2011-01-01,Hyundai,Hyundai Santro,Production,0,2010-11,33
2010-11,2011-02-01,Hyundai,Hyundai Santro,Production,0,2010-11,33
2010-11,2011-03-01,Hyundai,Hyundai Santro,Production,0,2010-11,33
2010-11,2011-04-01,Hyundai,Hyundai Santro,Production,0,2010-11,33
2010-11,2011-05-01,Hyundai,Hyundai Santro,Production,0,2010-11,33
2010-11,2011-06-01,Hyundai,Hyundai Santro,Production,0,2010-11,33
2010-11,2010-07-01,Hyundai,Hyundai Santro,Sales,0,2010-11,34
2010-11,2010-08-01,Hyundai,Hyundai Santro,Sales,0,2010-11,34
2010-11,2010-09-01,Hyundai,Hyundai Santro,Sales,0,2010-11,34
2010-11,2010-10-01,Hyundai,Hyundai Santro,Sales,0,2010-11,34
2010-11,2010-11-01,Hyundai,Hyundai Santro,Sales,0,2010-11,34
2010-11,2010-12-01,Hyundai,Hyundai Santro,Sales,0,2010-11,34
2010-11,2011-01-01,Hyundai,Hyundai Santro,Sales,0,2010-11,34
2010-11,2011-02-01,Hyundai,Hyundai Santro,Sales,0,2010-11,34
2010-11,2011-03-01,Hyundai,Hyundai Santro,Sales,0,2010-11,34
2010-11,2011-04-01,Hyundai,Hyundai Santro,Sales,0,2010-11,34
2010-11,2011-05-01,Hyundai,Hyundai Santro,Sales,0,2010-11,34
2010-11,2011-06-01,Hyundai,Hyundai Santro,Sales,0,2010-11,34
2010-11,2010-07-01,Daihatsu,Daihatsu Cuore,Production,463,2010-11,41
2010-11,2010-08-01,Daihatsu,Daihatsu Cuore,Production,358,2010-11,41
2010-11,2010-09-01,Daihatsu,Daihatsu Cuore,Production,333,2010-11,41
2010-11,2010-10-01,Daihatsu,Daihatsu Cuore,Production,740,2010-11,41
2010-11,2010-11-01,Daihatsu,Daihatsu Cuore,Production,814,2010-11,41
2010-11,2010-12-01,Daihatsu,Daihatsu Cuore,Production,343,2010-11,41
2010-11,2011-01-01,Daihatsu,Daihatsu Cuore,Production,567,2010-11,41
2010-11,2011-02-01,Daihatsu,Daihatsu Cuore,Production,626,2010-11,41
2010-11,2011-03-01,Daihatsu,Daihatsu Cuore,Production,428,2010-11,41
2010-11,2011-04-01,Daihatsu,Daihatsu Cuore,Production,298,2010-11,41
2010-11,2011-05-01,Daihatsu,Daihatsu Cuore,Production,621,2010-11,41
2010-11,2011-06-01,Daihatsu,Daihatsu Cuore,Production,689,2010-11,41
2010-11,2010-07-01,Daihatsu,Daihatsu Cuore,Sales,421,2010-11,42
2010-11,2010-08-01,Daihatsu,Daihatsu Cuore,Sales,392,2010-11,42
2010-11,2010-09-01,Daihatsu,Daihatsu Cuore,Sales,323,2010-11,42
2010-11,2010-10-01,Daihatsu,Daihatsu Cuore,Sales,757,2010-11,42
2010-11,2010-11-01,Daihatsu,Daihatsu Cuore,Sales,755,2010-11,42
2010-11,2010-12-01,Daihatsu,Daihatsu Cuore,Sales,311,2010-11,42
2010-11,2011-01-01,Daihatsu,Daihatsu Cuore,Sales,545,2010-11,42
2010-11,2011-02-01,Daihatsu,Daihatsu Cuore,Sales,690,2010-11,42
2010-11,2011-03-01,Daihatsu,Daihatsu Cuore,Sales,469,2010-11,42
2010-11,2011-04-01,Daihatsu,Daihatsu Cuore,Sales,312,2010-11,42
2010-11,2011-05-01,Daihatsu,Daihatsu Cuore,Sales,569,2010-11,42
2010-11,2011-06-01,Daihatsu,Daihatsu Cuore,Sales,463,2010-11,42
2010-11,2010-07-01,Suzuki,Suzuki Mehran,Production,2288,2010-11,44
2010-11,2010-08-01,Suzuki,Suzuki Mehran,Production,1534,2010-11,44
2010-11,2010-09-01,Suzuki,Suzuki Mehran,Production,1911,2010-11,44
2010-11,2010-10-01,Suzuki,Suzuki Mehran,Production,2169,2010-11,44
2010-11,2010-11-01,Suzuki,Suzuki Mehran,Production,2108,2010-11,44
2010-11,2010-12-01,Suzuki,Suzuki Mehran,Production,1945,2010-11,44
2010-11,2011-01-01,Suzuki,Suzuki Mehran,Production,2490,2010-11,44
2010-11,2011-02-01,Suzuki,Suzuki Mehran,Production,2228,2010-11,44
2010-11,2011-03-01,Suzuki,Suzuki Mehran,Production,2500,2010-11,44
2010-11,2011-04-01,Suzuki,Suzuki Mehran,Production,2191,2010-11,44
2010-11,2011-05-01,Suzuki,Suzuki Mehran,Production,2152,2010-11,44
2010-11,2011-06-01,Suzuki,Suzuki Mehran,Production,2419,2010-11,44
2010-11,2010-07-01,Suzuki,Suzuki Mehran,Sales,1306,2010-11,45
2010-11,2010-08-01,Suzuki,Suzuki Mehran,Sales,1905,2010-11,45
2010-11,2010-09-01,Suzuki,Suzuki Mehran,Sales,2145,2010-11,45
2010-11,2010-10-01,Suzuki,Suzuki Mehran,Sales,2248,2010-11,45
2010-11,2010-11-01,Suzuki,Suzuki Mehran,Sales,1992,2010-11,45
2010-11,2010-12-01,Suzuki,Suzuki Mehran,Sales,1995,2010-11,45
2010-11,2011-01-01,Suzuki,Suzuki Mehran,Sales,2226,2010-11,45
2010-11,2011-02-01,Suzuki,Suzuki Mehran,Sales,2613,2010-11,45
2010-11,2011-03-01,Suzuki,Suzuki Mehran,Sales,2654,2010-11,45
2010-11,2011-04-01,Suzuki,Suzuki Mehran,Sales,1875,2010-11,45
2010-11,2011-05-01,Suzuki,Suzuki Mehran,Sales,2343,2010-11,45
2010-11,2011-06-01,Suzuki,Suzuki Mehran,Sales,817,2010-11,45
2010-11,2010-07-01,Suzuki,Suzuki Bolan,Production,1253,2010-11,47
2010-11,2010-08-01,Suzuki,Suzuki Bolan,Production,926,2010-11,47
2010-11,2010-09-01,Suzuki,Suzuki Bolan,Production,1088,2010-11,47
2010-11,2010-10-01,Suzuki,Suzuki Bolan,Production,1273,2010-11,47
2010-11,2010-11-01,Suzuki,Suzuki Bolan,Production,1263,2010-11,47
2010-11,2010-12-01,Suzuki,Suzuki Bolan,Production,1175,2010-11,47
2010-11,2011-01-01,Suzuki,Suzuki Bolan,Production,1117,2010-11,47
2010-11,2011-02-01,Suzuki,Suzuki Bolan,Production,545,2010-11,47
2010-11,2011-03-01,Suzuki,Suzuki Bolan,Production,2125,2010-11,47
2010-11,2011-04-01,Suzuki,Suzuki Bolan,Production,1166,2010-11,47
2010-11,2011-05-01,Suzuki,Suzuki Bolan,Production,1178,2010-11,47
2010-11,2011-06-01,Suzuki,Suzuki Bolan,Production,1250,2010-11,47
2010-11,2010-07-01,Suzuki,Suzuki Bolan,Sales,850,2010-11,48
2010-11,2010-08-01,Suzuki,Suzuki Bolan,Sales,1000,2010-11,48
2010-11,2010-09-01,Suzuki,Suzuki Bolan,Sales,1060,2010-11,48
2010-11,2010-10-01,Suzuki,Suzuki Bolan,Sales,1266,2010-11,48
2010-11,2010-11-01,Suzuki,Suzuki Bolan,Sales,1202,2010-11,48
2010-11,2010-12-01,Suzuki,Suzuki Bolan,Sales,1105,2010-11,48
2010-11,2011-01-01,Suzuki,Suzuki Bolan,Sales,1100,2010-11,48
2010-11,2011-02-01,Suzuki,Suzuki Bolan,Sales,1069,2010-11,48
2010-11,2011-03-01,Suzuki,Suzuki Bolan,Sales,1612,2010-11,48
2010-11,2011-04-01,Suzuki,Suzuki Bolan,Sales,1301,2010-11,48
2010-11,2011-05-01,Suzuki,Suzuki Bolan,Sales,1302,2010-11,48
2010-11,2011-06-01,Suzuki,Suzuki Bolan,Sales,444,2010-11,48
2011-12,2011-07-01,Honda,Honda Civic,Production,333,2011-12,7
2011-12,2011-08-01,Honda,Honda Civic,Production,572,2011-12,7
2011-12,2011-09-01,Honda,Honda Civic,Production,837,2011-12,7
2011-12,2011-10-01,Honda,Honda Civic,Production,602,2011-12,7
2011-12,2011-11-01,Honda,Honda Civic,Production,302,2011-12,7
2011-12,2011-12-01,Honda,Honda Civic,Production,0,2011-12,7
2011-12,2012-01-01,Honda,Honda Civic,Production,0,2011-12,7
2011-12,2012-02-01,Honda,Honda Civic,Production,0,2011-12,7
2011-12,2012-03-01,Honda,Honda Civic,Production,1140,2011-12,7
2011-12,2012-04-01,Honda,Honda Civic,Production,600,2011-12,7
2011-12,2012-05-01,Honda,Honda Civic,Production,59,2011-12,7
2011-12,2012-06-01,Honda,Honda Civic,Production,951,2011-12,7
2011-12,2011-07-01,Honda,Honda Civic,Sales,333,2011-12,8
2011-12,2011-08-01,Honda,Honda Civic,Sales,599,2011-12,8
2011-12,2011-09-01,Honda,Honda Civic,Sales,778,2011-12,8
2011-12,2011-10-01,Honda,Honda Civic,Sales,536,2011-12,8
2011-12,2011-11-01,Honda,Honda Civic,Sales,369,2011-12,8
2011-12,2011-12-01,Honda,Honda Civic,Sales,49,2011-12,8
2011-12,2012-01-01,Honda,Honda Civic,Sales,92,2011-12,8
2011-12,2012-02-01,Honda,Honda Civic,Sales,25,2011-12,8
2011-12,2012-03-01,Honda,Honda Civic,Sales,966,2011-12,8
2011-12,2012-04-01,Honda,Honda Civic,Sales,597,2011-12,8
2011-12,2012-05-01,Honda,Honda Civic,Sales,100,2011-12,8
2011-12,2012-06-01,Honda,Honda Civic,Sales,533,2011-12,8
2011-12,2011-07-01,Honda,Honda City,Production,605,2011-12,10
2011-12,2011-08-01,Honda,Honda City,Production,843,2011-12,10
2011-12,2011-09-01,Honda,Honda City,Production,1063,2011-12,10
2011-12,2011-10-01,Honda,Honda City,Production,1118,2011-12,10
2011-12,2011-11-01,Honda,Honda City,Production,403,2011-12,10
2011-12,2011-12-01,Honda,Honda City,Production,0,2011-12,10
2011-12,2012-01-01,Honda,Honda City,Production,0,2011-12,10
2011-12,2012-02-01,Honda,Honda City,Production,0,2011-12,10
2011-12,2012-03-01,Honda,Honda City,Production,0,2011-12,10
2011-12,2012-04-01,Honda,Honda City,Production,180,2011-12,10
2011-12,2012-05-01,Honda,Honda City,Production,1238,2011-12,10
2011-12,2012-06-01,Honda,Honda City,Production,1639,2011-12,10
2011-12,2011-07-01,Honda,Honda City,Sales,637,2011-12,11
2011-12,2011-08-01,Honda,Honda City,Sales,838,2011-12,11
2011-12,2011-09-01,Honda,Honda City,Sales,1087,2011-12,11
2011-12,2011-10-01,Honda,Honda City,Sales,1085,2011-12,11
2011-12,2011-11-01,Honda,Honda City,Sales,528,2011-12,11
2011-12,2011-12-01,Honda,Honda City,Sales,22,2011-12,11
2011-12,2012-01-01,Honda,Honda City,Sales,38,2011-12,11
2011-12,2012-02-01,Honda,Honda City,Sales,8,2011-12,11
2011-12,2012-03-01,Honda,Honda City,Sales,9,2011-12,11
2011-12,2012-04-01,Honda,Honda City,Sales,155,2011-12,11
2011-12,2012-05-01,Honda,Honda City,Sales,1050,2011-12,11
2011-12,2012-06-01,Honda,Honda City,Sales,1685,2011-12,11
2011-12,2011-07-01,Suzuki,Suzuki Liana,Production,13,2011-12,13
2011-12,2011-08-01,Suzuki,Suzuki Liana,Production,61,2011-12,13
2011-12,2011-09-01,Suzuki,Suzuki Liana,Production,48,2011-12,13
2011-12,2011-10-01,Suzuki,Suzuki Liana,Production,94,2011-12,13
2011-12,2011-11-01,Suzuki,Suzuki Liana,Production,18,2011-12,13
2011-12,2011-12-01,Suzuki,Suzuki Liana,Production,0,2011-12,13
2011-12,2012-01-01,Suzuki,Suzuki Liana,Production,0,2011-12,13
2011-12,2012-02-01,Suzuki,Suzuki Liana,Production,0,2011-12,13
2011-12,2012-03-01,Suzuki,Suzuki Liana,Production,1,2011-12,13
2011-12,2012-04-01,Suzuki,Suzuki Liana,Production,50,2011-12,13
2011-12,2012-05-01,Suzuki,Suzuki Liana,Production,28,2011-12,13
2011-12,2012-06-01,Suzuki,Suzuki Liana,Production,21,2011-12,13
2011-12,2011-07-01,Suzuki,Suzuki Liana,Sales,100,2011-12,14
2011-12,2011-08-01,Suzuki,Suzuki Liana,Sales,27,2011-12,14
2011-12,2011-09-01,Suzuki,Suzuki Liana,Sales,29,2011-12,14
2011-12,2011-10-01,Suzuki,Suzuki Liana,Sales,12,2011-12,14
2011-12,2011-11-01,Suzuki,Suzuki Liana,Sales,20,2011-12,14
2011-12,2011-12-01,Suzuki,Suzuki Liana,Sales,11,2011-12,14
2011-12,2012-01-01,Suzuki,Suzuki Liana,Sales,60,2011-12,14
2011-12,2012-02-01,Suzuki,Suzuki Liana,Sales,57,2011-12,14
2011-12,2012-03-01,Suzuki,Suzuki Liana,Sales,58,2011-12,14
2011-12,2012-04-01,Suzuki,Suzuki Liana,Sales,28,2011-12,14
2011-12,2012-05-01,Suzuki,Suzuki Liana,Sales,23,2011-12,14
2011-12,2012-06-01,Suzuki,Suzuki Liana,Sales,25,2011-12,14
2011-12,2011-07-01,Suzuki,Suzuki Swift,Production,493,2011-12,16
2011-12,2011-08-01,Suzuki,Suzuki Swift,Production,529,2011-12,16
2011-12,2011-09-01,Suzuki,Suzuki Swift,Production,544,2011-12,16
2011-12,2011-10-01,Suzuki,Suzuki Swift,Production,716,2011-12,16
2011-12,2011-11-01,Suzuki,Suzuki Swift,Production,456,2011-12,16
2011-12,2011-12-01,Suzuki,Suzuki Swift,Production,541,2011-12,16
2011-12,2012-01-01,Suzuki,Suzuki Swift,Production,659,2011-12,16
2011-12,2012-02-01,Suzuki,Suzuki Swift,Production,644,2011-12,16
2011-12,2012-03-01,Suzuki,Suzuki Swift,Production,640,2011-12,16
2011-12,2012-04-01,Suzuki,Suzuki Swift,Production,519,2011-12,16
2011-12,2012-05-01,Suzuki,Suzuki Swift,Production,523,2011-12,16
2011-12,2012-06-01,Suzuki,Suzuki Swift,Production,864,2011-12,16
2011-12,2011-07-01,Suzuki,Suzuki Swift,Sales,751,2011-12,17
2011-12,2011-08-01,Suzuki,Suzuki Swift,Sales,523,2011-12,17
2011-12,2011-09-01,Suzuki,Suzuki Swift,Sales,552,2011-12,17
2011-12,2011-10-01,Suzuki,Suzuki Swift,Sales,502,2011-12,17
2011-12,2011-11-01,Suzuki,Suzuki Swift,Sales,474,2011-12,17
2011-12,2011-12-01,Suzuki,Suzuki Swift,Sales,445,2011-12,17
2011-12,2012-01-01,Suzuki,Suzuki Swift,Sales,600,2011-12,17
2011-12,2012-02-01,Suzuki,Suzuki Swift,Sales,653,2011-12,17
2011-12,2012-03-01,Suzuki,Suzuki Swift,Sales,701,2011-12,17
2011-12,2012-04-01,Suzuki,Suzuki Swift,Sales,708,2011-12,17
2011-12,2012-05-01,Suzuki,Suzuki Swift,Sales,503,2011-12,17
2011-12,2012-06-01,Suzuki,Suzuki Swift,Sales,628,2011-12,17
2011-12,2011-07-01,Toyota,Toyota Corolla,Production,3859,2011-12,19
2011-12,2011-08-01,Toyota,Toyota Corolla,Production,3214,2011-12,19
2011-12,2011-09-01,Toyota,Toyota Corolla,Production,3272,2011-12,19
2011-12,2011-10-01,Toyota,Toyota Corolla,Production,4557,2011-12,19
2011-12,2011-11-01,Toyota,Toyota Corolla,Production,2818,2011-12,19
2011-12,2011-12-01,Toyota,Toyota Corolla,Production,2324,2011-12,19
2011-12,2012-01-01,Toyota,Toyota Corolla,Production,5159,2011-12,19
2011-12,2012-02-01,Toyota,Toyota Corolla,Production,3915,2011-12,19
2011-12,2012-03-01,Toyota,Toyota Corolla,Production,3823,2011-12,19
2011-12,2012-04-01,Toyota,Toyota Corolla,Production,4406,2011-12,19
2011-12,2012-05-01,Toyota,Toyota Corolla,Production,4571,2011-12,19
2011-12,2012-06-01,Toyota,Toyota Corolla,Production,4434,2011-12,19
2011-12,2011-07-01,Toyota,Toyota Corolla,Sales,3681,2011-12,20
2011-12,2011-08-01,Toyota,Toyota Corolla,Sales,3681,2011-12,20
2011-12,2011-09-01,Toyota,Toyota Corolla,Sales,3320,2011-12,20
2011-12,2011-10-01,Toyota,Toyota Corolla,Sales,4493,2011-12,20
2011-12,2011-11-01,Toyota,Toyota Corolla,Sales,2692,2011-12,20
2011-12,2011-12-01,Toyota,Toyota Corolla,Sales,2153,2011-12,20
2011-12,2012-01-01,Toyota,Toyota Corolla,Sales,4865,2011-12,20
2011-12,2012-02-01,Toyota,Toyota Corolla,Sales,4155,2011-12,20
2011-12,2012-03-01,Toyota,Toyota Corolla,Sales,3774,2011-12,20
2011-12,2012-04-01,Toyota,Toyota Corolla,Sales,4431,2011-12,20
2011-12,2012-05-01,Toyota,Toyota Corolla,Sales,4475,2011-12,20
2011-12,2012-06-01,Toyota,Toyota Corolla,Sales,4487,2011-12,20
2011-12,2011-07-01,Suzuki,Suzuki Cultus,Production,929,2011-12,27
2011-12,2011-08-01,Suzuki,Suzuki Cultus,Production,963,2011-12,27
2011-12,2011-09-01,Suzuki,Suzuki Cultus,Production,1181,2011-12,27
2011-12,2011-10-01,Suzuki,Suzuki Cultus,Production,1513,2011-12,27
2011-12,2011-11-01,Suzuki,Suzuki Cultus,Production,1020,2011-12,27
2011-12,2011-12-01,Suzuki,Suzuki Cultus,Production,1043,2011-12,27
2011-12,2012-01-01,Suzuki,Suzuki Cultus,Production,1080,2011-12,27
2011-12,2012-02-01,Suzuki,Suzuki Cultus,Production,1107,2011-12,27
2011-12,2012-03-01,Suzuki,Suzuki Cultus,Production,1069,2011-12,27
2011-12,2012-04-01,Suzuki,Suzuki Cultus,Production,1065,2011-12,27
2011-12,2012-05-01,Suzuki,Suzuki Cultus,Production,1208,2011-12,27
2011-12,2012-06-01,Suzuki,Suzuki Cultus,Production,1422,2011-12,27
2011-12,2011-07-01,Suzuki,Suzuki Cultus,Sales,1700,2011-12,28
2011-12,2011-08-01,Suzuki,Suzuki Cultus,Sales,972,2011-12,28
2011-12,2011-09-01,Suzuki,Suzuki Cultus,Sales,1038,2011-12,28
2011-12,2011-10-01,Suzuki,Suzuki Cultus,Sales,1287,2011-12,28
2011-12,2011-11-01,Suzuki,Suzuki Cultus,Sales,1019,2011-12,28
2011-12,2011-12-01,Suzuki,Suzuki Cultus,Sales,1018,2011-12,28
2011-12,2012-01-01,Suzuki,Suzuki Cultus,Sales,1191,2011-12,28
2011-12,2012-02-01,Suzuki,Suzuki Cultus,Sales,1348,2011-12,28
2011-12,2012-03-01,Suzuki,Suzuki Cultus,Sales,1025,2011-12,28
2011-12,2012-04-01,Suzuki,Suzuki Cultus,Sales,711,2011-12,28
2011-12,2012-05-01,Suzuki,Suzuki Cultus,Sales,1212,2011-12,28
2011-12,2012-06-01,Suzuki,Suzuki Cultus,Sales,1172,2011-12,28
2011-12,2011-07-01,Suzuki,Suzuki Alto,Production,990,2011-12,30
2011-12,2011-08-01,Suzuki,Suzuki Alto,Production,846,2011-12,30
2011-12,2011-09-01,Suzuki,Suzuki Alto,Production,1096,2011-12,30
2011-12,2011-10-01,Suzuki,Suzuki Alto,Production,1342,2011-12,30
2011-12,2011-11-01,Suzuki,Suzuki Alto,Production,1096,2011-12,30
2011-12,2011-12-01,Suzuki,Suzuki Alto,Production,971,2011-12,30
2011-12,2012-01-01,Suzuki,Suzuki Alto,Production,1878,2011-12,30
2011-12,2012-02-01,Suzuki,Suzuki Alto,Production,1766,2011-12,30
2011-12,2012-03-01,Suzuki,Suzuki Alto,Production,1754,2011-12,30
2011-12,2012-04-01,Suzuki,Suzuki Alto,Production,1672,2011-12,30
2011-12,2012-05-01,Suzuki,Suzuki Alto,Production,1352,2011-12,30
2011-12,2012-06-01,Suzuki,Suzuki Alto,Production,525,2011-12,30
2011-12,2011-07-01,Suzuki,Suzuki Alto,Sales,1728,2011-12,31
2011-12,2011-08-01,Suzuki,Suzuki Alto,Sales,853,2011-12,31
2011-12,2011-09-01,Suzuki,Suzuki Alto,Sales,1052,2011-12,31
2011-12,2011-10-01,Suzuki,Suzuki Alto,Sales,1104,2011-12,31
2011-12,2011-11-01,Suzuki,Suzuki Alto,Sales,1216,2011-12,31
2011-12,2011-12-01,Suzuki,Suzuki Alto,Sales,826,2011-12,31
2011-12,2012-01-01,Suzuki,Suzuki Alto,Sales,1582,2011-12,31
2011-12,2012-02-01,Suzuki,Suzuki Alto,Sales,1493,2011-12,31
2011-12,2012-03-01,Suzuki,Suzuki Alto,Sales,1964,2011-12,31
2011-12,2012-04-01,Suzuki,Suzuki Alto,Sales,1015,2011-12,31
2011-12,2012-05-01,Suzuki,Suzuki Alto,Sales,1380,2011-12,31
2011-12,2012-06-01,Suzuki,Suzuki Alto,Sales,2075,2011-12,31
2011-12,2011-07-01,Hyundai,Hyundai Santro,Production,0,2011-12,33
2011-12,2011-08-01,Hyundai,Hyundai Santro,Production,0,2011-12,33
2011-12,2011-09-01,Hyundai,Hyundai Santro,Production,0,2011-12,33
2011-12,2011-10-01,Hyundai,Hyundai Santro,Production,0,2011-12,33
2011-12,2011-11-01,Hyundai,Hyundai Santro,Production,0,2011-12,33
2011-12,2011-12-01,Hyundai,Hyundai Santro,Production,0,2011-12,33
2011-12,2012-01-01,Hyundai,Hyundai Santro,Production,0,2011-12,33
2011-12,2012-02-01,Hyundai,Hyundai Santro,Production,0,2011-12,33
2011-12,2012-03-01,Hyundai,Hyundai Santro,Production,0,2011-12,33
2011-12,2012-04-01,Hyundai,Hyundai Santro,Production,0,2011-12,33
2011-12,2012-05-01,Hyundai,Hyundai Santro,Production,0,2011-12,33
2011-12,2012-06-01,Hyundai,Hyundai Santro,Production,0,2011-12,33
2011-12,2011-07-01,Hyundai,Hyundai Santro,Sales,0,2011-12,34
2011-12,2011-08-01,Hyundai,Hyundai Santro,Sales,0,2011-12,34
2011-12,2011-09-01,Hyundai,Hyundai Santro,Sales,0,2011-12,34
2011-12,2011-10-01,Hyundai,Hyundai Santro,Sales,0,2011-12,34
2011-12,2011-11-01,Hyundai,Hyundai Santro,Sales,0,2011-12,34
2011-12,2011-12-01,Hyundai,Hyundai Santro,Sales,0,2011-12,34
2011-12,2012-01-01,Hyundai,Hyundai Santro,Sales,0,2011-12,34
2011-12,2012-02-01,Hyundai,Hyundai Santro,Sales,0,2011-12,34
2011-12,2012-03-01,Hyundai,Hyundai Santro,Sales,0,2011-12,34
2011-12,2012-04-01,Hyundai,Hyundai Santro,Sales,0,2011-12,34
2011-12,2012-05-01,Hyundai,Hyundai Santro,Sales,0,2011-12,34
2011-12,2012-06-01,Hyundai,Hyundai Santro,Sales,0,2011-12,34
2011-12,2011-07-01,Daihatsu,Daihatsu Cuore,Production,336,2011-12,41
2011-12,2011-08-01,Daihatsu,Daihatsu Cuore,Production,367,2011-12,41
2011-12,2011-09-01,Daihatsu,Daihatsu Cuore,Production,452,2011-12,41
2011-12,2011-10-01,Daihatsu,Daihatsu Cuore,Production,488,2011-12,41
2011-12,2011-11-01,Daihatsu,Daihatsu Cuore,Production,222,2011-12,41
2011-12,2011-12-01,Daihatsu,Daihatsu Cuore,Production,195,2011-12,41
2011-12,2012-01-01,Daihatsu,Daihatsu Cuore,Production,244,2011-12,41
2011-12,2012-02-01,Daihatsu,Daihatsu Cuore,Production,648,2011-12,41
2011-12,2012-03-01,Daihatsu,Daihatsu Cuore,Production,656,2011-12,41
2011-12,2012-04-01,Daihatsu,Daihatsu Cuore,Production,27,2011-12,41
2011-12,2012-05-01,Daihatsu,Daihatsu Cuore,Production,0,2011-12,41
2011-12,2012-06-01,Daihatsu,Daihatsu Cuore,Production,0,2011-12,41
2011-12,2011-07-01,Daihatsu,Daihatsu Cuore,Sales,458,2011-12,42
2011-12,2011-08-01,Daihatsu,Daihatsu Cuore,Sales,382,2011-12,42
2011-12,2011-09-01,Daihatsu,Daihatsu Cuore,Sales,442,2011-12,42
2011-12,2011-10-01,Daihatsu,Daihatsu Cuore,Sales,250,2011-12,42
2011-12,2011-11-01,Daihatsu,Daihatsu Cuore,Sales,191,2011-12,42
2011-12,2011-12-01,Daihatsu,Daihatsu Cuore,Sales,161,2011-12,42
2011-12,2012-01-01,Daihatsu,Daihatsu Cuore,Sales,361,2011-12,42
2011-12,2012-02-01,Daihatsu,Daihatsu Cuore,Sales,520,2011-12,42
2011-12,2012-03-01,Daihatsu,Daihatsu Cuore,Sales,421,2011-12,42
2011-12,2012-04-01,Daihatsu,Daihatsu Cuore,Sales,313,2011-12,42
2011-12,2012-05-01,Daihatsu,Daihatsu Cuore,Sales,63,2011-12,42
2011-12,2012-06-01,Daihatsu,Daihatsu Cuore,Sales,295,2011-12,42
2011-12,2011-07-01,Suzuki,Suzuki Mehran,Production,2082,2011-12,44
2011-12,2011-08-01,Suzuki,Suzuki Mehran,Production,1773,2011-12,44
2011-12,2011-09-01,Suzuki,Suzuki Mehran,Production,2768,2011-12,44
2011-12,2011-10-01,Suzuki,Suzuki Mehran,Production,3761,2011-12,44
2011-12,2011-11-01,Suzuki,Suzuki Mehran,Production,2262,2011-12,44
2011-12,2011-12-01,Suzuki,Suzuki Mehran,Production,2697,2011-12,44
2011-12,2012-01-01,Suzuki,Suzuki Mehran,Production,2897,2011-12,44
2011-12,2012-02-01,Suzuki,Suzuki Mehran,Production,2947,2011-12,44
2011-12,2012-03-01,Suzuki,Suzuki Mehran,Production,2787,2011-12,44
2011-12,2012-04-01,Suzuki,Suzuki Mehran,Production,3328,2011-12,44
2011-12,2012-05-01,Suzuki,Suzuki Mehran,Production,3142,2011-12,44
2011-12,2012-06-01,Suzuki,Suzuki Mehran,Production,3395,2011-12,44
2011-12,2011-07-01,Suzuki,Suzuki Mehran,Sales,3650,2011-12,45
2011-12,2011-08-01,Suzuki,Suzuki Mehran,Sales,1865,2011-12,45
2011-12,2011-09-01,Suzuki,Suzuki Mehran,Sales,2900,2011-12,45
2011-12,2011-10-01,Suzuki,Suzuki Mehran,Sales,2999,2011-12,45
2011-12,2011-11-01,Suzuki,Suzuki Mehran,Sales,2720,2011-12,45
2011-12,2011-12-01,Suzuki,Suzuki Mehran,Sales,2880,2011-12,45
2011-12,2012-01-01,Suzuki,Suzuki Mehran,Sales,2361,2011-12,45
2011-12,2012-02-01,Suzuki,Suzuki Mehran,Sales,3092,2011-12,45
2011-12,2012-03-01,Suzuki,Suzuki Mehran,Sales,3116,2011-12,45
2011-12,2012-04-01,Suzuki,Suzuki Mehran,Sales,3266,2011-12,45
2011-12,2012-05-01,Suzuki,Suzuki Mehran,Sales,3625,2011-12,45
2011-12,2012-06-01,Suzuki,Suzuki Mehran,Sales,2657,2011-12,45
2011-12,2011-07-01,Suzuki,Suzuki Bolan,Production,1051,2011-12,47
2011-12,2011-08-01,Suzuki,Suzuki Bolan,Production,945,2011-12,47
2011-12,2011-09-01,Suzuki,Suzuki Bolan,Production,1093,2011-12,47
2011-12,2011-10-01,Suzuki,Suzuki Bolan,Production,1980,2011-12,47
2011-12,2011-11-01,Suzuki,Suzuki Bolan,Production,1380,2011-12,47
2011-12,2011-12-01,Suzuki,Suzuki Bolan,Production,1603,2011-12,47
2011-12,2012-01-01,Suzuki,Suzuki Bolan,Production,2068,2011-12,47
2011-12,2012-02-01,Suzuki,Suzuki Bolan,Production,2229,2011-12,47
2011-12,2012-03-01,Suzuki,Suzuki Bolan,Production,2268,2011-12,47
2011-12,2012-04-01,Suzuki,Suzuki Bolan,Production,2426,2011-12,47
2011-12,2012-05-01,Suzuki,Suzuki Bolan,Production,1986,2011-12,47
2011-12,2012-06-01,Suzuki,Suzuki Bolan,Production,2565,2011-12,47
2011-12,2011-07-01,Suzuki,Suzuki Bolan,Sales,1818,2011-12,48
2011-12,2011-08-01,Suzuki,Suzuki Bolan,Sales,957,2011-12,48
2011-12,2011-09-01,Suzuki,Suzuki Bolan,Sales,1314,2011-12,48
2011-12,2011-10-01,Suzuki,Suzuki Bolan,Sales,1422,2011-12,48
2011-12,2011-11-01,Suzuki,Suzuki Bolan,Sales,1369,2011-12,48
2011-12,2011-12-01,Suzuki,Suzuki Bolan,Sales,1968,2011-12,48
2011-12,2012-01-01,Suzuki,Suzuki Bolan,Sales,1975,2011-12,48
2011-12,2012-02-01,Suzuki,Suzuki Bolan,Sales,1890,2011-12,48
2011-12,2012-03-01,Suzuki,Suzuki Bolan,Sales,2435,2011-12,48
2011-12,2012-04-01,Suzuki,Suzuki Bolan,Sales,2136,2011-12,48
2011-12,2012-05-01,Suzuki,Suzuki Bolan,Sales,2503,2011-12,48
2011-12,2012-06-01,Suzuki,Suzuki Bolan,Sales,2753,2011-12,48
2012-13,2012-07-01,Honda,Honda Civic,Production,490,2012-13,7
2012-13,2012-08-01,Honda,Honda Civic,Production,0,2012-13,7
2012-13,2012-09-01,Honda,Honda Civic,Production,833,2012-13,7
2012-13,2012-10-01,Honda,Honda Civic,Production,717,2012-13,7
2012-13,2012-11-01,Honda,Honda Civic,Production,788,2012-13,7
2012-13,2012-12-01,Honda,Honda Civic,Production,596,2012-13,7
2012-13,2013-01-01,Honda,Honda Civic,Production,841,2012-13,7
2012-13,2013-02-01,Honda,Honda Civic,Production,872,2012-13,7
2012-13,2013-03-01,Honda,Honda Civic,Production,1233,2012-13,7
2012-13,2013-04-01,Honda,Honda Civic,Production,717,2012-13,7
2012-13,2013-05-01,Honda,Honda Civic,Production,1382,2012-13,7
2012-13,2013-06-01,Honda,Honda Civic,Production,1139,2012-13,7
2012-13,2012-07-01,Honda,Honda Civic,Sales,506,2012-13,8
2012-13,2012-08-01,Honda,Honda Civic,Sales,201,2012-13,8
2012-13,2012-09-01,Honda,Honda Civic,Sales,778,2012-13,8
2012-13,2012-10-01,Honda,Honda Civic,Sales,805,2012-13,8
2012-13,2012-11-01,Honda,Honda Civic,Sales,843,2012-13,8
2012-13,2012-12-01,Honda,Honda Civic,Sales,586,2012-13,8
2012-13,2013-01-01,Honda,Honda Civic,Sales,999,2012-13,8
2012-13,2013-02-01,Honda,Honda Civic,Sales,918,2012-13,8
2012-13,2013-03-01,Honda,Honda Civic,Sales,1206,2012-13,8
2012-13,2013-04-01,Honda,Honda Civic,Sales,680,2012-13,8
2012-13,2013-05-01,Honda,Honda Civic,Sales,1236,2012-13,8
2012-13,2013-06-01,Honda,Honda Civic,Sales,1192,2012-13,8
2012-13,2012-07-01,Honda,Honda City,Production,1663,2012-13,10
2012-13,2012-08-01,Honda,Honda City,Production,1266,2012-13,10
2012-13,2012-09-01,Honda,Honda City,Production,937,2012-13,10
2012-13,2012-10-01,Honda,Honda City,Production,833,2012-13,10
2012-13,2012-11-01,Honda,Honda City,Production,562,2012-13,10
2012-13,2012-12-01,Honda,Honda City,Production,343,2012-13,10
2012-13,2013-01-01,Honda,Honda City,Production,1059,2012-13,10
2012-13,2013-02-01,Honda,Honda City,Production,883,2012-13,10
2012-13,2013-03-01,Honda,Honda City,Production,797,2012-13,10
2012-13,2013-04-01,Honda,Honda City,Production,1400,2012-13,10
2012-13,2013-05-01,Honda,Honda City,Production,754,2012-13,10
2012-13,2013-06-01,Honda,Honda City,Production,1141,2012-13,10
2012-13,2012-07-01,Honda,Honda City,Sales,1144,2012-13,11
2012-13,2012-08-01,Honda,Honda City,Sales,1040,2012-13,11
2012-13,2012-09-01,Honda,Honda City,Sales,752,2012-13,11
2012-13,2012-10-01,Honda,Honda City,Sales,783,2012-13,11
2012-13,2012-11-01,Honda,Honda City,Sales,577,2012-13,11
2012-13,2012-12-01,Honda,Honda City,Sales,278,2012-13,11
2012-13,2013-01-01,Honda,Honda City,Sales,1221,2012-13,11
2012-13,2013-02-01,Honda,Honda City,Sales,1097,2012-13,11
2012-13,2013-03-01,Honda,Honda City,Sales,1022,2012-13,11
2012-13,2013-04-01,Honda,Honda City,Sales,1100,2012-13,11
2012-13,2013-05-01,Honda,Honda City,Sales,1156,2012-13,11
2012-13,2013-06-01,Honda,Honda City,Sales,1115,2012-13,11
2012-13,2012-07-01,Suzuki,Suzuki Liana,Production,23,2012-13,13
2012-13,2012-08-01,Suzuki,Suzuki Liana,Production,21,2012-13,13
2012-13,2012-09-01,Suzuki,Suzuki Liana,Production,24,2012-13,13
2012-13,2012-10-01,Suzuki,Suzuki Liana,Production,25,2012-13,13
2012-13,2012-11-01,Suzuki,Suzuki Liana,Production,2,2012-13,13
2012-13,2012-12-01,Suzuki,Suzuki Liana,Production,0,2012-13,13
2012-13,2013-01-01,Suzuki,Suzuki Liana,Production,7,2012-13,13
2012-13,2013-02-01,Suzuki,Suzuki Liana,Production,24,2012-13,13
2012-13,2013-03-01,Suzuki,Suzuki Liana,Production,24,2012-13,13
2012-13,2013-04-01,Suzuki,Suzuki Liana,Production,0,2012-13,13
2012-13,2013-05-01,Suzuki,Suzuki Liana,Production,0,2012-13,13
2012-13,2013-06-01,Suzuki,Suzuki Liana,Production,0,2012-13,13
2012-13,2012-07-01,Suzuki,Suzuki Liana,Sales,25,2012-13,14
2012-13,2012-08-01,Suzuki,Suzuki Liana,Sales,20,2012-13,14
2012-13,2012-09-01,Suzuki,Suzuki Liana,Sales,9,2012-13,14
2012-13,2012-10-01,Suzuki,Suzuki Liana,Sales,32,2012-13,14
2012-13,2012-11-01,Suzuki,Suzuki Liana,Sales,10,2012-13,14
2012-13,2012-12-01,Suzuki,Suzuki Liana,Sales,14,2012-13,14
2012-13,2013-01-01,Suzuki,Suzuki Liana,Sales,2,2012-13,14
2012-13,2013-02-01,Suzuki,Suzuki Liana,Sales,12,2012-13,14
2012-13,2013-03-01,Suzuki,Suzuki Liana,Sales,14,2012-13,14
2012-13,2013-04-01,Suzuki,Suzuki Liana,Sales,9,2012-13,14
2012-13,2013-05-01,Suzuki,Suzuki Liana,Sales,4,2012-13,14
2012-13,2013-06-01,Suzuki,Suzuki Liana,Sales,13,2012-13,14
2012-13,2012-07-01,Suzuki,Suzuki Swift,Production,743,2012-13,16
2012-13,2012-08-01,Suzuki,Suzuki Swift,Production,668,2012-13,16
2012-13,2012-09-01,Suzuki,Suzuki Swift,Production,630,2012-13,16
2012-13,2012-10-01,Suzuki,Suzuki Swift,Production,428,2012-13,16
2012-13,2012-11-01,Suzuki,Suzuki Swift,Production,396,2012-13,16
2012-13,2012-12-01,Suzuki,Suzuki Swift,Production,247,2012-13,16
2012-13,2013-01-01,Suzuki,Suzuki Swift,Production,604,2012-13,16
2012-13,2013-02-01,Suzuki,Suzuki Swift,Production,356,2012-13,16
2012-13,2013-03-01,Suzuki,Suzuki Swift,Production,515,2012-13,16
2012-13,2013-04-01,Suzuki,Suzuki Swift,Production,420,2012-13,16
2012-13,2013-05-01,Suzuki,Suzuki Swift,Production,386,2012-13,16
2012-13,2013-06-01,Suzuki,Suzuki Swift,Production,552,2012-13,16
2012-13,2012-07-01,Suzuki,Suzuki Swift,Sales,684,2012-13,17
2012-13,2012-08-01,Suzuki,Suzuki Swift,Sales,608,2012-13,17
2012-13,2012-09-01,Suzuki,Suzuki Swift,Sales,610,2012-13,17
2012-13,2012-10-01,Suzuki,Suzuki Swift,Sales,500,2012-13,17
2012-13,2012-11-01,Suzuki,Suzuki Swift,Sales,359,2012-13,17
2012-13,2012-12-01,Suzuki,Suzuki Swift,Sales,362,2012-13,17
2012-13,2013-01-01,Suzuki,Suzuki Swift,Sales,501,2012-13,17
2012-13,2013-02-01,Suzuki,Suzuki Swift,Sales,510,2012-13,17
2012-13,2013-03-01,Suzuki,Suzuki Swift,Sales,535,2012-13,17
2012-13,2013-04-01,Suzuki,Suzuki Swift,Sales,480,2012-13,17
2012-13,2013-05-01,Suzuki,Suzuki Swift,Sales,500,2012-13,17
2012-13,2013-06-01,Suzuki,Suzuki Swift,Sales,447,2012-13,17
2012-13,2012-07-01,Toyota,Toyota Corolla,Production,2914,2012-13,19
2012-13,2012-08-01,Toyota,Toyota Corolla,Production,2627,2012-13,19
2012-13,2012-09-01,Toyota,Toyota Corolla,Production,2614,2012-13,19
2012-13,2012-10-01,Toyota,Toyota Corolla,Production,1956,2012-13,19
2012-13,2012-11-01,Toyota,Toyota Corolla,Production,1686,2012-13,19
2012-13,2012-12-01,Toyota,Toyota Corolla,Production,786,2012-13,19
2012-13,2013-01-01,Toyota,Toyota Corolla,Production,3418,2012-13,19
2012-13,2013-02-01,Toyota,Toyota Corolla,Production,2975,2012-13,19
2012-13,2013-03-01,Toyota,Toyota Corolla,Production,3101,2012-13,19
2012-13,2013-04-01,Toyota,Toyota Corolla,Production,3637,2012-13,19
2012-13,2013-05-01,Toyota,Toyota Corolla,Production,3637,2012-13,19
2012-13,2013-06-01,Toyota,Toyota Corolla,Production,3531,2012-13,19
2012-13,2012-07-01,Toyota,Toyota Corolla,Sales,2464,2012-13,20
2012-13,2012-08-01,Toyota,Toyota Corolla,Sales,2800,2012-13,20
2012-13,2012-09-01,Toyota,Toyota Corolla,Sales,1768,2012-13,20
2012-13,2012-10-01,Toyota,Toyota Corolla,Sales,2155,2012-13,20
2012-13,2012-11-01,Toyota,Toyota Corolla,Sales,1860,2012-13,20
2012-13,2012-12-01,Toyota,Toyota Corolla,Sales,1382,2012-13,20
2012-13,2013-01-01,Toyota,Toyota Corolla,Sales,3296,2012-13,20
2012-13,2013-02-01,Toyota,Toyota Corolla,Sales,3337,2012-13,20
2012-13,2013-03-01,Toyota,Toyota Corolla,Sales,3284,2012-13,20
2012-13,2013-04-01,Toyota,Toyota Corolla,Sales,3284,2012-13,20
2012-13,2013-05-01,Toyota,Toyota Corolla,Sales,3339,2012-13,20
2012-13,2013-06-01,Toyota,Toyota Corolla,Sales,3639,2012-13,20
2012-13,2012-07-01,Suzuki,Suzuki Cultus,Production,1451,2012-13,27
2012-13,2012-08-01,Suzuki,Suzuki Cultus,Production,854,2012-13,27
2012-13,2012-09-01,Suzuki,Suzuki Cultus,Production,823,2012-13,27
2012-13,2012-10-01,Suzuki,Suzuki Cultus,Production,763,2012-13,27
2012-13,2012-11-01,Suzuki,Suzuki Cultus,Production,940,2012-13,27
2012-13,2012-12-01,Suzuki,Suzuki Cultus,Production,1028,2012-13,27
2012-13,2013-01-01,Suzuki,Suzuki Cultus,Production,1122,2012-13,27
2012-13,2013-02-01,Suzuki,Suzuki Cultus,Production,1094,2012-13,27
2012-13,2013-03-01,Suzuki,Suzuki Cultus,Production,1224,2012-13,27
2012-13,2013-04-01,Suzuki,Suzuki Cultus,Production,941,2012-13,27
2012-13,2013-05-01,Suzuki,Suzuki Cultus,Production,1368,2012-13,27
2012-13,2013-06-01,Suzuki,Suzuki Cultus,Production,1177,2012-13,27
2012-13,2012-07-01,Suzuki,Suzuki Cultus,Sales,1135,2012-13,28
2012-13,2012-08-01,Suzuki,Suzuki Cultus,Sales,1173,2012-13,28
2012-13,2012-09-01,Suzuki,Suzuki Cultus,Sales,1022,2012-13,28
2012-13,2012-10-01,Suzuki,Suzuki Cultus,Sales,987,2012-13,28
2012-13,2012-11-01,Suzuki,Suzuki Cultus,Sales,1031,2012-13,28
2012-13,2012-12-01,Suzuki,Suzuki Cultus,Sales,845,2012-13,28
2012-13,2013-01-01,Suzuki,Suzuki Cultus,Sales,1266,2012-13,28
2012-13,2013-02-01,Suzuki,Suzuki Cultus,Sales,1169,2012-13,28
2012-13,2013-03-01,Suzuki,Suzuki Cultus,Sales,1228,2012-13,28
2012-13,2013-04-01,Suzuki,Suzuki Cultus,Sales,1056,2012-13,28
2012-13,2013-05-01,Suzuki,Suzuki Cultus,Sales,1394,2012-13,28
2012-13,2013-06-01,Suzuki,Suzuki Cultus,Sales,1002,2012-13,28
2012-13,2012-07-01,Suzuki,Suzuki Alto,Production,0,2012-13,30
2012-13,2012-08-01,Suzuki,Suzuki Alto,Production,0,2012-13,30
2012-13,2012-09-01,Suzuki,Suzuki Alto,Production,0,2012-13,30
2012-13,2012-10-01,Suzuki,Suzuki Alto,Production,0,2012-13,30
2012-13,2012-11-01,Suzuki,Suzuki Alto,Production,0,2012-13,30
2012-13,2012-12-01,Suzuki,Suzuki Alto,Production,0,2012-13,30
2012-13,2013-01-01,Suzuki,Suzuki Alto,Production,0,2012-13,30
2012-13,2013-02-01,Suzuki,Suzuki Alto,Production,0,2012-13,30
2012-13,2013-03-01,Suzuki,Suzuki Alto,Production,0,2012-13,30
2012-13,2013-04-01,Suzuki,Suzuki Alto,Production,0,2012-13,30
2012-13,2013-05-01,Suzuki,Suzuki Alto,Production,0,2012-13,30
2012-13,2013-06-01,Suzuki,Suzuki Alto,Production,0,2012-13,30
2012-13,2012-07-01,Suzuki,Suzuki Alto,Sales,0,2012-13,31
2012-13,2012-08-01,Suzuki,Suzuki Alto,Sales,0,2012-13,31
2012-13,2012-09-01,Suzuki,Suzuki Alto,Sales,0,2012-13,31
2012-13,2012-10-01,Suzuki,Suzuki Alto,Sales,0,2012-13,31
2012-13,2012-11-01,Suzuki,Suzuki Alto,Sales,0,2012-13,31
2012-13,2012-12-01,Suzuki,Suzuki Alto,Sales,0,2012-13,31
2012-13,2013-01-01,Suzuki,Suzuki Alto,Sales,0,2012-13,31
2012-13,2013-02-01,Suzuki,Suzuki Alto,Sales,0,2012-13,31
2012-13,2013-03-01,Suzuki,Suzuki Alto,Sales,0,2012-13,31
2012-13,2013-04-01,Suzuki,Suzuki Alto,Sales,0,2012-13,31
2012-13,2013-05-01,Suzuki,Suzuki Alto,Sales,0,2012-13,31
2012-13,2013-06-01,Suzuki,Suzuki Alto,Sales,0,2012-13,31
2012-13,2012-07-01,Hyundai,Hyundai Santro,Production,0,2012-13,33
2012-13,2012-08-01,Hyundai,Hyundai Santro,Production,0,2012-13,33
2012-13,2012-09-01,Hyundai,Hyundai Santro,Production,0,2012-13,33
2012-13,2012-10-01,Hyundai,Hyundai Santro,Production,0,2012-13,33
2012-13,2012-11-01,Hyundai,Hyundai Santro,Production,0,2012-13,33
2012-13,2012-12-01,Hyundai,Hyundai Santro,Production,0,2012-13,33
2012-13,2013-01-01,Hyundai,Hyundai Santro,Production,0,2012-13,33
2012-13,2013-02-01,Hyundai,Hyundai Santro,Production,0,2012-13,33
2012-13,2013-03-01,Hyundai,Hyundai Santro,Production,0,2012-13,33
2012-13,2013-04-01,Hyundai,Hyundai Santro,Production,0,2012-13,33
2012-13,2013-05-01,Hyundai,Hyundai Santro,Production,0,2012-13,33
2012-13,2013-06-01,Hyundai,Hyundai Santro,Production,0,2012-13,33
2012-13,2012-07-01,Hyundai,Hyundai Santro,Sales,0,2012-13,34
2012-13,2012-08-01,Hyundai,Hyundai Santro,Sales,0,2012-13,34
2012-13,2012-09-01,Hyundai,Hyundai Santro,Sales,0,2012-13,34
2012-13,2012-10-01,Hyundai,Hyundai Santro,Sales,0,2012-13,34
2012-13,2012-11-01,Hyundai,Hyundai Santro,Sales,0,2012-13,34
2012-13,2012-12-01,Hyundai,Hyundai Santro,Sales,0,2012-13,34
2012-13,2013-01-01,Hyundai,Hyundai Santro,Sales,0,2012-13,34
2012-13,2013-02-01,Hyundai,Hyundai Santro,Sales,0,2012-13,34
2012-13,2013-03-01,Hyundai,Hyundai Santro,Sales,0,2012-13,34
2012-13,2013-04-01,Hyundai,Hyundai Santro,Sales,0,2012-13,34
2012-13,2013-05-01,Hyundai,Hyundai Santro,Sales,0,2012-13,34
2012-13,2013-06-01,Hyundai,Hyundai Santro,Sales,0,2012-13,34
2012-13,2012-07-01,Daihatsu,Daihatsu Cuore,Production,0,2012-13,41
2012-13,2012-08-01,Daihatsu,Daihatsu Cuore,Production,0,2012-13,41
2012-13,2012-09-01,Daihatsu,Daihatsu Cuore,Production,0,2012-13,41
2012-13,2012-10-01,Daihatsu,Daihatsu Cuore,Production,0,2012-13,41
2012-13,2012-11-01,Daihatsu,Daihatsu Cuore,Production,0,2012-13,41
2012-13,2012-12-01,Daihatsu,Daihatsu Cuore,Production,0,2012-13,41
2012-13,2013-01-01,Daihatsu,Daihatsu Cuore,Production,0,2012-13,41
2012-13,2013-02-01,Daihatsu,Daihatsu Cuore,Production,0,2012-13,41
2012-13,2013-03-01,Daihatsu,Daihatsu Cuore,Production,0,2012-13,41
2012-13,2013-04-01,Daihatsu,Daihatsu Cuore,Production,0,2012-13,41
2012-13,2013-05-01,Daihatsu,Daihatsu Cuore,Production,0,2012-13,41
2012-13,2013-06-01,Daihatsu,Daihatsu Cuore,Production,0,2012-13,41
2012-13,2012-07-01,Daihatsu,Daihatsu Cuore,Sales,59,2012-13,42
2012-13,2012-08-01,Daihatsu,Daihatsu Cuore,Sales,10,2012-13,42
2012-13,2012-09-01,Daihatsu,Daihatsu Cuore,Sales,2,2012-13,42
2012-13,2012-10-01,Daihatsu,Daihatsu Cuore,Sales,0,2012-13,42
2012-13,2012-11-01,Daihatsu,Daihatsu Cuore,Sales,0,2012-13,42
2012-13,2012-12-01,Daihatsu,Daihatsu Cuore,Sales,0,2012-13,42
2012-13,2013-01-01,Daihatsu,Daihatsu Cuore,Sales,0,2012-13,42
2012-13,2013-02-01,Daihatsu,Daihatsu Cuore,Sales,0,2012-13,42
2012-13,2013-03-01,Daihatsu,Daihatsu Cuore,Sales,0,2012-13,42
2012-13,2013-04-01,Daihatsu,Daihatsu Cuore,Sales,0,2012-13,42
2012-13,2013-05-01,Daihatsu,Daihatsu Cuore,Sales,0,2012-13,42
2012-13,2013-06-01,Daihatsu,Daihatsu Cuore,Sales,0,2012-13,42
2012-13,2012-07-01,Suzuki,Suzuki Mehran,Production,2641,2012-13,44
2012-13,2012-08-01,Suzuki,Suzuki Mehran,Production,2674,2012-13,44
2012-13,2012-09-01,Suzuki,Suzuki Mehran,Production,2502,2012-13,44
2012-13,2012-10-01,Suzuki,Suzuki Mehran,Production,2225,2012-13,44
2012-13,2012-11-01,Suzuki,Suzuki Mehran,Production,2482,2012-13,44
2012-13,2012-12-01,Suzuki,Suzuki Mehran,Production,2464,2012-13,44
2012-13,2013-01-01,Suzuki,Suzuki Mehran,Production,3117,2012-13,44
2012-13,2013-02-01,Suzuki,Suzuki Mehran,Production,2510,2012-13,44
2012-13,2013-03-01,Suzuki,Suzuki Mehran,Production,3297,2012-13,44
2012-13,2013-04-01,Suzuki,Suzuki Mehran,Production,2755,2012-13,44
2012-13,2013-05-01,Suzuki,Suzuki Mehran,Production,3908,2012-13,44
2012-13,2013-06-01,Suzuki,Suzuki Mehran,Production,3703,2012-13,44
2012-13,2012-07-01,Suzuki,Suzuki Mehran,Sales,2217,2012-13,45
2012-13,2012-08-01,Suzuki,Suzuki Mehran,Sales,2615,2012-13,45
2012-13,2012-09-01,Suzuki,Suzuki Mehran,Sales,2551,2012-13,45
2012-13,2012-10-01,Suzuki,Suzuki Mehran,Sales,2052,2012-13,45
2012-13,2012-11-01,Suzuki,Suzuki Mehran,Sales,2658,2012-13,45
2012-13,2012-12-01,Suzuki,Suzuki Mehran,Sales,2710,2012-13,45
2012-13,2013-01-01,Suzuki,Suzuki Mehran,Sales,2968,2012-13,45
2012-13,2013-02-01,Suzuki,Suzuki Mehran,Sales,2800,2012-13,45
2012-13,2013-03-01,Suzuki,Suzuki Mehran,Sales,2988,2012-13,45
2012-13,2013-04-01,Suzuki,Suzuki Mehran,Sales,3019,2012-13,45
2012-13,2013-05-01,Suzuki,Suzuki Mehran,Sales,3070,2012-13,45
2012-13,2013-06-01,Suzuki,Suzuki Mehran,Sales,2759,2012-13,45
2012-13,2012-07-01,Suzuki,Suzuki Bolan,Production,1007,2012-13,47
2012-13,2012-08-01,Suzuki,Suzuki Bolan,Production,906,2012-13,47
2012-13,2012-09-01,Suzuki,Suzuki Bolan,Production,942,2012-13,47
2012-13,2012-10-01,Suzuki,Suzuki Bolan,Production,996,2012-13,47
2012-13,2012-11-01,Suzuki,Suzuki Bolan,Production,1095,2012-13,47
2012-13,2012-12-01,Suzuki,Suzuki Bolan,Production,1238,2012-13,47
2012-13,2013-01-01,Suzuki,Suzuki Bolan,Production,1241,2012-13,47
2012-13,2013-02-01,Suzuki,Suzuki Bolan,Production,1206,2012-13,47
2012-13,2013-03-01,Suzuki,Suzuki Bolan,Production,1120,2012-13,47
2012-13,2013-04-01,Suzuki,Suzuki Bolan,Production,742,2012-13,47
2012-13,2013-05-01,Suzuki,Suzuki Bolan,Production,1223,2012-13,47
2012-13,2013-06-01,Suzuki,Suzuki Bolan,Production,1330,2012-13,47
2012-13,2012-07-01,Suzuki,Suzuki Bolan,Sales,762,2012-13,48
2012-13,2012-08-01,Suzuki,Suzuki Bolan,Sales,862,2012-13,48
2012-13,2012-09-01,Suzuki,Suzuki Bolan,Sales,989,2012-13,48
2012-13,2012-10-01,Suzuki,Suzuki Bolan,Sales,870,2012-13,48
2012-13,2012-11-01,Suzuki,Suzuki Bolan,Sales,878,2012-13,48
2012-13,2012-12-01,Suzuki,Suzuki Bolan,Sales,1204,2012-13,48
2012-13,2013-01-01,Suzuki,Suzuki Bolan,Sales,1318,2012-13,48
2012-13,2013-02-01,Suzuki,Suzuki Bolan,Sales,1501,2012-13,48
2012-13,2013-03-01,Suzuki,Suzuki Bolan,Sales,1304,2012-13,48
2012-13,2013-04-01,Suzuki,Suzuki Bolan,Sales,756,2012-13,48
2012-13,2013-05-01,Suzuki,Suzuki Bolan,Sales,1087,2012-13,48
2012-13,2013-06-01,Suzuki,Suzuki Bolan,Sales,1410,2012-13,48
2013-14,2013-07-01,Honda,Honda Civic,Production,777,2013-14,7
2013-14,2013-08-01,Honda,Honda Civic,Production,961,2013-14,7
2013-14,2013-09-01,Honda,Honda Civic,Production,1059,2013-14,7
2013-14,2013-10-01,Honda,Honda Civic,Production,781,2013-14,7
2013-14,2013-11-01,Honda,Honda Civic,Production,562,2013-14,7
2013-14,2013-12-01,Honda,Honda Civic,Production,528,2013-14,7
2013-14,2014-01-01,Honda,Honda Civic,Production,850,2013-14,7
2013-14,2014-02-01,Honda,Honda Civic,Production,843,2013-14,7
2013-14,2014-03-01,Honda,Honda Civic,Production,661,2013-14,7
2013-14,2014-04-01,Honda,Honda Civic,Production,778,2013-14,7
2013-14,2014-05-01,Honda,Honda Civic,Production,999,2013-14,7
2013-14,2014-06-01,Honda,Honda Civic,Production,1221,2013-14,7
2013-14,2013-07-01,Honda,Honda Civic,Sales,800,2013-14,8
2013-14,2013-08-01,Honda,Honda Civic,Sales,955,2013-14,8
2013-14,2013-09-01,Honda,Honda Civic,Sales,1021,2013-14,8
2013-14,2013-10-01,Honda,Honda Civic,Sales,716,2013-14,8
2013-14,2013-11-01,Honda,Honda Civic,Sales,490,2013-14,8
2013-14,2013-12-01,Honda,Honda Civic,Sales,265,2013-14,8
2013-14,2014-01-01,Honda,Honda Civic,Sales,1278,2013-14,8
2013-14,2014-02-01,Honda,Honda Civic,Sales,941,2013-14,8
2013-14,2014-03-01,Honda,Honda Civic,Sales,740,2013-14,8
2013-14,2014-04-01,Honda,Honda Civic,Sales,750,2013-14,8
2013-14,2014-05-01,Honda,Honda Civic,Sales,871,2013-14,8
2013-14,2014-06-01,Honda,Honda Civic,Sales,1106,2013-14,8
2013-14,2013-07-01,Honda,Honda City,Production,1179,2013-14,10
2013-14,2013-08-01,Honda,Honda City,Production,1145,2013-14,10
2013-14,2013-09-01,Honda,Honda City,Production,1341,2013-14,10
2013-14,2013-10-01,Honda,Honda City,Production,1079,2013-14,10
2013-14,2013-11-01,Honda,Honda City,Production,938,2013-14,10
2013-14,2013-12-01,Honda,Honda City,Production,556,2013-14,10
2013-14,2014-01-01,Honda,Honda City,Production,1178,2013-14,10
2013-14,2014-02-01,Honda,Honda City,Production,1029,2013-14,10
2013-14,2014-03-01,Honda,Honda City,Production,1223,2013-14,10
2013-14,2014-04-01,Honda,Honda City,Production,1229,2013-14,10
2013-14,2014-05-01,Honda,Honda City,Production,1287,2013-14,10
2013-14,2014-06-01,Honda,Honda City,Production,1401,2013-14,10
2013-14,2013-07-01,Honda,Honda City,Sales,1162,2013-14,11
2013-14,2013-08-01,Honda,Honda City,Sales,1172,2013-14,11
2013-14,2013-09-01,Honda,Honda City,Sales,1194,2013-14,11
2013-14,2013-10-01,Honda,Honda City,Sales,1004,2013-14,11
2013-14,2013-11-01,Honda,Honda City,Sales,820,2013-14,11
2013-14,2013-12-01,Honda,Honda City,Sales,390,2013-14,11
2013-14,2014-01-01,Honda,Honda City,Sales,1322,2013-14,11
2013-14,2014-02-01,Honda,Honda City,Sales,1291,2013-14,11
2013-14,2014-03-01,Honda,Honda City,Sales,1231,2013-14,11
2013-14,2014-04-01,Honda,Honda City,Sales,1200,2013-14,11
2013-14,2014-05-01,Honda,Honda City,Sales,1389,2013-14,11
2013-14,2014-06-01,Honda,Honda City,Sales,1566,2013-14,11
2013-14,2013-07-01,Suzuki,Suzuki Liana,Production,0,2013-14,13
2013-14,2013-08-01,Suzuki,Suzuki Liana,Production,0,2013-14,13
2013-14,2013-09-01,Suzuki,Suzuki Liana,Production,0,2013-14,13
2013-14,2013-10-01,Suzuki,Suzuki Liana,Production,72,2013-14,13
2013-14,2013-11-01,Suzuki,Suzuki Liana,Production,0,2013-14,13
2013-14,2013-12-01,Suzuki,Suzuki Liana,Production,72,2013-14,13
2013-14,2014-01-01,Suzuki,Suzuki Liana,Production,0,2013-14,13
2013-14,2014-02-01,Suzuki,Suzuki Liana,Production,0,2013-14,13
2013-14,2014-03-01,Suzuki,Suzuki Liana,Production,0,2013-14,13
2013-14,2014-04-01,Suzuki,Suzuki Liana,Production,0,2013-14,13
2013-14,2014-05-01,Suzuki,Suzuki Liana,Production,0,2013-14,13
2013-14,2014-06-01,Suzuki,Suzuki Liana,Production,0,2013-14,13
2013-14,2013-07-01,Suzuki,Suzuki Liana,Sales,5,2013-14,14
2013-14,2013-08-01,Suzuki,Suzuki Liana,Sales,8,2013-14,14
2013-14,2013-09-01,Suzuki,Suzuki Liana,Sales,17,2013-14,14
2013-14,2013-10-01,Suzuki,Suzuki Liana,Sales,31,2013-14,14
2013-14,2013-11-01,Suzuki,Suzuki Liana,Sales,0,2013-14,14
2013-14,2013-12-01,Suzuki,Suzuki Liana,Sales,26,2013-14,14
2013-14,2014-01-01,Suzuki,Suzuki Liana,Sales,22,2013-14,14
2013-14,2014-02-01,Suzuki,Suzuki Liana,Sales,1,2013-14,14
2013-14,2014-03-01,Suzuki,Suzuki Liana,Sales,13,2013-14,14
2013-14,2014-04-01,Suzuki,Suzuki Liana,Sales,8,2013-14,14
2013-14,2014-05-01,Suzuki,Suzuki Liana,Sales,8,2013-14,14
2013-14,2014-06-01,Suzuki,Suzuki Liana,Sales,22,2013-14,14
2013-14,2013-07-01,Suzuki,Suzuki Swift,Production,535,2013-14,16
2013-14,2013-08-01,Suzuki,Suzuki Swift,Production,448,2013-14,16
2013-14,2013-09-01,Suzuki,Suzuki Swift,Production,441,2013-14,16
2013-14,2013-10-01,Suzuki,Suzuki Swift,Production,438,2013-14,16
2013-14,2013-11-01,Suzuki,Suzuki Swift,Production,233,2013-14,16
2013-14,2013-12-01,Suzuki,Suzuki Swift,Production,351,2013-14,16
2013-14,2014-01-01,Suzuki,Suzuki Swift,Production,495,2013-14,16
2013-14,2014-02-01,Suzuki,Suzuki Swift,Production,361,2013-14,16
2013-14,2014-03-01,Suzuki,Suzuki Swift,Production,398,2013-14,16
2013-14,2014-04-01,Suzuki,Suzuki Swift,Production,405,2013-14,16
2013-14,2014-05-01,Suzuki,Suzuki Swift,Production,386,2013-14,16
2013-14,2014-06-01,Suzuki,Suzuki Swift,Production,556,2013-14,16
2013-14,2013-07-01,Suzuki,Suzuki Swift,Sales,440,2013-14,17
2013-14,2013-08-01,Suzuki,Suzuki Swift,Sales,467,2013-14,17
2013-14,2013-09-01,Suzuki,Suzuki Swift,Sales,489,2013-14,17
2013-14,2013-10-01,Suzuki,Suzuki Swift,Sales,361,2013-14,17
2013-14,2013-11-01,Suzuki,Suzuki Swift,Sales,328,2013-14,17
2013-14,2013-12-01,Suzuki,Suzuki Swift,Sales,329,2013-14,17
2013-14,2014-01-01,Suzuki,Suzuki Swift,Sales,465,2013-14,17
2013-14,2014-02-01,Suzuki,Suzuki Swift,Sales,442,2013-14,17
2013-14,2014-03-01,Suzuki,Suzuki Swift,Sales,384,2013-14,17
2013-14,2014-04-01,Suzuki,Suzuki Swift,Sales,415,2013-14,17
2013-14,2014-05-01,Suzuki,Suzuki Swift,Sales,500,2013-14,17
2013-14,2014-06-01,Suzuki,Suzuki Swift,Sales,508,2013-14,17
2013-14,2013-07-01,Toyota,Toyota Corolla,Production,2361,2013-14,19
2013-14,2013-08-01,Toyota,Toyota Corolla,Production,2567,2013-14,19
2013-14,2013-09-01,Toyota,Toyota Corolla,Production,1931,2013-14,19
2013-14,2013-10-01,Toyota,Toyota Corolla,Production,2140,2013-14,19
2013-14,2013-11-01,Toyota,Toyota Corolla,Production,1844,2013-14,19
2013-14,2013-12-01,Toyota,Toyota Corolla,Production,1611,2013-14,19
2013-14,2014-01-01,Toyota,Toyota Corolla,Production,3465,2013-14,19
2013-14,2014-02-01,Toyota,Toyota Corolla,Production,2914,2013-14,19
2013-14,2014-03-01,Toyota,Toyota Corolla,Production,3635,2013-14,19
2013-14,2014-04-01,Toyota,Toyota Corolla,Production,2362,2013-14,19
2013-14,2014-05-01,Toyota,Toyota Corolla,Production,2668,2013-14,19
2013-14,2014-06-01,Toyota,Toyota Corolla,Production,626,2013-14,19
2013-14,2013-07-01,Toyota,Toyota Corolla,Sales,2368,2013-14,20
2013-14,2013-08-01,Toyota,Toyota Corolla,Sales,2627,2013-14,20
2013-14,2013-09-01,Toyota,Toyota Corolla,Sales,2114,2013-14,20
2013-14,2013-10-01,Toyota,Toyota Corolla,Sales,2266,2013-14,20
2013-14,2013-11-01,Toyota,Toyota Corolla,Sales,1966,2013-14,20
2013-14,2013-12-01,Toyota,Toyota Corolla,Sales,1534,2013-14,20
2013-14,2014-01-01,Toyota,Toyota Corolla,Sales,3611,2013-14,20
2013-14,2014-02-01,Toyota,Toyota Corolla,Sales,3141,2013-14,20
2013-14,2014-03-01,Toyota,Toyota Corolla,Sales,3399,2013-14,20
2013-14,2014-04-01,Toyota,Toyota Corolla,Sales,2648,2013-14,20
2013-14,2014-05-01,Toyota,Toyota Corolla,Sales,2443,2013-14,20
2013-14,2014-06-01,Toyota,Toyota Corolla,Sales,970,2013-14,20
2013-14,2013-07-01,Suzuki,Suzuki Cultus,Production,1069,2013-14,27
2013-14,2013-08-01,Suzuki,Suzuki Cultus,Production,1047,2013-14,27
2013-14,2013-09-01,Suzuki,Suzuki Cultus,Production,1133,2013-14,27
2013-14,2013-10-01,Suzuki,Suzuki Cultus,Production,1378,2013-14,27
2013-14,2013-11-01,Suzuki,Suzuki Cultus,Production,1455,2013-14,27
2013-14,2013-12-01,Suzuki,Suzuki Cultus,Production,1570,2013-14,27
2013-14,2014-01-01,Suzuki,Suzuki Cultus,Production,1215,2013-14,27
2013-14,2014-02-01,Suzuki,Suzuki Cultus,Production,1207,2013-14,27
2013-14,2014-03-01,Suzuki,Suzuki Cultus,Production,1216,2013-14,27
2013-14,2014-04-01,Suzuki,Suzuki Cultus,Production,1235,2013-14,27
2013-14,2014-05-01,Suzuki,Suzuki Cultus,Production,851,2013-14,27
2013-14,2014-06-01,Suzuki,Suzuki Cultus,Production,1091,2013-14,27
2013-14,2013-07-01,Suzuki,Suzuki Cultus,Sales,1225,2013-14,28
2013-14,2013-08-01,Suzuki,Suzuki Cultus,Sales,1018,2013-14,28
2013-14,2013-09-01,Suzuki,Suzuki Cultus,Sales,1108,2013-14,28
2013-14,2013-10-01,Suzuki,Suzuki Cultus,Sales,1258,2013-14,28
2013-14,2013-11-01,Suzuki,Suzuki Cultus,Sales,1262,2013-14,28
2013-14,2013-12-01,Suzuki,Suzuki Cultus,Sales,1384,2013-14,28
2013-14,2014-01-01,Suzuki,Suzuki Cultus,Sales,1456,2013-14,28
2013-14,2014-02-01,Suzuki,Suzuki Cultus,Sales,1346,2013-14,28
2013-14,2014-03-01,Suzuki,Suzuki Cultus,Sales,1018,2013-14,28
2013-14,2014-04-01,Suzuki,Suzuki Cultus,Sales,1446,2013-14,28
2013-14,2014-05-01,Suzuki,Suzuki Cultus,Sales,990,2013-14,28
2013-14,2014-06-01,Suzuki,Suzuki Cultus,Sales,1171,2013-14,28
2013-14,2013-07-01,Suzuki,Suzuki WagonR,Production,0,2013-14,30
2013-14,2013-08-01,Suzuki,Suzuki WagonR,Production,0,2013-14,30
2013-14,2013-09-01,Suzuki,Suzuki WagonR,Production,0,2013-14,30
2013-14,2013-10-01,Suzuki,Suzuki WagonR,Production,10,2013-14,30
2013-14,2013-11-01,Suzuki,Suzuki WagonR,Production,0,2013-14,30
2013-14,2013-12-01,Suzuki,Suzuki WagonR,Production,0,2013-14,30
2013-14,2014-01-01,Suzuki,Suzuki WagonR,Production,0,2013-14,30
2013-14,2014-02-01,Suzuki,Suzuki WagonR,Production,0,2013-14,30
2013-14,2014-03-01,Suzuki,Suzuki WagonR,Production,314,2013-14,30
2013-14,2014-04-01,Suzuki,Suzuki WagonR,Production,414,2013-14,30
2013-14,2014-05-01,Suzuki,Suzuki WagonR,Production,809,2013-14,30
2013-14,2014-06-01,Suzuki,Suzuki WagonR,Production,985,2013-14,30
2013-14,2013-07-01,Suzuki,Suzuki WagonR,Sales,0,2013-14,31
2013-14,2013-08-01,Suzuki,Suzuki WagonR,Sales,0,2013-14,31
2013-14,2013-09-01,Suzuki,Suzuki WagonR,Sales,0,2013-14,31
2013-14,2013-10-01,Suzuki,Suzuki WagonR,Sales,0,2013-14,31
2013-14,2013-11-01,Suzuki,Suzuki WagonR,Sales,0,2013-14,31
2013-14,2013-12-01,Suzuki,Suzuki WagonR,Sales,0,2013-14,31
2013-14,2014-01-01,Suzuki,Suzuki WagonR,Sales,0,2013-14,31
2013-14,2014-02-01,Suzuki,Suzuki WagonR,Sales,0,2013-14,31
2013-14,2014-03-01,Suzuki,Suzuki WagonR,Sales,0,2013-14,31
2013-14,2014-04-01,Suzuki,Suzuki WagonR,Sales,309,2013-14,31
2013-14,2014-05-01,Suzuki,Suzuki WagonR,Sales,528,2013-14,31
2013-14,2014-06-01,Suzuki,Suzuki WagonR,Sales,784,2013-14,31
2013-14,2013-07-01,Hyundai,Hyundai Santro,Production,0,2013-14,33
2013-14,2013-08-01,Hyundai,Hyundai Santro,Production,0,2013-14,33
2013-14,2013-09-01,Hyundai,Hyundai Santro,Production,0,2013-14,33
2013-14,2013-10-01,Hyundai,Hyundai Santro,Production,0,2013-14,33
2013-14,2013-11-01,Hyundai,Hyundai Santro,Production,0,2013-14,33
2013-14,2013-12-01,Hyundai,Hyundai Santro,Production,0,2013-14,33
2013-14,2014-01-01,Hyundai,Hyundai Santro,Production,82,2013-14,33
2013-14,2014-02-01,Hyundai,Hyundai Santro,Production,128,2013-14,33
2013-14,2014-03-01,Hyundai,Hyundai Santro,Production,0,2013-14,33
2013-14,2014-04-01,Hyundai,Hyundai Santro,Production,0,2013-14,33
2013-14,2014-05-01,Hyundai,Hyundai Santro,Production,0,2013-14,33
2013-14,2014-06-01,Hyundai,Hyundai Santro,Production,0,2013-14,33
2013-14,2013-07-01,Hyundai,Hyundai Santro,Sales,0,2013-14,34
2013-14,2013-08-01,Hyundai,Hyundai Santro,Sales,0,2013-14,34
2013-14,2013-09-01,Hyundai,Hyundai Santro,Sales,0,2013-14,34
2013-14,2013-10-01,Hyundai,Hyundai Santro,Sales,0,2013-14,34
2013-14,2013-11-01,Hyundai,Hyundai Santro,Sales,0,2013-14,34
2013-14,2013-12-01,Hyundai,Hyundai Santro,Sales,0,2013-14,34
2013-14,2014-01-01,Hyundai,Hyundai Santro,Sales,18,2013-14,34
2013-14,2014-02-01,Hyundai,Hyundai Santro,Sales,46,2013-14,34
2013-14,2014-03-01,Hyundai,Hyundai Santro,Sales,35,2013-14,34
2013-14,2014-04-01,Hyundai,Hyundai Santro,Sales,19,2013-14,34
2013-14,2014-05-01,Hyundai,Hyundai Santro,Sales,15,2013-14,34
2013-14,2014-06-01,Hyundai,Hyundai Santro,Sales,19,2013-14,34
2013-14,2013-07-01,Suzuki,Suzuki Mehran,Production,2404,2013-14,41
2013-14,2013-08-01,Suzuki,Suzuki Mehran,Production,2010,2013-14,41
2013-14,2013-09-01,Suzuki,Suzuki Mehran,Production,1990,2013-14,41
2013-14,2013-10-01,Suzuki,Suzuki Mehran,Production,2116,2013-14,41
2013-14,2013-11-01,Suzuki,Suzuki Mehran,Production,1813,2013-14,41
2013-14,2013-12-01,Suzuki,Suzuki Mehran,Production,1818,2013-14,41
2013-14,2014-01-01,Suzuki,Suzuki Mehran,Production,2503,2013-14,41
2013-14,2014-02-01,Suzuki,Suzuki Mehran,Production,2734,2013-14,41
2013-14,2014-03-01,Suzuki,Suzuki Mehran,Production,2998,2013-14,41
2013-14,2014-04-01,Suzuki,Suzuki Mehran,Production,3083,2013-14,41
2013-14,2014-05-01,Suzuki,Suzuki Mehran,Production,2367,2013-14,41
2013-14,2014-06-01,Suzuki,Suzuki Mehran,Production,2649,2013-14,41
2013-14,2013-07-01,Suzuki,Suzuki Mehran,Sales,2299,2013-14,42
2013-14,2013-08-01,Suzuki,Suzuki Mehran,Sales,2260,2013-14,42
2013-14,2013-09-01,Suzuki,Suzuki Mehran,Sales,2623,2013-14,42
2013-14,2013-10-01,Suzuki,Suzuki Mehran,Sales,1972,2013-14,42
2013-14,2013-11-01,Suzuki,Suzuki Mehran,Sales,2568,2013-14,42
2013-14,2013-12-01,Suzuki,Suzuki Mehran,Sales,1979,2013-14,42
2013-14,2014-01-01,Suzuki,Suzuki Mehran,Sales,2531,2013-14,42
2013-14,2014-02-01,Suzuki,Suzuki Mehran,Sales,2874,2013-14,42
2013-14,2014-03-01,Suzuki,Suzuki Mehran,Sales,2206,2013-14,42
2013-14,2014-04-01,Suzuki,Suzuki Mehran,Sales,2890,2013-14,42
2013-14,2014-05-01,Suzuki,Suzuki Mehran,Sales,2361,2013-14,42
2013-14,2014-06-01,Suzuki,Suzuki Mehran,Sales,2946,2013-14,42
2013-14,2013-07-01,Suzuki,Suzuki Bolan,Production,988,2013-14,44
2013-14,2013-08-01,Suzuki,Suzuki Bolan,Production,1095,2013-14,44
2013-14,2013-09-01,Suzuki,Suzuki Bolan,Production,1064,2013-14,44
2013-14,2013-10-01,Suzuki,Suzuki Bolan,Production,1148,2013-14,44
2013-14,2013-11-01,Suzuki,Suzuki Bolan,Production,1227,2013-14,44
2013-14,2013-12-01,Suzuki,Suzuki Bolan,Production,1476,2013-14,44
2013-14,2014-01-01,Suzuki,Suzuki Bolan,Production,1020,2013-14,44
2013-14,2014-02-01,Suzuki,Suzuki Bolan,Production,1102,2013-14,44
2013-14,2014-03-01,Suzuki,Suzuki Bolan,Production,1349,2013-14,44
2013-14,2014-04-01,Suzuki,Suzuki Bolan,Production,1220,2013-14,44
2013-14,2014-05-01,Suzuki,Suzuki Bolan,Production,1194,2013-14,44
2013-14,2014-06-01,Suzuki,Suzuki Bolan,Production,1108,2013-14,44
2013-14,2013-07-01,Suzuki,Suzuki Bolan,Sales,989,2013-14,45
2013-14,2013-08-01,Suzuki,Suzuki Bolan,Sales,1085,2013-14,45
2013-14,2013-09-01,Suzuki,Suzuki Bolan,Sales,1093,2013-14,45
2013-14,2013-10-01,Suzuki,Suzuki Bolan,Sales,1082,2013-14,45
2013-14,2013-11-01,Suzuki,Suzuki Bolan,Sales,1003,2013-14,45
2013-14,2013-12-01,Suzuki,Suzuki Bolan,Sales,1306,2013-14,45
2013-14,2014-01-01,Suzuki,Suzuki Bolan,Sales,1252,2013-14,45
2013-14,2014-02-01,Suzuki,Suzuki Bolan,Sales,1156,2013-14,45
2013-14,2014-03-01,Suzuki,Suzuki Bolan,Sales,1297,2013-14,45
2013-14,2014-04-01,Suzuki,Suzuki Bolan,Sales,1152,2013-14,45
2013-14,2014-05-01,Suzuki,Suzuki Bolan,Sales,1452,2013-14,45
2013-14,2014-06-01,Suzuki,Suzuki Bolan,Sales,1221,2013-14,45
2014-15,2014-07-01,Honda,Honda Civic,Production,755,2014-15,7
2014-15,2014-08-01,Honda,Honda Civic,Production,805,2014-15,7
2014-15,2014-09-01,Honda,Honda Civic,Production,661,2014-15,7
2014-15,2014-10-01,Honda,Honda Civic,Production,476,2014-15,7
2014-15,2014-11-01,Honda,Honda Civic,Production,379,2014-15,7
2014-15,2014-12-01,Honda,Honda Civic,Production,292,2014-15,7
2014-15,2015-01-01,Honda,Honda Civic,Production,996,2014-15,7
2014-15,2015-02-01,Honda,Honda Civic,Production,492,2014-15,7
2014-15,2015-03-01,Honda,Honda Civic,Production,906,2014-15,7
2014-15,2015-04-01,Honda,Honda Civic,Production,908,2014-15,7
2014-15,2015-05-01,Honda,Honda Civic,Production,898,2014-15,7
2014-15,2015-06-01,Honda,Honda Civic,Production,773,2014-15,7
2014-15,2014-07-01,Honda,Honda Civic,Sales,631,2014-15,8
2014-15,2014-08-01,Honda,Honda Civic,Sales,587,2014-15,8
2014-15,2014-09-01,Honda,Honda Civic,Sales,671,2014-15,8
2014-15,2014-10-01,Honda,Honda Civic,Sales,622,2014-15,8
2014-15,2014-11-01,Honda,Honda Civic,Sales,342,2014-15,8
2014-15,2014-12-01,Honda,Honda Civic,Sales,173,2014-15,8
2014-15,2015-01-01,Honda,Honda Civic,Sales,1118,2014-15,8
2014-15,2015-02-01,Honda,Honda Civic,Sales,715,2014-15,8
2014-15,2015-03-01,Honda,Honda Civic,Sales,797,2014-15,8
2014-15,2015-04-01,Honda,Honda Civic,Sales,743,2014-15,8
2014-15,2015-05-01,Honda,Honda Civic,Sales,720,2014-15,8
2014-15,2015-06-01,Honda,Honda Civic,Sales,686,2014-15,8
2014-15,2014-07-01,Honda,Honda City,Production,694,2014-15,10
2014-15,2014-08-01,Honda,Honda City,Production,1210,2014-15,10
2014-15,2014-09-01,Honda,Honda City,Production,1311,2014-15,10
2014-15,2014-10-01,Honda,Honda City,Production,1285,2014-15,10
2014-15,2014-11-01,Honda,Honda City,Production,995,2014-15,10
2014-15,2014-12-01,Honda,Honda City,Production,782,2014-15,10
2014-15,2015-01-01,Honda,Honda City,Production,1257,2014-15,10
2014-15,2015-02-01,Honda,Honda City,Production,1564,2014-15,10
2014-15,2015-03-01,Honda,Honda City,Production,1545,2014-15,10
2014-15,2015-04-01,Honda,Honda City,Production,1815,2014-15,10
2014-15,2015-05-01,Honda,Honda City,Production,1800,2014-15,10
2014-15,2015-06-01,Honda,Honda City,Production,1672,2014-15,10
2014-15,2014-07-01,Honda,Honda City,Sales,874,2014-15,11
2014-15,2014-08-01,Honda,Honda City,Sales,1047,2014-15,11
2014-15,2014-09-01,Honda,Honda City,Sales,1077,2014-15,11
2014-15,2014-10-01,Honda,Honda City,Sales,1113,2014-15,11
2014-15,2014-11-01,Honda,Honda City,Sales,924,2014-15,11
2014-15,2014-12-01,Honda,Honda City,Sales,517,2014-15,11
2014-15,2015-01-01,Honda,Honda City,Sales,2103,2014-15,11
2014-15,2015-02-01,Honda,Honda City,Sales,1527,2014-15,11
2014-15,2015-03-01,Honda,Honda City,Sales,1567,2014-15,11
2014-15,2015-04-01,Honda,Honda City,Sales,1633,2014-15,11
2014-15,2015-05-01,Honda,Honda City,Sales,1633,2014-15,11
2014-15,2015-06-01,Honda,Honda City,Sales,1802,2014-15,11
2014-15,2014-07-01,Suzuki,Suzuki Liana,Production,0,2014-15,13
2014-15,2014-08-01,Suzuki,Suzuki Liana,Production,0,2014-15,13
2014-15,2014-09-01,Suzuki,Suzuki Liana,Production,0,2014-15,13
2014-15,2014-10-01,Suzuki,Suzuki Liana,Production,0,2014-15,13
2014-15,2014-11-01,Suzuki,Suzuki Liana,Production,0,2014-15,13
2014-15,2014-12-01,Suzuki,Suzuki Liana,Production,0,2014-15,13
2014-15,2015-01-01,Suzuki,Suzuki Liana,Production,0,2014-15,13
2014-15,2015-02-01,Suzuki,Suzuki Liana,Production,0,2014-15,13
2014-15,2015-03-01,Suzuki,Suzuki Liana,Production,0,2014-15,13
2014-15,2015-04-01,Suzuki,Suzuki Liana,Production,0,2014-15,13
2014-15,2015-05-01,Suzuki,Suzuki Liana,Production,0,2014-15,13
2014-15,2015-06-01,Suzuki,Suzuki Liana,Production,0,2014-15,13
2014-15,2014-07-01,Suzuki,Suzuki Liana,Sales,4,2014-15,14
2014-15,2014-08-01,Suzuki,Suzuki Liana,Sales,4,2014-15,14
2014-15,2014-09-01,Suzuki,Suzuki Liana,Sales,5,2014-15,14
2014-15,2014-10-01,Suzuki,Suzuki Liana,Sales,1,2014-15,14
2014-15,2014-11-01,Suzuki,Suzuki Liana,Sales,5,2014-15,14
2014-15,2014-12-01,Suzuki,Suzuki Liana,Sales,0,2014-15,14
2014-15,2015-01-01,Suzuki,Suzuki Liana,Sales,3,2014-15,14
2014-15,2015-02-01,Suzuki,Suzuki Liana,Sales,0,2014-15,14
2014-15,2015-03-01,Suzuki,Suzuki Liana,Sales,1,2014-15,14
2014-15,2015-04-01,Suzuki,Suzuki Liana,Sales,0,2014-15,14
2014-15,2015-05-01,Suzuki,Suzuki Liana,Sales,0,2014-15,14
2014-15,2015-06-01,Suzuki,Suzuki Liana,Sales,0,2014-15,14
2014-15,2014-07-01,Suzuki,Suzuki Swift,Production,315,2014-15,16
2014-15,2014-08-01,Suzuki,Suzuki Swift,Production,446,2014-15,16
2014-15,2014-09-01,Suzuki,Suzuki Swift,Production,501,2014-15,16
2014-15,2014-10-01,Suzuki,Suzuki Swift,Production,423,2014-15,16
2014-15,2014-11-01,Suzuki,Suzuki Swift,Production,382,2014-15,16
2014-15,2014-12-01,Suzuki,Suzuki Swift,Production,213,2014-15,16
2014-15,2015-01-01,Suzuki,Suzuki Swift,Production,131,2014-15,16
2014-15,2015-02-01,Suzuki,Suzuki Swift,Production,100,2014-15,16
2014-15,2015-03-01,Suzuki,Suzuki Swift,Production,116,2014-15,16
2014-15,2015-04-01,Suzuki,Suzuki Swift,Production,267,2014-15,16
2014-15,2015-05-01,Suzuki,Suzuki Swift,Production,240,2014-15,16
2014-15,2015-06-01,Suzuki,Suzuki Swift,Production,185,2014-15,16
2014-15,2014-07-01,Suzuki,Suzuki Swift,Sales,262,2014-15,17
2014-15,2014-08-01,Suzuki,Suzuki Swift,Sales,355,2014-15,17
2014-15,2014-09-01,Suzuki,Suzuki Swift,Sales,333,2014-15,17
2014-15,2014-10-01,Suzuki,Suzuki Swift,Sales,273,2014-15,17
2014-15,2014-11-01,Suzuki,Suzuki Swift,Sales,237,2014-15,17
2014-15,2014-12-01,Suzuki,Suzuki Swift,Sales,201,2014-15,17
2014-15,2015-01-01,Suzuki,Suzuki Swift,Sales,313,2014-15,17
2014-15,2015-02-01,Suzuki,Suzuki Swift,Sales,314,2014-15,17
2014-15,2015-03-01,Suzuki,Suzuki Swift,Sales,301,2014-15,17
2014-15,2015-04-01,Suzuki,Suzuki Swift,Sales,342,2014-15,17
2014-15,2015-05-01,Suzuki,Suzuki Swift,Sales,289,2014-15,17
2014-15,2015-06-01,Suzuki,Suzuki Swift,Sales,270,2014-15,17
2014-15,2014-07-01,Toyota,Toyota Corolla,Production,1055,2014-15,19
2014-15,2014-08-01,Toyota,Toyota Corolla,Production,3141,2014-15,19
2014-15,2014-09-01,Toyota,Toyota Corolla,Production,4463,2014-15,19
2014-15,2014-10-01,Toyota,Toyota Corolla,Production,4152,2014-15,19
2014-15,2014-11-01,Toyota,Toyota Corolla,Production,4311,2014-15,19
2014-15,2014-12-01,Toyota,Toyota Corolla,Production,3620,2014-15,19
2014-15,2015-01-01,Toyota,Toyota Corolla,Production,6016,2014-15,19
2014-15,2015-02-01,Toyota,Toyota Corolla,Production,4685,2014-15,19
2014-15,2015-03-01,Toyota,Toyota Corolla,Production,4860,2014-15,19
2014-15,2015-04-01,Toyota,Toyota Corolla,Production,5461,2014-15,19
2014-15,2015-05-01,Toyota,Toyota Corolla,Production,5002,2014-15,19
2014-15,2015-06-01,Toyota,Toyota Corolla,Production,4626,2014-15,19
2014-15,2014-07-01,Toyota,Toyota Corolla,Sales,673,2014-15,20
2014-15,2014-08-01,Toyota,Toyota Corolla,Sales,3515,2014-15,20
2014-15,2014-09-01,Toyota,Toyota Corolla,Sales,4358,2014-15,20
2014-15,2014-10-01,Toyota,Toyota Corolla,Sales,4099,2014-15,20
2014-15,2014-11-01,Toyota,Toyota Corolla,Sales,4202,2014-15,20
2014-15,2014-12-01,Toyota,Toyota Corolla,Sales,3882,2014-15,20
2014-15,2015-01-01,Toyota,Toyota Corolla,Sales,5864,2014-15,20
2014-15,2015-02-01,Toyota,Toyota Corolla,Sales,4449,2014-15,20
2014-15,2015-03-01,Toyota,Toyota Corolla,Sales,5196,2014-15,20
2014-15,2015-04-01,Toyota,Toyota Corolla,Sales,5412,2014-15,20
2014-15,2015-05-01,Toyota,Toyota Corolla,Sales,5030,2014-15,20
2014-15,2015-06-01,Toyota,Toyota Corolla,Sales,4718,2014-15,20
2014-15,2014-07-01,Suzuki,Suzuki Cultus,Production,805,2014-15,27
2014-15,2014-08-01,Suzuki,Suzuki Cultus,Production,1289,2014-15,27
2014-15,2014-09-01,Suzuki,Suzuki Cultus,Production,1167,2014-15,27
2014-15,2014-10-01,Suzuki,Suzuki Cultus,Production,1281,2014-15,27
2014-15,2014-11-01,Suzuki,Suzuki Cultus,Production,1189,2014-15,27
2014-15,2014-12-01,Suzuki,Suzuki Cultus,Production,1335,2014-15,27
2014-15,2015-01-01,Suzuki,Suzuki Cultus,Production,1089,2014-15,27
2014-15,2015-02-01,Suzuki,Suzuki Cultus,Production,950,2014-15,27
2014-15,2015-03-01,Suzuki,Suzuki Cultus,Production,1699,2014-15,27
2014-15,2015-04-01,Suzuki,Suzuki Cultus,Production,1021,2014-15,27
2014-15,2015-05-01,Suzuki,Suzuki Cultus,Production,1135,2014-15,27
2014-15,2015-06-01,Suzuki,Suzuki Cultus,Production,1182,2014-15,27
2014-15,2014-07-01,Suzuki,Suzuki Cultus,Sales,807,2014-15,28
2014-15,2014-08-01,Suzuki,Suzuki Cultus,Sales,1257,2014-15,28
2014-15,2014-09-01,Suzuki,Suzuki Cultus,Sales,917,2014-15,28
2014-15,2014-10-01,Suzuki,Suzuki Cultus,Sales,1264,2014-15,28
2014-15,2014-11-01,Suzuki,Suzuki Cultus,Sales,1180,2014-15,28
2014-15,2014-12-01,Suzuki,Suzuki Cultus,Sales,1182,2014-15,28
2014-15,2015-01-01,Suzuki,Suzuki Cultus,Sales,1140,2014-15,28
2014-15,2015-02-01,Suzuki,Suzuki Cultus,Sales,1162,2014-15,28
2014-15,2015-03-01,Suzuki,Suzuki Cultus,Sales,1593,2014-15,28
2014-15,2015-04-01,Suzuki,Suzuki Cultus,Sales,895,2014-15,28
2014-15,2015-05-01,Suzuki,Suzuki Cultus,Sales,1353,2014-15,28
2014-15,2015-06-01,Suzuki,Suzuki Cultus,Sales,1087,2014-15,28
2014-15,2014-07-01,Suzuki,Suzuki WagonR,Production,714,2014-15,30
2014-15,2014-08-01,Suzuki,Suzuki WagonR,Production,579,2014-15,30
2014-15,2014-09-01,Suzuki,Suzuki WagonR,Production,427,2014-15,30
2014-15,2014-10-01,Suzuki,Suzuki WagonR,Production,88,2014-15,30
2014-15,2014-11-01,Suzuki,Suzuki WagonR,Production,17,2014-15,30
2014-15,2014-12-01,Suzuki,Suzuki WagonR,Production,20,2014-15,30
2014-15,2015-01-01,Suzuki,Suzuki WagonR,Production,170,2014-15,30
2014-15,2015-02-01,Suzuki,Suzuki WagonR,Production,503,2014-15,30
2014-15,2015-03-01,Suzuki,Suzuki WagonR,Production,660,2014-15,30
2014-15,2015-04-01,Suzuki,Suzuki WagonR,Production,663,2014-15,30
2014-15,2015-05-01,Suzuki,Suzuki WagonR,Production,646,2014-15,30
2014-15,2015-06-01,Suzuki,Suzuki WagonR,Production,580,2014-15,30
2014-15,2014-07-01,Suzuki,Suzuki WagonR,Sales,364,2014-15,31
2014-15,2014-08-01,Suzuki,Suzuki WagonR,Sales,345,2014-15,31
2014-15,2014-09-01,Suzuki,Suzuki WagonR,Sales,258,2014-15,31
2014-15,2014-10-01,Suzuki,Suzuki WagonR,Sales,321,2014-15,31
2014-15,2014-11-01,Suzuki,Suzuki WagonR,Sales,222,2014-15,31
2014-15,2014-12-01,Suzuki,Suzuki WagonR,Sales,195,2014-15,31
2014-15,2015-01-01,Suzuki,Suzuki WagonR,Sales,475,2014-15,31
2014-15,2015-02-01,Suzuki,Suzuki WagonR,Sales,513,2014-15,31
2014-15,2015-03-01,Suzuki,Suzuki WagonR,Sales,644,2014-15,31
2014-15,2015-04-01,Suzuki,Suzuki WagonR,Sales,690,2014-15,31
2014-15,2015-05-01,Suzuki,Suzuki WagonR,Sales,680,2014-15,31
2014-15,2015-06-01,Suzuki,Suzuki WagonR,Sales,539,2014-15,31
2014-15,2014-07-01,Hyundai,Hyundai Santro,Production,0,2014-15,33
2014-15,2014-08-01,Hyundai,Hyundai Santro,Production,0,2014-15,33
2014-15,2014-09-01,Hyundai,Hyundai Santro,Production,0,2014-15,33
2014-15,2014-10-01,Hyundai,Hyundai Santro,Production,0,2014-15,33
2014-15,2014-11-01,Hyundai,Hyundai Santro,Production,0,2014-15,33
2014-15,2014-12-01,Hyundai,Hyundai Santro,Production,0,2014-15,33
2014-15,2015-01-01,Hyundai,Hyundai Santro,Production,0,2014-15,33
2014-15,2015-02-01,Hyundai,Hyundai Santro,Production,0,2014-15,33
2014-15,2015-03-01,Hyundai,Hyundai Santro,Production,0,2014-15,33
2014-15,2015-04-01,Hyundai,Hyundai Santro,Production,0,2014-15,33
2014-15,2015-05-01,Hyundai,Hyundai Santro,Production,0,2014-15,33
2014-15,2015-06-01,Hyundai,Hyundai Santro,Production,0,2014-15,33
2014-15,2014-07-01,Hyundai,Hyundai Santro,Sales,4,2014-15,34
2014-15,2014-08-01,Hyundai,Hyundai Santro,Sales,10,2014-15,34
2014-15,2014-09-01,Hyundai,Hyundai Santro,Sales,11,2014-15,34
2014-15,2014-10-01,Hyundai,Hyundai Santro,Sales,8,2014-15,34
2014-15,2014-11-01,Hyundai,Hyundai Santro,Sales,5,2014-15,34
2014-15,2014-12-01,Hyundai,Hyundai Santro,Sales,6,2014-15,34
2014-15,2015-01-01,Hyundai,Hyundai Santro,Sales,2,2014-15,34
2014-15,2015-02-01,Hyundai,Hyundai Santro,Sales,1,2014-15,34
2014-15,2015-03-01,Hyundai,Hyundai Santro,Sales,2,2014-15,34
2014-15,2015-04-01,Hyundai,Hyundai Santro,Sales,1,2014-15,34
2014-15,2015-05-01,Hyundai,Hyundai Santro,Sales,0,2014-15,34
2014-15,2015-06-01,Hyundai,Hyundai Santro,Sales,0,2014-15,34
2014-15,2014-07-01,Suzuki,Suzuki Mehran,Production,1882,2014-15,41
2014-15,2014-08-01,Suzuki,Suzuki Mehran,Production,2488,2014-15,41
2014-15,2014-09-01,Suzuki,Suzuki Mehran,Production,2560,2014-15,41
2014-15,2014-10-01,Suzuki,Suzuki Mehran,Production,2191,2014-15,41
2014-15,2014-11-01,Suzuki,Suzuki Mehran,Production,1966,2014-15,41
2014-15,2014-12-01,Suzuki,Suzuki Mehran,Production,2730,2014-15,41
2014-15,2015-01-01,Suzuki,Suzuki Mehran,Production,2582,2014-15,41
2014-15,2015-02-01,Suzuki,Suzuki Mehran,Production,1858,2014-15,41
2014-15,2015-03-01,Suzuki,Suzuki Mehran,Production,3554,2014-15,41
2014-15,2015-04-01,Suzuki,Suzuki Mehran,Production,2876,2014-15,41
2014-15,2015-05-01,Suzuki,Suzuki Mehran,Production,2794,2014-15,41
2014-15,2015-06-01,Suzuki,Suzuki Mehran,Production,2900,2014-15,41
2014-15,2014-07-01,Suzuki,Suzuki Mehran,Sales,1475,2014-15,42
2014-15,2014-08-01,Suzuki,Suzuki Mehran,Sales,2330,2014-15,42
2014-15,2014-09-01,Suzuki,Suzuki Mehran,Sales,2436,2014-15,42
2014-15,2014-10-01,Suzuki,Suzuki Mehran,Sales,2323,2014-15,42
2014-15,2014-11-01,Suzuki,Suzuki Mehran,Sales,2040,2014-15,42
2014-15,2014-12-01,Suzuki,Suzuki Mehran,Sales,2093,2014-15,42
2014-15,2015-01-01,Suzuki,Suzuki Mehran,Sales,3467,2014-15,42
2014-15,2015-02-01,Suzuki,Suzuki Mehran,Sales,2921,2014-15,42
2014-15,2015-03-01,Suzuki,Suzuki Mehran,Sales,3184,2014-15,42
2014-15,2015-04-01,Suzuki,Suzuki Mehran,Sales,2634,2014-15,42
2014-15,2015-05-01,Suzuki,Suzuki Mehran,Sales,2677,2014-15,42
2014-15,2015-06-01,Suzuki,Suzuki Mehran,Sales,2306,2014-15,42
2014-15,2014-07-01,Suzuki,Suzuki Bolan,Production,836,2014-15,44
2014-15,2014-08-01,Suzuki,Suzuki Bolan,Production,1213,2014-15,44
2014-15,2014-09-01,Suzuki,Suzuki Bolan,Production,1374,2014-15,44
2014-15,2014-10-01,Suzuki,Suzuki Bolan,Production,1259,2014-15,44
2014-15,2014-11-01,Suzuki,Suzuki Bolan,Production,1153,2014-15,44
2014-15,2014-12-01,Suzuki,Suzuki Bolan,Production,1260,2014-15,44
2014-15,2015-01-01,Suzuki,Suzuki Bolan,Production,1730,2014-15,44
2014-15,2015-02-01,Suzuki,Suzuki Bolan,Production,1828,2014-15,44
2014-15,2015-03-01,Suzuki,Suzuki Bolan,Production,3486,2014-15,44
2014-15,2015-04-01,Suzuki,Suzuki Bolan,Production,3367,2014-15,44
2014-15,2015-05-01,Suzuki,Suzuki Bolan,Production,3268,2014-15,44
2014-15,2015-06-01,Suzuki,Suzuki Bolan,Production,3178,2014-15,44
2014-15,2014-07-01,Suzuki,Suzuki Bolan,Sales,817,2014-15,45
2014-15,2014-08-01,Suzuki,Suzuki Bolan,Sales,1105,2014-15,45
2014-15,2014-09-01,Suzuki,Suzuki Bolan,Sales,1098,2014-15,45
2014-15,2014-10-01,Suzuki,Suzuki Bolan,Sales,1208,2014-15,45
2014-15,2014-11-01,Suzuki,Suzuki Bolan,Sales,1186,2014-15,45
2014-15,2014-12-01,Suzuki,Suzuki Bolan,Sales,1273,2014-15,45
2014-15,2015-01-01,Suzuki,Suzuki Bolan,Sales,1285,2014-15,45
2014-15,2015-02-01,Suzuki,Suzuki Bolan,Sales,2439,2014-15,45
2014-15,2015-03-01,Suzuki,Suzuki Bolan,Sales,3521,2014-15,45
2014-15,2015-04-01,Suzuki,Suzuki Bolan,Sales,3248,2014-15,45
2014-15,2015-05-01,Suzuki,Suzuki Bolan,Sales,3399,2014-15,45
2014-15,2015-06-01,Suzuki,Suzuki Bolan,Sales,3003,2014-15,45
2015-16,2015-07-01,Honda,Honda Cars (Civic & City),Production,1840,2015-16,7
2015-16,2015-08-01,Honda,Honda Cars (Civic & City),Production,2236,2015-16,7
2015-16,2015-09-01,Honda,Honda Cars (Civic & City),Production,1861,2015-16,7
2015-16,2015-10-01,Honda,Honda Cars (Civic & City),Production,1861,2015-16,7
2015-16,2015-11-01,Honda,Honda Cars (Civic & City),Production,1674,2015-16,7
2015-16,2015-12-01,Honda,Honda Cars (Civic & City),Production,1361,2015-16,7
2015-16,2016-01-01,Honda,Honda Cars (Civic & City),Production,2304,2015-16,7
2015-16,2016-02-01,Honda,Honda Cars (Civic & City),Production,2188,2015-16,7
2015-16,2016-03-01,Honda,Honda Cars (Civic & City),Production,2748,2015-16,7
2015-16,2016-04-01,Honda,Honda Cars (Civic & City),Production,2585,2015-16,7
2015-16,2016-05-01,Honda,Honda Cars (Civic & City),Production,2648,2015-16,7
2015-16,2016-06-01,Honda,Honda Cars (Civic & City),Production,1755,2015-16,7
2015-16,2015-07-01,Honda,Honda Cars (Civic & City),Sales,2181,2015-16,8
2015-16,2015-08-01,Honda,Honda Cars (Civic & City),Sales,2002,2015-16,8
2015-16,2015-09-01,Honda,Honda Cars (Civic & City),Sales,2001,2015-16,8
2015-16,2015-10-01,Honda,Honda Cars (Civic & City),Sales,1875,2015-16,8
2015-16,2015-11-01,Honda,Honda Cars (Civic & City),Sales,1523,2015-16,8
2015-16,2015-12-01,Honda,Honda Cars (Civic & City),Sales,1028,2015-16,8
2015-16,2016-01-01,Honda,Honda Cars (Civic & City),Sales,3015,2015-16,8
2015-16,2016-02-01,Honda,Honda Cars (Civic & City),Sales,2168,2015-16,8
2015-16,2016-03-01,Honda,Honda Cars (Civic & City),Sales,2749,2015-16,8
2015-16,2016-04-01,Honda,Honda Cars (Civic & City),Sales,2751,2015-16,8
2015-16,2016-05-01,Honda,Honda Cars (Civic & City),Sales,2507,2015-16,8
2015-16,2016-06-01,Honda,Honda Cars (Civic & City),Sales,1926,2015-16,8
2015-16,2015-07-01,Suzuki,Suzuki Liana,Production,0,2015-16,10
2015-16,2015-08-01,Suzuki,Suzuki Liana,Production,0,2015-16,10
2015-16,2015-09-01,Suzuki,Suzuki Liana,Production,0,2015-16,10
2015-16,2015-10-01,Suzuki,Suzuki Liana,Production,0,2015-16,10
2015-16,2015-11-01,Suzuki,Suzuki Liana,Production,0,2015-16,10
2015-16,2015-12-01,Suzuki,Suzuki Liana,Production,0,2015-16,10
2015-16,2016-01-01,Suzuki,Suzuki Liana,Production,0,2015-16,10
2015-16,2016-02-01,Suzuki,Suzuki Liana,Production,0,2015-16,10
2015-16,2016-03-01,Suzuki,Suzuki Liana,Production,0,2015-16,10
2015-16,2016-04-01,Suzuki,Suzuki Liana,Production,0,2015-16,10
2015-16,2016-05-01,Suzuki,Suzuki Liana,Production,0,2015-16,10
2015-16,2016-06-01,Suzuki,Suzuki Liana,Production,0,2015-16,10
2015-16,2015-07-01,Suzuki,Suzuki Liana,Sales,0,2015-16,11
2015-16,2015-08-01,Suzuki,Suzuki Liana,Sales,0,2015-16,11
2015-16,2015-09-01,Suzuki,Suzuki Liana,Sales,0,2015-16,11
2015-16,2015-10-01,Suzuki,Suzuki Liana,Sales,0,2015-16,11
2015-16,2015-11-01,Suzuki,Suzuki Liana,Sales,0,2015-16,11
2015-16,2015-12-01,Suzuki,Suzuki Liana,Sales,0,2015-16,11
2015-16,2016-01-01,Suzuki,Suzuki Liana,Sales,0,2015-16,11
2015-16,2016-02-01,Suzuki,Suzuki Liana,Sales,0,2015-16,11
2015-16,2016-03-01,Suzuki,Suzuki Liana,Sales,0,2015-16,11
2015-16,2016-04-01,Suzuki,Suzuki Liana,Sales,0,2015-16,11
2015-16,2016-05-01,Suzuki,Suzuki Liana,Sales,0,2015-16,11
2015-16,2016-06-01,Suzuki,Suzuki Liana,Sales,0,2015-16,11
2015-16,2015-07-01,Suzuki,Suzuki Swift,Production,240,2015-16,13
2015-16,2015-08-01,Suzuki,Suzuki Swift,Production,412,2015-16,13
2015-16,2015-09-01,Suzuki,Suzuki Swift,Production,297,2015-16,13
2015-16,2015-10-01,Suzuki,Suzuki Swift,Production,353,2015-16,13
2015-16,2015-11-01,Suzuki,Suzuki Swift,Production,793,2015-16,13
2015-16,2015-12-01,Suzuki,Suzuki Swift,Production,804,2015-16,13
2015-16,2016-01-01,Suzuki,Suzuki Swift,Production,9,2015-16,13
2015-16,2016-02-01,Suzuki,Suzuki Swift,Production,3,2015-16,13
2015-16,2016-03-01,Suzuki,Suzuki Swift,Production,374,2015-16,13
2015-16,2016-04-01,Suzuki,Suzuki Swift,Production,310,2015-16,13
2015-16,2016-05-01,Suzuki,Suzuki Swift,Production,262,2015-16,13
2015-16,2016-06-01,Suzuki,Suzuki Swift,Production,319,2015-16,13
2015-16,2015-07-01,Suzuki,Suzuki Swift,Sales,310,2015-16,14
2015-16,2015-08-01,Suzuki,Suzuki Swift,Sales,364,2015-16,14
2015-16,2015-09-01,Suzuki,Suzuki Swift,Sales,304,2015-16,14
2015-16,2015-10-01,Suzuki,Suzuki Swift,Sales,320,2015-16,14
2015-16,2015-11-01,Suzuki,Suzuki Swift,Sales,430,2015-16,14
2015-16,2015-12-01,Suzuki,Suzuki Swift,Sales,246,2015-16,14
2015-16,2016-01-01,Suzuki,Suzuki Swift,Sales,344,2015-16,14
2015-16,2016-02-01,Suzuki,Suzuki Swift,Sales,296,2015-16,14
2015-16,2016-03-01,Suzuki,Suzuki Swift,Sales,382,2015-16,14
2015-16,2016-04-01,Suzuki,Suzuki Swift,Sales,329,2015-16,14
2015-16,2016-05-01,Suzuki,Suzuki Swift,Sales,436,2015-16,14
2015-16,2016-06-01,Suzuki,Suzuki Swift,Sales,382,2015-16,14
2015-16,2015-07-01,Toyota,Toyota Corolla,Production,3906,2015-16,16
2015-16,2015-08-01,Toyota,Toyota Corolla,Production,4993,2015-16,16
2015-16,2015-09-01,Toyota,Toyota Corolla,Production,4680,2015-16,16
2015-16,2015-10-01,Toyota,Toyota Corolla,Production,4885,2015-16,16
2015-16,2015-11-01,Toyota,Toyota Corolla,Production,4965,2015-16,16
2015-16,2015-12-01,Toyota,Toyota Corolla,Production,4230,2015-16,16
2015-16,2016-01-01,Toyota,Toyota Corolla,Production,5628,2015-16,16
2015-16,2016-02-01,Toyota,Toyota Corolla,Production,4915,2015-16,16
2015-16,2016-03-01,Toyota,Toyota Corolla,Production,5238,2015-16,16
2015-16,2016-04-01,Toyota,Toyota Corolla,Production,4881,2015-16,16
2015-16,2016-05-01,Toyota,Toyota Corolla,Production,5234,2015-16,16
2015-16,2016-06-01,Toyota,Toyota Corolla,Production,3919,2015-16,16
2015-16,2015-07-01,Toyota,Toyota Corolla,Sales,3868,2015-16,17
2015-16,2015-08-01,Toyota,Toyota Corolla,Sales,4972,2015-16,17
2015-16,2015-09-01,Toyota,Toyota Corolla,Sales,4672,2015-16,17
2015-16,2015-10-01,Toyota,Toyota Corolla,Sales,4912,2015-16,17
2015-16,2015-11-01,Toyota,Toyota Corolla,Sales,4960,2015-16,17
2015-16,2015-12-01,Toyota,Toyota Corolla,Sales,4297,2015-16,17
2015-16,2016-01-01,Toyota,Toyota Corolla,Sales,5544,2015-16,17
2015-16,2016-02-01,Toyota,Toyota Corolla,Sales,4844,2015-16,17
2015-16,2016-03-01,Toyota,Toyota Corolla,Sales,5275,2015-16,17
2015-16,2016-04-01,Toyota,Toyota Corolla,Sales,4859,2015-16,17
2015-16,2016-05-01,Toyota,Toyota Corolla,Sales,5207,2015-16,17
2015-16,2016-06-01,Toyota,Toyota Corolla,Sales,4042,2015-16,17
2015-16,2015-07-01,Suzuki,Suzuki Cultus,Production,1057,2015-16,24
2015-16,2015-08-01,Suzuki,Suzuki Cultus,Production,1529,2015-16,24
2015-16,2015-09-01,Suzuki,Suzuki Cultus,Production,1303,2015-16,24
2015-16,2015-10-01,Suzuki,Suzuki Cultus,Production,1360,2015-16,24
2015-16,2015-11-01,Suzuki,Suzuki Cultus,Production,1529,2015-16,24
2015-16,2015-12-01,Suzuki,Suzuki Cultus,Production,1493,2015-16,24
2015-16,2016-01-01,Suzuki,Suzuki Cultus,Production,1703,2015-16,24
2015-16,2016-02-01,Suzuki,Suzuki Cultus,Production,1132,2015-16,24
2015-16,2016-03-01,Suzuki,Suzuki Cultus,Production,1478,2015-16,24
2015-16,2016-04-01,Suzuki,Suzuki Cultus,Production,1549,2015-16,24
2015-16,2016-05-01,Suzuki,Suzuki Cultus,Production,1396,2015-16,24
2015-16,2016-06-01,Suzuki,Suzuki Cultus,Production,1243,2015-16,24
2015-16,2015-07-01,Suzuki,Suzuki Cultus,Sales,970,2015-16,25
2015-16,2015-08-01,Suzuki,Suzuki Cultus,Sales,1284,2015-16,25
2015-16,2015-09-01,Suzuki,Suzuki Cultus,Sales,1266,2015-16,25
2015-16,2015-10-01,Suzuki,Suzuki Cultus,Sales,1340,2015-16,25
2015-16,2015-11-01,Suzuki,Suzuki Cultus,Sales,1413,2015-16,25
2015-16,2015-12-01,Suzuki,Suzuki Cultus,Sales,1685,2015-16,25
2015-16,2016-01-01,Suzuki,Suzuki Cultus,Sales,1018,2015-16,25
2015-16,2016-02-01,Suzuki,Suzuki Cultus,Sales,1141,2015-16,25
2015-16,2016-03-01,Suzuki,Suzuki Cultus,Sales,1630,2015-16,25
2015-16,2016-04-01,Suzuki,Suzuki Cultus,Sales,1527,2015-16,25
2015-16,2016-05-01,Suzuki,Suzuki Cultus,Sales,1576,2015-16,25
2015-16,2016-06-01,Suzuki,Suzuki Cultus,Sales,1600,2015-16,25
2015-16,2015-07-01,Suzuki,Suzuki WagonR,Production,432,2015-16,27
2015-16,2015-08-01,Suzuki,Suzuki WagonR,Production,626,2015-16,27
2015-16,2015-09-01,Suzuki,Suzuki WagonR,Production,603,2015-16,27
2015-16,2015-10-01,Suzuki,Suzuki WagonR,Production,820,2015-16,27
2015-16,2015-11-01,Suzuki,Suzuki WagonR,Production,772,2015-16,27
2015-16,2015-12-01,Suzuki,Suzuki WagonR,Production,830,2015-16,27
2015-16,2016-01-01,Suzuki,Suzuki WagonR,Production,992,2015-16,27
2015-16,2016-02-01,Suzuki,Suzuki WagonR,Production,569,2015-16,27
2015-16,2016-03-01,Suzuki,Suzuki WagonR,Production,911,2015-16,27
2015-16,2016-04-01,Suzuki,Suzuki WagonR,Production,847,2015-16,27
2015-16,2016-05-01,Suzuki,Suzuki WagonR,Production,1110,2015-16,27
2015-16,2016-06-01,Suzuki,Suzuki WagonR,Production,992,2015-16,27
2015-16,2015-07-01,Suzuki,Suzuki WagonR,Sales,529,2015-16,28
2015-16,2015-08-01,Suzuki,Suzuki WagonR,Sales,655,2015-16,28
2015-16,2015-09-01,Suzuki,Suzuki WagonR,Sales,613,2015-16,28
2015-16,2015-10-01,Suzuki,Suzuki WagonR,Sales,772,2015-16,28
2015-16,2015-11-01,Suzuki,Suzuki WagonR,Sales,793,2015-16,28
2015-16,2015-12-01,Suzuki,Suzuki WagonR,Sales,703,2015-16,28
2015-16,2016-01-01,Suzuki,Suzuki WagonR,Sales,1100,2015-16,28
2015-16,2016-02-01,Suzuki,Suzuki WagonR,Sales,855,2015-16,28
2015-16,2016-03-01,Suzuki,Suzuki WagonR,Sales,837,2015-16,28
2015-16,2016-04-01,Suzuki,Suzuki WagonR,Sales,925,2015-16,28
2015-16,2016-05-01,Suzuki,Suzuki WagonR,Sales,708,2015-16,28
2015-16,2016-06-01,Suzuki,Suzuki WagonR,Sales,1219,2015-16,28
2015-16,2015-07-01,Hyundai,Hyundai Santro,Production,0,2015-16,30
2015-16,2015-08-01,Hyundai,Hyundai Santro,Production,0,2015-16,30
2015-16,2015-09-01,Hyundai,Hyundai Santro,Production,0,2015-16,30
2015-16,2015-10-01,Hyundai,Hyundai Santro,Production,0,2015-16,30
2015-16,2015-11-01,Hyundai,Hyundai Santro,Production,0,2015-16,30
2015-16,2015-12-01,Hyundai,Hyundai Santro,Production,0,2015-16,30
2015-16,2016-01-01,Hyundai,Hyundai Santro,Production,0,2015-16,30
2015-16,2016-02-01,Hyundai,Hyundai Santro,Production,0,2015-16,30
2015-16,2016-03-01,Hyundai,Hyundai Santro,Production,0,2015-16,30
2015-16,2016-04-01,Hyundai,Hyundai Santro,Production,0,2015-16,30
2015-16,2016-05-01,Hyundai,Hyundai Santro,Production,0,2015-16,30
2015-16,2016-06-01,Hyundai,Hyundai Santro,Production,0,2015-16,30
2015-16,2015-07-01,Hyundai,Hyundai Santro,Sales,2,2015-16,31
2015-16,2015-08-01,Hyundai,Hyundai Santro,Sales,0,2015-16,31
2015-16,2015-09-01,Hyundai,Hyundai Santro,Sales,1,2015-16,31
2015-16,2015-10-01,Hyundai,Hyundai Santro,Sales,0,2015-16,31
2015-16,2015-11-01,Hyundai,Hyundai Santro,Sales,0,2015-16,31
2015-16,2015-12-01,Hyundai,Hyundai Santro,Sales,0,2015-16,31
2015-16,2016-01-01,Hyundai,Hyundai Santro,Sales,1,2015-16,31
2015-16,2016-02-01,Hyundai,Hyundai Santro,Sales,0,2015-16,31
2015-16,2016-03-01,Hyundai,Hyundai Santro,Sales,1,2015-16,31
2015-16,2016-04-01,Hyundai,Hyundai Santro,Sales,2,2015-16,31
2015-16,2016-05-01,Hyundai,Hyundai Santro,Sales,0,2015-16,31
2015-16,2016-06-01,Hyundai,Hyundai Santro,Sales,0,2015-16,31
2015-16,2015-07-01,Suzuki,Suzuki Mehran,Production,2750,2015-16,38
2015-16,2015-08-01,Suzuki,Suzuki Mehran,Production,3377,2015-16,38
2015-16,2015-09-01,Suzuki,Suzuki Mehran,Production,3261,2015-16,38
2015-16,2015-10-01,Suzuki,Suzuki Mehran,Production,3099,2015-16,38
2015-16,2015-11-01,Suzuki,Suzuki Mehran,Production,3041,2015-16,38
2015-16,2015-12-01,Suzuki,Suzuki Mehran,Production,3574,2015-16,38
2015-16,2016-01-01,Suzuki,Suzuki Mehran,Production,3644,2015-16,38
2015-16,2016-02-01,Suzuki,Suzuki Mehran,Production,2101,2015-16,38
2015-16,2016-03-01,Suzuki,Suzuki Mehran,Production,3046,2015-16,38
2015-16,2016-04-01,Suzuki,Suzuki Mehran,Production,3492,2015-16,38
2015-16,2016-05-01,Suzuki,Suzuki Mehran,Production,2952,2015-16,38
2015-16,2016-06-01,Suzuki,Suzuki Mehran,Production,2532,2015-16,38
2015-16,2015-07-01,Suzuki,Suzuki Mehran,Sales,2607,2015-16,39
2015-16,2015-08-01,Suzuki,Suzuki Mehran,Sales,3015,2015-16,39
2015-16,2015-09-01,Suzuki,Suzuki Mehran,Sales,2860,2015-16,39
2015-16,2015-10-01,Suzuki,Suzuki Mehran,Sales,3367,2015-16,39
2015-16,2015-11-01,Suzuki,Suzuki Mehran,Sales,3298,2015-16,39
2015-16,2015-12-01,Suzuki,Suzuki Mehran,Sales,2870,2015-16,39
2015-16,2016-01-01,Suzuki,Suzuki Mehran,Sales,4275,2015-16,39
2015-16,2016-02-01,Suzuki,Suzuki Mehran,Sales,3177,2015-16,39
2015-16,2016-03-01,Suzuki,Suzuki Mehran,Sales,2898,2015-16,39
2015-16,2016-04-01,Suzuki,Suzuki Mehran,Sales,3202,2015-16,39
2015-16,2016-05-01,Suzuki,Suzuki Mehran,Sales,3122,2015-16,39
2015-16,2016-06-01,Suzuki,Suzuki Mehran,Sales,2813,2015-16,39
2015-16,2015-07-01,Suzuki,Suzuki Bolan,Production,2769,2015-16,41
2015-16,2015-08-01,Suzuki,Suzuki Bolan,Production,3629,2015-16,41
2015-16,2015-09-01,Suzuki,Suzuki Bolan,Production,3332,2015-16,41
2015-16,2015-10-01,Suzuki,Suzuki Bolan,Production,3237,2015-16,41
2015-16,2015-11-01,Suzuki,Suzuki Bolan,Production,3105,2015-16,41
2015-16,2015-12-01,Suzuki,Suzuki Bolan,Production,3595,2015-16,41
2015-16,2016-01-01,Suzuki,Suzuki Bolan,Production,3053,2015-16,41
2015-16,2016-02-01,Suzuki,Suzuki Bolan,Production,1000,2015-16,41
2015-16,2016-03-01,Suzuki,Suzuki Bolan,Production,1517,2015-16,41
2015-16,2016-04-01,Suzuki,Suzuki Bolan,Production,1800,2015-16,41
2015-16,2016-05-01,Suzuki,Suzuki Bolan,Production,1533,2015-16,41
2015-16,2016-06-01,Suzuki,Suzuki Bolan,Production,1518,2015-16,41
2015-16,2015-07-01,Suzuki,Suzuki Bolan,Sales,2546,2015-16,42
2015-16,2015-08-01,Suzuki,Suzuki Bolan,Sales,3863,2015-16,42
2015-16,2015-09-01,Suzuki,Suzuki Bolan,Sales,3487,2015-16,42
2015-16,2015-10-01,Suzuki,Suzuki Bolan,Sales,3123,2015-16,42
2015-16,2015-11-01,Suzuki,Suzuki Bolan,Sales,3307,2015-16,42
2015-16,2015-12-01,Suzuki,Suzuki Bolan,Sales,3190,2015-16,42
2015-16,2016-01-01,Suzuki,Suzuki Bolan,Sales,2786,2015-16,42
2015-16,2016-02-01,Suzuki,Suzuki Bolan,Sales,1546,2015-16,42
2015-16,2016-03-01,Suzuki,Suzuki Bolan,Sales,1500,2015-16,42
2015-16,2016-04-01,Suzuki,Suzuki Bolan,Sales,1428,2015-16,42
2015-16,2016-05-01,Suzuki,Suzuki Bolan,Sales,1722,2015-16,42
2015-16,2016-06-01,Suzuki,Suzuki Bolan,Sales,1656,2015-16,42
2016-17,2016-07-01,Honda,Honda Cars (Civic & City),Production,1955,2016-17,7
2016-17,2016-08-01,Honda,Honda Cars (Civic & City),Production,3181,2016-17,7
2016-17,2016-09-01,Honda,Honda Cars (Civic & City),Production,2521,2016-17,7
2016-17,2016-10-01,Honda,Honda Cars (Civic & City),Production,2872,2016-17,7
2016-17,2016-11-01,Honda,Honda Cars (Civic & City),Production,3149,2016-17,7
2016-17,2016-12-01,Honda,Honda Cars (Civic & City),Production,2664,2016-17,7
2016-17,2017-01-01,Honda,Honda Cars (Civic & City),Production,3800,2016-17,7
2016-17,2017-02-01,Honda,Honda Cars (Civic & City),Production,3700,2016-17,7
2016-17,2017-03-01,Honda,Honda Cars (Civic & City),Production,3730,2016-17,7
2016-17,2017-04-01,Honda,Honda Cars (Civic & City),Production,3344,2016-17,7
2016-17,2017-05-01,Honda,Honda Cars (Civic & City),Production,3649,2016-17,7
2016-17,2017-06-01,Honda,Honda Cars (Civic & City),Production,1966,2016-17,7
2016-17,2016-07-01,Honda,Honda Cars (Civic & City),Sales,2121,2016-17,8
2016-17,2016-08-01,Honda,Honda Cars (Civic & City),Sales,3174,2016-17,8
2016-17,2016-09-01,Honda,Honda Cars (Civic & City),Sales,2764,2016-17,8
2016-17,2016-10-01,Honda,Honda Cars (Civic & City),Sales,3000,2016-17,8
2016-17,2016-11-01,Honda,Honda Cars (Civic & City),Sales,3096,2016-17,8
2016-17,2016-12-01,Honda,Honda Cars (Civic & City),Sales,2416,2016-17,8
2016-17,2017-01-01,Honda,Honda Cars (Civic & City),Sales,4002,2016-17,8
2016-17,2017-02-01,Honda,Honda Cars (Civic & City),Sales,3752,2016-17,8
2016-17,2017-03-01,Honda,Honda Cars (Civic & City),Sales,3795,2016-17,8
2016-17,2017-04-01,Honda,Honda Cars (Civic & City),Sales,2992,2016-17,8
2016-17,2017-05-01,Honda,Honda Cars (Civic & City),Sales,3784,2016-17,8
2016-17,2017-06-01,Honda,Honda Cars (Civic & City),Sales,2108,2016-17,8
2016-17,2016-07-01,Suzuki,Suzuki Swift,Production,294,2016-17,10
2016-17,2016-08-01,Suzuki,Suzuki Swift,Production,498,2016-17,10
2016-17,2016-09-01,Suzuki,Suzuki Swift,Production,379,2016-17,10
2016-17,2016-10-01,Suzuki,Suzuki Swift,Production,407,2016-17,10
2016-17,2016-11-01,Suzuki,Suzuki Swift,Production,352,2016-17,10
2016-17,2016-12-01,Suzuki,Suzuki Swift,Production,313,2016-17,10
2016-17,2017-01-01,Suzuki,Suzuki Swift,Production,377,2016-17,10
2016-17,2017-02-01,Suzuki,Suzuki Swift,Production,392,2016-17,10
2016-17,2017-03-01,Suzuki,Suzuki Swift,Production,389,2016-17,10
2016-17,2017-04-01,Suzuki,Suzuki Swift,Production,140,2016-17,10
2016-17,2017-05-01,Suzuki,Suzuki Swift,Production,402,2016-17,10
2016-17,2017-06-01,Suzuki,Suzuki Swift,Production,433,2016-17,10
2016-17,2016-07-01,Suzuki,Suzuki Swift,Sales,346,2016-17,11
2016-17,2016-08-01,Suzuki,Suzuki Swift,Sales,343,2016-17,11
2016-17,2016-09-01,Suzuki,Suzuki Swift,Sales,357,2016-17,11
2016-17,2016-10-01,Suzuki,Suzuki Swift,Sales,337,2016-17,11
2016-17,2016-11-01,Suzuki,Suzuki Swift,Sales,406,2016-17,11
2016-17,2016-12-01,Suzuki,Suzuki Swift,Sales,324,2016-17,11
2016-17,2017-01-01,Suzuki,Suzuki Swift,Sales,412,2016-17,11
2016-17,2017-02-01,Suzuki,Suzuki Swift,Sales,348,2016-17,11
2016-17,2017-03-01,Suzuki,Suzuki Swift,Sales,408,2016-17,11
2016-17,2017-04-01,Suzuki,Suzuki Swift,Sales,301,2016-17,11
2016-17,2017-05-01,Suzuki,Suzuki Swift,Sales,289,2016-17,11
2016-17,2017-06-01,Suzuki,Suzuki Swift,Sales,374,2016-17,11
2016-17,2016-07-01,Toyota,Toyota Corolla,Production,3769,2016-17,13
2016-17,2016-08-01,Toyota,Toyota Corolla,Production,4609,2016-17,13
2016-17,2016-09-01,Toyota,Toyota Corolla,Production,4355,2016-17,13
2016-17,2016-10-01,Toyota,Toyota Corolla,Production,4095,2016-17,13
2016-17,2016-11-01,Toyota,Toyota Corolla,Production,5113,2016-17,13
2016-17,2016-12-01,Toyota,Toyota Corolla,Production,4005,2016-17,13
2016-17,2017-01-01,Toyota,Toyota Corolla,Production,4967,2016-17,13
2016-17,2017-02-01,Toyota,Toyota Corolla,Production,4648,2016-17,13
2016-17,2017-03-01,Toyota,Toyota Corolla,Production,5213,2016-17,13
2016-17,2017-04-01,Toyota,Toyota Corolla,Production,4760,2016-17,13
2016-17,2017-05-01,Toyota,Toyota Corolla,Production,4267,2016-17,13
2016-17,2017-06-01,Toyota,Toyota Corolla,Production,3073,2016-17,13
2016-17,2016-07-01,Toyota,Toyota Corolla,Sales,3678,2016-17,14
2016-17,2016-08-01,Toyota,Toyota Corolla,Sales,4572,2016-17,14
2016-17,2016-09-01,Toyota,Toyota Corolla,Sales,4405,2016-17,14
2016-17,2016-10-01,Toyota,Toyota Corolla,Sales,3954,2016-17,14
2016-17,2016-11-01,Toyota,Toyota Corolla,Sales,5019,2016-17,14
2016-17,2016-12-01,Toyota,Toyota Corolla,Sales,4140,2016-17,14
2016-17,2017-01-01,Toyota,Toyota Corolla,Sales,5108,2016-17,14
2016-17,2017-02-01,Toyota,Toyota Corolla,Sales,4625,2016-17,14
2016-17,2017-03-01,Toyota,Toyota Corolla,Sales,5193,2016-17,14
2016-17,2017-04-01,Toyota,Toyota Corolla,Sales,4753,2016-17,14
2016-17,2017-05-01,Toyota,Toyota Corolla,Sales,4220,2016-17,14
2016-17,2017-06-01,Toyota,Toyota Corolla,Sales,3009,2016-17,14
2016-17,2016-07-01,Suzuki,Suzuki Cultus,Production,1205,2016-17,21
2016-17,2016-08-01,Suzuki,Suzuki Cultus,Production,1489,2016-17,21
2016-17,2016-09-01,Suzuki,Suzuki Cultus,Production,1659,2016-17,21
2016-17,2016-10-01,Suzuki,Suzuki Cultus,Production,1522,2016-17,21
2016-17,2016-11-01,Suzuki,Suzuki Cultus,Production,1543,2016-17,21
2016-17,2016-12-01,Suzuki,Suzuki Cultus,Production,1777,2016-17,21
2016-17,2017-01-01,Suzuki,Suzuki Cultus,Production,1926,2016-17,21
2016-17,2017-02-01,Suzuki,Suzuki Cultus,Production,1505,2016-17,21
2016-17,2017-03-01,Suzuki,Suzuki Cultus,Production,710,2016-17,21
2016-17,2017-04-01,Suzuki,Suzuki Cultus,Production,1661,2016-17,21
2016-17,2017-05-01,Suzuki,Suzuki Cultus,Production,1808,2016-17,21
2016-17,2017-06-01,Suzuki,Suzuki Cultus,Production,992,2016-17,21
2016-17,2016-07-01,Suzuki,Suzuki Cultus,Sales,1138,2016-17,22
2016-17,2016-08-01,Suzuki,Suzuki Cultus,Sales,1052,2016-17,22
2016-17,2016-09-01,Suzuki,Suzuki Cultus,Sales,1132,2016-17,22
2016-17,2016-10-01,Suzuki,Suzuki Cultus,Sales,1188,2016-17,22
2016-17,2016-11-01,Suzuki,Suzuki Cultus,Sales,1295,2016-17,22
2016-17,2016-12-01,Suzuki,Suzuki Cultus,Sales,1298,2016-17,22
2016-17,2017-01-01,Suzuki,Suzuki Cultus,Sales,1366,2016-17,22
2016-17,2017-02-01,Suzuki,Suzuki Cultus,Sales,1751,2016-17,22
2016-17,2017-03-01,Suzuki,Suzuki Cultus,Sales,1685,2016-17,22
2016-17,2017-04-01,Suzuki,Suzuki Cultus,Sales,1321,2016-17,22
2016-17,2017-05-01,Suzuki,Suzuki Cultus,Sales,2012,2016-17,22
2016-17,2017-06-01,Suzuki,Suzuki Cultus,Sales,1768,2016-17,22
2016-17,2016-07-01,Suzuki,Suzuki WagonR,Production,1028,2016-17,24
2016-17,2016-08-01,Suzuki,Suzuki WagonR,Production,1327,2016-17,24
2016-17,2016-09-01,Suzuki,Suzuki WagonR,Production,1249,2016-17,24
2016-17,2016-10-01,Suzuki,Suzuki WagonR,Production,1454,2016-17,24
2016-17,2016-11-01,Suzuki,Suzuki WagonR,Production,1361,2016-17,24
2016-17,2016-12-01,Suzuki,Suzuki WagonR,Production,1388,2016-17,24
2016-17,2017-01-01,Suzuki,Suzuki WagonR,Production,1536,2016-17,24
2016-17,2017-02-01,Suzuki,Suzuki WagonR,Production,1788,2016-17,24
2016-17,2017-03-01,Suzuki,Suzuki WagonR,Production,1713,2016-17,24
2016-17,2017-04-01,Suzuki,Suzuki WagonR,Production,1609,2016-17,24
2016-17,2017-05-01,Suzuki,Suzuki WagonR,Production,2128,2016-17,24
2016-17,2017-06-01,Suzuki,Suzuki WagonR,Production,935,2016-17,24
2016-17,2016-07-01,Suzuki,Suzuki WagonR,Sales,1093,2016-17,25
2016-17,2016-08-01,Suzuki,Suzuki WagonR,Sales,1259,2016-17,25
2016-17,2016-09-01,Suzuki,Suzuki WagonR,Sales,1033,2016-17,25
2016-17,2016-10-01,Suzuki,Suzuki WagonR,Sales,1446,2016-17,25
2016-17,2016-11-01,Suzuki,Suzuki WagonR,Sales,1352,2016-17,25
2016-17,2016-12-01,Suzuki,Suzuki WagonR,Sales,1382,2016-17,25
2016-17,2017-01-01,Suzuki,Suzuki WagonR,Sales,1602,2016-17,25
2016-17,2017-02-01,Suzuki,Suzuki WagonR,Sales,1645,2016-17,25
2016-17,2017-03-01,Suzuki,Suzuki WagonR,Sales,1783,2016-17,25
2016-17,2017-04-01,Suzuki,Suzuki WagonR,Sales,1484,2016-17,25
2016-17,2017-05-01,Suzuki,Suzuki WagonR,Sales,1927,2016-17,25
2016-17,2017-06-01,Suzuki,Suzuki WagonR,Sales,1665,2016-17,25
2016-17,2016-07-01,Hyundai,Hyundai Santro,Production,0,2016-17,27
2016-17,2016-08-01,Hyundai,Hyundai Santro,Production,0,2016-17,27
2016-17,2016-09-01,Hyundai,Hyundai Santro,Production,0,2016-17,27
2016-17,2016-10-01,Hyundai,Hyundai Santro,Production,0,2016-17,27
2016-17,2016-11-01,Hyundai,Hyundai Santro,Production,0,2016-17,27
2016-17,2016-12-01,Hyundai,Hyundai Santro,Production,0,2016-17,27
2016-17,2017-01-01,Hyundai,Hyundai Santro,Production,0,2016-17,27
2016-17,2017-02-01,Hyundai,Hyundai Santro,Production,0,2016-17,27
2016-17,2017-03-01,Hyundai,Hyundai Santro,Production,0,2016-17,27
2016-17,2017-04-01,Hyundai,Hyundai Santro,Production,0,2016-17,27
2016-17,2017-05-01,Hyundai,Hyundai Santro,Production,0,2016-17,27
2016-17,2017-06-01,Hyundai,Hyundai Santro,Production,0,2016-17,27
2016-17,2016-07-01,Hyundai,Hyundai Santro,Sales,0,2016-17,28
2016-17,2016-08-01,Hyundai,Hyundai Santro,Sales,0,2016-17,28
2016-17,2016-09-01,Hyundai,Hyundai Santro,Sales,0,2016-17,28
2016-17,2016-10-01,Hyundai,Hyundai Santro,Sales,0,2016-17,28
2016-17,2016-11-01,Hyundai,Hyundai Santro,Sales,0,2016-17,28
2016-17,2016-12-01,Hyundai,Hyundai Santro,Sales,1,2016-17,28
2016-17,2017-01-01,Hyundai,Hyundai Santro,Sales,0,2016-17,28
2016-17,2017-02-01,Hyundai,Hyundai Santro,Sales,0,2016-17,28
2016-17,2017-03-01,Hyundai,Hyundai Santro,Sales,0,2016-17,28
2016-17,2017-04-01,Hyundai,Hyundai Santro,Sales,0,2016-17,28
2016-17,2017-05-01,Hyundai,Hyundai Santro,Sales,0,2016-17,28
2016-17,2017-06-01,Hyundai,Hyundai Santro,Sales,0,2016-17,28
2016-17,2016-07-01,Suzuki,Suzuki Mehran,Production,2759,2016-17,35
2016-17,2016-08-01,Suzuki,Suzuki Mehran,Production,3609,2016-17,35
2016-17,2016-09-01,Suzuki,Suzuki Mehran,Production,2715,2016-17,35
2016-17,2016-10-01,Suzuki,Suzuki Mehran,Production,2975,2016-17,35
2016-17,2016-11-01,Suzuki,Suzuki Mehran,Production,2945,2016-17,35
2016-17,2016-12-01,Suzuki,Suzuki Mehran,Production,3267,2016-17,35
2016-17,2017-01-01,Suzuki,Suzuki Mehran,Production,3404,2016-17,35
2016-17,2017-02-01,Suzuki,Suzuki Mehran,Production,3403,2016-17,35
2016-17,2017-03-01,Suzuki,Suzuki Mehran,Production,4889,2016-17,35
2016-17,2017-04-01,Suzuki,Suzuki Mehran,Production,2963,2016-17,35
2016-17,2017-05-01,Suzuki,Suzuki Mehran,Production,3175,2016-17,35
2016-17,2017-06-01,Suzuki,Suzuki Mehran,Production,2207,2016-17,35
2016-17,2016-07-01,Suzuki,Suzuki Mehran,Sales,2589,2016-17,36
2016-17,2016-08-01,Suzuki,Suzuki Mehran,Sales,3087,2016-17,36
2016-17,2016-09-01,Suzuki,Suzuki Mehran,Sales,2572,2016-17,36
2016-17,2016-10-01,Suzuki,Suzuki Mehran,Sales,3095,2016-17,36
2016-17,2016-11-01,Suzuki,Suzuki Mehran,Sales,3051,2016-17,36
2016-17,2016-12-01,Suzuki,Suzuki Mehran,Sales,2773,2016-17,36
2016-17,2017-01-01,Suzuki,Suzuki Mehran,Sales,3735,2016-17,36
2016-17,2017-02-01,Suzuki,Suzuki Mehran,Sales,3360,2016-17,36
2016-17,2017-03-01,Suzuki,Suzuki Mehran,Sales,3774,2016-17,36
2016-17,2017-04-01,Suzuki,Suzuki Mehran,Sales,3831,2016-17,36
2016-17,2017-05-01,Suzuki,Suzuki Mehran,Sales,3385,2016-17,36
2016-17,2017-06-01,Suzuki,Suzuki Mehran,Sales,2681,2016-17,36
2016-17,2016-07-01,Suzuki,Suzuki Bolan,Production,1481,2016-17,38
2016-17,2016-08-01,Suzuki,Suzuki Bolan,Production,2020,2016-17,38
2016-17,2016-09-01,Suzuki,Suzuki Bolan,Production,1557,2016-17,38
2016-17,2016-10-01,Suzuki,Suzuki Bolan,Production,1987,2016-17,38
2016-17,2016-11-01,Suzuki,Suzuki Bolan,Production,1661,2016-17,38
2016-17,2016-12-01,Suzuki,Suzuki Bolan,Production,1713,2016-17,38
2016-17,2017-01-01,Suzuki,Suzuki Bolan,Production,1620,2016-17,38
2016-17,2017-02-01,Suzuki,Suzuki Bolan,Production,1635,2016-17,38
2016-17,2017-03-01,Suzuki,Suzuki Bolan,Production,1750,2016-17,38
2016-17,2017-04-01,Suzuki,Suzuki Bolan,Production,1384,2016-17,38
2016-17,2017-05-01,Suzuki,Suzuki Bolan,Production,1645,2016-17,38
2016-17,2017-06-01,Suzuki,Suzuki Bolan,Production,1078,2016-17,38
2016-17,2016-07-01,Suzuki,Suzuki Bolan,Sales,1182,2016-17,39
2016-17,2016-08-01,Suzuki,Suzuki Bolan,Sales,1683,2016-17,39
2016-17,2016-09-01,Suzuki,Suzuki Bolan,Sales,1825,2016-17,39
2016-17,2016-10-01,Suzuki,Suzuki Bolan,Sales,1434,2016-17,39
2016-17,2016-11-01,Suzuki,Suzuki Bolan,Sales,1799,2016-17,39
2016-17,2016-12-01,Suzuki,Suzuki Bolan,Sales,1690,2016-17,39
2016-17,2017-01-01,Suzuki,Suzuki Bolan,Sales,2030,2016-17,39
2016-17,2017-02-01,Suzuki,Suzuki Bolan,Sales,1638,2016-17,39
2016-17,2017-03-01,Suzuki,Suzuki Bolan,Sales,1657,2016-17,39
2016-17,2017-04-01,Suzuki,Suzuki Bolan,Sales,1181,2016-17,39
2016-17,2017-05-01,Suzuki,Suzuki Bolan,Sales,1861,2016-17,39
2016-17,2017-06-01,Suzuki,Suzuki Bolan,Sales,1265,2016-17,39
2017-18,2017-07-01,Honda,Honda Cars (Civic & City),Production,3935,2017-18,7
2017-18,2017-08-01,Honda,Honda Cars (Civic & City),Production,3832,2017-18,7
2017-18,2017-09-01,Honda,Honda Cars (Civic & City),Production,2903,2017-18,7
2017-18,2017-10-01,Honda,Honda Cars (Civic & City),Production,3351,2017-18,7
2017-18,2017-11-01,Honda,Honda Cars (Civic & City),Production,3085,2017-18,7
2017-18,2017-12-01,Honda,Honda Cars (Civic & City),Production,2467,2017-18,7
2017-18,2018-01-01,Honda,Honda Cars (Civic & City),Production,4100,2017-18,7
2017-18,2018-02-01,Honda,Honda Cars (Civic & City),Production,3778,2017-18,7
2017-18,2018-03-01,Honda,Honda Cars (Civic & City),Production,4632,2017-18,7
2017-18,2018-04-01,Honda,Honda Cars (Civic & City),Production,3939,2017-18,7
2017-18,2018-05-01,Honda,Honda Cars (Civic & City),Production,3811,2017-18,7
2017-18,2018-06-01,Honda,Honda Cars (Civic & City),Production,2877,2017-18,7
2017-18,2017-07-01,Honda,Honda Cars (Civic & City),Sales,3820,2017-18,8
2017-18,2017-08-01,Honda,Honda Cars (Civic & City),Sales,3945,2017-18,8
2017-18,2017-09-01,Honda,Honda Cars (Civic & City),Sales,2769,2017-18,8
2017-18,2017-10-01,Honda,Honda Cars (Civic & City),Sales,3415,2017-18,8
2017-18,2017-11-01,Honda,Honda Cars (Civic & City),Sales,3208,2017-18,8
2017-18,2017-12-01,Honda,Honda Cars (Civic & City),Sales,2464,2017-18,8
2017-18,2018-01-01,Honda,Honda Cars (Civic & City),Sales,3888,2017-18,8
2017-18,2018-02-01,Honda,Honda Cars (Civic & City),Sales,3900,2017-18,8
2017-18,2018-03-01,Honda,Honda Cars (Civic & City),Sales,4665,2017-18,8
2017-18,2018-04-01,Honda,Honda Cars (Civic & City),Sales,4045,2017-18,8
2017-18,2018-05-01,Honda,Honda Cars (Civic & City),Sales,3750,2017-18,8
2017-18,2018-06-01,Honda,Honda Cars (Civic & City),Sales,2941,2017-18,8
2017-18,2017-07-01,Suzuki,Suzuki Swift,Production,319,2017-18,10
2017-18,2017-08-01,Suzuki,Suzuki Swift,Production,448,2017-18,10
2017-18,2017-09-01,Suzuki,Suzuki Swift,Production,404,2017-18,10
2017-18,2017-10-01,Suzuki,Suzuki Swift,Production,446,2017-18,10
2017-18,2017-11-01,Suzuki,Suzuki Swift,Production,348,2017-18,10
2017-18,2017-12-01,Suzuki,Suzuki Swift,Production,501,2017-18,10
2017-18,2018-01-01,Suzuki,Suzuki Swift,Production,532,2017-18,10
2017-18,2018-02-01,Suzuki,Suzuki Swift,Production,412,2017-18,10
2017-18,2018-03-01,Suzuki,Suzuki Swift,Production,481,2017-18,10
2017-18,2018-04-01,Suzuki,Suzuki Swift,Production,322,2017-18,10
2017-18,2018-05-01,Suzuki,Suzuki Swift,Production,366,2017-18,10
2017-18,2018-06-01,Suzuki,Suzuki Swift,Production,341,2017-18,10
2017-18,2017-07-01,Suzuki,Suzuki Swift,Sales,288,2017-18,11
2017-18,2017-08-01,Suzuki,Suzuki Swift,Sales,434,2017-18,11
2017-18,2017-09-01,Suzuki,Suzuki Swift,Sales,322,2017-18,11
2017-18,2017-10-01,Suzuki,Suzuki Swift,Sales,374,2017-18,11
2017-18,2017-11-01,Suzuki,Suzuki Swift,Sales,342,2017-18,11
2017-18,2017-12-01,Suzuki,Suzuki Swift,Sales,381,2017-18,11
2017-18,2018-01-01,Suzuki,Suzuki Swift,Sales,512,2017-18,11
2017-18,2018-02-01,Suzuki,Suzuki Swift,Sales,479,2017-18,11
2017-18,2018-03-01,Suzuki,Suzuki Swift,Sales,461,2017-18,11
2017-18,2018-04-01,Suzuki,Suzuki Swift,Sales,532,2017-18,11
2017-18,2018-05-01,Suzuki,Suzuki Swift,Sales,439,2017-18,11
2017-18,2018-06-01,Suzuki,Suzuki Swift,Sales,352,2017-18,11
2017-18,2017-07-01,Toyota,Toyota Corolla,Production,4171,2017-18,13
2017-18,2017-08-01,Toyota,Toyota Corolla,Production,4291,2017-18,13
2017-18,2017-09-01,Toyota,Toyota Corolla,Production,4137,2017-18,13
2017-18,2017-10-01,Toyota,Toyota Corolla,Production,4170,2017-18,13
2017-18,2017-11-01,Toyota,Toyota Corolla,Production,4543,2017-18,13
2017-18,2017-12-01,Toyota,Toyota Corolla,Production,3790,2017-18,13
2017-18,2018-01-01,Toyota,Toyota Corolla,Production,4325,2017-18,13
2017-18,2018-02-01,Toyota,Toyota Corolla,Production,3955,2017-18,13
2017-18,2018-03-01,Toyota,Toyota Corolla,Production,4728,2017-18,13
2017-18,2018-04-01,Toyota,Toyota Corolla,Production,4882,2017-18,13
2017-18,2018-05-01,Toyota,Toyota Corolla,Production,4665,2017-18,13
2017-18,2018-06-01,Toyota,Toyota Corolla,Production,3561,2017-18,13
2017-18,2017-07-01,Toyota,Toyota Corolla,Sales,3875,2017-18,14
2017-18,2017-08-01,Toyota,Toyota Corolla,Sales,4782,2017-18,14
2017-18,2017-09-01,Toyota,Toyota Corolla,Sales,4108,2017-18,14
2017-18,2017-10-01,Toyota,Toyota Corolla,Sales,4216,2017-18,14
2017-18,2017-11-01,Toyota,Toyota Corolla,Sales,4537,2017-18,14
2017-18,2017-12-01,Toyota,Toyota Corolla,Sales,3807,2017-18,14
2017-18,2018-01-01,Toyota,Toyota Corolla,Sales,4243,2017-18,14
2017-18,2018-02-01,Toyota,Toyota Corolla,Sales,4034,2017-18,14
2017-18,2018-03-01,Toyota,Toyota Corolla,Sales,4642,2017-18,14
2017-18,2018-04-01,Toyota,Toyota Corolla,Sales,4946,2017-18,14
2017-18,2018-05-01,Toyota,Toyota Corolla,Sales,4676,2017-18,14
2017-18,2018-06-01,Toyota,Toyota Corolla,Sales,3546,2017-18,14
2017-18,2017-07-01,Suzuki,Suzuki Cultus,Production,2044,2017-18,21
2017-18,2017-08-01,Suzuki,Suzuki Cultus,Production,1721,2017-18,21
2017-18,2017-09-01,Suzuki,Suzuki Cultus,Production,1654,2017-18,21
2017-18,2017-10-01,Suzuki,Suzuki Cultus,Production,1728,2017-18,21
2017-18,2017-11-01,Suzuki,Suzuki Cultus,Production,1603,2017-18,21
2017-18,2017-12-01,Suzuki,Suzuki Cultus,Production,1234,2017-18,21
2017-18,2018-01-01,Suzuki,Suzuki Cultus,Production,2002,2017-18,21
2017-18,2018-02-01,Suzuki,Suzuki Cultus,Production,1716,2017-18,21
2017-18,2018-03-01,Suzuki,Suzuki Cultus,Production,1871,2017-18,21
2017-18,2018-04-01,Suzuki,Suzuki Cultus,Production,1510,2017-18,21
2017-18,2018-05-01,Suzuki,Suzuki Cultus,Production,1312,2017-18,21
2017-18,2018-06-01,Suzuki,Suzuki Cultus,Production,1499,2017-18,21
2017-18,2017-07-01,Suzuki,Suzuki Cultus,Sales,1894,2017-18,22
2017-18,2017-08-01,Suzuki,Suzuki Cultus,Sales,1776,2017-18,22
2017-18,2017-09-01,Suzuki,Suzuki Cultus,Sales,1511,2017-18,22
2017-18,2017-10-01,Suzuki,Suzuki Cultus,Sales,1458,2017-18,22
2017-18,2017-11-01,Suzuki,Suzuki Cultus,Sales,1363,2017-18,22
2017-18,2017-12-01,Suzuki,Suzuki Cultus,Sales,1499,2017-18,22
2017-18,2018-01-01,Suzuki,Suzuki Cultus,Sales,2046,2017-18,22
2017-18,2018-02-01,Suzuki,Suzuki Cultus,Sales,2150,2017-18,22
2017-18,2018-03-01,Suzuki,Suzuki Cultus,Sales,1927,2017-18,22
2017-18,2018-04-01,Suzuki,Suzuki Cultus,Sales,2085,2017-18,22
2017-18,2018-05-01,Suzuki,Suzuki Cultus,Sales,1412,2017-18,22
2017-18,2018-06-01,Suzuki,Suzuki Cultus,Sales,1362,2017-18,22
2017-18,2017-07-01,Suzuki,Suzuki WagonR,Production,2380,2017-18,24
2017-18,2017-08-01,Suzuki,Suzuki WagonR,Production,2547,2017-18,24
2017-18,2017-09-01,Suzuki,Suzuki WagonR,Production,2661,2017-18,24
2017-18,2017-10-01,Suzuki,Suzuki WagonR,Production,2980,2017-18,24
2017-18,2017-11-01,Suzuki,Suzuki WagonR,Production,2110,2017-18,24
2017-18,2017-12-01,Suzuki,Suzuki WagonR,Production,2992,2017-18,24
2017-18,2018-01-01,Suzuki,Suzuki WagonR,Production,2550,2017-18,24
2017-18,2018-02-01,Suzuki,Suzuki WagonR,Production,2191,2017-18,24
2017-18,2018-03-01,Suzuki,Suzuki WagonR,Production,2393,2017-18,24
2017-18,2018-04-01,Suzuki,Suzuki WagonR,Production,2510,2017-18,24
2017-18,2018-05-01,Suzuki,Suzuki WagonR,Production,2276,2017-18,24
2017-18,2018-06-01,Suzuki,Suzuki WagonR,Production,2364,2017-18,24
2017-18,2017-07-01,Suzuki,Suzuki WagonR,Sales,1936,2017-18,25
2017-18,2017-08-01,Suzuki,Suzuki WagonR,Sales,2201,2017-18,25
2017-18,2017-09-01,Suzuki,Suzuki WagonR,Sales,1652,2017-18,25
2017-18,2017-10-01,Suzuki,Suzuki WagonR,Sales,3478,2017-18,25
2017-18,2017-11-01,Suzuki,Suzuki WagonR,Sales,2116,2017-18,25
2017-18,2017-12-01,Suzuki,Suzuki WagonR,Sales,2758,2017-18,25
2017-18,2018-01-01,Suzuki,Suzuki WagonR,Sales,2703,2017-18,25
2017-18,2018-02-01,Suzuki,Suzuki WagonR,Sales,2092,2017-18,25
2017-18,2018-03-01,Suzuki,Suzuki WagonR,Sales,1835,2017-18,25
2017-18,2018-04-01,Suzuki,Suzuki WagonR,Sales,3053,2017-18,25
2017-18,2018-05-01,Suzuki,Suzuki WagonR,Sales,2702,2017-18,25
2017-18,2018-06-01,Suzuki,Suzuki WagonR,Sales,2680,2017-18,25
2017-18,2017-07-01,Hyundai,Hyundai Santro,Production,0,2017-18,27
2017-18,2017-08-01,Hyundai,Hyundai Santro,Production,0,2017-18,27
2017-18,2017-09-01,Hyundai,Hyundai Santro,Production,0,2017-18,27
2017-18,2017-10-01,Hyundai,Hyundai Santro,Production,0,2017-18,27
2017-18,2017-11-01,Hyundai,Hyundai Santro,Production,0,2017-18,27
2017-18,2017-12-01,Hyundai,Hyundai Santro,Production,0,2017-18,27
2017-18,2018-01-01,Hyundai,Hyundai Santro,Production,0,2017-18,27
2017-18,2018-02-01,Hyundai,Hyundai Santro,Production,0,2017-18,27
2017-18,2018-03-01,Hyundai,Hyundai Santro,Production,0,2017-18,27
2017-18,2018-04-01,Hyundai,Hyundai Santro,Production,0,2017-18,27
2017-18,2018-05-01,Hyundai,Hyundai Santro,Production,0,2017-18,27
2017-18,2018-06-01,Hyundai,Hyundai Santro,Production,0,2017-18,27
2017-18,2017-07-01,Hyundai,Hyundai Santro,Sales,0,2017-18,28
2017-18,2017-08-01,Hyundai,Hyundai Santro,Sales,0,2017-18,28
2017-18,2017-09-01,Hyundai,Hyundai Santro,Sales,0,2017-18,28
2017-18,2017-10-01,Hyundai,Hyundai Santro,Sales,0,2017-18,28
2017-18,2017-11-01,Hyundai,Hyundai Santro,Sales,0,2017-18,28
2017-18,2017-12-01,Hyundai,Hyundai Santro,Sales,0,2017-18,28
2017-18,2018-01-01,Hyundai,Hyundai Santro,Sales,0,2017-18,28
2017-18,2018-02-01,Hyundai,Hyundai Santro,Sales,0,2017-18,28
2017-18,2018-03-01,Hyundai,Hyundai Santro,Sales,0,2017-18,28
2017-18,2018-04-01,Hyundai,Hyundai Santro,Sales,0,2017-18,28
2017-18,2018-05-01,Hyundai,Hyundai Santro,Sales,0,2017-18,28
2017-18,2018-06-01,Hyundai,Hyundai Santro,Sales,0,2017-18,28
2017-18,2017-07-01,Suzuki,Suzuki Mehran,Production,3983,2017-18,35
2017-18,2017-08-01,Suzuki,Suzuki Mehran,Production,4000,2017-18,35
2017-18,2017-09-01,Suzuki,Suzuki Mehran,Production,3868,2017-18,35
2017-18,2017-10-01,Suzuki,Suzuki Mehran,Production,4105,2017-18,35
2017-18,2017-11-01,Suzuki,Suzuki Mehran,Production,3838,2017-18,35
2017-18,2017-12-01,Suzuki,Suzuki Mehran,Production,3695,2017-18,35
2017-18,2018-01-01,Suzuki,Suzuki Mehran,Production,4822,2017-18,35
2017-18,2018-02-01,Suzuki,Suzuki Mehran,Production,3833,2017-18,35
2017-18,2018-03-01,Suzuki,Suzuki Mehran,Production,4294,2017-18,35
2017-18,2018-04-01,Suzuki,Suzuki Mehran,Production,4235,2017-18,35
2017-18,2018-05-01,Suzuki,Suzuki Mehran,Production,3222,2017-18,35
2017-18,2018-06-01,Suzuki,Suzuki Mehran,Production,3304,2017-18,35
2017-18,2017-07-01,Suzuki,Suzuki Mehran,Sales,2863,2017-18,36
2017-18,2017-08-01,Suzuki,Suzuki Mehran,Sales,3963,2017-18,36
2017-18,2017-09-01,Suzuki,Suzuki Mehran,Sales,3690,2017-18,36
2017-18,2017-10-01,Suzuki,Suzuki Mehran,Sales,4355,2017-18,36
2017-18,2017-11-01,Suzuki,Suzuki Mehran,Sales,3958,2017-18,36
2017-18,2017-12-01,Suzuki,Suzuki Mehran,Sales,3390,2017-18,36
2017-18,2018-01-01,Suzuki,Suzuki Mehran,Sales,4324,2017-18,36
2017-18,2018-02-01,Suzuki,Suzuki Mehran,Sales,4360,2017-18,36
2017-18,2018-03-01,Suzuki,Suzuki Mehran,Sales,3899,2017-18,36
2017-18,2018-04-01,Suzuki,Suzuki Mehran,Sales,4648,2017-18,36
2017-18,2018-05-01,Suzuki,Suzuki Mehran,Sales,3557,2017-18,36
2017-18,2018-06-01,Suzuki,Suzuki Mehran,Sales,3214,2017-18,36
2017-18,2017-07-01,Suzuki,Suzuki Bolan,Production,1849,2017-18,38
2017-18,2017-08-01,Suzuki,Suzuki Bolan,Production,1842,2017-18,38
2017-18,2017-09-01,Suzuki,Suzuki Bolan,Production,1884,2017-18,38
2017-18,2017-10-01,Suzuki,Suzuki Bolan,Production,2113,2017-18,38
2017-18,2017-11-01,Suzuki,Suzuki Bolan,Production,1896,2017-18,38
2017-18,2017-12-01,Suzuki,Suzuki Bolan,Production,1919,2017-18,38
2017-18,2018-01-01,Suzuki,Suzuki Bolan,Production,2103,2017-18,38
2017-18,2018-02-01,Suzuki,Suzuki Bolan,Production,1748,2017-18,38
2017-18,2018-03-01,Suzuki,Suzuki Bolan,Production,1913,2017-18,38
2017-18,2018-04-01,Suzuki,Suzuki Bolan,Production,1828,2017-18,38
2017-18,2018-05-01,Suzuki,Suzuki Bolan,Production,1382,2017-18,38
2017-18,2018-06-01,Suzuki,Suzuki Bolan,Production,1402,2017-18,38
2017-18,2017-07-01,Suzuki,Suzuki Bolan,Sales,1661,2017-18,39
2017-18,2017-08-01,Suzuki,Suzuki Bolan,Sales,1563,2017-18,39
2017-18,2017-09-01,Suzuki,Suzuki Bolan,Sales,1587,2017-18,39
2017-18,2017-10-01,Suzuki,Suzuki Bolan,Sales,2104,2017-18,39
2017-18,2017-11-01,Suzuki,Suzuki Bolan,Sales,1709,2017-18,39
2017-18,2017-12-01,Suzuki,Suzuki Bolan,Sales,1860,2017-18,39
2017-18,2018-01-01,Suzuki,Suzuki Bolan,Sales,2208,2017-18,39
2017-18,2018-02-01,Suzuki,Suzuki Bolan,Sales,2012,2017-18,39
2017-18,2018-03-01,Suzuki,Suzuki Bolan,Sales,1559,2017-18,39
2017-18,2018-04-01,Suzuki,Suzuki Bolan,Sales,2231,2017-18,39
2017-18,2018-05-01,Suzuki,Suzuki Bolan,Sales,1687,2017-18,39
2017-18,2018-06-01,Suzuki,Suzuki Bolan,Sales,1557,2017-18,39
2018-19,2018-07-01,Honda,Honda Cars (Civic & City),Production,4664,2018-19,7
2018-19,2018-08-01,Honda,Honda Cars (Civic & City),Production,3497,2018-19,7
2018-19,2018-09-01,Honda,Honda Cars (Civic & City),Production,4086,2018-19,7
2018-19,2018-10-01,Honda,Honda Cars (Civic & City),Production,4494,2018-19,7
2018-19,2018-11-01,Honda,Honda Cars (Civic & City),Production,3353,2018-19,7
2018-19,2018-12-01,Honda,Honda Cars (Civic & City),Production,1979,2018-19,7
2018-19,2019-01-01,Honda,Honda Cars (Civic & City),Production,3866,2018-19,7
2018-19,2019-02-01,Honda,Honda Cars (Civic & City),Production,2908,2018-19,7
2018-19,2019-03-01,Honda,Honda Cars (Civic & City),Production,3484,2018-19,7
2018-19,2019-04-01,Honda,Honda Cars (Civic & City),Production,3065,2018-19,7
2018-19,2019-05-01,Honda,Honda Cars (Civic & City),Production,2885,2018-19,7
2018-19,2019-06-01,Honda,Honda Cars (Civic & City),Production,2171,2018-19,7
2018-19,2018-07-01,Honda,Honda Cars (Civic & City),Sales,4609,2018-19,8
2018-19,2018-08-01,Honda,Honda Cars (Civic & City),Sales,3469,2018-19,8
2018-19,2018-09-01,Honda,Honda Cars (Civic & City),Sales,4083,2018-19,8
2018-19,2018-10-01,Honda,Honda Cars (Civic & City),Sales,4482,2018-19,8
2018-19,2018-11-01,Honda,Honda Cars (Civic & City),Sales,3152,2018-19,8
2018-19,2018-12-01,Honda,Honda Cars (Civic & City),Sales,1989,2018-19,8
2018-19,2019-01-01,Honda,Honda Cars (Civic & City),Sales,4026,2018-19,8
2018-19,2019-02-01,Honda,Honda Cars (Civic & City),Sales,2950,2018-19,8
2018-19,2019-03-01,Honda,Honda Cars (Civic & City),Sales,3449,2018-19,8
2018-19,2019-04-01,Honda,Honda Cars (Civic & City),Sales,2310,2018-19,8
2018-19,2019-05-01,Honda,Honda Cars (Civic & City),Sales,2564,2018-19,8
2018-19,2019-06-01,Honda,Honda Cars (Civic & City),Sales,2106,2018-19,8
2018-19,2018-07-01,Suzuki,Suzuki Swift,Production,517,2018-19,10
2018-19,2018-08-01,Suzuki,Suzuki Swift,Production,429,2018-19,10
2018-19,2018-09-01,Suzuki,Suzuki Swift,Production,416,2018-19,10
2018-19,2018-10-01,Suzuki,Suzuki Swift,Production,517,2018-19,10
2018-19,2018-11-01,Suzuki,Suzuki Swift,Production,444,2018-19,10
2018-19,2018-12-01,Suzuki,Suzuki Swift,Production,124,2018-19,10
2018-19,2019-01-01,Suzuki,Suzuki Swift,Production,792,2018-19,10
2018-19,2019-02-01,Suzuki,Suzuki Swift,Production,560,2018-19,10
2018-19,2019-03-01,Suzuki,Suzuki Swift,Production,493,2018-19,10
2018-19,2019-04-01,Suzuki,Suzuki Swift,Production,477,2018-19,10
2018-19,2019-05-01,Suzuki,Suzuki Swift,Production,301,2018-19,10
2018-19,2019-06-01,Suzuki,Suzuki Swift,Production,439,2018-19,10
2018-19,2018-07-01,Suzuki,Suzuki Swift,Sales,484,2018-19,11
2018-19,2018-08-01,Suzuki,Suzuki Swift,Sales,355,2018-19,11
2018-19,2018-09-01,Suzuki,Suzuki Swift,Sales,454,2018-19,11
2018-19,2018-10-01,Suzuki,Suzuki Swift,Sales,544,2018-19,11
2018-19,2018-11-01,Suzuki,Suzuki Swift,Sales,317,2018-19,11
2018-19,2018-12-01,Suzuki,Suzuki Swift,Sales,355,2018-19,11
2018-19,2019-01-01,Suzuki,Suzuki Swift,Sales,371,2018-19,11
2018-19,2019-02-01,Suzuki,Suzuki Swift,Sales,344,2018-19,11
2018-19,2019-03-01,Suzuki,Suzuki Swift,Sales,386,2018-19,11
2018-19,2019-04-01,Suzuki,Suzuki Swift,Sales,453,2018-19,11
2018-19,2019-05-01,Suzuki,Suzuki Swift,Sales,425,2018-19,11
2018-19,2019-06-01,Suzuki,Suzuki Swift,Sales,562,2018-19,11
2018-19,2018-07-01,Toyota,Toyota Corolla,Production,4652,2018-19,13
2018-19,2018-08-01,Toyota,Toyota Corolla,Production,4152,2018-19,13
2018-19,2018-09-01,Toyota,Toyota Corolla,Production,4476,2018-19,13
2018-19,2018-10-01,Toyota,Toyota Corolla,Production,5514,2018-19,13
2018-19,2018-11-01,Toyota,Toyota Corolla,Production,5325,2018-19,13
2018-19,2018-12-01,Toyota,Toyota Corolla,Production,3838,2018-19,13
2018-19,2019-01-01,Toyota,Toyota Corolla,Production,5433,2018-19,13
2018-19,2019-02-01,Toyota,Toyota Corolla,Production,4878,2018-19,13
2018-19,2019-03-01,Toyota,Toyota Corolla,Production,4871,2018-19,13
2018-19,2019-04-01,Toyota,Toyota Corolla,Production,5130,2018-19,13
2018-19,2019-05-01,Toyota,Toyota Corolla,Production,4114,2018-19,13
2018-19,2019-06-01,Toyota,Toyota Corolla,Production,4301,2018-19,13
2018-19,2018-07-01,Toyota,Toyota Corolla,Sales,4566,2018-19,14
2018-19,2018-08-01,Toyota,Toyota Corolla,Sales,4204,2018-19,14
2018-19,2018-09-01,Toyota,Toyota Corolla,Sales,4426,2018-19,14
2018-19,2018-10-01,Toyota,Toyota Corolla,Sales,5618,2018-19,14
2018-19,2018-11-01,Toyota,Toyota Corolla,Sales,4957,2018-19,14
2018-19,2018-12-01,Toyota,Toyota Corolla,Sales,4179,2018-19,14
2018-19,2019-01-01,Toyota,Toyota Corolla,Sales,5353,2018-19,14
2018-19,2019-02-01,Toyota,Toyota Corolla,Sales,4945,2018-19,14
2018-19,2019-03-01,Toyota,Toyota Corolla,Sales,4741,2018-19,14
2018-19,2019-04-01,Toyota,Toyota Corolla,Sales,5256,2018-19,14
2018-19,2019-05-01,Toyota,Toyota Corolla,Sales,4069,2018-19,14
2018-19,2019-06-01,Toyota,Toyota Corolla,Sales,4406,2018-19,14
2018-19,2018-07-01,Suzuki,Suzuki Cultus,Production,1786,2018-19,21
2018-19,2018-08-01,Suzuki,Suzuki Cultus,Production,1566,2018-19,21
2018-19,2018-09-01,Suzuki,Suzuki Cultus,Production,1452,2018-19,21
2018-19,2018-10-01,Suzuki,Suzuki Cultus,Production,2614,2018-19,21
2018-19,2018-11-01,Suzuki,Suzuki Cultus,Production,2287,2018-19,21
2018-19,2018-12-01,Suzuki,Suzuki Cultus,Production,1843,2018-19,21
2018-19,2019-01-01,Suzuki,Suzuki Cultus,Production,2362,2018-19,21
2018-19,2019-02-01,Suzuki,Suzuki Cultus,Production,2187,2018-19,21
2018-19,2019-03-01,Suzuki,Suzuki Cultus,Production,2483,2018-19,21
2018-19,2019-04-01,Suzuki,Suzuki Cultus,Production,1737,2018-19,21
2018-19,2019-05-01,Suzuki,Suzuki Cultus,Production,1550,2018-19,21
2018-19,2019-06-01,Suzuki,Suzuki Cultus,Production,1717,2018-19,21
2018-19,2018-07-01,Suzuki,Suzuki Cultus,Sales,1661,2018-19,22
2018-19,2018-08-01,Suzuki,Suzuki Cultus,Sales,1380,2018-19,22
2018-19,2018-09-01,Suzuki,Suzuki Cultus,Sales,1788,2018-19,22
2018-19,2018-10-01,Suzuki,Suzuki Cultus,Sales,2401,2018-19,22
2018-19,2018-11-01,Suzuki,Suzuki Cultus,Sales,1545,2018-19,22
2018-19,2018-12-01,Suzuki,Suzuki Cultus,Sales,1982,2018-19,22
2018-19,2019-01-01,Suzuki,Suzuki Cultus,Sales,2185,2018-19,22
2018-19,2019-02-01,Suzuki,Suzuki Cultus,Sales,1843,2018-19,22
2018-19,2019-03-01,Suzuki,Suzuki Cultus,Sales,2253,2018-19,22
2018-19,2019-04-01,Suzuki,Suzuki Cultus,Sales,2191,2018-19,22
2018-19,2019-05-01,Suzuki,Suzuki Cultus,Sales,2546,2018-19,22
2018-19,2019-06-01,Suzuki,Suzuki Cultus,Sales,988,2018-19,22
2018-19,2018-07-01,Suzuki,Suzuki WagonR,Production,3245,2018-19,24
2018-19,2018-08-01,Suzuki,Suzuki WagonR,Production,2718,2018-19,24
2018-19,2018-09-01,Suzuki,Suzuki WagonR,Production,2748,2018-19,24
2018-19,2018-10-01,Suzuki,Suzuki WagonR,Production,3513,2018-19,24
2018-19,2018-11-01,Suzuki,Suzuki WagonR,Production,3232,2018-19,24
2018-19,2018-12-01,Suzuki,Suzuki WagonR,Production,2104,2018-19,24
2018-19,2019-01-01,Suzuki,Suzuki WagonR,Production,3285,2018-19,24
2018-19,2019-02-01,Suzuki,Suzuki WagonR,Production,2827,2018-19,24
2018-19,2019-03-01,Suzuki,Suzuki WagonR,Production,3375,2018-19,24
2018-19,2019-04-01,Suzuki,Suzuki WagonR,Production,2586,2018-19,24
2018-19,2019-05-01,Suzuki,Suzuki WagonR,Production,1832,2018-19,24
2018-19,2019-06-01,Suzuki,Suzuki WagonR,Production,1711,2018-19,24
2018-19,2018-07-01,Suzuki,Suzuki WagonR,Sales,2772,2018-19,25
2018-19,2018-08-01,Suzuki,Suzuki WagonR,Sales,2450,2018-19,25
2018-19,2018-09-01,Suzuki,Suzuki WagonR,Sales,2667,2018-19,25
2018-19,2018-10-01,Suzuki,Suzuki WagonR,Sales,3339,2018-19,25
2018-19,2018-11-01,Suzuki,Suzuki WagonR,Sales,2113,2018-19,25
2018-19,2018-12-01,Suzuki,Suzuki WagonR,Sales,2740,2018-19,25
2018-19,2019-01-01,Suzuki,Suzuki WagonR,Sales,3100,2018-19,25
2018-19,2019-02-01,Suzuki,Suzuki WagonR,Sales,2419,2018-19,25
2018-19,2019-03-01,Suzuki,Suzuki WagonR,Sales,2982,2018-19,25
2018-19,2019-04-01,Suzuki,Suzuki WagonR,Sales,2641,2018-19,25
2018-19,2019-05-01,Suzuki,Suzuki WagonR,Sales,2765,2018-19,25
2018-19,2019-06-01,Suzuki,Suzuki WagonR,Sales,2626,2018-19,25
2018-19,2018-07-01,Suzuki,Suzuki Mehran,Production,4655,2018-19,32
2018-19,2018-08-01,Suzuki,Suzuki Mehran,Production,3977,2018-19,32
2018-19,2018-09-01,Suzuki,Suzuki Mehran,Production,4222,2018-19,32
2018-19,2018-10-01,Suzuki,Suzuki Mehran,Production,4041,2018-19,32
2018-19,2018-11-01,Suzuki,Suzuki Mehran,Production,3239,2018-19,32
2018-19,2018-12-01,Suzuki,Suzuki Mehran,Production,2164,2018-19,32
2018-19,2019-01-01,Suzuki,Suzuki Mehran,Production,3703,2018-19,32
2018-19,2019-02-01,Suzuki,Suzuki Mehran,Production,2943,2018-19,32
2018-19,2019-03-01,Suzuki,Suzuki Mehran,Production,1705,2018-19,32
2018-19,2019-04-01,Suzuki,Suzuki Mehran,Production,0,2018-19,32
2018-19,2019-05-01,Suzuki,Suzuki Mehran,Production,0,2018-19,32
2018-19,2019-06-01,Suzuki,Suzuki Mehran,Production,0,2018-19,32
2018-19,2018-07-01,Suzuki,Suzuki Mehran,Sales,3437,2018-19,33
2018-19,2018-08-01,Suzuki,Suzuki Mehran,Sales,2318,2018-19,33
2018-19,2018-09-01,Suzuki,Suzuki Mehran,Sales,2320,2018-19,33
2018-19,2018-10-01,Suzuki,Suzuki Mehran,Sales,3324,2018-19,33
2018-19,2018-11-01,Suzuki,Suzuki Mehran,Sales,2199,2018-19,33
2018-19,2018-12-01,Suzuki,Suzuki Mehran,Sales,3228,2018-19,33
2018-19,2019-01-01,Suzuki,Suzuki Mehran,Sales,2709,2018-19,33
2018-19,2019-02-01,Suzuki,Suzuki Mehran,Sales,2925,2018-19,33
2018-19,2019-03-01,Suzuki,Suzuki Mehran,Sales,3942,2018-19,33
2018-19,2019-04-01,Suzuki,Suzuki Mehran,Sales,2738,2018-19,33
2018-19,2019-05-01,Suzuki,Suzuki Mehran,Sales,1789,2018-19,33
2018-19,2019-06-01,Suzuki,Suzuki Mehran,Sales,1052,2018-19,33
2018-19,2018-07-01,Suzuki,Suzuki Bolan,Production,1858,2018-19,35
2018-19,2018-08-01,Suzuki,Suzuki Bolan,Production,1638,2018-19,35
2018-19,2018-09-01,Suzuki,Suzuki Bolan,Production,1434,2018-19,35
2018-19,2018-10-01,Suzuki,Suzuki Bolan,Production,1860,2018-19,35
2018-19,2018-11-01,Suzuki,Suzuki Bolan,Production,1641,2018-19,35
2018-19,2018-12-01,Suzuki,Suzuki Bolan,Production,1180,2018-19,35
2018-19,2019-01-01,Suzuki,Suzuki Bolan,Production,1242,2018-19,35
2018-19,2019-02-01,Suzuki,Suzuki Bolan,Production,1273,2018-19,35
2018-19,2019-03-01,Suzuki,Suzuki Bolan,Production,1954,2018-19,35
2018-19,2019-04-01,Suzuki,Suzuki Bolan,Production,1417,2018-19,35
2018-19,2019-05-01,Suzuki,Suzuki Bolan,Production,1203,2018-19,35
2018-19,2019-06-01,Suzuki,Suzuki Bolan,Production,1029,2018-19,35
2018-19,2018-07-01,Suzuki,Suzuki Bolan,Sales,1346,2018-19,36
2018-19,2018-08-01,Suzuki,Suzuki Bolan,Sales,1213,2018-19,36
2018-19,2018-09-01,Suzuki,Suzuki Bolan,Sales,1219,2018-19,36
2018-19,2018-10-01,Suzuki,Suzuki Bolan,Sales,1634,2018-19,36
2018-19,2018-11-01,Suzuki,Suzuki Bolan,Sales,1051,2018-19,36
2018-19,2018-12-01,Suzuki,Suzuki Bolan,Sales,1668,2018-19,36
2018-19,2019-01-01,Suzuki,Suzuki Bolan,Sales,1609,2018-19,36
2018-19,2019-02-01,Suzuki,Suzuki Bolan,Sales,1645,2018-19,36
2018-19,2019-03-01,Suzuki,Suzuki Bolan,Sales,2144,2018-19,36
2018-19,2019-04-01,Suzuki,Suzuki Bolan,Sales,1487,2018-19,36
2018-19,2019-05-01,Suzuki,Suzuki Bolan,Sales,1270,2018-19,36
2018-19,2019-06-01,Suzuki,Suzuki Bolan,Sales,1342,2018-19,36
2018-19,2018-07-01,Suzuki,Suzuki Alto,Production,0,2018-19,38
2018-19,2018-08-01,Suzuki,Suzuki Alto,Production,0,2018-19,38
2018-19,2018-09-01,Suzuki,Suzuki Alto,Production,0,2018-19,38
2018-19,2018-10-01,Suzuki,Suzuki Alto,Production,0,2018-19,38
2018-19,2018-11-01,Suzuki,Suzuki Alto,Production,0,2018-19,38
2018-19,2018-12-01,Suzuki,Suzuki Alto,Production,0,2018-19,38
2018-19,2019-01-01,Suzuki,Suzuki Alto,Production,0,2018-19,38
2018-19,2019-02-01,Suzuki,Suzuki Alto,Production,0,2018-19,38
2018-19,2019-03-01,Suzuki,Suzuki Alto,Production,0,2018-19,38
2018-19,2019-04-01,Suzuki,Suzuki Alto,Production,0,2018-19,38
2018-19,2019-05-01,Suzuki,Suzuki Alto,Production,0,2018-19,38
2018-19,2019-06-01,Suzuki,Suzuki Alto,Production,1472,2018-19,38
2018-19,2018-07-01,Suzuki,Suzuki Alto,Sales,0,2018-19,39
2018-19,2018-08-01,Suzuki,Suzuki Alto,Sales,0,2018-19,39
2018-19,2018-09-01,Suzuki,Suzuki Alto,Sales,0,2018-19,39
2018-19,2018-10-01,Suzuki,Suzuki Alto,Sales,0,2018-19,39
2018-19,2018-11-01,Suzuki,Suzuki Alto,Sales,0,2018-19,39
2018-19,2018-12-01,Suzuki,Suzuki Alto,Sales,0,2018-19,39
2018-19,2019-01-01,Suzuki,Suzuki Alto,Sales,0,2018-19,39
2018-19,2019-02-01,Suzuki,Suzuki Alto,Sales,0,2018-19,39
2018-19,2019-03-01,Suzuki,Suzuki Alto,Sales,0,2018-19,39
2018-19,2019-04-01,Suzuki,Suzuki Alto,Sales,0,2018-19,39
2018-19,2019-05-01,Suzuki,Suzuki Alto,Sales,0,2018-19,39
2018-19,2019-06-01,Suzuki,Suzuki Alto,Sales,1685,2018-19,39
2019-20,2019-07-01,Honda,Honda Cars (Civic & City),Production,2371,2019-20,7
2019-20,2019-08-01,Honda,Honda Cars (Civic & City),Production,1149,2019-20,7
2019-20,2019-09-01,Honda,Honda Cars (Civic & City),Production,1031,2019-20,7
2019-20,2019-10-01,Honda,Honda Cars (Civic & City),Production,857,2019-20,7
2019-20,2019-11-01,Honda,Honda Cars (Civic & City),Production,477,2019-20,7
2019-20,2019-12-01,Honda,Honda Cars (Civic & City),Production,373,2019-20,7
2019-20,2020-01-01,Honda,Honda Cars (Civic & City),Production,1974,2019-20,7
2019-20,2020-02-01,Honda,Honda Cars (Civic & City),Production,1678,2019-20,7
2019-20,2020-03-01,Honda,Honda Cars (Civic & City),Production,1278,2019-20,7
2019-20,2020-04-01,Honda,Honda Cars (Civic & City),Production,0,2019-20,7
2019-20,2020-05-01,Honda,Honda Cars (Civic & City),Production,71,2019-20,7
2019-20,2020-06-01,Honda,Honda Cars (Civic & City),Production,2012,2019-20,7
2019-20,2019-07-01,Honda,Honda Cars (Civic & City),Sales,1452,2019-20,8
2019-20,2019-08-01,Honda,Honda Cars (Civic & City),Sales,1106,2019-20,8
2019-20,2019-09-01,Honda,Honda Cars (Civic & City),Sales,1368,2019-20,8
2019-20,2019-10-01,Honda,Honda Cars (Civic & City),Sales,1032,2019-20,8
2019-20,2019-11-01,Honda,Honda Cars (Civic & City),Sales,1074,2019-20,8
2019-20,2019-12-01,Honda,Honda Cars (Civic & City),Sales,884,2019-20,8
2019-20,2020-01-01,Honda,Honda Cars (Civic & City),Sales,1878,2019-20,8
2019-20,2020-02-01,Honda,Honda Cars (Civic & City),Sales,1868,2019-20,8
2019-20,2020-03-01,Honda,Honda Cars (Civic & City),Sales,1327,2019-20,8
2019-20,2020-04-01,Honda,Honda Cars (Civic & City),Sales,0,2019-20,8
2019-20,2020-05-01,Honda,Honda Cars (Civic & City),Sales,263,2019-20,8
2019-20,2020-06-01,Honda,Honda Cars (Civic & City),Sales,1839,2019-20,8
2019-20,2019-07-01,Suzuki,Suzuki Swift,Production,384,2019-20,10
2019-20,2019-08-01,Suzuki,Suzuki Swift,Production,89,2019-20,10
2019-20,2019-09-01,Suzuki,Suzuki Swift,Production,73,2019-20,10
2019-20,2019-10-01,Suzuki,Suzuki Swift,Production,108,2019-20,10
2019-20,2019-11-01,Suzuki,Suzuki Swift,Production,105,2019-20,10
2019-20,2019-12-01,Suzuki,Suzuki Swift,Production,152,2019-20,10
2019-20,2020-01-01,Suzuki,Suzuki Swift,Production,86,2019-20,10
2019-20,2020-02-01,Suzuki,Suzuki Swift,Production,97,2019-20,10
2019-20,2020-03-01,Suzuki,Suzuki Swift,Production,198,2019-20,10
2019-20,2020-04-01,Suzuki,Suzuki Swift,Production,0,2019-20,10
2019-20,2020-05-01,Suzuki,Suzuki Swift,Production,0,2019-20,10
2019-20,2020-06-01,Suzuki,Suzuki Swift,Production,19,2019-20,10
2019-20,2019-07-01,Suzuki,Suzuki Swift,Sales,174,2019-20,11
2019-20,2019-08-01,Suzuki,Suzuki Swift,Sales,164,2019-20,11
2019-20,2019-09-01,Suzuki,Suzuki Swift,Sales,186,2019-20,11
2019-20,2019-10-01,Suzuki,Suzuki Swift,Sales,151,2019-20,11
2019-20,2019-11-01,Suzuki,Suzuki Swift,Sales,184,2019-20,11
2019-20,2019-12-01,Suzuki,Suzuki Swift,Sales,277,2019-20,11
2019-20,2020-01-01,Suzuki,Suzuki Swift,Sales,144,2019-20,11
2019-20,2020-02-01,Suzuki,Suzuki Swift,Sales,186,2019-20,11
2019-20,2020-03-01,Suzuki,Suzuki Swift,Sales,82,2019-20,11
2019-20,2020-04-01,Suzuki,Suzuki Swift,Sales,0,2019-20,11
2019-20,2020-05-01,Suzuki,Suzuki Swift,Sales,78,2019-20,11
2019-20,2020-06-01,Suzuki,Suzuki Swift,Sales,202,2019-20,11
2019-20,2019-07-01,Toyota,Toyota Corolla,Production,2827,2019-20,13
2019-20,2019-08-01,Toyota,Toyota Corolla,Production,2481,2019-20,13
2019-20,2019-09-01,Toyota,Toyota Corolla,Production,1376,2019-20,13
2019-20,2019-10-01,Toyota,Toyota Corolla,Production,1600,2019-20,13
2019-20,2019-11-01,Toyota,Toyota Corolla,Production,1806,2019-20,13
2019-20,2019-12-01,Toyota,Toyota Corolla,Production,1715,2019-20,13
2019-20,2020-01-01,Toyota,Toyota Corolla,Production,3451,2019-20,13
2019-20,2020-02-01,Toyota,Toyota Corolla,Production,3764,2019-20,13
2019-20,2020-03-01,Toyota,Toyota Corolla,Production,2220,2019-20,13
2019-20,2020-04-01,Toyota,Toyota Corolla,Production,0,2019-20,13
2019-20,2020-05-01,Toyota,Toyota Corolla,Production,196,2019-20,13
2019-20,2020-06-01,Toyota,Toyota Corolla,Production,744,2019-20,13
2019-20,2019-07-01,Toyota,Toyota Corolla,Sales,1981,2019-20,14
2019-20,2019-08-01,Toyota,Toyota Corolla,Sales,1727,2019-20,14
2019-20,2019-09-01,Toyota,Toyota Corolla,Sales,1795,2019-20,14
2019-20,2019-10-01,Toyota,Toyota Corolla,Sales,1982,2019-20,14
2019-20,2019-11-01,Toyota,Toyota Corolla,Sales,2172,2019-20,14
2019-20,2019-12-01,Toyota,Toyota Corolla,Sales,2085,2019-20,14
2019-20,2020-01-01,Toyota,Toyota Corolla,Sales,3445,2019-20,14
2019-20,2020-02-01,Toyota,Toyota Corolla,Sales,3715,2019-20,14
2019-20,2020-03-01,Toyota,Toyota Corolla,Sales,2089,2019-20,14
2019-20,2020-04-01,Toyota,Toyota Corolla,Sales,0,2019-20,14
2019-20,2020-05-01,Toyota,Toyota Corolla,Sales,294,2019-20,14
2019-20,2020-06-01,Toyota,Toyota Corolla,Sales,855,2019-20,14
2019-20,2019-07-01,Toyota,Toyota Yaris,Production,0,2019-20,16
2019-20,2019-08-01,Toyota,Toyota Yaris,Production,0,2019-20,16
2019-20,2019-09-01,Toyota,Toyota Yaris,Production,0,2019-20,16
2019-20,2019-10-01,Toyota,Toyota Yaris,Production,0,2019-20,16
2019-20,2019-11-01,Toyota,Toyota Yaris,Production,0,2019-20,16
2019-20,2019-12-01,Toyota,Toyota Yaris,Production,0,2019-20,16
2019-20,2020-01-01,Toyota,Toyota Yaris,Production,0,2019-20,16
2019-20,2020-02-01,Toyota,Toyota Yaris,Production,0,2019-20,16
2019-20,2020-03-01,Toyota,Toyota Yaris,Production,0,2019-20,16
2019-20,2020-04-01,Toyota,Toyota Yaris,Production,0,2019-20,16
2019-20,2020-05-01,Toyota,Toyota Yaris,Production,389,2019-20,16
2019-20,2020-06-01,Toyota,Toyota Yaris,Production,1033,2019-20,16
2019-20,2019-07-01,Toyota,Toyota Yaris,Sales,0,2019-20,17
2019-20,2019-08-01,Toyota,Toyota Yaris,Sales,0,2019-20,17
2019-20,2019-09-01,Toyota,Toyota Yaris,Sales,0,2019-20,17
2019-20,2019-10-01,Toyota,Toyota Yaris,Sales,0,2019-20,17
2019-20,2019-11-01,Toyota,Toyota Yaris,Sales,0,2019-20,17
2019-20,2019-12-01,Toyota,Toyota Yaris,Sales,0,2019-20,17
2019-20,2020-01-01,Toyota,Toyota Yaris,Sales,0,2019-20,17
2019-20,2020-02-01,Toyota,Toyota Yaris,Sales,0,2019-20,17
2019-20,2020-03-01,Toyota,Toyota Yaris,Sales,0,2019-20,17
2019-20,2020-04-01,Toyota,Toyota Yaris,Sales,0,2019-20,17
2019-20,2020-05-01,Toyota,Toyota Yaris,Sales,167,2019-20,17
2019-20,2020-06-01,Toyota,Toyota Yaris,Sales,1160,2019-20,17
2019-20,2019-07-01,Suzuki,Suzuki Cultus,Production,2293,2019-20,24
2019-20,2019-08-01,Suzuki,Suzuki Cultus,Production,1007,2019-20,24
2019-20,2019-09-01,Suzuki,Suzuki Cultus,Production,702,2019-20,24
2019-20,2019-10-01,Suzuki,Suzuki Cultus,Production,1192,2019-20,24
2019-20,2019-11-01,Suzuki,Suzuki Cultus,Production,729,2019-20,24
2019-20,2019-12-01,Suzuki,Suzuki Cultus,Production,803,2019-20,24
2019-20,2020-01-01,Suzuki,Suzuki Cultus,Production,1389,2019-20,24
2019-20,2020-02-01,Suzuki,Suzuki Cultus,Production,1107,2019-20,24
2019-20,2020-03-01,Suzuki,Suzuki Cultus,Production,1090,2019-20,24
2019-20,2020-04-01,Suzuki,Suzuki Cultus,Production,0,2019-20,24
2019-20,2020-05-01,Suzuki,Suzuki Cultus,Production,0,2019-20,24
2019-20,2020-06-01,Suzuki,Suzuki Cultus,Production,602,2019-20,24
2019-20,2019-07-01,Suzuki,Suzuki Cultus,Sales,1208,2019-20,25
2019-20,2019-08-01,Suzuki,Suzuki Cultus,Sales,1289,2019-20,25
2019-20,2019-09-01,Suzuki,Suzuki Cultus,Sales,1101,2019-20,25
2019-20,2019-10-01,Suzuki,Suzuki Cultus,Sales,1179,2019-20,25
2019-20,2019-11-01,Suzuki,Suzuki Cultus,Sales,914,2019-20,25
2019-20,2019-12-01,Suzuki,Suzuki Cultus,Sales,918,2019-20,25
2019-20,2020-01-01,Suzuki,Suzuki Cultus,Sales,1701,2019-20,25
2019-20,2020-02-01,Suzuki,Suzuki Cultus,Sales,1535,2019-20,25
2019-20,2020-03-01,Suzuki,Suzuki Cultus,Sales,710,2019-20,25
2019-20,2020-04-01,Suzuki,Suzuki Cultus,Sales,0,2019-20,25
2019-20,2020-05-01,Suzuki,Suzuki Cultus,Sales,922,2019-20,25
2019-20,2020-06-01,Suzuki,Suzuki Cultus,Sales,830,2019-20,25
2019-20,2019-07-01,Suzuki,Suzuki WagonR,Production,2767,2019-20,27
2019-20,2019-08-01,Suzuki,Suzuki WagonR,Production,1526,2019-20,27
2019-20,2019-09-01,Suzuki,Suzuki WagonR,Production,1229,2019-20,27
2019-20,2019-10-01,Suzuki,Suzuki WagonR,Production,543,2019-20,27
2019-20,2019-11-01,Suzuki,Suzuki WagonR,Production,291,2019-20,27
2019-20,2019-12-01,Suzuki,Suzuki WagonR,Production,388,2019-20,27
2019-20,2020-01-01,Suzuki,Suzuki WagonR,Production,145,2019-20,27
2019-20,2020-02-01,Suzuki,Suzuki WagonR,Production,52,2019-20,27
2019-20,2020-03-01,Suzuki,Suzuki WagonR,Production,50,2019-20,27
2019-20,2020-04-01,Suzuki,Suzuki WagonR,Production,0,2019-20,27
2019-20,2020-05-01,Suzuki,Suzuki WagonR,Production,0,2019-20,27
2019-20,2020-06-01,Suzuki,Suzuki WagonR,Production,0,2019-20,27
2019-20,2019-07-01,Suzuki,Suzuki WagonR,Sales,843,2019-20,28
2019-20,2019-08-01,Suzuki,Suzuki WagonR,Sales,645,2019-20,28
2019-20,2019-09-01,Suzuki,Suzuki WagonR,Sales,680,2019-20,28
2019-20,2019-10-01,Suzuki,Suzuki WagonR,Sales,530,2019-20,28
2019-20,2019-11-01,Suzuki,Suzuki WagonR,Sales,641,2019-20,28
2019-20,2019-12-01,Suzuki,Suzuki WagonR,Sales,1207,2019-20,28
2019-20,2020-01-01,Suzuki,Suzuki WagonR,Sales,567,2019-20,28
2019-20,2020-02-01,Suzuki,Suzuki WagonR,Sales,699,2019-20,28
2019-20,2020-03-01,Suzuki,Suzuki WagonR,Sales,310,2019-20,28
2019-20,2020-04-01,Suzuki,Suzuki WagonR,Sales,0,2019-20,28
2019-20,2020-05-01,Suzuki,Suzuki WagonR,Sales,386,2019-20,28
2019-20,2020-06-01,Suzuki,Suzuki WagonR,Sales,476,2019-20,28
2019-20,2019-07-01,Suzuki,Suzuki Mehran,Production,0,2019-20,35
2019-20,2019-08-01,Suzuki,Suzuki Mehran,Production,0,2019-20,35
2019-20,2019-09-01,Suzuki,Suzuki Mehran,Production,0,2019-20,35
2019-20,2019-10-01,Suzuki,Suzuki Mehran,Production,0,2019-20,35
2019-20,2019-11-01,Suzuki,Suzuki Mehran,Production,0,2019-20,35
2019-20,2019-12-01,Suzuki,Suzuki Mehran,Production,0,2019-20,35
2019-20,2020-01-01,Suzuki,Suzuki Mehran,Production,0,2019-20,35
2019-20,2020-02-01,Suzuki,Suzuki Mehran,Production,0,2019-20,35
2019-20,2020-03-01,Suzuki,Suzuki Mehran,Production,0,2019-20,35
2019-20,2020-04-01,Suzuki,Suzuki Mehran,Production,0,2019-20,35
2019-20,2020-05-01,Suzuki,Suzuki Mehran,Production,0,2019-20,35
2019-20,2020-06-01,Suzuki,Suzuki Mehran,Production,0,2019-20,35
2019-20,2019-07-01,Suzuki,Suzuki Mehran,Sales,394,2019-20,36
2019-20,2019-08-01,Suzuki,Suzuki Mehran,Sales,389,2019-20,36
2019-20,2019-09-01,Suzuki,Suzuki Mehran,Sales,466,2019-20,36
2019-20,2019-10-01,Suzuki,Suzuki Mehran,Sales,245,2019-20,36
2019-20,2019-11-01,Suzuki,Suzuki Mehran,Sales,128,2019-20,36
2019-20,2019-12-01,Suzuki,Suzuki Mehran,Sales,75,2019-20,36
2019-20,2020-01-01,Suzuki,Suzuki Mehran,Sales,2,2019-20,36
2019-20,2020-02-01,Suzuki,Suzuki Mehran,Sales,3,2019-20,36
2019-20,2020-03-01,Suzuki,Suzuki Mehran,Sales,0,2019-20,36
2019-20,2020-04-01,Suzuki,Suzuki Mehran,Sales,0,2019-20,36
2019-20,2020-05-01,Suzuki,Suzuki Mehran,Sales,0,2019-20,36
2019-20,2020-06-01,Suzuki,Suzuki Mehran,Sales,1,2019-20,36
2019-20,2019-07-01,Suzuki,Suzuki Bolan,Production,1367,2019-20,38
2019-20,2019-08-01,Suzuki,Suzuki Bolan,Production,965,2019-20,38
2019-20,2019-09-01,Suzuki,Suzuki Bolan,Production,744,2019-20,38
2019-20,2019-10-01,Suzuki,Suzuki Bolan,Production,302,2019-20,38
2019-20,2019-11-01,Suzuki,Suzuki Bolan,Production,123,2019-20,38
2019-20,2019-12-01,Suzuki,Suzuki Bolan,Production,210,2019-20,38
2019-20,2020-01-01,Suzuki,Suzuki Bolan,Production,252,2019-20,38
2019-20,2020-02-01,Suzuki,Suzuki Bolan,Production,94,2019-20,38
2019-20,2020-03-01,Suzuki,Suzuki Bolan,Production,94,2019-20,38
2019-20,2020-04-01,Suzuki,Suzuki Bolan,Production,0,2019-20,38
2019-20,2020-05-01,Suzuki,Suzuki Bolan,Production,0,2019-20,38
2019-20,2020-06-01,Suzuki,Suzuki Bolan,Production,299,2019-20,38
2019-20,2019-07-01,Suzuki,Suzuki Bolan,Sales,332,2019-20,39
2019-20,2019-08-01,Suzuki,Suzuki Bolan,Sales,371,2019-20,39
2019-20,2019-09-01,Suzuki,Suzuki Bolan,Sales,403,2019-20,39
2019-20,2019-10-01,Suzuki,Suzuki Bolan,Sales,399,2019-20,39
2019-20,2019-11-01,Suzuki,Suzuki Bolan,Sales,444,2019-20,39
2019-20,2019-12-01,Suzuki,Suzuki Bolan,Sales,841,2019-20,39
2019-20,2020-01-01,Suzuki,Suzuki Bolan,Sales,564,2019-20,39
2019-20,2020-02-01,Suzuki,Suzuki Bolan,Sales,719,2019-20,39
2019-20,2020-03-01,Suzuki,Suzuki Bolan,Sales,394,2019-20,39
2019-20,2020-04-01,Suzuki,Suzuki Bolan,Sales,0,2019-20,39
2019-20,2020-05-01,Suzuki,Suzuki Bolan,Sales,386,2019-20,39
2019-20,2020-06-01,Suzuki,Suzuki Bolan,Sales,306,2019-20,39
2019-20,2019-07-01,Suzuki,Suzuki Alto,Production,4463,2019-20,41
2019-20,2019-08-01,Suzuki,Suzuki Alto,Production,3419,2019-20,41
2019-20,2019-09-01,Suzuki,Suzuki Alto,Production,3935,2019-20,41
2019-20,2019-10-01,Suzuki,Suzuki Alto,Production,4945,2019-20,41
2019-20,2019-11-01,Suzuki,Suzuki Alto,Production,3213,2019-20,41
2019-20,2019-12-01,Suzuki,Suzuki Alto,Production,4732,2019-20,41
2019-20,2020-01-01,Suzuki,Suzuki Alto,Production,4178,2019-20,41
2019-20,2020-02-01,Suzuki,Suzuki Alto,Production,3067,2019-20,41
2019-20,2020-03-01,Suzuki,Suzuki Alto,Production,1502,2019-20,41
2019-20,2020-04-01,Suzuki,Suzuki Alto,Production,0,2019-20,41
2019-20,2020-05-01,Suzuki,Suzuki Alto,Production,0,2019-20,41
2019-20,2020-06-01,Suzuki,Suzuki Alto,Production,332,2019-20,41
2019-20,2019-07-01,Suzuki,Suzuki Alto,Sales,4584,2019-20,42
2019-20,2019-08-01,Suzuki,Suzuki Alto,Sales,3435,2019-20,42
2019-20,2019-09-01,Suzuki,Suzuki Alto,Sales,4924,2019-20,42
2019-20,2019-10-01,Suzuki,Suzuki Alto,Sales,4048,2019-20,42
2019-20,2019-11-01,Suzuki,Suzuki Alto,Sales,2967,2019-20,42
2019-20,2019-12-01,Suzuki,Suzuki Alto,Sales,3700,2019-20,42
2019-20,2020-01-01,Suzuki,Suzuki Alto,Sales,1794,2019-20,42
2019-20,2020-02-01,Suzuki,Suzuki Alto,Sales,1620,2019-20,42
2019-20,2020-03-01,Suzuki,Suzuki Alto,Sales,884,2019-20,42
2019-20,2020-04-01,Suzuki,Suzuki Alto,Sales,0,2019-20,42
2019-20,2020-05-01,Suzuki,Suzuki Alto,Sales,1304,2019-20,42
2019-20,2020-06-01,Suzuki,Suzuki Alto,Sales,1656,2019-20,42
2020-21,2020-07-01,Honda,Honda Cars (Civic & City),Production,2193,2020-21,7
2020-21,2020-08-01,Honda,Honda Cars (Civic & City),Production,1865,2020-21,7
2020-21,2020-09-01,Honda,Honda Cars (Civic & City),Production,2261,2020-21,7
2020-21,2020-10-01,Honda,Honda Cars (Civic & City),Production,1719,2020-21,7
2020-21,2020-11-01,Honda,Honda Cars (Civic & City),Production,2189,2020-21,7
2020-21,2020-12-01,Honda,Honda Cars (Civic & City),Production,1470,2020-21,7
2020-21,2021-01-01,Honda,Honda Cars (Civic & City),Production,1977,2020-21,7
2020-21,2021-02-01,Honda,Honda Cars (Civic & City),Production,2208,2020-21,7
2020-21,2021-03-01,Honda,Honda Cars (Civic & City),Production,2573,2020-21,7
2020-21,2021-04-01,Honda,Honda Cars (Civic & City),Production,2091,2020-21,7
2020-21,2021-05-01,Honda,Honda Cars (Civic & City),Production,1555,2020-21,7
2020-21,2021-06-01,Honda,Honda Cars (Civic & City),Production,2980,2020-21,7
2020-21,2020-07-01,Honda,Honda Cars (Civic & City),Sales,2210,2020-21,8
2020-21,2020-08-01,Honda,Honda Cars (Civic & City),Sales,1980,2020-21,8
2020-21,2020-09-01,Honda,Honda Cars (Civic & City),Sales,2293,2020-21,8
2020-21,2020-10-01,Honda,Honda Cars (Civic & City),Sales,1858,2020-21,8
2020-21,2020-11-01,Honda,Honda Cars (Civic & City),Sales,2088,2020-21,8
2020-21,2020-12-01,Honda,Honda Cars (Civic & City),Sales,1529,2020-21,8
2020-21,2021-01-01,Honda,Honda Cars (Civic & City),Sales,2063,2020-21,8
2020-21,2021-02-01,Honda,Honda Cars (Civic & City),Sales,2192,2020-21,8
2020-21,2021-03-01,Honda,Honda Cars (Civic & City),Sales,2603,2020-21,8
2020-21,2021-04-01,Honda,Honda Cars (Civic & City),Sales,2053,2020-21,8
2020-21,2021-05-01,Honda,Honda Cars (Civic & City),Sales,1581,2020-21,8
2020-21,2021-06-01,Honda,Honda Cars (Civic & City),Sales,2826,2020-21,8
2020-21,2020-07-01,Suzuki,Suzuki Swift,Production,61,2020-21,10
2020-21,2020-08-01,Suzuki,Suzuki Swift,Production,104,2020-21,10
2020-21,2020-09-01,Suzuki,Suzuki Swift,Production,421,2020-21,10
2020-21,2020-10-01,Suzuki,Suzuki Swift,Production,81,2020-21,10
2020-21,2020-11-01,Suzuki,Suzuki Swift,Production,45,2020-21,10
2020-21,2020-12-01,Suzuki,Suzuki Swift,Production,0,2020-21,10
2020-21,2021-01-01,Suzuki,Suzuki Swift,Production,503,2020-21,10
2020-21,2021-02-01,Suzuki,Suzuki Swift,Production,144,2020-21,10
2020-21,2021-03-01,Suzuki,Suzuki Swift,Production,456,2020-21,10
2020-21,2021-04-01,Suzuki,Suzuki Swift,Production,0,2020-21,10
2020-21,2021-05-01,Suzuki,Suzuki Swift,Production,0,2020-21,10
2020-21,2021-06-01,Suzuki,Suzuki Swift,Production,296,2020-21,10
2020-21,2020-07-01,Suzuki,Suzuki Swift,Sales,182,2020-21,11
2020-21,2020-08-01,Suzuki,Suzuki Swift,Sales,196,2020-21,11
2020-21,2020-09-01,Suzuki,Suzuki Swift,Sales,252,2020-21,11
2020-21,2020-10-01,Suzuki,Suzuki Swift,Sales,180,2020-21,11
2020-21,2020-11-01,Suzuki,Suzuki Swift,Sales,114,2020-21,11
2020-21,2020-12-01,Suzuki,Suzuki Swift,Sales,74,2020-21,11
2020-21,2021-01-01,Suzuki,Suzuki Swift,Sales,364,2020-21,11
2020-21,2021-02-01,Suzuki,Suzuki Swift,Sales,179,2020-21,11
2020-21,2021-03-01,Suzuki,Suzuki Swift,Sales,355,2020-21,11
2020-21,2021-04-01,Suzuki,Suzuki Swift,Sales,181,2020-21,11
2020-21,2021-05-01,Suzuki,Suzuki Swift,Sales,31,2020-21,11
2020-21,2021-06-01,Suzuki,Suzuki Swift,Sales,208,2020-21,11
2020-21,2020-07-01,Toyota,Toyota Corolla,Production,1561,2020-21,13
2020-21,2020-08-01,Toyota,Toyota Corolla,Production,836,2020-21,13
2020-21,2020-09-01,Toyota,Toyota Corolla,Production,1203,2020-21,13
2020-21,2020-10-01,Toyota,Toyota Corolla,Production,1307,2020-21,13
2020-21,2020-11-01,Toyota,Toyota Corolla,Production,1704,2020-21,13
2020-21,2020-12-01,Toyota,Toyota Corolla,Production,1829,2020-21,13
2020-21,2021-01-01,Toyota,Toyota Corolla,Production,1510,2020-21,13
2020-21,2021-02-01,Toyota,Toyota Corolla,Production,1159,2020-21,13
2020-21,2021-03-01,Toyota,Toyota Corolla,Production,2150,2020-21,13
2020-21,2021-04-01,Toyota,Toyota Corolla,Production,1687,2020-21,13
2020-21,2021-05-01,Toyota,Toyota Corolla,Production,1527,2020-21,13
2020-21,2021-06-01,Toyota,Toyota Corolla,Production,2079,2020-21,13
2020-21,2020-07-01,Toyota,Toyota Corolla,Sales,1528,2020-21,14
2020-21,2020-08-01,Toyota,Toyota Corolla,Sales,867,2020-21,14
2020-21,2020-09-01,Toyota,Toyota Corolla,Sales,1219,2020-21,14
2020-21,2020-10-01,Toyota,Toyota Corolla,Sales,1314,2020-21,14
2020-21,2020-11-01,Toyota,Toyota Corolla,Sales,1704,2020-21,14
2020-21,2020-12-01,Toyota,Toyota Corolla,Sales,1795,2020-21,14
2020-21,2021-01-01,Toyota,Toyota Corolla,Sales,1525,2020-21,14
2020-21,2021-02-01,Toyota,Toyota Corolla,Sales,1177,2020-21,14
2020-21,2021-03-01,Toyota,Toyota Corolla,Sales,2126,2020-21,14
2020-21,2021-04-01,Toyota,Toyota Corolla,Sales,1724,2020-21,14
2020-21,2021-05-01,Toyota,Toyota Corolla,Sales,1514,2020-21,14
2020-21,2021-06-01,Toyota,Toyota Corolla,Sales,1862,2020-21,14
2020-21,2020-07-01,Toyota,Toyota Yaris,Production,1879,2020-21,16
2020-21,2020-08-01,Toyota,Toyota Yaris,Production,1640,2020-21,16
2020-21,2020-09-01,Toyota,Toyota Yaris,Production,2426,2020-21,16
2020-21,2020-10-01,Toyota,Toyota Yaris,Production,3061,2020-21,16
2020-21,2020-11-01,Toyota,Toyota Yaris,Production,2308,2020-21,16
2020-21,2020-12-01,Toyota,Toyota Yaris,Production,1440,2020-21,16
2020-21,2021-01-01,Toyota,Toyota Yaris,Production,3005,2020-21,16
2020-21,2021-02-01,Toyota,Toyota Yaris,Production,2551,2020-21,16
2020-21,2021-03-01,Toyota,Toyota Yaris,Production,3353,2020-21,16
2020-21,2021-04-01,Toyota,Toyota Yaris,Production,2603,2020-21,16
2020-21,2021-05-01,Toyota,Toyota Yaris,Production,2145,2020-21,16
2020-21,2021-06-01,Toyota,Toyota Yaris,Production,2716,2020-21,16
2020-21,2020-07-01,Toyota,Toyota Yaris,Sales,1883,2020-21,17
2020-21,2020-08-01,Toyota,Toyota Yaris,Sales,1705,2020-21,17
2020-21,2020-09-01,Toyota,Toyota Yaris,Sales,2421,2020-21,17
2020-21,2020-10-01,Toyota,Toyota Yaris,Sales,3058,2020-21,17
2020-21,2020-11-01,Toyota,Toyota Yaris,Sales,2338,2020-21,17
2020-21,2020-12-01,Toyota,Toyota Yaris,Sales,1440,2020-21,17
2020-21,2021-01-01,Toyota,Toyota Yaris,Sales,2992,2020-21,17
2020-21,2021-02-01,Toyota,Toyota Yaris,Sales,2566,2020-21,17
2020-21,2021-03-01,Toyota,Toyota Yaris,Sales,3317,2020-21,17
2020-21,2021-04-01,Toyota,Toyota Yaris,Sales,2600,2020-21,17
2020-21,2021-05-01,Toyota,Toyota Yaris,Sales,2099,2020-21,17
2020-21,2021-06-01,Toyota,Toyota Yaris,Sales,1876,2020-21,17
2020-21,2020-07-01,Hyundai,Hyundai Elantra,Production,0,2020-21,19
2020-21,2020-08-01,Hyundai,Hyundai Elantra,Production,0,2020-21,19
2020-21,2020-09-01,Hyundai,Hyundai Elantra,Production,0,2020-21,19
2020-21,2020-10-01,Hyundai,Hyundai Elantra,Production,0,2020-21,19
2020-21,2020-11-01,Hyundai,Hyundai Elantra,Production,0,2020-21,19
2020-21,2020-12-01,Hyundai,Hyundai Elantra,Production,0,2020-21,19
2020-21,2021-01-01,Hyundai,Hyundai Elantra,Production,0,2020-21,19
2020-21,2021-02-01,Hyundai,Hyundai Elantra,Production,0,2020-21,19
2020-21,2021-03-01,Hyundai,Hyundai Elantra,Production,248,2020-21,19
2020-21,2021-04-01,Hyundai,Hyundai Elantra,Production,203,2020-21,19
2020-21,2021-05-01,Hyundai,Hyundai Elantra,Production,279,2020-21,19
2020-21,2021-06-01,Hyundai,Hyundai Elantra,Production,341,2020-21,19
2020-21,2020-07-01,Hyundai,Hyundai Elantra,Sales,0,2020-21,20
2020-21,2020-08-01,Hyundai,Hyundai Elantra,Sales,0,2020-21,20
2020-21,2020-09-01,Hyundai,Hyundai Elantra,Sales,0,2020-21,20
2020-21,2020-10-01,Hyundai,Hyundai Elantra,Sales,0,2020-21,20
2020-21,2020-11-01,Hyundai,Hyundai Elantra,Sales,0,2020-21,20
2020-21,2020-12-01,Hyundai,Hyundai Elantra,Sales,0,2020-21,20
2020-21,2021-01-01,Hyundai,Hyundai Elantra,Sales,0,2020-21,20
2020-21,2021-02-01,Hyundai,Hyundai Elantra,Sales,0,2020-21,20
2020-21,2021-03-01,Hyundai,Hyundai Elantra,Sales,46,2020-21,20
2020-21,2021-04-01,Hyundai,Hyundai Elantra,Sales,280,2020-21,20
2020-21,2021-05-01,Hyundai,Hyundai Elantra,Sales,259,2020-21,20
2020-21,2021-06-01,Hyundai,Hyundai Elantra,Sales,270,2020-21,20
2020-21,2020-07-01,Suzuki,Suzuki Cultus,Production,1428,2020-21,27
2020-21,2020-08-01,Suzuki,Suzuki Cultus,Production,960,2020-21,27
2020-21,2020-09-01,Suzuki,Suzuki Cultus,Production,863,2020-21,27
2020-21,2020-10-01,Suzuki,Suzuki Cultus,Production,590,2020-21,27
2020-21,2020-11-01,Suzuki,Suzuki Cultus,Production,1753,2020-21,27
2020-21,2020-12-01,Suzuki,Suzuki Cultus,Production,1988,2020-21,27
2020-21,2021-01-01,Suzuki,Suzuki Cultus,Production,1012,2020-21,27
2020-21,2021-02-01,Suzuki,Suzuki Cultus,Production,1379,2020-21,27
2020-21,2021-03-01,Suzuki,Suzuki Cultus,Production,1716,2020-21,27
2020-21,2021-04-01,Suzuki,Suzuki Cultus,Production,1281,2020-21,27
2020-21,2021-05-01,Suzuki,Suzuki Cultus,Production,2347,2020-21,27
2020-21,2021-06-01,Suzuki,Suzuki Cultus,Production,3397,2020-21,27
2020-21,2020-07-01,Suzuki,Suzuki Cultus,Sales,1077,2020-21,28
2020-21,2020-08-01,Suzuki,Suzuki Cultus,Sales,1400,2020-21,28
2020-21,2020-09-01,Suzuki,Suzuki Cultus,Sales,786,2020-21,28
2020-21,2020-10-01,Suzuki,Suzuki Cultus,Sales,816,2020-21,28
2020-21,2020-11-01,Suzuki,Suzuki Cultus,Sales,1517,2020-21,28
2020-21,2020-12-01,Suzuki,Suzuki Cultus,Sales,1921,2020-21,28
2020-21,2021-01-01,Suzuki,Suzuki Cultus,Sales,1470,2020-21,28
2020-21,2021-02-01,Suzuki,Suzuki Cultus,Sales,1484,2020-21,28
2020-21,2021-03-01,Suzuki,Suzuki Cultus,Sales,1637,2020-21,28
2020-21,2021-04-01,Suzuki,Suzuki Cultus,Sales,1312,2020-21,28
2020-21,2021-05-01,Suzuki,Suzuki Cultus,Sales,1820,2020-21,28
2020-21,2021-06-01,Suzuki,Suzuki Cultus,Sales,2270,2020-21,28
2020-21,2020-07-01,Suzuki,Suzuki WagonR,Production,300,2020-21,30
2020-21,2020-08-01,Suzuki,Suzuki WagonR,Production,483,2020-21,30
2020-21,2020-09-01,Suzuki,Suzuki WagonR,Production,1301,2020-21,30
2020-21,2020-10-01,Suzuki,Suzuki WagonR,Production,1351,2020-21,30
2020-21,2020-11-01,Suzuki,Suzuki WagonR,Production,336,2020-21,30
2020-21,2020-12-01,Suzuki,Suzuki WagonR,Production,684,2020-21,30
2020-21,2021-01-01,Suzuki,Suzuki WagonR,Production,1127,2020-21,30
2020-21,2021-02-01,Suzuki,Suzuki WagonR,Production,708,2020-21,30
2020-21,2021-03-01,Suzuki,Suzuki WagonR,Production,1246,2020-21,30
2020-21,2021-04-01,Suzuki,Suzuki WagonR,Production,2117,2020-21,30
2020-21,2021-05-01,Suzuki,Suzuki WagonR,Production,953,2020-21,30
2020-21,2021-06-01,Suzuki,Suzuki WagonR,Production,1674,2020-21,30
2020-21,2020-07-01,Suzuki,Suzuki WagonR,Sales,566,2020-21,31
2020-21,2020-08-01,Suzuki,Suzuki WagonR,Sales,733,2020-21,31
2020-21,2020-09-01,Suzuki,Suzuki WagonR,Sales,1161,2020-21,31
2020-21,2020-10-01,Suzuki,Suzuki WagonR,Sales,1198,2020-21,31
2020-21,2020-11-01,Suzuki,Suzuki WagonR,Sales,881,2020-21,31
2020-21,2020-12-01,Suzuki,Suzuki WagonR,Sales,939,2020-21,31
2020-21,2021-01-01,Suzuki,Suzuki WagonR,Sales,1316,2020-21,31
2020-21,2021-02-01,Suzuki,Suzuki WagonR,Sales,814,2020-21,31
2020-21,2021-03-01,Suzuki,Suzuki WagonR,Sales,1259,2020-21,31
2020-21,2021-04-01,Suzuki,Suzuki WagonR,Sales,1447,2020-21,31
2020-21,2021-05-01,Suzuki,Suzuki WagonR,Sales,1491,2020-21,31
2020-21,2021-06-01,Suzuki,Suzuki WagonR,Sales,854,2020-21,31
2020-21,2020-07-01,Suzuki,Suzuki Mehran,Production,0,2020-21,38
2020-21,2020-08-01,Suzuki,Suzuki Mehran,Production,0,2020-21,38
2020-21,2020-09-01,Suzuki,Suzuki Mehran,Production,0,2020-21,38
2020-21,2020-10-01,Suzuki,Suzuki Mehran,Production,0,2020-21,38
2020-21,2020-11-01,Suzuki,Suzuki Mehran,Production,0,2020-21,38
2020-21,2020-12-01,Suzuki,Suzuki Mehran,Production,0,2020-21,38
2020-21,2021-01-01,Suzuki,Suzuki Mehran,Production,0,2020-21,38
2020-21,2021-02-01,Suzuki,Suzuki Mehran,Production,0,2020-21,38
2020-21,2021-03-01,Suzuki,Suzuki Mehran,Production,0,2020-21,38
2020-21,2021-04-01,Suzuki,Suzuki Mehran,Production,0,2020-21,38
2020-21,2021-05-01,Suzuki,Suzuki Mehran,Production,0,2020-21,38
2020-21,2021-06-01,Suzuki,Suzuki Mehran,Production,0,2020-21,38
2020-21,2020-07-01,Suzuki,Suzuki Mehran,Sales,0,2020-21,39
2020-21,2020-08-01,Suzuki,Suzuki Mehran,Sales,0,2020-21,39
2020-21,2020-09-01,Suzuki,Suzuki Mehran,Sales,0,2020-21,39
2020-21,2020-10-01,Suzuki,Suzuki Mehran,Sales,0,2020-21,39
2020-21,2020-11-01,Suzuki,Suzuki Mehran,Sales,0,2020-21,39
2020-21,2020-12-01,Suzuki,Suzuki Mehran,Sales,0,2020-21,39
2020-21,2021-01-01,Suzuki,Suzuki Mehran,Sales,0,2020-21,39
2020-21,2021-02-01,Suzuki,Suzuki Mehran,Sales,0,2020-21,39
2020-21,2021-03-01,Suzuki,Suzuki Mehran,Sales,0,2020-21,39
2020-21,2021-04-01,Suzuki,Suzuki Mehran,Sales,0,2020-21,39
2020-21,2021-05-01,Suzuki,Suzuki Mehran,Sales,0,2020-21,39
2020-21,2021-06-01,Suzuki,Suzuki Mehran,Sales,0,2020-21,39
2020-21,2020-07-01,Suzuki,Suzuki Bolan,Production,730,2020-21,41
2020-21,2020-08-01,Suzuki,Suzuki Bolan,Production,539,2020-21,41
2020-21,2020-09-01,Suzuki,Suzuki Bolan,Production,802,2020-21,41
2020-21,2020-10-01,Suzuki,Suzuki Bolan,Production,757,2020-21,41
2020-21,2020-11-01,Suzuki,Suzuki Bolan,Production,350,2020-21,41
2020-21,2020-12-01,Suzuki,Suzuki Bolan,Production,489,2020-21,41
2020-21,2021-01-01,Suzuki,Suzuki Bolan,Production,1045,2020-21,41
2020-21,2021-02-01,Suzuki,Suzuki Bolan,Production,885,2020-21,41
2020-21,2021-03-01,Suzuki,Suzuki Bolan,Production,996,2020-21,41
2020-21,2021-04-01,Suzuki,Suzuki Bolan,Production,766,2020-21,41
2020-21,2021-05-01,Suzuki,Suzuki Bolan,Production,563,2020-21,41
2020-21,2021-06-01,Suzuki,Suzuki Bolan,Production,942,2020-21,41
2020-21,2020-07-01,Suzuki,Suzuki Bolan,Sales,519,2020-21,42
2020-21,2020-08-01,Suzuki,Suzuki Bolan,Sales,615,2020-21,42
2020-21,2020-09-01,Suzuki,Suzuki Bolan,Sales,624,2020-21,42
2020-21,2020-10-01,Suzuki,Suzuki Bolan,Sales,680,2020-21,42
2020-21,2020-11-01,Suzuki,Suzuki Bolan,Sales,549,2020-21,42
2020-21,2020-12-01,Suzuki,Suzuki Bolan,Sales,595,2020-21,42
2020-21,2021-01-01,Suzuki,Suzuki Bolan,Sales,986,2020-21,42
2020-21,2021-02-01,Suzuki,Suzuki Bolan,Sales,913,2020-21,42
2020-21,2021-03-01,Suzuki,Suzuki Bolan,Sales,1017,2020-21,42
2020-21,2021-04-01,Suzuki,Suzuki Bolan,Sales,747,2020-21,42
2020-21,2021-05-01,Suzuki,Suzuki Bolan,Sales,764,2020-21,42
2020-21,2021-06-01,Suzuki,Suzuki Bolan,Sales,187,2020-21,42
2020-21,2020-07-01,Suzuki,Suzuki Alto,Production,128,2020-21,44
2020-21,2020-08-01,Suzuki,Suzuki Alto,Production,750,2020-21,44
2020-21,2020-09-01,Suzuki,Suzuki Alto,Production,2840,2020-21,44
2020-21,2020-10-01,Suzuki,Suzuki Alto,Production,2735,2020-21,44
2020-21,2020-11-01,Suzuki,Suzuki Alto,Production,2667,2020-21,44
2020-21,2020-12-01,Suzuki,Suzuki Alto,Production,3614,2020-21,44
2020-21,2021-01-01,Suzuki,Suzuki Alto,Production,3647,2020-21,44
2020-21,2021-02-01,Suzuki,Suzuki Alto,Production,4096,2020-21,44
2020-21,2021-03-01,Suzuki,Suzuki Alto,Production,4704,2020-21,44
2020-21,2021-04-01,Suzuki,Suzuki Alto,Production,3668,2020-21,44
2020-21,2021-05-01,Suzuki,Suzuki Alto,Production,3416,2020-21,44
2020-21,2021-06-01,Suzuki,Suzuki Alto,Production,3729,2020-21,44
2020-21,2020-07-01,Suzuki,Suzuki Alto,Sales,2158,2020-21,45
2020-21,2020-08-01,Suzuki,Suzuki Alto,Sales,2389,2020-21,45
2020-21,2020-09-01,Suzuki,Suzuki Alto,Sales,3104,2020-21,45
2020-21,2020-10-01,Suzuki,Suzuki Alto,Sales,2893,2020-21,45
2020-21,2020-11-01,Suzuki,Suzuki Alto,Sales,2723,2020-21,45
2020-21,2020-12-01,Suzuki,Suzuki Alto,Sales,2954,2020-21,45
2020-21,2021-01-01,Suzuki,Suzuki Alto,Sales,3827,2020-21,45
2020-21,2021-02-01,Suzuki,Suzuki Alto,Sales,4245,2020-21,45
2020-21,2021-03-01,Suzuki,Suzuki Alto,Sales,4745,2020-21,45
2020-21,2021-04-01,Suzuki,Suzuki Alto,Sales,4091,2020-21,45
2020-21,2021-05-01,Suzuki,Suzuki Alto,Sales,3375,2020-21,45
2020-21,2021-06-01,Suzuki,Suzuki Alto,Sales,1216,2020-21,45
2021-22,2021-07-01,Honda,Honda Cars (Civic & City),Production,1856,2021-22,7
2021-22,2021-08-01,Honda,Honda Cars (Civic & City),Production,2593,2021-22,7
2021-22,2021-09-01,Honda,Honda Cars (Civic & City),Production,3263,2021-22,7
2021-22,2021-10-01,Honda,Honda Cars (Civic & City),Production,2599,2021-22,7
2021-22,2021-11-01,Honda,Honda Cars (Civic & City),Production,2777,2021-22,7
2021-22,2021-12-01,Honda,Honda Cars (Civic & City),Production,4399,2021-22,7
2021-22,2022-01-01,Honda,Honda Cars (Civic & City),Production,3830,2021-22,7
2021-22,2022-02-01,Honda,Honda Cars (Civic & City),Production,2264,2021-22,7
2021-22,2022-03-01,Honda,Honda Cars (Civic & City),Production,3253,2021-22,7
2021-22,2022-04-01,Honda,Honda Cars (Civic & City),Production,2131,2021-22,7
2021-22,2022-05-01,Honda,Honda Cars (Civic & City),Production,2679,2021-22,7
2021-22,2022-06-01,Honda,Honda Cars (Civic & City),Production,3435,2021-22,7
2021-22,2021-07-01,Honda,Honda Cars (Civic & City),Sales,1700,2021-22,8
2021-22,2021-08-01,Honda,Honda Cars (Civic & City),Sales,2726,2021-22,8
2021-22,2021-09-01,Honda,Honda Cars (Civic & City),Sales,3367,2021-22,8
2021-22,2021-10-01,Honda,Honda Cars (Civic & City),Sales,2651,2021-22,8
2021-22,2021-11-01,Honda,Honda Cars (Civic & City),Sales,2771,2021-22,8
2021-22,2021-12-01,Honda,Honda Cars (Civic & City),Sales,4405,2021-22,8
2021-22,2022-01-01,Honda,Honda Cars (Civic & City),Sales,3646,2021-22,8
2021-22,2022-02-01,Honda,Honda Cars (Civic & City),Sales,2286,2021-22,8
2021-22,2022-03-01,Honda,Honda Cars (Civic & City),Sales,3278,2021-22,8
2021-22,2022-04-01,Honda,Honda Cars (Civic & City),Sales,2265,2021-22,8
2021-22,2022-05-01,Honda,Honda Cars (Civic & City),Sales,2681,2021-22,8
2021-22,2022-06-01,Honda,Honda Cars (Civic & City),Sales,3421,2021-22,8
2021-22,2021-07-01,Suzuki,Suzuki Swift,Production,191,2021-22,10
2021-22,2021-08-01,Suzuki,Suzuki Swift,Production,191,2021-22,10
2021-22,2021-09-01,Suzuki,Suzuki Swift,Production,3,2021-22,10
2021-22,2021-10-01,Suzuki,Suzuki Swift,Production,0,2021-22,10
2021-22,2021-11-01,Suzuki,Suzuki Swift,Production,0,2021-22,10
2021-22,2021-12-01,Suzuki,Suzuki Swift,Production,0,2021-22,10
2021-22,2022-01-01,Suzuki,Suzuki Swift,Production,0,2021-22,10
2021-22,2022-02-01,Suzuki,Suzuki Swift,Production,0,2021-22,10
2021-22,2022-03-01,Suzuki,Suzuki Swift,Production,0,2021-22,10
2021-22,2022-04-01,Suzuki,Suzuki Swift,Production,3346,2021-22,10
2021-22,2022-05-01,Suzuki,Suzuki Swift,Production,1340,2021-22,10
2021-22,2022-06-01,Suzuki,Suzuki Swift,Production,1354,2021-22,10
2021-22,2021-07-01,Suzuki,Suzuki Swift,Sales,225,2021-22,11
2021-22,2021-08-01,Suzuki,Suzuki Swift,Sales,154,2021-22,11
2021-22,2021-09-01,Suzuki,Suzuki Swift,Sales,87,2021-22,11
2021-22,2021-10-01,Suzuki,Suzuki Swift,Sales,23,2021-22,11
2021-22,2021-11-01,Suzuki,Suzuki Swift,Sales,6,2021-22,11
2021-22,2021-12-01,Suzuki,Suzuki Swift,Sales,2,2021-22,11
2021-22,2022-01-01,Suzuki,Suzuki Swift,Sales,0,2021-22,11
2021-22,2022-02-01,Suzuki,Suzuki Swift,Sales,0,2021-22,11
2021-22,2022-03-01,Suzuki,Suzuki Swift,Sales,0,2021-22,11
2021-22,2022-04-01,Suzuki,Suzuki Swift,Sales,2273,2021-22,11
2021-22,2022-05-01,Suzuki,Suzuki Swift,Sales,1744,2021-22,11
2021-22,2022-06-01,Suzuki,Suzuki Swift,Sales,1676,2021-22,11
2021-22,2021-07-01,Toyota,Toyota (Corolla & Yaris),Production,4181,2021-22,13
2021-22,2021-08-01,Toyota,Toyota (Corolla & Yaris),Production,3801,2021-22,13
2021-22,2021-09-01,Toyota,Toyota (Corolla & Yaris),Production,5006,2021-22,13
2021-22,2021-10-01,Toyota,Toyota (Corolla & Yaris),Production,5107,2021-22,13
2021-22,2021-11-01,Toyota,Toyota (Corolla & Yaris),Production,4904,2021-22,13
2021-22,2021-12-01,Toyota,Toyota (Corolla & Yaris),Production,5052,2021-22,13
2021-22,2022-01-01,Toyota,Toyota (Corolla & Yaris),Production,5620,2021-22,13
2021-22,2022-02-01,Toyota,Toyota (Corolla & Yaris),Production,3497,2021-22,13
2021-22,2022-03-01,Toyota,Toyota (Corolla & Yaris),Production,5620,2021-22,13
2021-22,2022-04-01,Toyota,Toyota (Corolla & Yaris),Production,4058,2021-22,13
2021-22,2022-05-01,Toyota,Toyota (Corolla & Yaris),Production,4241,2021-22,13
2021-22,2022-06-01,Toyota,Toyota (Corolla & Yaris),Production,4296,2021-22,13
2021-22,2021-07-01,Toyota,Toyota (Corolla & Yaris),Sales,5020,2021-22,14
2021-22,2021-08-01,Toyota,Toyota (Corolla & Yaris),Sales,3967,2021-22,14
2021-22,2021-09-01,Toyota,Toyota (Corolla & Yaris),Sales,4849,2021-22,14
2021-22,2021-10-01,Toyota,Toyota (Corolla & Yaris),Sales,5378,2021-22,14
2021-22,2021-11-01,Toyota,Toyota (Corolla & Yaris),Sales,4761,2021-22,14
2021-22,2021-12-01,Toyota,Toyota (Corolla & Yaris),Sales,5151,2021-22,14
2021-22,2022-01-01,Toyota,Toyota (Corolla & Yaris),Sales,5528,2021-22,14
2021-22,2022-02-01,Toyota,Toyota (Corolla & Yaris),Sales,3646,2021-22,14
2021-22,2022-03-01,Toyota,Toyota (Corolla & Yaris),Sales,5395,2021-22,14
2021-22,2022-04-01,Toyota,Toyota (Corolla & Yaris),Sales,4117,2021-22,14
2021-22,2022-05-01,Toyota,Toyota (Corolla & Yaris),Sales,4263,2021-22,14
2021-22,2022-06-01,Toyota,Toyota (Corolla & Yaris),Sales,4453,2021-22,14
2021-22,2021-07-01,Hyundai,Hyundai Elantra,Production,91,2021-22,16
2021-22,2021-08-01,Hyundai,Hyundai Elantra,Production,295,2021-22,16
2021-22,2021-09-01,Hyundai,Hyundai Elantra,Production,225,2021-22,16
2021-22,2021-10-01,Hyundai,Hyundai Elantra,Production,307,2021-22,16
2021-22,2021-11-01,Hyundai,Hyundai Elantra,Production,224,2021-22,16
2021-22,2021-12-01,Hyundai,Hyundai Elantra,Production,180,2021-22,16
2021-22,2022-01-01,Hyundai,Hyundai Elantra,Production,237,2021-22,16
2021-22,2022-02-01,Hyundai,Hyundai Elantra,Production,254,2021-22,16
2021-22,2022-03-01,Hyundai,Hyundai Elantra,Production,469,2021-22,16
2021-22,2022-04-01,Hyundai,Hyundai Elantra,Production,322,2021-22,16
2021-22,2022-05-01,Hyundai,Hyundai Elantra,Production,444,2021-22,16
2021-22,2022-06-01,Hyundai,Hyundai Elantra,Production,700,2021-22,16
2021-22,2021-07-01,Hyundai,Hyundai Elantra,Sales,157,2021-22,17
2021-22,2021-08-01,Hyundai,Hyundai Elantra,Sales,258,2021-22,17
2021-22,2021-09-01,Hyundai,Hyundai Elantra,Sales,309,2021-22,17
2021-22,2021-10-01,Hyundai,Hyundai Elantra,Sales,312,2021-22,17
2021-22,2021-11-01,Hyundai,Hyundai Elantra,Sales,244,2021-22,17
2021-22,2021-12-01,Hyundai,Hyundai Elantra,Sales,228,2021-22,17
2021-22,2022-01-01,Hyundai,Hyundai Elantra,Sales,109,2021-22,17
2021-22,2022-02-01,Hyundai,Hyundai Elantra,Sales,312,2021-22,17
2021-22,2022-03-01,Hyundai,Hyundai Elantra,Sales,357,2021-22,17
2021-22,2022-04-01,Hyundai,Hyundai Elantra,Sales,240,2021-22,17
2021-22,2022-05-01,Hyundai,Hyundai Elantra,Sales,594,2021-22,17
2021-22,2022-06-01,Hyundai,Hyundai Elantra,Sales,490,2021-22,17
2021-22,2021-07-01,Hyundai,Hyundai Sonata,Production,209,2021-22,19
2021-22,2021-08-01,Hyundai,Hyundai Sonata,Production,168,2021-22,19
2021-22,2021-09-01,Hyundai,Hyundai Sonata,Production,187,2021-22,19
2021-22,2021-10-01,Hyundai,Hyundai Sonata,Production,241,2021-22,19
2021-22,2021-11-01,Hyundai,Hyundai Sonata,Production,326,2021-22,19
2021-22,2021-12-01,Hyundai,Hyundai Sonata,Production,112,2021-22,19
2021-22,2022-01-01,Hyundai,Hyundai Sonata,Production,329,2021-22,19
2021-22,2022-02-01,Hyundai,Hyundai Sonata,Production,208,2021-22,19
2021-22,2022-03-01,Hyundai,Hyundai Sonata,Production,193,2021-22,19
2021-22,2022-04-01,Hyundai,Hyundai Sonata,Production,238,2021-22,19
2021-22,2022-05-01,Hyundai,Hyundai Sonata,Production,574,2021-22,19
2021-22,2022-06-01,Hyundai,Hyundai Sonata,Production,135,2021-22,19
2021-22,2021-07-01,Hyundai,Hyundai Sonata,Sales,163,2021-22,20
2021-22,2021-08-01,Hyundai,Hyundai Sonata,Sales,142,2021-22,20
2021-22,2021-09-01,Hyundai,Hyundai Sonata,Sales,191,2021-22,20
2021-22,2021-10-01,Hyundai,Hyundai Sonata,Sales,255,2021-22,20
2021-22,2021-11-01,Hyundai,Hyundai Sonata,Sales,320,2021-22,20
2021-22,2021-12-01,Hyundai,Hyundai Sonata,Sales,169,2021-22,20
2021-22,2022-01-01,Hyundai,Hyundai Sonata,Sales,172,2021-22,20
2021-22,2022-02-01,Hyundai,Hyundai Sonata,Sales,226,2021-22,20
2021-22,2022-03-01,Hyundai,Hyundai Sonata,Sales,250,2021-22,20
2021-22,2022-04-01,Hyundai,Hyundai Sonata,Sales,293,2021-22,20
2021-22,2022-05-01,Hyundai,Hyundai Sonata,Sales,400,2021-22,20
2021-22,2022-06-01,Hyundai,Hyundai Sonata,Sales,201,2021-22,20
2021-22,2021-07-01,BAIC,BAIC D20,Production,2,2021-22,22
2021-22,2021-08-01,BAIC,BAIC D20,Production,0,2021-22,22
2021-22,2021-09-01,BAIC,BAIC D20,Production,0,2021-22,22
2021-22,2021-10-01,BAIC,BAIC D20,Production,0,2021-22,22
2021-22,2021-11-01,BAIC,BAIC D20,Production,2,2021-22,22
2021-22,2021-12-01,BAIC,BAIC D20,Production,9,2021-22,22
2021-22,2022-01-01,BAIC,BAIC D20,Production,1,2021-22,22
2021-22,2022-02-01,BAIC,BAIC D20,Production,1,2021-22,22
2021-22,2022-03-01,BAIC,BAIC D20,Production,0,2021-22,22
2021-22,2022-04-01,BAIC,BAIC D20,Production,1,2021-22,22
2021-22,2022-05-01,BAIC,BAIC D20,Production,1,2021-22,22
2021-22,2022-06-01,BAIC,BAIC D20,Production,1,2021-22,22
2021-22,2021-07-01,BAIC,BAIC D20,Sales,0,2021-22,23
2021-22,2021-08-01,BAIC,BAIC D20,Sales,0,2021-22,23
2021-22,2021-09-01,BAIC,BAIC D20,Sales,0,2021-22,23
2021-22,2021-10-01,BAIC,BAIC D20,Sales,0,2021-22,23
2021-22,2021-11-01,BAIC,BAIC D20,Sales,0,2021-22,23
2021-22,2021-12-01,BAIC,BAIC D20,Sales,9,2021-22,23
2021-22,2022-01-01,BAIC,BAIC D20,Sales,1,2021-22,23
2021-22,2022-02-01,BAIC,BAIC D20,Sales,1,2021-22,23
2021-22,2022-03-01,BAIC,BAIC D20,Sales,0,2021-22,23
2021-22,2022-04-01,BAIC,BAIC D20,Sales,1,2021-22,23
2021-22,2022-05-01,BAIC,BAIC D20,Sales,1,2021-22,23
2021-22,2022-06-01,BAIC,BAIC D20,Sales,1,2021-22,23
2021-22,2021-07-01,Suzuki,Suzuki Cultus,Production,3051,2021-22,30
2021-22,2021-08-01,Suzuki,Suzuki Cultus,Production,2907,2021-22,30
2021-22,2021-09-01,Suzuki,Suzuki Cultus,Production,2787,2021-22,30
2021-22,2021-10-01,Suzuki,Suzuki Cultus,Production,1264,2021-22,30
2021-22,2021-11-01,Suzuki,Suzuki Cultus,Production,1703,2021-22,30
2021-22,2021-12-01,Suzuki,Suzuki Cultus,Production,1183,2021-22,30
2021-22,2022-01-01,Suzuki,Suzuki Cultus,Production,1324,2021-22,30
2021-22,2022-02-01,Suzuki,Suzuki Cultus,Production,1940,2021-22,30
2021-22,2022-03-01,Suzuki,Suzuki Cultus,Production,623,2021-22,30
2021-22,2022-04-01,Suzuki,Suzuki Cultus,Production,1178,2021-22,30
2021-22,2022-05-01,Suzuki,Suzuki Cultus,Production,1186,2021-22,30
2021-22,2022-06-01,Suzuki,Suzuki Cultus,Production,2364,2021-22,30
2021-22,2021-07-01,Suzuki,Suzuki Cultus,Sales,4213,2021-22,31
2021-22,2021-08-01,Suzuki,Suzuki Cultus,Sales,2845,2021-22,31
2021-22,2021-09-01,Suzuki,Suzuki Cultus,Sales,3056,2021-22,31
2021-22,2021-10-01,Suzuki,Suzuki Cultus,Sales,1340,2021-22,31
2021-22,2021-11-01,Suzuki,Suzuki Cultus,Sales,1651,2021-22,31
2021-22,2021-12-01,Suzuki,Suzuki Cultus,Sales,1411,2021-22,31
2021-22,2022-01-01,Suzuki,Suzuki Cultus,Sales,1172,2021-22,31
2021-22,2022-02-01,Suzuki,Suzuki Cultus,Sales,1692,2021-22,31
2021-22,2022-03-01,Suzuki,Suzuki Cultus,Sales,306,2021-22,31
2021-22,2022-04-01,Suzuki,Suzuki Cultus,Sales,1745,2021-22,31
2021-22,2022-05-01,Suzuki,Suzuki Cultus,Sales,1270,2021-22,31
2021-22,2022-06-01,Suzuki,Suzuki Cultus,Sales,2468,2021-22,31
2021-22,2021-07-01,Suzuki,Suzuki WagonR,Production,1457,2021-22,33
2021-22,2021-08-01,Suzuki,Suzuki WagonR,Production,1690,2021-22,33
2021-22,2021-09-01,Suzuki,Suzuki WagonR,Production,1806,2021-22,33
2021-22,2021-10-01,Suzuki,Suzuki WagonR,Production,1183,2021-22,33
2021-22,2021-11-01,Suzuki,Suzuki WagonR,Production,2126,2021-22,33
2021-22,2021-12-01,Suzuki,Suzuki WagonR,Production,2156,2021-22,33
2021-22,2022-01-01,Suzuki,Suzuki WagonR,Production,2052,2021-22,33
2021-22,2022-02-01,Suzuki,Suzuki WagonR,Production,1701,2021-22,33
2021-22,2022-03-01,Suzuki,Suzuki WagonR,Production,2030,2021-22,33
2021-22,2022-04-01,Suzuki,Suzuki WagonR,Production,1791,2021-22,33
2021-22,2022-05-01,Suzuki,Suzuki WagonR,Production,2195,2021-22,33
2021-22,2022-06-01,Suzuki,Suzuki WagonR,Production,1762,2021-22,33
2021-22,2021-07-01,Suzuki,Suzuki WagonR,Sales,2131,2021-22,34
2021-22,2021-08-01,Suzuki,Suzuki WagonR,Sales,1679,2021-22,34
2021-22,2021-09-01,Suzuki,Suzuki WagonR,Sales,1678,2021-22,34
2021-22,2021-10-01,Suzuki,Suzuki WagonR,Sales,1291,2021-22,34
2021-22,2021-11-01,Suzuki,Suzuki WagonR,Sales,1989,2021-22,34
2021-22,2021-12-01,Suzuki,Suzuki WagonR,Sales,2861,2021-22,34
2021-22,2022-01-01,Suzuki,Suzuki WagonR,Sales,1537,2021-22,34
2021-22,2022-02-01,Suzuki,Suzuki WagonR,Sales,1646,2021-22,34
2021-22,2022-03-01,Suzuki,Suzuki WagonR,Sales,2104,2021-22,34
2021-22,2022-04-01,Suzuki,Suzuki WagonR,Sales,1823,2021-22,34
2021-22,2022-05-01,Suzuki,Suzuki WagonR,Sales,2258,2021-22,34
2021-22,2022-06-01,Suzuki,Suzuki WagonR,Sales,2134,2021-22,34
2021-22,2021-07-01,Suzuki,Suzuki Bolan,Production,396,2021-22,41
2021-22,2021-08-01,Suzuki,Suzuki Bolan,Production,1196,2021-22,41
2021-22,2021-09-01,Suzuki,Suzuki Bolan,Production,809,2021-22,41
2021-22,2021-10-01,Suzuki,Suzuki Bolan,Production,1347,2021-22,41
2021-22,2021-11-01,Suzuki,Suzuki Bolan,Production,1234,2021-22,41
2021-22,2021-12-01,Suzuki,Suzuki Bolan,Production,969,2021-22,41
2021-22,2022-01-01,Suzuki,Suzuki Bolan,Production,1242,2021-22,41
2021-22,2022-02-01,Suzuki,Suzuki Bolan,Production,840,2021-22,41
2021-22,2022-03-01,Suzuki,Suzuki Bolan,Production,1017,2021-22,41
2021-22,2022-04-01,Suzuki,Suzuki Bolan,Production,581,2021-22,41
2021-22,2022-05-01,Suzuki,Suzuki Bolan,Production,801,2021-22,41
2021-22,2022-06-01,Suzuki,Suzuki Bolan,Production,1096,2021-22,41
2021-22,2021-07-01,Suzuki,Suzuki Bolan,Sales,950,2021-22,42
2021-22,2021-08-01,Suzuki,Suzuki Bolan,Sales,1097,2021-22,42
2021-22,2021-09-01,Suzuki,Suzuki Bolan,Sales,894,2021-22,42
2021-22,2021-10-01,Suzuki,Suzuki Bolan,Sales,1071,2021-22,42
2021-22,2021-11-01,Suzuki,Suzuki Bolan,Sales,1189,2021-22,42
2021-22,2021-12-01,Suzuki,Suzuki Bolan,Sales,1040,2021-22,42
2021-22,2022-01-01,Suzuki,Suzuki Bolan,Sales,956,2021-22,42
2021-22,2022-02-01,Suzuki,Suzuki Bolan,Sales,1070,2021-22,42
2021-22,2022-03-01,Suzuki,Suzuki Bolan,Sales,1295,2021-22,42
2021-22,2022-04-01,Suzuki,Suzuki Bolan,Sales,860,2021-22,42
2021-22,2022-05-01,Suzuki,Suzuki Bolan,Sales,723,2021-22,42
2021-22,2022-06-01,Suzuki,Suzuki Bolan,Sales,1216,2021-22,42
2021-22,2021-07-01,Suzuki,Suzuki Alto,Production,3893,2021-22,44
2021-22,2021-08-01,Suzuki,Suzuki Alto,Production,4552,2021-22,44
2021-22,2021-09-01,Suzuki,Suzuki Alto,Production,4946,2021-22,44
2021-22,2021-10-01,Suzuki,Suzuki Alto,Production,4654,2021-22,44
2021-22,2021-11-01,Suzuki,Suzuki Alto,Production,3333,2021-22,44
2021-22,2021-12-01,Suzuki,Suzuki Alto,Production,8108,2021-22,44
2021-22,2022-01-01,Suzuki,Suzuki Alto,Production,3721,2021-22,44
2021-22,2022-02-01,Suzuki,Suzuki Alto,Production,7558,2021-22,44
2021-22,2022-03-01,Suzuki,Suzuki Alto,Production,9693,2021-22,44
2021-22,2022-04-01,Suzuki,Suzuki Alto,Production,4609,2021-22,44
2021-22,2022-05-01,Suzuki,Suzuki Alto,Production,5539,2021-22,44
2021-22,2022-06-01,Suzuki,Suzuki Alto,Production,7267,2021-22,44
2021-22,2021-07-01,Suzuki,Suzuki Alto,Sales,6110,2021-22,45
2021-22,2021-08-01,Suzuki,Suzuki Alto,Sales,5031,2021-22,45
2021-22,2021-09-01,Suzuki,Suzuki Alto,Sales,4540,2021-22,45
2021-22,2021-10-01,Suzuki,Suzuki Alto,Sales,5092,2021-22,45
2021-22,2021-11-01,Suzuki,Suzuki Alto,Sales,2420,2021-22,45
2021-22,2021-12-01,Suzuki,Suzuki Alto,Sales,9195,2021-22,45
2021-22,2022-01-01,Suzuki,Suzuki Alto,Sales,3864,2021-22,45
2021-22,2022-02-01,Suzuki,Suzuki Alto,Sales,7175,2021-22,45
2021-22,2022-03-01,Suzuki,Suzuki Alto,Sales,9814,2021-22,45
2021-22,2022-04-01,Suzuki,Suzuki Alto,Sales,5009,2021-22,45
2021-22,2022-05-01,Suzuki,Suzuki Alto,Sales,5461,2021-22,45
2021-22,2022-06-01,Suzuki,Suzuki Alto,Sales,7487,2021-22,45
2022-23,2022-07-01,Honda,Honda Cars (Civic & City),Production,2387,2022-23,7
2022-23,2022-08-01,Honda,Honda Cars (Civic & City),Production,1482,2022-23,7
2022-23,2022-09-01,Honda,Honda Cars (Civic & City),Production,1191,2022-23,7
2022-23,2022-10-01,Honda,Honda Cars (Civic & City),Production,1380,2022-23,7
2022-23,2022-11-01,Honda,Honda Cars (Civic & City),Production,1796,2022-23,7
2022-23,2022-12-01,Honda,Honda Cars (Civic & City),Production,1194,2022-23,7
2022-23,2023-01-01,Honda,Honda Cars (Civic & City),Production,1256,2022-23,7
2022-23,2023-02-01,Honda,Honda Cars (Civic & City),Production,1330,2022-23,7
2022-23,2023-03-01,Honda,Honda Cars (Civic & City),Production,545,2022-23,7
2022-23,2023-04-01,Honda,Honda Cars (Civic & City),Production,0,2022-23,7
2022-23,2023-05-01,Honda,Honda Cars (Civic & City),Production,25,2022-23,7
2022-23,2023-06-01,Honda,Honda Cars (Civic & City),Production,215,2022-23,7
2022-23,2022-07-01,Honda,Honda Cars (Civic & City),Sales,2408,2022-23,8
2022-23,2022-08-01,Honda,Honda Cars (Civic & City),Sales,1436,2022-23,8
2022-23,2022-09-01,Honda,Honda Cars (Civic & City),Sales,1201,2022-23,8
2022-23,2022-10-01,Honda,Honda Cars (Civic & City),Sales,1371,2022-23,8
2022-23,2022-11-01,Honda,Honda Cars (Civic & City),Sales,1509,2022-23,8
2022-23,2022-12-01,Honda,Honda Cars (Civic & City),Sales,981,2022-23,8
2022-23,2023-01-01,Honda,Honda Cars (Civic & City),Sales,1620,2022-23,8
2022-23,2023-02-01,Honda,Honda Cars (Civic & City),Sales,1244,2022-23,8
2022-23,2023-03-01,Honda,Honda Cars (Civic & City),Sales,611,2022-23,8
2022-23,2023-04-01,Honda,Honda Cars (Civic & City),Sales,159,2022-23,8
2022-23,2023-05-01,Honda,Honda Cars (Civic & City),Sales,56,2022-23,8
2022-23,2023-06-01,Honda,Honda Cars (Civic & City),Sales,227,2022-23,8
2022-23,2022-07-01,Suzuki,Suzuki Swift,Production,1028,2022-23,10
2022-23,2022-08-01,Suzuki,Suzuki Swift,Production,929,2022-23,10
2022-23,2022-09-01,Suzuki,Suzuki Swift,Production,694,2022-23,10
2022-23,2022-10-01,Suzuki,Suzuki Swift,Production,1153,2022-23,10
2022-23,2022-11-01,Suzuki,Suzuki Swift,Production,2194,2022-23,10
2022-23,2022-12-01,Suzuki,Suzuki Swift,Production,1609,2022-23,10
2022-23,2023-01-01,Suzuki,Suzuki Swift,Production,5,2022-23,10
2022-23,2023-02-01,Suzuki,Suzuki Swift,Production,230,2022-23,10
2022-23,2023-03-01,Suzuki,Suzuki Swift,Production,811,2022-23,10
2022-23,2023-04-01,Suzuki,Suzuki Swift,Production,220,2022-23,10
2022-23,2023-05-01,Suzuki,Suzuki Swift,Production,295,2022-23,10
2022-23,2023-06-01,Suzuki,Suzuki Swift,Production,458,2022-23,10
2022-23,2022-07-01,Suzuki,Suzuki Swift,Sales,321,2022-23,11
2022-23,2022-08-01,Suzuki,Suzuki Swift,Sales,532,2022-23,11
2022-23,2022-09-01,Suzuki,Suzuki Swift,Sales,1263,2022-23,11
2022-23,2022-10-01,Suzuki,Suzuki Swift,Sales,1350,2022-23,11
2022-23,2022-11-01,Suzuki,Suzuki Swift,Sales,2242,2022-23,11
2022-23,2022-12-01,Suzuki,Suzuki Swift,Sales,1428,2022-23,11
2022-23,2023-01-01,Suzuki,Suzuki Swift,Sales,504,2022-23,11
2022-23,2023-02-01,Suzuki,Suzuki Swift,Sales,67,2022-23,11
2022-23,2023-03-01,Suzuki,Suzuki Swift,Sales,877,2022-23,11
2022-23,2023-04-01,Suzuki,Suzuki Swift,Sales,145,2022-23,11
2022-23,2023-05-01,Suzuki,Suzuki Swift,Sales,332,2022-23,11
2022-23,2023-06-01,Suzuki,Suzuki Swift,Sales,277,2022-23,11
2022-23,2022-07-01,Toyota,Toyota (Corolla & Yaris),Production,2566,2022-23,13
2022-23,2022-08-01,Toyota,Toyota (Corolla & Yaris),Production,2216,2022-23,13
2022-23,2022-09-01,Toyota,Toyota (Corolla & Yaris),Production,1747,2022-23,13
2022-23,2022-10-01,Toyota,Toyota (Corolla & Yaris),Production,1761,2022-23,13
2022-23,2022-11-01,Toyota,Toyota (Corolla & Yaris),Production,2049,2022-23,13
2022-23,2022-12-01,Toyota,Toyota (Corolla & Yaris),Production,1721,2022-23,13
2022-23,2023-01-01,Toyota,Toyota (Corolla & Yaris),Production,2525,2022-23,13
2022-23,2023-02-01,Toyota,Toyota (Corolla & Yaris),Production,850,2022-23,13
2022-23,2023-03-01,Toyota,Toyota (Corolla & Yaris),Production,1021,2022-23,13
2022-23,2023-04-01,Toyota,Toyota (Corolla & Yaris),Production,928,2022-23,13
2022-23,2023-05-01,Toyota,Toyota (Corolla & Yaris),Production,1029,2022-23,13
2022-23,2023-06-01,Toyota,Toyota (Corolla & Yaris),Production,1237,2022-23,13
2022-23,2022-07-01,Toyota,Toyota (Corolla & Yaris),Sales,1734,2022-23,14
2022-23,2022-08-01,Toyota,Toyota (Corolla & Yaris),Sales,2901,2022-23,14
2022-23,2022-09-01,Toyota,Toyota (Corolla & Yaris),Sales,1780,2022-23,14
2022-23,2022-10-01,Toyota,Toyota (Corolla & Yaris),Sales,1838,2022-23,14
2022-23,2022-11-01,Toyota,Toyota (Corolla & Yaris),Sales,1933,2022-23,14
2022-23,2022-12-01,Toyota,Toyota (Corolla & Yaris),Sales,1879,2022-23,14
2022-23,2023-01-01,Toyota,Toyota (Corolla & Yaris),Sales,1719,2022-23,14
2022-23,2023-02-01,Toyota,Toyota (Corolla & Yaris),Sales,1091,2022-23,14
2022-23,2023-03-01,Toyota,Toyota (Corolla & Yaris),Sales,1119,2022-23,14
2022-23,2023-04-01,Toyota,Toyota (Corolla & Yaris),Sales,1007,2022-23,14
2022-23,2023-05-01,Toyota,Toyota (Corolla & Yaris),Sales,853,2022-23,14
2022-23,2023-06-01,Toyota,Toyota (Corolla & Yaris),Sales,984,2022-23,14
2022-23,2022-07-01,Hyundai,Hyundai Elantra,Production,10,2022-23,16
2022-23,2022-08-01,Hyundai,Hyundai Elantra,Production,731,2022-23,16
2022-23,2022-09-01,Hyundai,Hyundai Elantra,Production,149,2022-23,16
2022-23,2022-10-01,Hyundai,Hyundai Elantra,Production,125,2022-23,16
2022-23,2022-11-01,Hyundai,Hyundai Elantra,Production,8,2022-23,16
2022-23,2022-12-01,Hyundai,Hyundai Elantra,Production,65,2022-23,16
2022-23,2023-01-01,Hyundai,Hyundai Elantra,Production,343,2022-23,16
2022-23,2023-02-01,Hyundai,Hyundai Elantra,Production,234,2022-23,16
2022-23,2023-03-01,Hyundai,Hyundai Elantra,Production,208,2022-23,16
2022-23,2023-04-01,Hyundai,Hyundai Elantra,Production,243,2022-23,16
2022-23,2023-05-01,Hyundai,Hyundai Elantra,Production,320,2022-23,16
2022-23,2023-06-01,Hyundai,Hyundai Elantra,Production,51,2022-23,16
2022-23,2022-07-01,Hyundai,Hyundai Elantra,Sales,0,2022-23,17
2022-23,2022-08-01,Hyundai,Hyundai Elantra,Sales,581,2022-23,17
2022-23,2022-09-01,Hyundai,Hyundai Elantra,Sales,320,2022-23,17
2022-23,2022-10-01,Hyundai,Hyundai Elantra,Sales,135,2022-23,17
2022-23,2022-11-01,Hyundai,Hyundai Elantra,Sales,101,2022-23,17
2022-23,2022-12-01,Hyundai,Hyundai Elantra,Sales,145,2022-23,17
2022-23,2023-01-01,Hyundai,Hyundai Elantra,Sales,173,2022-23,17
2022-23,2023-02-01,Hyundai,Hyundai Elantra,Sales,243,2022-23,17
2022-23,2023-03-01,Hyundai,Hyundai Elantra,Sales,188,2022-23,17
2022-23,2023-04-01,Hyundai,Hyundai Elantra,Sales,119,2022-23,17
2022-23,2023-05-01,Hyundai,Hyundai Elantra,Sales,69,2022-23,17
2022-23,2023-06-01,Hyundai,Hyundai Elantra,Sales,88,2022-23,17
2022-23,2022-07-01,Hyundai,Hyundai Sonata,Production,282,2022-23,19
2022-23,2022-08-01,Hyundai,Hyundai Sonata,Production,127,2022-23,19
2022-23,2022-09-01,Hyundai,Hyundai Sonata,Production,0,2022-23,19
2022-23,2022-10-01,Hyundai,Hyundai Sonata,Production,181,2022-23,19
2022-23,2022-11-01,Hyundai,Hyundai Sonata,Production,0,2022-23,19
2022-23,2022-12-01,Hyundai,Hyundai Sonata,Production,32,2022-23,19
2022-23,2023-01-01,Hyundai,Hyundai Sonata,Production,253,2022-23,19
2022-23,2023-02-01,Hyundai,Hyundai Sonata,Production,104,2022-23,19
2022-23,2023-03-01,Hyundai,Hyundai Sonata,Production,115,2022-23,19
2022-23,2023-04-01,Hyundai,Hyundai Sonata,Production,42,2022-23,19
2022-23,2023-05-01,Hyundai,Hyundai Sonata,Production,180,2022-23,19
2022-23,2023-06-01,Hyundai,Hyundai Sonata,Production,172,2022-23,19
2022-23,2022-07-01,Hyundai,Hyundai Sonata,Sales,0,2022-23,20
2022-23,2022-08-01,Hyundai,Hyundai Sonata,Sales,234,2022-23,20
2022-23,2022-09-01,Hyundai,Hyundai Sonata,Sales,151,2022-23,20
2022-23,2022-10-01,Hyundai,Hyundai Sonata,Sales,77,2022-23,20
2022-23,2022-11-01,Hyundai,Hyundai Sonata,Sales,42,2022-23,20
2022-23,2022-12-01,Hyundai,Hyundai Sonata,Sales,56,2022-23,20
2022-23,2023-01-01,Hyundai,Hyundai Sonata,Sales,191,2022-23,20
2022-23,2023-02-01,Hyundai,Hyundai Sonata,Sales,197,2022-23,20
2022-23,2023-03-01,Hyundai,Hyundai Sonata,Sales,118,2022-23,20
2022-23,2023-04-01,Hyundai,Hyundai Sonata,Sales,155,2022-23,20
2022-23,2023-05-01,Hyundai,Hyundai Sonata,Sales,135,2022-23,20
2022-23,2023-06-01,Hyundai,Hyundai Sonata,Sales,77,2022-23,20
2022-23,2022-07-01,BAIC,BAIC D20,Production,0,2022-23,22
2022-23,2022-08-01,BAIC,BAIC D20,Production,0,2022-23,22
2022-23,2022-09-01,BAIC,BAIC D20,Production,0,2022-23,22
2022-23,2022-10-01,BAIC,BAIC D20,Production,0,2022-23,22
2022-23,2022-11-01,BAIC,BAIC D20,Production,0,2022-23,22
2022-23,2022-12-01,BAIC,BAIC D20,Production,0,2022-23,22
2022-23,2023-01-01,BAIC,BAIC D20,Production,0,2022-23,22
2022-23,2023-02-01,BAIC,BAIC D20,Production,0,2022-23,22
2022-23,2023-03-01,BAIC,BAIC D20,Production,0,2022-23,22
2022-23,2023-04-01,BAIC,BAIC D20,Production,0,2022-23,22
2022-23,2023-05-01,BAIC,BAIC D20,Production,0,2022-23,22
2022-23,2023-06-01,BAIC,BAIC D20,Production,0,2022-23,22
2022-23,2022-07-01,BAIC,BAIC D20,Sales,1,2022-23,23
2022-23,2022-08-01,BAIC,BAIC D20,Sales,0,2022-23,23
2022-23,2022-09-01,BAIC,BAIC D20,Sales,0,2022-23,23
2022-23,2022-10-01,BAIC,BAIC D20,Sales,0,2022-23,23
2022-23,2022-11-01,BAIC,BAIC D20,Sales,0,2022-23,23
2022-23,2022-12-01,BAIC,BAIC D20,Sales,0,2022-23,23
2022-23,2023-01-01,BAIC,BAIC D20,Sales,0,2022-23,23
2022-23,2023-02-01,BAIC,BAIC D20,Sales,0,2022-23,23
2022-23,2023-03-01,BAIC,BAIC D20,Sales,0,2022-23,23
2022-23,2023-04-01,BAIC,BAIC D20,Sales,0,2022-23,23
2022-23,2023-05-01,BAIC,BAIC D20,Sales,0,2022-23,23
2022-23,2023-06-01,BAIC,BAIC D20,Sales,0,2022-23,23
2022-23,2022-07-01,Suzuki,Suzuki Cultus,Production,1251,2022-23,30
2022-23,2022-08-01,Suzuki,Suzuki Cultus,Production,470,2022-23,30
2022-23,2022-09-01,Suzuki,Suzuki Cultus,Production,316,2022-23,30
2022-23,2022-10-01,Suzuki,Suzuki Cultus,Production,996,2022-23,30
2022-23,2022-11-01,Suzuki,Suzuki Cultus,Production,1055,2022-23,30
2022-23,2022-12-01,Suzuki,Suzuki Cultus,Production,1249,2022-23,30
2022-23,2023-01-01,Suzuki,Suzuki Cultus,Production,528,2022-23,30
2022-23,2023-02-01,Suzuki,Suzuki Cultus,Production,273,2022-23,30
2022-23,2023-03-01,Suzuki,Suzuki Cultus,Production,293,2022-23,30
2022-23,2023-04-01,Suzuki,Suzuki Cultus,Production,521,2022-23,30
2022-23,2023-05-01,Suzuki,Suzuki Cultus,Production,724,2022-23,30
2022-23,2023-06-01,Suzuki,Suzuki Cultus,Production,453,2022-23,30
2022-23,2022-07-01,Suzuki,Suzuki Cultus,Sales,661,2022-23,31
2022-23,2022-08-01,Suzuki,Suzuki Cultus,Sales,411,2022-23,31
2022-23,2022-09-01,Suzuki,Suzuki Cultus,Sales,751,2022-23,31
2022-23,2022-10-01,Suzuki,Suzuki Cultus,Sales,1129,2022-23,31
2022-23,2022-11-01,Suzuki,Suzuki Cultus,Sales,1134,2022-23,31
2022-23,2022-12-01,Suzuki,Suzuki Cultus,Sales,1057,2022-23,31
2022-23,2023-01-01,Suzuki,Suzuki Cultus,Sales,543,2022-23,31
2022-23,2023-02-01,Suzuki,Suzuki Cultus,Sales,72,2022-23,31
2022-23,2023-03-01,Suzuki,Suzuki Cultus,Sales,475,2022-23,31
2022-23,2023-04-01,Suzuki,Suzuki Cultus,Sales,177,2022-23,31
2022-23,2023-05-01,Suzuki,Suzuki Cultus,Sales,282,2022-23,31
2022-23,2023-06-01,Suzuki,Suzuki Cultus,Sales,264,2022-23,31
2022-23,2022-07-01,Suzuki,Suzuki WagonR,Production,1218,2022-23,33
2022-23,2022-08-01,Suzuki,Suzuki WagonR,Production,1245,2022-23,33
2022-23,2022-09-01,Suzuki,Suzuki WagonR,Production,191,2022-23,33
2022-23,2022-10-01,Suzuki,Suzuki WagonR,Production,494,2022-23,33
2022-23,2022-11-01,Suzuki,Suzuki WagonR,Production,679,2022-23,33
2022-23,2022-12-01,Suzuki,Suzuki WagonR,Production,677,2022-23,33
2022-23,2023-01-01,Suzuki,Suzuki WagonR,Production,467,2022-23,33
2022-23,2023-02-01,Suzuki,Suzuki WagonR,Production,599,2022-23,33
2022-23,2023-03-01,Suzuki,Suzuki WagonR,Production,320,2022-23,33
2022-23,2023-04-01,Suzuki,Suzuki WagonR,Production,360,2022-23,33
2022-23,2023-05-01,Suzuki,Suzuki WagonR,Production,345,2022-23,33
2022-23,2023-06-01,Suzuki,Suzuki WagonR,Production,646,2022-23,33
2022-23,2022-07-01,Suzuki,Suzuki WagonR,Sales,282,2022-23,34
2022-23,2022-08-01,Suzuki,Suzuki WagonR,Sales,365,2022-23,34
2022-23,2022-09-01,Suzuki,Suzuki WagonR,Sales,766,2022-23,34
2022-23,2022-10-01,Suzuki,Suzuki WagonR,Sales,768,2022-23,34
2022-23,2022-11-01,Suzuki,Suzuki WagonR,Sales,716,2022-23,34
2022-23,2022-12-01,Suzuki,Suzuki WagonR,Sales,872,2022-23,34
2022-23,2023-01-01,Suzuki,Suzuki WagonR,Sales,671,2022-23,34
2022-23,2023-02-01,Suzuki,Suzuki WagonR,Sales,93,2022-23,34
2022-23,2023-03-01,Suzuki,Suzuki WagonR,Sales,489,2022-23,34
2022-23,2023-04-01,Suzuki,Suzuki WagonR,Sales,99,2022-23,34
2022-23,2023-05-01,Suzuki,Suzuki WagonR,Sales,148,2022-23,34
2022-23,2023-06-01,Suzuki,Suzuki WagonR,Sales,165,2022-23,34
2022-23,2022-07-01,Suzuki,Suzuki Bolan,Production,739,2022-23,41
2022-23,2022-08-01,Suzuki,Suzuki Bolan,Production,453,2022-23,41
2022-23,2022-09-01,Suzuki,Suzuki Bolan,Production,680,2022-23,41
2022-23,2022-10-01,Suzuki,Suzuki Bolan,Production,425,2022-23,41
2022-23,2022-11-01,Suzuki,Suzuki Bolan,Production,479,2022-23,41
2022-23,2022-12-01,Suzuki,Suzuki Bolan,Production,481,2022-23,41
2022-23,2023-01-01,Suzuki,Suzuki Bolan,Production,346,2022-23,41
2022-23,2023-02-01,Suzuki,Suzuki Bolan,Production,481,2022-23,41
2022-23,2023-03-01,Suzuki,Suzuki Bolan,Production,159,2022-23,41
2022-23,2023-04-01,Suzuki,Suzuki Bolan,Production,154,2022-23,41
2022-23,2023-05-01,Suzuki,Suzuki Bolan,Production,50,2022-23,41
2022-23,2023-06-01,Suzuki,Suzuki Bolan,Production,215,2022-23,41
2022-23,2022-07-01,Suzuki,Suzuki Bolan,Sales,353,2022-23,42
2022-23,2022-08-01,Suzuki,Suzuki Bolan,Sales,227,2022-23,42
2022-23,2022-09-01,Suzuki,Suzuki Bolan,Sales,609,2022-23,42
2022-23,2022-10-01,Suzuki,Suzuki Bolan,Sales,280,2022-23,42
2022-23,2022-11-01,Suzuki,Suzuki Bolan,Sales,503,2022-23,42
2022-23,2022-12-01,Suzuki,Suzuki Bolan,Sales,464,2022-23,42
2022-23,2023-01-01,Suzuki,Suzuki Bolan,Sales,556,2022-23,42
2022-23,2023-02-01,Suzuki,Suzuki Bolan,Sales,91,2022-23,42
2022-23,2023-03-01,Suzuki,Suzuki Bolan,Sales,782,2022-23,42
2022-23,2023-04-01,Suzuki,Suzuki Bolan,Sales,163,2022-23,42
2022-23,2023-05-01,Suzuki,Suzuki Bolan,Sales,157,2022-23,42
2022-23,2023-06-01,Suzuki,Suzuki Bolan,Sales,262,2022-23,42
2022-23,2022-07-01,Suzuki,Suzuki Alto,Production,4936,2022-23,44
2022-23,2022-08-01,Suzuki,Suzuki Alto,Production,1949,2022-23,44
2022-23,2022-09-01,Suzuki,Suzuki Alto,Production,2430,2022-23,44
2022-23,2022-10-01,Suzuki,Suzuki Alto,Production,4182,2022-23,44
2022-23,2022-11-01,Suzuki,Suzuki Alto,Production,7246,2022-23,44
2022-23,2022-12-01,Suzuki,Suzuki Alto,Production,6730,2022-23,44
2022-23,2023-01-01,Suzuki,Suzuki Alto,Production,0,2022-23,44
2022-23,2023-02-01,Suzuki,Suzuki Alto,Production,607,2022-23,44
2022-23,2023-03-01,Suzuki,Suzuki Alto,Production,2539,2022-23,44
2022-23,2023-04-01,Suzuki,Suzuki Alto,Production,1272,2022-23,44
2022-23,2023-05-01,Suzuki,Suzuki Alto,Production,2125,2022-23,44
2022-23,2023-06-01,Suzuki,Suzuki Alto,Production,1884,2022-23,44
2022-23,2022-07-01,Suzuki,Suzuki Alto,Sales,4618,2022-23,45
2022-23,2022-08-01,Suzuki,Suzuki Alto,Sales,2293,2022-23,45
2022-23,2022-09-01,Suzuki,Suzuki Alto,Sales,2372,2022-23,45
2022-23,2022-10-01,Suzuki,Suzuki Alto,Sales,4181,2022-23,45
2022-23,2022-11-01,Suzuki,Suzuki Alto,Sales,7252,2022-23,45
2022-23,2022-12-01,Suzuki,Suzuki Alto,Sales,6898,2022-23,45
2022-23,2023-01-01,Suzuki,Suzuki Alto,Sales,44,2022-23,45
2022-23,2023-02-01,Suzuki,Suzuki Alto,Sales,544,2022-23,45
2022-23,2023-03-01,Suzuki,Suzuki Alto,Sales,2542,2022-23,45
2022-23,2023-04-01,Suzuki,Suzuki Alto,Sales,820,2022-23,45
2022-23,2023-05-01,Suzuki,Suzuki Alto,Sales,1902,2022-23,45
2022-23,2023-06-01,Suzuki,Suzuki Alto,Sales,1913,2022-23,45
2023-24,2023-07-01,Honda,Honda Cars (Civic & City),Production,179,2023-24,7
2023-24,2023-08-01,Honda,Honda Cars (Civic & City),Production,540,2023-24,7
2023-24,2023-09-01,Honda,Honda Cars (Civic & City),Production,1143,2023-24,7
2023-24,2023-10-01,Honda,Honda Cars (Civic & City),Production,897,2023-24,7
2023-24,2023-11-01,Honda,Honda Cars (Civic & City),Production,821,2023-24,7
2023-24,2023-12-01,Honda,Honda Cars (Civic & City),Production,1100,2023-24,7
2023-24,2024-01-01,Honda,Honda Cars (Civic & City),Production,1437,2023-24,7
2023-24,2024-02-01,Honda,Honda Cars (Civic & City),Production,1498,2023-24,7
2023-24,2024-03-01,Honda,Honda Cars (Civic & City),Production,1444,2023-24,7
2023-24,2024-04-01,Honda,Honda Cars (Civic & City),Production,1165,2023-24,7
2023-24,2024-05-01,Honda,Honda Cars (Civic & City),Production,1020,2023-24,7
2023-24,2024-06-01,Honda,Honda Cars (Civic & City),Production,915,2023-24,7
2023-24,2023-07-01,Honda,Honda Cars (Civic & City),Sales,208,2023-24,8
2023-24,2023-08-01,Honda,Honda Cars (Civic & City),Sales,492,2023-24,8
2023-24,2023-09-01,Honda,Honda Cars (Civic & City),Sales,1160,2023-24,8
2023-24,2023-10-01,Honda,Honda Cars (Civic & City),Sales,379,2023-24,8
2023-24,2023-11-01,Honda,Honda Cars (Civic & City),Sales,912,2023-24,8
2023-24,2023-12-01,Honda,Honda Cars (Civic & City),Sales,787,2023-24,8
2023-24,2024-01-01,Honda,Honda Cars (Civic & City),Sales,1207,2023-24,8
2023-24,2024-02-01,Honda,Honda Cars (Civic & City),Sales,1375,2023-24,8
2023-24,2024-03-01,Honda,Honda Cars (Civic & City),Sales,1994,2023-24,8
2023-24,2024-04-01,Honda,Honda Cars (Civic & City),Sales,956,2023-24,8
2023-24,2024-05-01,Honda,Honda Cars (Civic & City),Sales,1049,2023-24,8
2023-24,2024-06-01,Honda,Honda Cars (Civic & City),Sales,982,2023-24,8
2023-24,2023-07-01,Suzuki,Suzuki Swift,Production,386,2023-24,10
2023-24,2023-08-01,Suzuki,Suzuki Swift,Production,670,2023-24,10
2023-24,2023-09-01,Suzuki,Suzuki Swift,Production,404,2023-24,10
2023-24,2023-10-01,Suzuki,Suzuki Swift,Production,243,2023-24,10
2023-24,2023-11-01,Suzuki,Suzuki Swift,Production,411,2023-24,10
2023-24,2023-12-01,Suzuki,Suzuki Swift,Production,460,2023-24,10
2023-24,2024-01-01,Suzuki,Suzuki Swift,Production,567,2023-24,10
2023-24,2024-02-01,Suzuki,Suzuki Swift,Production,585,2023-24,10
2023-24,2024-03-01,Suzuki,Suzuki Swift,Production,326,2023-24,10
2023-24,2024-04-01,Suzuki,Suzuki Swift,Production,295,2023-24,10
2023-24,2024-05-01,Suzuki,Suzuki Swift,Production,217,2023-24,10
2023-24,2024-06-01,Suzuki,Suzuki Swift,Production,644,2023-24,10
2023-24,2023-07-01,Suzuki,Suzuki Swift,Sales,249,2023-24,11
2023-24,2023-08-01,Suzuki,Suzuki Swift,Sales,506,2023-24,11
2023-24,2023-09-01,Suzuki,Suzuki Swift,Sales,506,2023-24,11
2023-24,2023-10-01,Suzuki,Suzuki Swift,Sales,315,2023-24,11
2023-24,2023-11-01,Suzuki,Suzuki Swift,Sales,276,2023-24,11
2023-24,2023-12-01,Suzuki,Suzuki Swift,Sales,378,2023-24,11
2023-24,2024-01-01,Suzuki,Suzuki Swift,Sales,552,2023-24,11
2023-24,2024-02-01,Suzuki,Suzuki Swift,Sales,663,2023-24,11
2023-24,2024-03-01,Suzuki,Suzuki Swift,Sales,141,2023-24,11
2023-24,2024-04-01,Suzuki,Suzuki Swift,Sales,328,2023-24,11
2023-24,2024-05-01,Suzuki,Suzuki Swift,Sales,714,2023-24,11
2023-24,2024-06-01,Suzuki,Suzuki Swift,Sales,939,2023-24,11
2023-24,2023-07-01,Toyota,"Toyota (Corolla, Yaris & Corolla Cross)",Production,1165,2023-24,13
2023-24,2023-08-01,Toyota,"Toyota (Corolla, Yaris & Corolla Cross)",Production,932,2023-24,13
2023-24,2023-09-01,Toyota,"Toyota (Corolla, Yaris & Corolla Cross)",Production,1134,2023-24,13
2023-24,2023-10-01,Toyota,"Toyota (Corolla, Yaris & Corolla Cross)",Production,482,2023-24,13
2023-24,2023-11-01,Toyota,"Toyota (Corolla, Yaris & Corolla Cross)",Production,419,2023-24,13
2023-24,2023-12-01,Toyota,"Toyota (Corolla, Yaris & Corolla Cross)",Production,577,2023-24,13
2023-24,2024-01-01,Toyota,"Toyota (Corolla, Yaris & Corolla Cross)",Production,2659,2023-24,13
2023-24,2024-02-01,Toyota,"Toyota (Corolla, Yaris & Corolla Cross)",Production,1676,2023-24,13
2023-24,2024-03-01,Toyota,"Toyota (Corolla, Yaris & Corolla Cross)",Production,1547,2023-24,13
2023-24,2024-04-01,Toyota,"Toyota (Corolla, Yaris & Corolla Cross)",Production,1524,2023-24,13
2023-24,2024-05-01,Toyota,"Toyota (Corolla, Yaris & Corolla Cross)",Production,1641,2023-24,13
2023-24,2024-06-01,Toyota,"Toyota (Corolla, Yaris & Corolla Cross)",Production,1970,2023-24,13
2023-24,2023-07-01,Toyota,"Toyota (Corolla, Yaris & Corolla Cross)",Sales,1067,2023-24,14
2023-24,2023-08-01,Toyota,"Toyota (Corolla, Yaris & Corolla Cross)",Sales,1119,2023-24,14
2023-24,2023-09-01,Toyota,"Toyota (Corolla, Yaris & Corolla Cross)",Sales,1050,2023-24,14
2023-24,2023-10-01,Toyota,"Toyota (Corolla, Yaris & Corolla Cross)",Sales,796,2023-24,14
2023-24,2023-11-01,Toyota,"Toyota (Corolla, Yaris & Corolla Cross)",Sales,693,2023-24,14
2023-24,2023-12-01,Toyota,"Toyota (Corolla, Yaris & Corolla Cross)",Sales,554,2023-24,14
2023-24,2024-01-01,Toyota,"Toyota (Corolla, Yaris & Corolla Cross)",Sales,2143,2023-24,14
2023-24,2024-02-01,Toyota,"Toyota (Corolla, Yaris & Corolla Cross)",Sales,1761,2023-24,14
2023-24,2024-03-01,Toyota,"Toyota (Corolla, Yaris & Corolla Cross)",Sales,1547,2023-24,14
2023-24,2024-04-01,Toyota,"Toyota (Corolla, Yaris & Corolla Cross)",Sales,1722,2023-24,14
2023-24,2024-05-01,Toyota,"Toyota (Corolla, Yaris & Corolla Cross)",Sales,1562,2023-24,14
2023-24,2024-06-01,Toyota,"Toyota (Corolla, Yaris & Corolla Cross)",Sales,2293,2023-24,14
2023-24,2023-07-01,Hyundai,Hyundai Elantra,Production,48,2023-24,16
2023-24,2023-08-01,Hyundai,Hyundai Elantra,Production,15,2023-24,16
2023-24,2023-09-01,Hyundai,Hyundai Elantra,Production,2,2023-24,16
2023-24,2023-10-01,Hyundai,Hyundai Elantra,Production,8,2023-24,16
2023-24,2023-11-01,Hyundai,Hyundai Elantra,Production,1,2023-24,16
2023-24,2023-12-01,Hyundai,Hyundai Elantra,Production,59,2023-24,16
2023-24,2024-01-01,Hyundai,Hyundai Elantra,Production,60,2023-24,16
2023-24,2024-02-01,Hyundai,Hyundai Elantra,Production,60,2023-24,16
2023-24,2024-03-01,Hyundai,Hyundai Elantra,Production,152,2023-24,16
2023-24,2024-04-01,Hyundai,Hyundai Elantra,Production,21,2023-24,16
2023-24,2024-05-01,Hyundai,Hyundai Elantra,Production,43,2023-24,16
2023-24,2024-06-01,Hyundai,Hyundai Elantra,Production,243,2023-24,16
2023-24,2023-07-01,Hyundai,Hyundai Elantra,Sales,80,2023-24,17
2023-24,2023-08-01,Hyundai,Hyundai Elantra,Sales,92,2023-24,17
2023-24,2023-09-01,Hyundai,Hyundai Elantra,Sales,97,2023-24,17
2023-24,2023-10-01,Hyundai,Hyundai Elantra,Sales,52,2023-24,17
2023-24,2023-11-01,Hyundai,Hyundai Elantra,Sales,105,2023-24,17
2023-24,2023-12-01,Hyundai,Hyundai Elantra,Sales,39,2023-24,17
2023-24,2024-01-01,Hyundai,Hyundai Elantra,Sales,132,2023-24,17
2023-24,2024-02-01,Hyundai,Hyundai Elantra,Sales,89,2023-24,17
2023-24,2024-03-01,Hyundai,Hyundai Elantra,Sales,92,2023-24,17
2023-24,2024-04-01,Hyundai,Hyundai Elantra,Sales,111,2023-24,17
2023-24,2024-05-01,Hyundai,Hyundai Elantra,Sales,108,2023-24,17
2023-24,2024-06-01,Hyundai,Hyundai Elantra,Sales,196,2023-24,17
2023-24,2023-07-01,Hyundai,Hyundai Sonata,Production,194,2023-24,19
2023-24,2023-08-01,Hyundai,Hyundai Sonata,Production,142,2023-24,19
2023-24,2023-09-01,Hyundai,Hyundai Sonata,Production,106,2023-24,19
2023-24,2023-10-01,Hyundai,Hyundai Sonata,Production,77,2023-24,19
2023-24,2023-11-01,Hyundai,Hyundai Sonata,Production,51,2023-24,19
2023-24,2023-12-01,Hyundai,Hyundai Sonata,Production,52,2023-24,19
2023-24,2024-01-01,Hyundai,Hyundai Sonata,Production,4,2023-24,19
2023-24,2024-02-01,Hyundai,Hyundai Sonata,Production,2,2023-24,19
2023-24,2024-03-01,Hyundai,Hyundai Sonata,Production,115,2023-24,19
2023-24,2024-04-01,Hyundai,Hyundai Sonata,Production,5,2023-24,19
2023-24,2024-05-01,Hyundai,Hyundai Sonata,Production,0,2023-24,19
2023-24,2024-06-01,Hyundai,Hyundai Sonata,Production,23,2023-24,19
2023-24,2023-07-01,Hyundai,Hyundai Sonata,Sales,90,2023-24,20
2023-24,2023-08-01,Hyundai,Hyundai Sonata,Sales,101,2023-24,20
2023-24,2023-09-01,Hyundai,Hyundai Sonata,Sales,126,2023-24,20
2023-24,2023-10-01,Hyundai,Hyundai Sonata,Sales,38,2023-24,20
2023-24,2023-11-01,Hyundai,Hyundai Sonata,Sales,47,2023-24,20
2023-24,2023-12-01,Hyundai,Hyundai Sonata,Sales,27,2023-24,20
2023-24,2024-01-01,Hyundai,Hyundai Sonata,Sales,57,2023-24,20
2023-24,2024-02-01,Hyundai,Hyundai Sonata,Sales,55,2023-24,20
2023-24,2024-03-01,Hyundai,Hyundai Sonata,Sales,70,2023-24,20
2023-24,2024-04-01,Hyundai,Hyundai Sonata,Sales,95,2023-24,20
2023-24,2024-05-01,Hyundai,Hyundai Sonata,Sales,63,2023-24,20
2023-24,2024-06-01,Hyundai,Hyundai Sonata,Sales,112,2023-24,20
2023-24,2023-07-01,BAIC,BAIC D20,Production,0,2023-24,22
2023-24,2023-08-01,BAIC,BAIC D20,Production,0,2023-24,22
2023-24,2023-09-01,BAIC,BAIC D20,Production,0,2023-24,22
2023-24,2023-10-01,BAIC,BAIC D20,Production,0,2023-24,22
2023-24,2023-11-01,BAIC,BAIC D20,Production,0,2023-24,22
2023-24,2023-12-01,BAIC,BAIC D20,Production,0,2023-24,22
2023-24,2024-01-01,BAIC,BAIC D20,Production,0,2023-24,22
2023-24,2024-02-01,BAIC,BAIC D20,Production,0,2023-24,22
2023-24,2024-03-01,BAIC,BAIC D20,Production,0,2023-24,22
2023-24,2024-04-01,BAIC,BAIC D20,Production,0,2023-24,22
2023-24,2024-05-01,BAIC,BAIC D20,Production,0,2023-24,22
2023-24,2024-06-01,BAIC,BAIC D20,Production,0,2023-24,22
2023-24,2023-07-01,BAIC,BAIC D20,Sales,0,2023-24,23
2023-24,2023-08-01,BAIC,BAIC D20,Sales,0,2023-24,23
2023-24,2023-09-01,BAIC,BAIC D20,Sales,0,2023-24,23
2023-24,2023-10-01,BAIC,BAIC D20,Sales,0,2023-24,23
2023-24,2023-11-01,BAIC,BAIC D20,Sales,0,2023-24,23
2023-24,2023-12-01,BAIC,BAIC D20,Sales,0,2023-24,23
2023-24,2024-01-01,BAIC,BAIC D20,Sales,0,2023-24,23
2023-24,2024-02-01,BAIC,BAIC D20,Sales,0,2023-24,23
2023-24,2024-03-01,BAIC,BAIC D20,Sales,0,2023-24,23
2023-24,2024-04-01,BAIC,BAIC D20,Sales,0,2023-24,23
2023-24,2024-05-01,BAIC,BAIC D20,Sales,0,2023-24,23
2023-24,2024-06-01,BAIC,BAIC D20,Sales,0,2023-24,23
2023-24,2023-07-01,Suzuki,Suzuki Cultus,Production,0,2023-24,30
2023-24,2023-08-01,Suzuki,Suzuki Cultus,Production,158,2023-24,30
2023-24,2023-09-01,Suzuki,Suzuki Cultus,Production,147,2023-24,30
2023-24,2023-10-01,Suzuki,Suzuki Cultus,Production,173,2023-24,30
2023-24,2023-11-01,Suzuki,Suzuki Cultus,Production,225,2023-24,30
2023-24,2023-12-01,Suzuki,Suzuki Cultus,Production,359,2023-24,30
2023-24,2024-01-01,Suzuki,Suzuki Cultus,Production,288,2023-24,30
2023-24,2024-02-01,Suzuki,Suzuki Cultus,Production,240,2023-24,30
2023-24,2024-03-01,Suzuki,Suzuki Cultus,Production,192,2023-24,30
2023-24,2024-04-01,Suzuki,Suzuki Cultus,Production,287,2023-24,30
2023-24,2024-05-01,Suzuki,Suzuki Cultus,Production,383,2023-24,30
2023-24,2024-06-01,Suzuki,Suzuki Cultus,Production,237,2023-24,30
2023-24,2023-07-01,Suzuki,Suzuki Cultus,Sales,177,2023-24,31
2023-24,2023-08-01,Suzuki,Suzuki Cultus,Sales,305,2023-24,31
2023-24,2023-09-01,Suzuki,Suzuki Cultus,Sales,332,2023-24,31
2023-24,2023-10-01,Suzuki,Suzuki Cultus,Sales,328,2023-24,31
2023-24,2023-11-01,Suzuki,Suzuki Cultus,Sales,469,2023-24,31
2023-24,2023-12-01,Suzuki,Suzuki Cultus,Sales,297,2023-24,31
2023-24,2024-01-01,Suzuki,Suzuki Cultus,Sales,273,2023-24,31
2023-24,2024-02-01,Suzuki,Suzuki Cultus,Sales,320,2023-24,31
2023-24,2024-03-01,Suzuki,Suzuki Cultus,Sales,302,2023-24,31
2023-24,2024-04-01,Suzuki,Suzuki Cultus,Sales,320,2023-24,31
2023-24,2024-05-01,Suzuki,Suzuki Cultus,Sales,229,2023-24,31
2023-24,2024-06-01,Suzuki,Suzuki Cultus,Sales,526,2023-24,31
2023-24,2023-07-01,Suzuki,Suzuki WagonR,Production,203,2023-24,33
2023-24,2023-08-01,Suzuki,Suzuki WagonR,Production,229,2023-24,33
2023-24,2023-09-01,Suzuki,Suzuki WagonR,Production,142,2023-24,33
2023-24,2023-10-01,Suzuki,Suzuki WagonR,Production,155,2023-24,33
2023-24,2023-11-01,Suzuki,Suzuki WagonR,Production,0,2023-24,33
2023-24,2023-12-01,Suzuki,Suzuki WagonR,Production,0,2023-24,33
2023-24,2024-01-01,Suzuki,Suzuki WagonR,Production,0,2023-24,33
2023-24,2024-02-01,Suzuki,Suzuki WagonR,Production,97,2023-24,33
2023-24,2024-03-01,Suzuki,Suzuki WagonR,Production,144,2023-24,33
2023-24,2024-04-01,Suzuki,Suzuki WagonR,Production,287,2023-24,33
2023-24,2024-05-01,Suzuki,Suzuki WagonR,Production,240,2023-24,33
2023-24,2024-06-01,Suzuki,Suzuki WagonR,Production,286,2023-24,33
2023-24,2023-07-01,Suzuki,Suzuki WagonR,Sales,245,2023-24,34
2023-24,2023-08-01,Suzuki,Suzuki WagonR,Sales,359,2023-24,34
2023-24,2023-09-01,Suzuki,Suzuki WagonR,Sales,359,2023-24,34
2023-24,2023-10-01,Suzuki,Suzuki WagonR,Sales,197,2023-24,34
2023-24,2023-11-01,Suzuki,Suzuki WagonR,Sales,260,2023-24,34
2023-24,2023-12-01,Suzuki,Suzuki WagonR,Sales,409,2023-24,34
2023-24,2024-01-01,Suzuki,Suzuki WagonR,Sales,320,2023-24,34
2023-24,2024-02-01,Suzuki,Suzuki WagonR,Sales,136,2023-24,34
2023-24,2024-03-01,Suzuki,Suzuki WagonR,Sales,367,2023-24,34
2023-24,2024-04-01,Suzuki,Suzuki WagonR,Sales,318,2023-24,34
2023-24,2024-05-01,Suzuki,Suzuki WagonR,Sales,253,2023-24,34
2023-24,2024-06-01,Suzuki,Suzuki WagonR,Sales,372,2023-24,34
2023-24,2023-07-01,Suzuki,Suzuki Bolan,Production,90,2023-24,41
2023-24,2023-08-01,Suzuki,Suzuki Bolan,Production,141,2023-24,41
2023-24,2023-09-01,Suzuki,Suzuki Bolan,Production,155,2023-24,41
2023-24,2023-10-01,Suzuki,Suzuki Bolan,Production,157,2023-24,41
2023-24,2023-11-01,Suzuki,Suzuki Bolan,Production,39,2023-24,41
2023-24,2023-12-01,Suzuki,Suzuki Bolan,Production,292,2023-24,41
2023-24,2024-01-01,Suzuki,Suzuki Bolan,Production,192,2023-24,41
2023-24,2024-02-01,Suzuki,Suzuki Bolan,Production,192,2023-24,41
2023-24,2024-03-01,Suzuki,Suzuki Bolan,Production,191,2023-24,41
2023-24,2024-04-01,Suzuki,Suzuki Bolan,Production,202,2023-24,41
2023-24,2024-05-01,Suzuki,Suzuki Bolan,Production,840,2023-24,41
2023-24,2024-06-01,Suzuki,Suzuki Bolan,Production,995,2023-24,41
2023-24,2023-07-01,Suzuki,Suzuki Bolan,Sales,146,2023-24,42
2023-24,2023-08-01,Suzuki,Suzuki Bolan,Sales,166,2023-24,42
2023-24,2023-09-01,Suzuki,Suzuki Bolan,Sales,229,2023-24,42
2023-24,2023-10-01,Suzuki,Suzuki Bolan,Sales,143,2023-24,42
2023-24,2023-11-01,Suzuki,Suzuki Bolan,Sales,169,2023-24,42
2023-24,2023-12-01,Suzuki,Suzuki Bolan,Sales,326,2023-24,42
2023-24,2024-01-01,Suzuki,Suzuki Bolan,Sales,135,2023-24,42
2023-24,2024-02-01,Suzuki,Suzuki Bolan,Sales,183,2023-24,42
2023-24,2024-03-01,Suzuki,Suzuki Bolan,Sales,237,2023-24,42
2023-24,2024-04-01,Suzuki,Suzuki Bolan,Sales,237,2023-24,42
2023-24,2024-05-01,Suzuki,Suzuki Bolan,Sales,447,2023-24,42
2023-24,2024-06-01,Suzuki,Suzuki Bolan,Sales,356,2023-24,42
2023-24,2023-07-01,Suzuki,Suzuki Alto,Production,1233,2023-24,44
2023-24,2023-08-01,Suzuki,Suzuki Alto,Production,3404,2023-24,44
2023-24,2023-09-01,Suzuki,Suzuki Alto,Production,3031,2023-24,44
2023-24,2023-10-01,Suzuki,Suzuki Alto,Production,1676,2023-24,44
2023-24,2023-11-01,Suzuki,Suzuki Alto,Production,2304,2023-24,44
2023-24,2023-12-01,Suzuki,Suzuki Alto,Production,3755,2023-24,44
2023-24,2024-01-01,Suzuki,Suzuki Alto,Production,4411,2023-24,44
2023-24,2024-02-01,Suzuki,Suzuki Alto,Production,3654,2023-24,44
2023-24,2024-03-01,Suzuki,Suzuki Alto,Production,3159,2023-24,44
2023-24,2024-04-01,Suzuki,Suzuki Alto,Production,3020,2023-24,44
2023-24,2024-05-01,Suzuki,Suzuki Alto,Production,4096,2023-24,44
2023-24,2024-06-01,Suzuki,Suzuki Alto,Production,3317,2023-24,44
2023-24,2023-07-01,Suzuki,Suzuki Alto,Sales,1440,2023-24,45
2023-24,2023-08-01,Suzuki,Suzuki Alto,Sales,2769,2023-24,45
2023-24,2023-09-01,Suzuki,Suzuki Alto,Sales,2551,2023-24,45
2023-24,2023-10-01,Suzuki,Suzuki Alto,Sales,2602,2023-24,45
2023-24,2023-11-01,Suzuki,Suzuki Alto,Sales,1944,2023-24,45
2023-24,2023-12-01,Suzuki,Suzuki Alto,Sales,2099,2023-24,45
2023-24,2024-01-01,Suzuki,Suzuki Alto,Sales,2983,2023-24,45
2023-24,2024-02-01,Suzuki,Suzuki Alto,Sales,3373,2023-24,45
2023-24,2024-03-01,Suzuki,Suzuki Alto,Sales,2922,2023-24,45
2023-24,2024-04-01,Suzuki,Suzuki Alto,Sales,4786,2023-24,45
2023-24,2024-05-01,Suzuki,Suzuki Alto,Sales,4062,2023-24,45
2023-24,2024-06-01,Suzuki,Suzuki Alto,Sales,4352,2023-24,45
2024-25,2024-07-01,Honda,Honda Cars (Civic & City),Production,802,2024-25,7
2024-25,2024-08-01,Honda,Honda Cars (Civic & City),Production,1015,2024-25,7
2024-25,2024-09-01,Honda,Honda Cars (Civic & City),Production,1138,2024-25,7
2024-25,2024-10-01,Honda,Honda Cars (Civic & City),Production,1245,2024-25,7
2024-25,2024-11-01,Honda,Honda Cars (Civic & City),Production,1215,2024-25,7
2024-25,2024-12-01,Honda,Honda Cars (Civic & City),Production,1277,2024-25,7
2024-25,2025-01-01,Honda,Honda Cars (Civic & City),Production,1535,2024-25,7
2024-25,2025-02-01,Honda,Honda Cars (Civic & City),Production,1838,2024-25,7
2024-25,2025-03-01,Honda,Honda Cars (Civic & City),Production,940,2024-25,7
2024-25,2025-04-01,Honda,Honda Cars (Civic & City),Production,1549,2024-25,7
2024-25,2025-05-01,Honda,Honda Cars (Civic & City),Production,2210,2024-25,7
2024-25,2025-06-01,Honda,Honda Cars (Civic & City),Production,1478,2024-25,7
2024-25,2024-07-01,Honda,Honda Cars (Civic & City),Sales,790,2024-25,8
2024-25,2024-08-01,Honda,Honda Cars (Civic & City),Sales,1073,2024-25,8
2024-25,2024-09-01,Honda,Honda Cars (Civic & City),Sales,1143,2024-25,8
2024-25,2024-10-01,Honda,Honda Cars (Civic & City),Sales,1418,2024-25,8
2024-25,2024-11-01,Honda,Honda Cars (Civic & City),Sales,1010,2024-25,8
2024-25,2024-12-01,Honda,Honda Cars (Civic & City),Sales,970,2024-25,8
2024-25,2025-01-01,Honda,Honda Cars (Civic & City),Sales,1985,2024-25,8
2024-25,2025-02-01,Honda,Honda Cars (Civic & City),Sales,1876,2024-25,8
2024-25,2025-03-01,Honda,Honda Cars (Civic & City),Sales,1195,2024-25,8
2024-25,2025-04-01,Honda,Honda Cars (Civic & City),Sales,1574,2024-25,8
2024-25,2025-05-01,Honda,Honda Cars (Civic & City),Sales,1870,2024-25,8
2024-25,2025-06-01,Honda,Honda Cars (Civic & City),Sales,1710,2024-25,8
2024-25,2024-07-01,Suzuki,Suzuki Swift,Production,880,2024-25,10
2024-25,2024-08-01,Suzuki,Suzuki Swift,Production,365,2024-25,10
2024-25,2024-09-01,Suzuki,Suzuki Swift,Production,769,2024-25,10
2024-25,2024-10-01,Suzuki,Suzuki Swift,Production,588,2024-25,10
2024-25,2024-11-01,Suzuki,Suzuki Swift,Production,714,2024-25,10
2024-25,2024-12-01,Suzuki,Suzuki Swift,Production,682,2024-25,10
2024-25,2025-01-01,Suzuki,Suzuki Swift,Production,807,2024-25,10
2024-25,2025-02-01,Suzuki,Suzuki Swift,Production,633,2024-25,10
2024-25,2025-03-01,Suzuki,Suzuki Swift,Production,520,2024-25,10
2024-25,2025-04-01,Suzuki,Suzuki Swift,Production,863,2024-25,10
2024-25,2025-05-01,Suzuki,Suzuki Swift,Production,1106,2024-25,10
2024-25,2025-06-01,Suzuki,Suzuki Swift,Production,1390,2024-25,10
2024-25,2024-07-01,Suzuki,Suzuki Swift,Sales,502,2024-25,11
2024-25,2024-08-01,Suzuki,Suzuki Swift,Sales,559,2024-25,11
2024-25,2024-09-01,Suzuki,Suzuki Swift,Sales,608,2024-25,11
2024-25,2024-10-01,Suzuki,Suzuki Swift,Sales,330,2024-25,11
2024-25,2024-11-01,Suzuki,Suzuki Swift,Sales,917,2024-25,11
2024-25,2024-12-01,Suzuki,Suzuki Swift,Sales,668,2024-25,11
2024-25,2025-01-01,Suzuki,Suzuki Swift,Sales,1060,2024-25,11
2024-25,2025-02-01,Suzuki,Suzuki Swift,Sales,651,2024-25,11
2024-25,2025-03-01,Suzuki,Suzuki Swift,Sales,596,2024-25,11
2024-25,2025-04-01,Suzuki,Suzuki Swift,Sales,671,2024-25,11
2024-25,2025-05-01,Suzuki,Suzuki Swift,Sales,792,2024-25,11
2024-25,2025-06-01,Suzuki,Suzuki Swift,Sales,1784,2024-25,11
2024-25,2024-07-01,Toyota,"Toyota (Corolla, Yaris & Corolla Cross)",Production,1384,2024-25,13
2024-25,2024-08-01,Toyota,"Toyota (Corolla, Yaris & Corolla Cross)",Production,1870,2024-25,13
2024-25,2024-09-01,Toyota,"Toyota (Corolla, Yaris & Corolla Cross)",Production,1812,2024-25,13
2024-25,2024-10-01,Toyota,"Toyota (Corolla, Yaris & Corolla Cross)",Production,1906,2024-25,13
2024-25,2024-11-01,Toyota,"Toyota (Corolla, Yaris & Corolla Cross)",Production,1340,2024-25,13
2024-25,2024-12-01,Toyota,"Toyota (Corolla, Yaris & Corolla Cross)",Production,1102,2024-25,13
2024-25,2025-01-01,Toyota,"Toyota (Corolla, Yaris & Corolla Cross)",Production,2351,2024-25,13
2024-25,2025-02-01,Toyota,"Toyota (Corolla, Yaris & Corolla Cross)",Production,2074,2024-25,13
2024-25,2025-03-01,Toyota,"Toyota (Corolla, Yaris & Corolla Cross)",Production,2255,2024-25,13
2024-25,2025-04-01,Toyota,"Toyota (Corolla, Yaris & Corolla Cross)",Production,3000,2024-25,13
2024-25,2025-05-01,Toyota,"Toyota (Corolla, Yaris & Corolla Cross)",Production,3461,2024-25,13
2024-25,2025-06-01,Toyota,"Toyota (Corolla, Yaris & Corolla Cross)",Production,2566,2024-25,13
2024-25,2024-07-01,Toyota,"Toyota (Corolla, Yaris & Corolla Cross)",Sales,1106,2024-25,14
2024-25,2024-08-01,Toyota,"Toyota (Corolla, Yaris & Corolla Cross)",Sales,1565,2024-25,14
2024-25,2024-09-01,Toyota,"Toyota (Corolla, Yaris & Corolla Cross)",Sales,1883,2024-25,14
2024-25,2024-10-01,Toyota,"Toyota (Corolla, Yaris & Corolla Cross)",Sales,2101,2024-25,14
2024-25,2024-11-01,Toyota,"Toyota (Corolla, Yaris & Corolla Cross)",Sales,1822,2024-25,14
2024-25,2024-12-01,Toyota,"Toyota (Corolla, Yaris & Corolla Cross)",Sales,1156,2024-25,14
2024-25,2025-01-01,Toyota,"Toyota (Corolla, Yaris & Corolla Cross)",Sales,2149,2024-25,14
2024-25,2025-02-01,Toyota,"Toyota (Corolla, Yaris & Corolla Cross)",Sales,1820,2024-25,14
2024-25,2025-03-01,Toyota,"Toyota (Corolla, Yaris & Corolla Cross)",Sales,2378,2024-25,14
2024-25,2025-04-01,Toyota,"Toyota (Corolla, Yaris & Corolla Cross)",Sales,2516,2024-25,14
2024-25,2025-05-01,Toyota,"Toyota (Corolla, Yaris & Corolla Cross)",Sales,3814,2024-25,14
2024-25,2025-06-01,Toyota,"Toyota (Corolla, Yaris & Corolla Cross)",Sales,2902,2024-25,14
2024-25,2024-07-01,Hyundai,Hyundai Elantra,Production,64,2024-25,16
2024-25,2024-08-01,Hyundai,Hyundai Elantra,Production,74,2024-25,16
2024-25,2024-09-01,Hyundai,Hyundai Elantra,Production,2,2024-25,16
2024-25,2024-10-01,Hyundai,Hyundai Elantra,Production,190,2024-25,16
2024-25,2024-11-01,Hyundai,Hyundai Elantra,Production,187,2024-25,16
2024-25,2024-12-01,Hyundai,Hyundai Elantra,Production,179,2024-25,16
2024-25,2025-01-01,Hyundai,Hyundai Elantra,Production,187,2024-25,16
2024-25,2025-02-01,Hyundai,Hyundai Elantra,Production,252,2024-25,16
2024-25,2025-03-01,Hyundai,Hyundai Elantra,Production,375,2024-25,16
2024-25,2025-04-01,Hyundai,Hyundai Elantra,Production,143,2024-25,16
2024-25,2025-05-01,Hyundai,Hyundai Elantra,Production,33,2024-25,16
2024-25,2025-06-01,Hyundai,Hyundai Elantra,Production,72,2024-25,16
2024-25,2024-07-01,Hyundai,Hyundai Elantra,Sales,33,2024-25,17
2024-25,2024-08-01,Hyundai,Hyundai Elantra,Sales,70,2024-25,17
2024-25,2024-09-01,Hyundai,Hyundai Elantra,Sales,100,2024-25,17
2024-25,2024-10-01,Hyundai,Hyundai Elantra,Sales,105,2024-25,17
2024-25,2024-11-01,Hyundai,Hyundai Elantra,Sales,150,2024-25,17
2024-25,2024-12-01,Hyundai,Hyundai Elantra,Sales,145,2024-25,17
2024-25,2025-01-01,Hyundai,Hyundai Elantra,Sales,157,2024-25,17
2024-25,2025-02-01,Hyundai,Hyundai Elantra,Sales,205,2024-25,17
2024-25,2025-03-01,Hyundai,Hyundai Elantra,Sales,212,2024-25,17
2024-25,2025-04-01,Hyundai,Hyundai Elantra,Sales,218,2024-25,17
2024-25,2025-05-01,Hyundai,Hyundai Elantra,Sales,180,2024-25,17
2024-25,2025-06-01,Hyundai,Hyundai Elantra,Sales,275,2024-25,17
2024-25,2024-07-01,Hyundai,Hyundai Sonata,Production,27,2024-25,19
2024-25,2024-08-01,Hyundai,Hyundai Sonata,Production,70,2024-25,19
2024-25,2024-09-01,Hyundai,Hyundai Sonata,Production,112,2024-25,19
2024-25,2024-10-01,Hyundai,Hyundai Sonata,Production,60,2024-25,19
2024-25,2024-11-01,Hyundai,Hyundai Sonata,Production,28,2024-25,19
2024-25,2024-12-01,Hyundai,Hyundai Sonata,Production,75,2024-25,19
2024-25,2025-01-01,Hyundai,Hyundai Sonata,Production,137,2024-25,19
2024-25,2025-02-01,Hyundai,Hyundai Sonata,Production,114,2024-25,19
2024-25,2025-03-01,Hyundai,Hyundai Sonata,Production,63,2024-25,19
2024-25,2025-04-01,Hyundai,Hyundai Sonata,Production,183,2024-25,19
2024-25,2025-05-01,Hyundai,Hyundai Sonata,Production,123,2024-25,19
2024-25,2025-06-01,Hyundai,Hyundai Sonata,Production,133,2024-25,19
2024-25,2024-07-01,Hyundai,Hyundai Sonata,Sales,34,2024-25,20
2024-25,2024-08-01,Hyundai,Hyundai Sonata,Sales,63,2024-25,20
2024-25,2024-09-01,Hyundai,Hyundai Sonata,Sales,58,2024-25,20
2024-25,2024-10-01,Hyundai,Hyundai Sonata,Sales,43,2024-25,20
2024-25,2024-11-01,Hyundai,Hyundai Sonata,Sales,31,2024-25,20
2024-25,2024-12-01,Hyundai,Hyundai Sonata,Sales,38,2024-25,20
2024-25,2025-01-01,Hyundai,Hyundai Sonata,Sales,167,2024-25,20
2024-25,2025-02-01,Hyundai,Hyundai Sonata,Sales,148,2024-25,20
2024-25,2025-03-01,Hyundai,Hyundai Sonata,Sales,104,2024-25,20
2024-25,2025-04-01,Hyundai,Hyundai Sonata,Sales,196,2024-25,20
2024-25,2025-05-01,Hyundai,Hyundai Sonata,Sales,122,2024-25,20
2024-25,2025-06-01,Hyundai,Hyundai Sonata,Sales,100,2024-25,20
2024-25,2024-07-01,BAIC,BAIC D20 Sazgar,Production,0,2024-25,22
2024-25,2024-08-01,BAIC,BAIC D20 Sazgar,Production,0,2024-25,22
2024-25,2024-09-01,BAIC,BAIC D20 Sazgar,Production,0,2024-25,22
2024-25,2024-10-01,BAIC,BAIC D20 Sazgar,Production,0,2024-25,22
2024-25,2024-11-01,BAIC,BAIC D20 Sazgar,Production,0,2024-25,22
2024-25,2024-12-01,BAIC,BAIC D20 Sazgar,Production,0,2024-25,22
2024-25,2025-01-01,BAIC,BAIC D20 Sazgar,Production,0,2024-25,22
2024-25,2025-02-01,BAIC,BAIC D20 Sazgar,Production,0,2024-25,22
2024-25,2025-03-01,BAIC,BAIC D20 Sazgar,Production,0,2024-25,22
2024-25,2025-04-01,BAIC,BAIC D20 Sazgar,Production,0,2024-25,22
2024-25,2025-05-01,BAIC,BAIC D20 Sazgar,Production,0,2024-25,22
2024-25,2025-06-01,BAIC,BAIC D20 Sazgar,Production,0,2024-25,22
2024-25,2024-07-01,BAIC,BAIC D20 Sazgar,Sales,0,2024-25,23
2024-25,2024-08-01,BAIC,BAIC D20 Sazgar,Sales,0,2024-25,23
2024-25,2024-09-01,BAIC,BAIC D20 Sazgar,Sales,0,2024-25,23
2024-25,2024-10-01,BAIC,BAIC D20 Sazgar,Sales,0,2024-25,23
2024-25,2024-11-01,BAIC,BAIC D20 Sazgar,Sales,0,2024-25,23
2024-25,2024-12-01,BAIC,BAIC D20 Sazgar,Sales,0,2024-25,23
2024-25,2025-01-01,BAIC,BAIC D20 Sazgar,Sales,0,2024-25,23
2024-25,2025-02-01,BAIC,BAIC D20 Sazgar,Sales,0,2024-25,23
2024-25,2025-03-01,BAIC,BAIC D20 Sazgar,Sales,0,2024-25,23
2024-25,2025-04-01,BAIC,BAIC D20 Sazgar,Sales,0,2024-25,23
2024-25,2025-05-01,BAIC,BAIC D20 Sazgar,Sales,0,2024-25,23
2024-25,2025-06-01,BAIC,BAIC D20 Sazgar,Sales,4,2024-25,23
2024-25,2024-07-01,Suzuki,Suzuki Cultus,Production,149,2024-25,30
2024-25,2024-08-01,Suzuki,Suzuki Cultus,Production,45,2024-25,30
2024-25,2024-09-01,Suzuki,Suzuki Cultus,Production,77,2024-25,30
2024-25,2024-10-01,Suzuki,Suzuki Cultus,Production,310,2024-25,30
2024-25,2024-11-01,Suzuki,Suzuki Cultus,Production,245,2024-25,30
2024-25,2024-12-01,Suzuki,Suzuki Cultus,Production,382,2024-25,30
2024-25,2025-01-01,Suzuki,Suzuki Cultus,Production,383,2024-25,30
2024-25,2025-02-01,Suzuki,Suzuki Cultus,Production,289,2024-25,30
2024-25,2025-03-01,Suzuki,Suzuki Cultus,Production,144,2024-25,30
2024-25,2025-04-01,Suzuki,Suzuki Cultus,Production,235,2024-25,30
2024-25,2025-05-01,Suzuki,Suzuki Cultus,Production,547,2024-25,30
2024-25,2025-06-01,Suzuki,Suzuki Cultus,Production,514,2024-25,30
2024-25,2024-07-01,Suzuki,Suzuki Cultus,Sales,96,2024-25,31
2024-25,2024-08-01,Suzuki,Suzuki Cultus,Sales,131,2024-25,31
2024-25,2024-09-01,Suzuki,Suzuki Cultus,Sales,59,2024-25,31
2024-25,2024-10-01,Suzuki,Suzuki Cultus,Sales,343,2024-25,31
2024-25,2024-11-01,Suzuki,Suzuki Cultus,Sales,179,2024-25,31
2024-25,2024-12-01,Suzuki,Suzuki Cultus,Sales,322,2024-25,31
2024-25,2025-01-01,Suzuki,Suzuki Cultus,Sales,475,2024-25,31
2024-25,2025-02-01,Suzuki,Suzuki Cultus,Sales,282,2024-25,31
2024-25,2025-03-01,Suzuki,Suzuki Cultus,Sales,97,2024-25,31
2024-25,2025-04-01,Suzuki,Suzuki Cultus,Sales,146,2024-25,31
2024-25,2025-05-01,Suzuki,Suzuki Cultus,Sales,252,2024-25,31
2024-25,2025-06-01,Suzuki,Suzuki Cultus,Sales,523,2024-25,31
2024-25,2024-07-01,Suzuki,Suzuki WagonR,Production,195,2024-25,33
2024-25,2024-08-01,Suzuki,Suzuki WagonR,Production,110,2024-25,33
2024-25,2024-09-01,Suzuki,Suzuki WagonR,Production,191,2024-25,33
2024-25,2024-10-01,Suzuki,Suzuki WagonR,Production,207,2024-25,33
2024-25,2024-11-01,Suzuki,Suzuki WagonR,Production,289,2024-25,33
2024-25,2024-12-01,Suzuki,Suzuki WagonR,Production,237,2024-25,33
2024-25,2025-01-01,Suzuki,Suzuki WagonR,Production,147,2024-25,33
2024-25,2025-02-01,Suzuki,Suzuki WagonR,Production,167,2024-25,33
2024-25,2025-03-01,Suzuki,Suzuki WagonR,Production,94,2024-25,33
2024-25,2025-04-01,Suzuki,Suzuki WagonR,Production,155,2024-25,33
2024-25,2025-05-01,Suzuki,Suzuki WagonR,Production,322,2024-25,33
2024-25,2025-06-01,Suzuki,Suzuki WagonR,Production,1,2024-25,33
2024-25,2024-07-01,Suzuki,Suzuki WagonR,Sales,139,2024-25,34
2024-25,2024-08-01,Suzuki,Suzuki WagonR,Sales,190,2024-25,34
2024-25,2024-09-01,Suzuki,Suzuki WagonR,Sales,182,2024-25,34
2024-25,2024-10-01,Suzuki,Suzuki WagonR,Sales,226,2024-25,34
2024-25,2024-11-01,Suzuki,Suzuki WagonR,Sales,202,2024-25,34
2024-25,2024-12-01,Suzuki,Suzuki WagonR,Sales,220,2024-25,34
2024-25,2025-01-01,Suzuki,Suzuki WagonR,Sales,242,2024-25,34
2024-25,2025-02-01,Suzuki,Suzuki WagonR,Sales,207,2024-25,34
2024-25,2025-03-01,Suzuki,Suzuki WagonR,Sales,97,2024-25,34
2024-25,2025-04-01,Suzuki,Suzuki WagonR,Sales,84,2024-25,34
2024-25,2025-05-01,Suzuki,Suzuki WagonR,Sales,224,2024-25,34
2024-25,2025-06-01,Suzuki,Suzuki WagonR,Sales,153,2024-25,34
2024-25,2024-07-01,Suzuki,Suzuki Bolan,Production,398,2024-25,41
2024-25,2024-08-01,Suzuki,Suzuki Bolan,Production,281,2024-25,41
2024-25,2024-09-01,Suzuki,Suzuki Bolan,Production,1351,2024-25,41
2024-25,2024-10-01,Suzuki,Suzuki Bolan,Production,0,2024-25,41
2024-25,2024-11-01,Suzuki,Suzuki Bolan,Production,0,2024-25,41
2024-25,2024-12-01,Suzuki,Suzuki Bolan,Production,0,2024-25,41
2024-25,2025-01-01,Suzuki,Suzuki Bolan,Production,0,2024-25,41
2024-25,2025-02-01,Suzuki,Suzuki Bolan,Production,0,2024-25,41
2024-25,2025-03-01,Suzuki,Suzuki Bolan,Production,0,2024-25,41
2024-25,2025-04-01,Suzuki,Suzuki Bolan,Production,0,2024-25,41
2024-25,2025-05-01,Suzuki,Suzuki Bolan,Production,0,2024-25,41
2024-25,2025-06-01,Suzuki,Suzuki Bolan,Production,0,2024-25,41
2024-25,2024-07-01,Suzuki,Suzuki Bolan,Sales,288,2024-25,42
2024-25,2024-08-01,Suzuki,Suzuki Bolan,Sales,743,2024-25,42
2024-25,2024-09-01,Suzuki,Suzuki Bolan,Sales,615,2024-25,42
2024-25,2024-10-01,Suzuki,Suzuki Bolan,Sales,1044,2024-25,42
2024-25,2024-11-01,Suzuki,Suzuki Bolan,Sales,206,2024-25,42
2024-25,2024-12-01,Suzuki,Suzuki Bolan,Sales,117,2024-25,42
2024-25,2025-01-01,Suzuki,Suzuki Bolan,Sales,138,2024-25,42
2024-25,2025-02-01,Suzuki,Suzuki Bolan,Sales,9,2024-25,42
2024-25,2025-03-01,Suzuki,Suzuki Bolan,Sales,8,2024-25,42
2024-25,2025-04-01,Suzuki,Suzuki Bolan,Sales,0,2024-25,42
2024-25,2025-05-01,Suzuki,Suzuki Bolan,Sales,0,2024-25,42
2024-25,2025-06-01,Suzuki,Suzuki Bolan,Sales,0,2024-25,42
2024-25,2024-07-01,Suzuki,Suzuki Alto,Production,2715,2024-25,44
2024-25,2024-08-01,Suzuki,Suzuki Alto,Production,727,2024-25,44
2024-25,2024-09-01,Suzuki,Suzuki Alto,Production,4127,2024-25,44
2024-25,2024-10-01,Suzuki,Suzuki Alto,Production,3985,2024-25,44
2024-25,2024-11-01,Suzuki,Suzuki Alto,Production,3825,2024-25,44
2024-25,2024-12-01,Suzuki,Suzuki Alto,Production,4201,2024-25,44
2024-25,2025-01-01,Suzuki,Suzuki Alto,Production,4738,2024-25,44
2024-25,2025-02-01,Suzuki,Suzuki Alto,Production,4016,2024-25,44
2024-25,2025-03-01,Suzuki,Suzuki Alto,Production,2956,2024-25,44
2024-25,2025-04-01,Suzuki,Suzuki Alto,Production,3559,2024-25,44
2024-25,2025-05-01,Suzuki,Suzuki Alto,Production,3991,2024-25,44
2024-25,2025-06-01,Suzuki,Suzuki Alto,Production,5981,2024-25,44
2024-25,2024-07-01,Suzuki,Suzuki Alto,Sales,2869,2024-25,45
2024-25,2024-08-01,Suzuki,Suzuki Alto,Sales,2023,2024-25,45
2024-25,2024-09-01,Suzuki,Suzuki Alto,Sales,3146,2024-25,45
2024-25,2024-10-01,Suzuki,Suzuki Alto,Sales,4685,2024-25,45
2024-25,2024-11-01,Suzuki,Suzuki Alto,Sales,2756,2024-25,45
2024-25,2024-12-01,Suzuki,Suzuki Alto,Sales,4115,2024-25,45
2024-25,2025-01-01,Suzuki,Suzuki Alto,Sales,5039,2024-25,45
2024-25,2025-02-01,Suzuki,Suzuki Alto,Sales,3561,2024-25,45
2024-25,2025-03-01,Suzuki,Suzuki Alto,Sales,3090,2024-25,45
2024-25,2025-04-01,Suzuki,Suzuki Alto,Sales,2276,2024-25,45
2024-25,2025-05-01,Suzuki,Suzuki Alto,Sales,3409,2024-25,45
2024-25,2025-06-01,Suzuki,Suzuki Alto,Sales,9497,2024-25,45
2024-25,2024-07-01,Suzuki,Suzuki Every,Production,0,2024-25,47
2024-25,2024-08-01,Suzuki,Suzuki Every,Production,0,2024-25,47
2024-25,2024-09-01,Suzuki,Suzuki Every,Production,0,2024-25,47
2024-25,2024-10-01,Suzuki,Suzuki Every,Production,736,2024-25,47
2024-25,2024-11-01,Suzuki,Suzuki Every,Production,981,2024-25,47
2024-25,2024-12-01,Suzuki,Suzuki Every,Production,944,2024-25,47
2024-25,2025-01-01,Suzuki,Suzuki Every,Production,620,2024-25,47
2024-25,2025-02-01,Suzuki,Suzuki Every,Production,390,2024-25,47
2024-25,2025-03-01,Suzuki,Suzuki Every,Production,284,2024-25,47
2024-25,2025-04-01,Suzuki,Suzuki Every,Production,413,2024-25,47
2024-25,2025-05-01,Suzuki,Suzuki Every,Production,547,2024-25,47
2024-25,2025-06-01,Suzuki,Suzuki Every,Production,428,2024-25,47
2024-25,2024-07-01,Suzuki,Suzuki Every,Sales,0,2024-25,48
2024-25,2024-08-01,Suzuki,Suzuki Every,Sales,0,2024-25,48
2024-25,2024-09-01,Suzuki,Suzuki Every,Sales,0,2024-25,48
2024-25,2024-10-01,Suzuki,Suzuki Every,Sales,262,2024-25,48
2024-25,2024-11-01,Suzuki,Suzuki Every,Sales,636,2024-25,48
2024-25,2024-12-01,Suzuki,Suzuki Every,Sales,113,2024-25,48
2024-25,2025-01-01,Suzuki,Suzuki Every,Sales,456,2024-25,48
2024-25,2025-02-01,Suzuki,Suzuki Every,Sales,110,2024-25,48
2024-25,2025-03-01,Suzuki,Suzuki Every,Sales,353,2024-25,48
2024-25,2025-04-01,Suzuki,Suzuki Every,Sales,323,2024-25,48
2024-25,2025-05-01,Suzuki,Suzuki Every,Sales,456,2024-25,48
2024-25,2025-06-01,Suzuki,Suzuki Every,Sales,681,2024-25,48
2024-25,2024-07-01,Honri,DEWAN Honri-Ve,Production,0,2024-25,55
2024-25,2024-08-01,Honri,DEWAN Honri-Ve,Production,0,2024-25,55
2024-25,2024-09-01,Honri,DEWAN Honri-Ve,Production,0,2024-25,55
2024-25,2024-10-01,Honri,DEWAN Honri-Ve,Production,0,2024-25,55
2024-25,2024-11-01,Honri,DEWAN Honri-Ve,Production,70,2024-25,55
2024-25,2024-12-01,Honri,DEWAN Honri-Ve,Production,40,2024-25,55
2024-25,2025-01-01,Honri,DEWAN Honri-Ve,Production,20,2024-25,55
2024-25,2025-02-01,Honri,DEWAN Honri-Ve,Production,20,2024-25,55
2024-25,2025-03-01,Honri,DEWAN Honri-Ve,Production,0,2024-25,55
2024-25,2025-04-01,Honri,DEWAN Honri-Ve,Production,0,2024-25,55
2024-25,2025-05-01,Honri,DEWAN Honri-Ve,Production,20,2024-25,55
2024-25,2025-06-01,Honri,DEWAN Honri-Ve,Production,40,2024-25,55
2024-25,2024-07-01,Honri,DEWAN Honri-Ve,Sales,0,2024-25,56
2024-25,2024-08-01,Honri,DEWAN Honri-Ve,Sales,0,2024-25,56
2024-25,2024-09-01,Honri,DEWAN Honri-Ve,Sales,0,2024-25,56
2024-25,2024-10-01,Honri,DEWAN Honri-Ve,Sales,0,2024-25,56
2024-25,2024-11-01,Honri,DEWAN Honri-Ve,Sales,63,2024-25,56
2024-25,2024-12-01,Honri,DEWAN Honri-Ve,Sales,41,2024-25,56
2024-25,2025-01-01,Honri,DEWAN Honri-Ve,Sales,15,2024-25,56
2024-25,2025-02-01,Honri,DEWAN Honri-Ve,Sales,13,2024-25,56
2024-25,2025-03-01,Honri,DEWAN Honri-Ve,Sales,0,2024-25,56
2024-25,2025-04-01,Honri,DEWAN Honri-Ve,Sales,0,2024-25,56
2024-25,2025-05-01,Honri,DEWAN Honri-Ve,Sales,24,2024-25,56
2024-25,2025-06-01,Honri,DEWAN Honri-Ve,Sales,30,2024-25,56
2025-26,2025-07-01,Honda,Honda Cars (Civic & City),Production,1169,2025-26,7
2025-26,2025-08-01,Honda,Honda Cars (Civic & City),Production,968,2025-26,7
2025-26,2025-09-01,Honda,Honda Cars (Civic & City),Production,1939,2025-26,7
2025-26,2025-10-01,Honda,Honda Cars (Civic & City),Production,2351,2025-26,7
2025-26,2025-11-01,Honda,Honda Cars (Civic & City),Production,2198,2025-26,7
2025-26,2025-12-01,Honda,Honda Cars (Civic & City),Production,2129,2025-26,7
2025-26,2026-01-01,Honda,Honda Cars (Civic & City),Production,3188,2025-26,7
2025-26,2026-02-01,Honda,Honda Cars (Civic & City),Production,1938,2025-26,7
2025-26,2026-03-01,Honda,Honda Cars (Civic & City),Production,1833,2025-26,7
2025-26,2026-04-01,Honda,Honda Cars (Civic & City),Production,2413,2025-26,7
2025-26,2026-05-01,Honda,Honda Cars (Civic & City),Production,1923,2025-26,7
2025-26,2026-06-01,Honda,Honda Cars (Civic & City),Production,2692,2025-26,7
2025-26,2025-07-01,Honda,Honda Cars (Civic & City),Sales,1143,2025-26,8
2025-26,2025-08-01,Honda,Honda Cars (Civic & City),Sales,699,2025-26,8
2025-26,2025-09-01,Honda,Honda Cars (Civic & City),Sales,1977,2025-26,8
2025-26,2025-10-01,Honda,Honda Cars (Civic & City),Sales,2247,2025-26,8
2025-26,2025-11-01,Honda,Honda Cars (Civic & City),Sales,2359,2025-26,8
2025-26,2025-12-01,Honda,Honda Cars (Civic & City),Sales,1739,2025-26,8
2025-26,2026-01-01,Honda,Honda Cars (Civic & City),Sales,3364,2025-26,8
2025-26,2026-02-01,Honda,Honda Cars (Civic & City),Sales,1861,2025-26,8
2025-26,2026-03-01,Honda,Honda Cars (Civic & City),Sales,2049,2025-26,8
2025-26,2026-04-01,Honda,Honda Cars (Civic & City),Sales,2432,2025-26,8
2025-26,2026-05-01,Honda,Honda Cars (Civic & City),Sales,1952,2025-26,8
2025-26,2026-06-01,Honda,Honda Cars (Civic & City),Sales,2594,2025-26,8
2025-26,2025-07-01,Suzuki,Suzuki Swift,Production,648,2025-26,10
2025-26,2025-08-01,Suzuki,Suzuki Swift,Production,1591,2025-26,10
2025-26,2025-09-01,Suzuki,Suzuki Swift,Production,1394,2025-26,10
2025-26,2025-10-01,Suzuki,Suzuki Swift,Production,1078,2025-26,10
2025-26,2025-11-01,Suzuki,Suzuki Swift,Production,1101,2025-26,10
2025-26,2025-12-01,Suzuki,Suzuki Swift,Production,1331,2025-26,10
2025-26,2026-01-01,Suzuki,Suzuki Swift,Production,2074,2025-26,10
2025-26,2026-02-01,Suzuki,Suzuki Swift,Production,1467,2025-26,10
2025-26,2026-03-01,Suzuki,Suzuki Swift,Production,1299,2025-26,10
2025-26,2026-04-01,Suzuki,Suzuki Swift,Production,2138,2025-26,10
2025-26,2026-05-01,Suzuki,Suzuki Swift,Production,1559,2025-26,10
2025-26,2026-06-01,Suzuki,Suzuki Swift,Production,1904,2025-26,10
2025-26,2025-07-01,Suzuki,Suzuki Swift,Sales,522,2025-26,11
2025-26,2025-08-01,Suzuki,Suzuki Swift,Sales,1473,2025-26,11
2025-26,2025-09-01,Suzuki,Suzuki Swift,Sales,1403,2025-26,11
2025-26,2025-10-01,Suzuki,Suzuki Swift,Sales,1170,2025-26,11
2025-26,2025-11-01,Suzuki,Suzuki Swift,Sales,1367,2025-26,11
2025-26,2025-12-01,Suzuki,Suzuki Swift,Sales,1009,2025-26,11
2025-26,2026-01-01,Suzuki,Suzuki Swift,Sales,1977,2025-26,11
2025-26,2026-02-01,Suzuki,Suzuki Swift,Sales,1634,2025-26,11
2025-26,2026-03-01,Suzuki,Suzuki Swift,Sales,992,2025-26,11
2025-26,2026-04-01,Suzuki,Suzuki Swift,Sales,2205,2025-26,11
2025-26,2026-05-01,Suzuki,Suzuki Swift,Sales,1656,2025-26,11
2025-26,2026-06-01,Suzuki,Suzuki Swift,Sales,1668,2025-26,11
2025-26,2025-07-01,Toyota,"Toyota (Corolla, Yaris & Corolla Cross)",Production,2484,2025-26,13
2025-26,2025-08-01,Toyota,"Toyota (Corolla, Yaris & Corolla Cross)",Production,2614,2025-26,13
2025-26,2025-09-01,Toyota,"Toyota (Corolla, Yaris & Corolla Cross)",Production,2708,2025-26,13
2025-26,2025-10-01,Toyota,"Toyota (Corolla, Yaris & Corolla Cross)",Production,3809,2025-26,13
2025-26,2025-11-01,Toyota,"Toyota (Corolla, Yaris & Corolla Cross)",Production,3056,2025-26,13
2025-26,2025-12-01,Toyota,"Toyota (Corolla, Yaris & Corolla Cross)",Production,1959,2025-26,13
2025-26,2026-01-01,Toyota,"Toyota (Corolla, Yaris & Corolla Cross)",Production,4999,2025-26,13
2025-26,2026-02-01,Toyota,"Toyota (Corolla, Yaris & Corolla Cross)",Production,2846,2025-26,13
2025-26,2026-03-01,Toyota,"Toyota (Corolla, Yaris & Corolla Cross)",Production,2793,2025-26,13
2025-26,2026-04-01,Toyota,"Toyota (Corolla, Yaris & Corolla Cross)",Production,3472,2025-26,13
2025-26,2026-05-01,Toyota,"Toyota (Corolla, Yaris & Corolla Cross)",Production,2777,2025-26,13
2025-26,2026-06-01,Toyota,"Toyota (Corolla, Yaris & Corolla Cross)",Production,3100,2025-26,13
2025-26,2025-07-01,Toyota,"Toyota (Corolla, Yaris & Corolla Cross)",Sales,2418,2025-26,14
2025-26,2025-08-01,Toyota,"Toyota (Corolla, Yaris & Corolla Cross)",Sales,2553,2025-26,14
2025-26,2025-09-01,Toyota,"Toyota (Corolla, Yaris & Corolla Cross)",Sales,2655,2025-26,14
2025-26,2025-10-01,Toyota,"Toyota (Corolla, Yaris & Corolla Cross)",Sales,3742,2025-26,14
2025-26,2025-11-01,Toyota,"Toyota (Corolla, Yaris & Corolla Cross)",Sales,3236,2025-26,14
2025-26,2025-12-01,Toyota,"Toyota (Corolla, Yaris & Corolla Cross)",Sales,2116,2025-26,14
2025-26,2026-01-01,Toyota,"Toyota (Corolla, Yaris & Corolla Cross)",Sales,4078,2025-26,14
2025-26,2026-02-01,Toyota,"Toyota (Corolla, Yaris & Corolla Cross)",Sales,3102,2025-26,14
2025-26,2026-03-01,Toyota,"Toyota (Corolla, Yaris & Corolla Cross)",Sales,3145,2025-26,14
2025-26,2026-04-01,Toyota,"Toyota (Corolla, Yaris & Corolla Cross)",Sales,3451,2025-26,14
2025-26,2026-05-01,Toyota,"Toyota (Corolla, Yaris & Corolla Cross)",Sales,2685,2025-26,14
2025-26,2026-06-01,Toyota,"Toyota (Corolla, Yaris & Corolla Cross)",Sales,2650,2025-26,14
2025-26,2025-07-01,Hyundai,Hyundai Elantra,Production,210,2025-26,16
2025-26,2025-08-01,Hyundai,Hyundai Elantra,Production,220,2025-26,16
2025-26,2025-09-01,Hyundai,Hyundai Elantra,Production,222,2025-26,16
2025-26,2025-10-01,Hyundai,Hyundai Elantra,Production,500,2025-26,16
2025-26,2025-11-01,Hyundai,Hyundai Elantra,Production,486,2025-26,16
2025-26,2025-12-01,Hyundai,Hyundai Elantra,Production,201,2025-26,16
2025-26,2026-01-01,Hyundai,Hyundai Elantra,Production,38,2025-26,16
2025-26,2026-02-01,Hyundai,Hyundai Elantra,Production,265,2025-26,16
2025-26,2026-03-01,Hyundai,Hyundai Elantra,Production,165,2025-26,16
2025-26,2026-04-01,Hyundai,Hyundai Elantra,Production,203,2025-26,16
2025-26,2026-05-01,Hyundai,Hyundai Elantra,Production,182,2025-26,16
2025-26,2026-06-01,Hyundai,Hyundai Elantra,Production,97,2025-26,16
2025-26,2025-07-01,Hyundai,Hyundai Elantra,Sales,141,2025-26,17
2025-26,2025-08-01,Hyundai,Hyundai Elantra,Sales,145,2025-26,17
2025-26,2025-09-01,Hyundai,Hyundai Elantra,Sales,131,2025-26,17
2025-26,2025-10-01,Hyundai,Hyundai Elantra,Sales,325,2025-26,17
2025-26,2025-11-01,Hyundai,Hyundai Elantra,Sales,283,2025-26,17
2025-26,2025-12-01,Hyundai,Hyundai Elantra,Sales,221,2025-26,17
2025-26,2026-01-01,Hyundai,Hyundai Elantra,Sales,304,2025-26,17
2025-26,2026-02-01,Hyundai,Hyundai Elantra,Sales,193,2025-26,17
2025-26,2026-03-01,Hyundai,Hyundai Elantra,Sales,218,2025-26,17
2025-26,2026-04-01,Hyundai,Hyundai Elantra,Sales,428,2025-26,17
2025-26,2026-05-01,Hyundai,Hyundai Elantra,Sales,209,2025-26,17
2025-26,2026-06-01,Hyundai,Hyundai Elantra,Sales,237,2025-26,17
2025-26,2025-07-01,Hyundai,Hyundai Sonata,Production,141,2025-26,19
2025-26,2025-08-01,Hyundai,Hyundai Sonata,Production,85,2025-26,19
2025-26,2025-09-01,Hyundai,Hyundai Sonata,Production,63,2025-26,19
2025-26,2025-10-01,Hyundai,Hyundai Sonata,Production,48,2025-26,19
2025-26,2025-11-01,Hyundai,Hyundai Sonata,Production,13,2025-26,19
2025-26,2025-12-01,Hyundai,Hyundai Sonata,Production,0,2025-26,19
2025-26,2026-01-01,Hyundai,Hyundai Sonata,Production,60,2025-26,19
2025-26,2026-02-01,Hyundai,Hyundai Sonata,Production,25,2025-26,19
2025-26,2026-03-01,Hyundai,Hyundai Sonata,Production,34,2025-26,19
2025-26,2026-04-01,Hyundai,Hyundai Sonata,Production,56,2025-26,19
2025-26,2026-05-01,Hyundai,Hyundai Sonata,Production,29,2025-26,19
2025-26,2026-06-01,Hyundai,Hyundai Sonata,Production,87,2025-26,19
2025-26,2025-07-01,Hyundai,Hyundai Sonata,Sales,66,2025-26,20
2025-26,2025-08-01,Hyundai,Hyundai Sonata,Sales,58,2025-26,20
2025-26,2025-09-01,Hyundai,Hyundai Sonata,Sales,58,2025-26,20
2025-26,2025-10-01,Hyundai,Hyundai Sonata,Sales,45,2025-26,20
2025-26,2025-11-01,Hyundai,Hyundai Sonata,Sales,25,2025-26,20
2025-26,2025-12-01,Hyundai,Hyundai Sonata,Sales,78,2025-26,20
2025-26,2026-01-01,Hyundai,Hyundai Sonata,Sales,40,2025-26,20
2025-26,2026-02-01,Hyundai,Hyundai Sonata,Sales,43,2025-26,20
2025-26,2026-03-01,Hyundai,Hyundai Sonata,Sales,43,2025-26,20
2025-26,2026-04-01,Hyundai,Hyundai Sonata,Sales,34,2025-26,20
2025-26,2026-05-01,Hyundai,Hyundai Sonata,Sales,31,2025-26,20
2025-26,2026-06-01,Hyundai,Hyundai Sonata,Sales,51,2025-26,20
2025-26,2025-07-01,BAIC,BAIC D20 Sazgar,Production,0,2025-26,22
2025-26,2025-08-01,BAIC,BAIC D20 Sazgar,Production,0,2025-26,22
2025-26,2025-09-01,BAIC,BAIC D20 Sazgar,Production,0,2025-26,22
2025-26,2025-10-01,BAIC,BAIC D20 Sazgar,Production,0,2025-26,22
2025-26,2025-11-01,BAIC,BAIC D20 Sazgar,Production,0,2025-26,22
2025-26,2025-12-01,BAIC,BAIC D20 Sazgar,Production,0,2025-26,22
2025-26,2026-01-01,BAIC,BAIC D20 Sazgar,Production,0,2025-26,22
2025-26,2026-02-01,BAIC,BAIC D20 Sazgar,Production,0,2025-26,22
2025-26,2026-03-01,BAIC,BAIC D20 Sazgar,Production,0,2025-26,22
2025-26,2026-04-01,BAIC,BAIC D20 Sazgar,Production,0,2025-26,22
2025-26,2026-05-01,BAIC,BAIC D20 Sazgar,Production,0,2025-26,22
2025-26,2026-06-01,BAIC,BAIC D20 Sazgar,Production,0,2025-26,22
2025-26,2025-07-01,BAIC,BAIC D20 Sazgar,Sales,0,2025-26,23
2025-26,2025-08-01,BAIC,BAIC D20 Sazgar,Sales,0,2025-26,23
2025-26,2025-09-01,BAIC,BAIC D20 Sazgar,Sales,0,2025-26,23
2025-26,2025-10-01,BAIC,BAIC D20 Sazgar,Sales,0,2025-26,23
2025-26,2025-11-01,BAIC,BAIC D20 Sazgar,Sales,0,2025-26,23
2025-26,2025-12-01,BAIC,BAIC D20 Sazgar,Sales,0,2025-26,23
2025-26,2026-01-01,BAIC,BAIC D20 Sazgar,Sales,0,2025-26,23
2025-26,2026-02-01,BAIC,BAIC D20 Sazgar,Sales,0,2025-26,23
2025-26,2026-03-01,BAIC,BAIC D20 Sazgar,Sales,0,2025-26,23
2025-26,2026-04-01,BAIC,BAIC D20 Sazgar,Sales,0,2025-26,23
2025-26,2026-05-01,BAIC,BAIC D20 Sazgar,Sales,0,2025-26,23
2025-26,2026-06-01,BAIC,BAIC D20 Sazgar,Sales,0,2025-26,23
2025-26,2025-07-01,Suzuki,Suzuki Cultus,Production,209,2025-26,30
2025-26,2025-08-01,Suzuki,Suzuki Cultus,Production,490,2025-26,30
2025-26,2025-09-01,Suzuki,Suzuki Cultus,Production,517,2025-26,30
2025-26,2025-10-01,Suzuki,Suzuki Cultus,Production,332,2025-26,30
2025-26,2025-11-01,Suzuki,Suzuki Cultus,Production,390,2025-26,30
2025-26,2025-12-01,Suzuki,Suzuki Cultus,Production,267,2025-26,30
2025-26,2026-01-01,Suzuki,Suzuki Cultus,Production,414,2025-26,30
2025-26,2026-02-01,Suzuki,Suzuki Cultus,Production,506,2025-26,30
2025-26,2026-03-01,Suzuki,Suzuki Cultus,Production,263,2025-26,30
2025-26,2026-04-01,Suzuki,Suzuki Cultus,Production,506,2025-26,30
2025-26,2026-05-01,Suzuki,Suzuki Cultus,Production,466,2025-26,30
2025-26,2026-06-01,Suzuki,Suzuki Cultus,Production,554,2025-26,30
2025-26,2025-07-01,Suzuki,Suzuki Cultus,Sales,239,2025-26,31
2025-26,2025-08-01,Suzuki,Suzuki Cultus,Sales,497,2025-26,31
2025-26,2025-09-01,Suzuki,Suzuki Cultus,Sales,427,2025-26,31
2025-26,2025-10-01,Suzuki,Suzuki Cultus,Sales,517,2025-26,31
2025-26,2025-11-01,Suzuki,Suzuki Cultus,Sales,485,2025-26,31
2025-26,2025-12-01,Suzuki,Suzuki Cultus,Sales,303,2025-26,31
2025-26,2026-01-01,Suzuki,Suzuki Cultus,Sales,495,2025-26,31
2025-26,2026-02-01,Suzuki,Suzuki Cultus,Sales,460,2025-26,31
2025-26,2026-03-01,Suzuki,Suzuki Cultus,Sales,294,2025-26,31
2025-26,2026-04-01,Suzuki,Suzuki Cultus,Sales,489,2025-26,31
2025-26,2026-05-01,Suzuki,Suzuki Cultus,Sales,255,2025-26,31
2025-26,2026-06-01,Suzuki,Suzuki Cultus,Sales,439,2025-26,31
2025-26,2025-07-01,Suzuki,Suzuki WagonR,Production,0,2025-26,33
2025-26,2025-08-01,Suzuki,Suzuki WagonR,Production,0,2025-26,33
2025-26,2025-09-01,Suzuki,Suzuki WagonR,Production,0,2025-26,33
2025-26,2025-10-01,Suzuki,Suzuki WagonR,Production,0,2025-26,33
2025-26,2025-11-01,Suzuki,Suzuki WagonR,Production,0,2025-26,33
2025-26,2025-12-01,Suzuki,Suzuki WagonR,Production,0,2025-26,33
2025-26,2026-01-01,Suzuki,Suzuki WagonR,Production,0,2025-26,33
2025-26,2026-02-01,Suzuki,Suzuki WagonR,Production,0,2025-26,33
2025-26,2026-03-01,Suzuki,Suzuki WagonR,Production,0,2025-26,33
2025-26,2026-04-01,Suzuki,Suzuki WagonR,Production,0,2025-26,33
2025-26,2026-05-01,Suzuki,Suzuki WagonR,Production,0,2025-26,33
2025-26,2026-06-01,Suzuki,Suzuki WagonR,Production,0,2025-26,33
2025-26,2025-07-01,Suzuki,Suzuki WagonR,Sales,25,2025-26,34
2025-26,2025-08-01,Suzuki,Suzuki WagonR,Sales,22,2025-26,34
2025-26,2025-09-01,Suzuki,Suzuki WagonR,Sales,6,2025-26,34
2025-26,2025-10-01,Suzuki,Suzuki WagonR,Sales,0,2025-26,34
2025-26,2025-11-01,Suzuki,Suzuki WagonR,Sales,0,2025-26,34
2025-26,2025-12-01,Suzuki,Suzuki WagonR,Sales,0,2025-26,34
2025-26,2026-01-01,Suzuki,Suzuki WagonR,Sales,0,2025-26,34
2025-26,2026-02-01,Suzuki,Suzuki WagonR,Sales,0,2025-26,34
2025-26,2026-03-01,Suzuki,Suzuki WagonR,Sales,0,2025-26,34
2025-26,2026-04-01,Suzuki,Suzuki WagonR,Sales,0,2025-26,34
2025-26,2026-05-01,Suzuki,Suzuki WagonR,Sales,0,2025-26,34
2025-26,2026-06-01,Suzuki,Suzuki WagonR,Sales,0,2025-26,34
2025-26,2025-07-01,Suzuki,Suzuki Bolan,Production,0,2025-26,41
2025-26,2025-08-01,Suzuki,Suzuki Bolan,Production,0,2025-26,41
2025-26,2025-09-01,Suzuki,Suzuki Bolan,Production,0,2025-26,41
2025-26,2025-10-01,Suzuki,Suzuki Bolan,Production,0,2025-26,41
2025-26,2025-11-01,Suzuki,Suzuki Bolan,Production,0,2025-26,41
2025-26,2025-12-01,Suzuki,Suzuki Bolan,Production,0,2025-26,41
2025-26,2026-01-01,Suzuki,Suzuki Bolan,Production,0,2025-26,41
2025-26,2026-02-01,Suzuki,Suzuki Bolan,Production,0,2025-26,41
2025-26,2026-03-01,Suzuki,Suzuki Bolan,Production,0,2025-26,41
2025-26,2026-04-01,Suzuki,Suzuki Bolan,Production,0,2025-26,41
2025-26,2026-05-01,Suzuki,Suzuki Bolan,Production,0,2025-26,41
2025-26,2026-06-01,Suzuki,Suzuki Bolan,Production,0,2025-26,41
2025-26,2025-07-01,Suzuki,Suzuki Bolan,Sales,0,2025-26,42
2025-26,2025-08-01,Suzuki,Suzuki Bolan,Sales,0,2025-26,42
2025-26,2025-09-01,Suzuki,Suzuki Bolan,Sales,0,2025-26,42
2025-26,2025-10-01,Suzuki,Suzuki Bolan,Sales,0,2025-26,42
2025-26,2025-11-01,Suzuki,Suzuki Bolan,Sales,0,2025-26,42
2025-26,2025-12-01,Suzuki,Suzuki Bolan,Sales,0,2025-26,42
2025-26,2026-01-01,Suzuki,Suzuki Bolan,Sales,0,2025-26,42
2025-26,2026-02-01,Suzuki,Suzuki Bolan,Sales,0,2025-26,42
2025-26,2026-03-01,Suzuki,Suzuki Bolan,Sales,0,2025-26,42
2025-26,2026-04-01,Suzuki,Suzuki Bolan,Sales,0,2025-26,42
2025-26,2026-05-01,Suzuki,Suzuki Bolan,Sales,0,2025-26,42
2025-26,2026-06-01,Suzuki,Suzuki Bolan,Sales,0,2025-26,42
2025-26,2025-07-01,Suzuki,Suzuki Alto,Production,4808,2025-26,44
2025-26,2025-08-01,Suzuki,Suzuki Alto,Production,6238,2025-26,44
2025-26,2025-09-01,Suzuki,Suzuki Alto,Production,6319,2025-26,44
2025-26,2025-10-01,Suzuki,Suzuki Alto,Production,6395,2025-26,44
2025-26,2025-11-01,Suzuki,Suzuki Alto,Production,5124,2025-26,44
2025-26,2025-12-01,Suzuki,Suzuki Alto,Production,4388,2025-26,44
2025-26,2026-01-01,Suzuki,Suzuki Alto,Production,6290,2025-26,44
2025-26,2026-02-01,Suzuki,Suzuki Alto,Production,4236,2025-26,44
2025-26,2026-03-01,Suzuki,Suzuki Alto,Production,3918,2025-26,44
2025-26,2026-04-01,Suzuki,Suzuki Alto,Production,6081,2025-26,44
2025-26,2026-05-01,Suzuki,Suzuki Alto,Production,4467,2025-26,44
2025-26,2026-06-01,Suzuki,Suzuki Alto,Production,5921,2025-26,44
2025-26,2025-07-01,Suzuki,Suzuki Alto,Sales,2327,2025-26,45
2025-26,2025-08-01,Suzuki,Suzuki Alto,Sales,4193,2025-26,45
2025-26,2025-09-01,Suzuki,Suzuki Alto,Sales,4718,2025-26,45
2025-26,2025-10-01,Suzuki,Suzuki Alto,Sales,4931,2025-26,45
2025-26,2025-11-01,Suzuki,Suzuki Alto,Sales,4069,2025-26,45
2025-26,2025-12-01,Suzuki,Suzuki Alto,Sales,3863,2025-26,45
2025-26,2026-01-01,Suzuki,Suzuki Alto,Sales,7071,2025-26,45
2025-26,2026-02-01,Suzuki,Suzuki Alto,Sales,5522,2025-26,45
2025-26,2026-03-01,Suzuki,Suzuki Alto,Sales,4571,2025-26,45
2025-26,2026-04-01,Suzuki,Suzuki Alto,Sales,7567,2025-26,45
2025-26,2026-05-01,Suzuki,Suzuki Alto,Sales,5964,2025-26,45
2025-26,2026-06-01,Suzuki,Suzuki Alto,Sales,7239,2025-26,45
2025-26,2025-07-01,Suzuki,Suzuki Every,Production,162,2025-26,47
2025-26,2025-08-01,Suzuki,Suzuki Every,Production,364,2025-26,47
2025-26,2025-09-01,Suzuki,Suzuki Every,Production,476,2025-26,47
2025-26,2025-10-01,Suzuki,Suzuki Every,Production,579,2025-26,47
2025-26,2025-11-01,Suzuki,Suzuki Every,Production,560,2025-26,47
2025-26,2025-12-01,Suzuki,Suzuki Every,Production,448,2025-26,47
2025-26,2026-01-01,Suzuki,Suzuki Every,Production,752,2025-26,47
2025-26,2026-02-01,Suzuki,Suzuki Every,Production,564,2025-26,47
2025-26,2026-03-01,Suzuki,Suzuki Every,Production,506,2025-26,47
2025-26,2026-04-01,Suzuki,Suzuki Every,Production,787,2025-26,47
2025-26,2026-05-01,Suzuki,Suzuki Every,Production,367,2025-26,47
2025-26,2026-06-01,Suzuki,Suzuki Every,Production,794,2025-26,47
2025-26,2025-07-01,Suzuki,Suzuki Every,Sales,230,2025-26,48
2025-26,2025-08-01,Suzuki,Suzuki Every,Sales,376,2025-26,48
2025-26,2025-09-01,Suzuki,Suzuki Every,Sales,721,2025-26,48
2025-26,2025-10-01,Suzuki,Suzuki Every,Sales,516,2025-26,48
2025-26,2025-11-01,Suzuki,Suzuki Every,Sales,572,2025-26,48
2025-26,2025-12-01,Suzuki,Suzuki Every,Sales,1330,2025-26,48
2025-26,2026-01-01,Suzuki,Suzuki Every,Sales,1235,2025-26,48
2025-26,2026-02-01,Suzuki,Suzuki Every,Sales,540,2025-26,48
2025-26,2026-03-01,Suzuki,Suzuki Every,Sales,390,2025-26,48
2025-26,2026-04-01,Suzuki,Suzuki Every,Sales,751,2025-26,48
2025-26,2026-05-01,Suzuki,Suzuki Every,Sales,429,2025-26,48
2025-26,2026-06-01,Suzuki,Suzuki Every,Sales,480,2025-26,48
2025-26,2025-07-01,Honri,DEWAN Honri-Ve,Production,25,2025-26,55
2025-26,2025-08-01,Honri,DEWAN Honri-Ve,Production,20,2025-26,55
2025-26,2025-09-01,Honri,DEWAN Honri-Ve,Production,30,2025-26,55
2025-26,2025-10-01,Honri,DEWAN Honri-Ve,Production,20,2025-26,55
2025-26,2025-11-01,Honri,DEWAN Honri-Ve,Production,30,2025-26,55
2025-26,2025-12-01,Honri,DEWAN Honri-Ve,Production,12,2025-26,55
2025-26,2026-01-01,Honri,DEWAN Honri-Ve,Production,38,2025-26,55
2025-26,2026-02-01,Honri,DEWAN Honri-Ve,Production,33,2025-26,55
2025-26,2026-03-01,Honri,DEWAN Honri-Ve,Production,32,2025-26,55
2025-26,2026-04-01,Honri,DEWAN Honri-Ve,Production,30,2025-26,55
2025-26,2026-05-01,Honri,DEWAN Honri-Ve,Production,30,2025-26,55
2025-26,2026-06-01,Honri,DEWAN Honri-Ve,Production,60,2025-26,55
2025-26,2025-07-01,Honri,DEWAN Honri-Ve,Sales,24,2025-26,56
2025-26,2025-08-01,Honri,DEWAN Honri-Ve,Sales,41,2025-26,56
2025-26,2025-09-01,Honri,DEWAN Honri-Ve,Sales,30,2025-26,56
2025-26,2025-10-01,Honri,DEWAN Honri-Ve,Sales,20,2025-26,56
2025-26,2025-11-01,Honri,DEWAN Honri-Ve,Sales,12,2025-26,56
2025-26,2025-12-01,Honri,DEWAN Honri-Ve,Sales,12,2025-26,56
2025-26,2026-01-01,Honri,DEWAN Honri-Ve,Sales,38,2025-26,56
2025-26,2026-02-01,Honri,DEWAN Honri-Ve,Sales,33,2025-26,56
2025-26,2026-03-01,Honri,DEWAN Honri-Ve,Sales,53,2025-26,56
2025-26,2026-04-01,Honri,DEWAN Honri-Ve,Sales,30,2025-26,56
2025-26,2026-05-01,Honri,DEWAN Honri-Ve,Sales,30,2025-26,56
2025-26,2026-06-01,Honri,DEWAN Honri-Ve,Sales,20,2025-26,56
