Date,Meteostat_Temp_Mean,Meteostat_Temp_Min,Meteostat_Temp_Max,Temp_Obs,Meteostat_RH_Mean,Meteostat_RH_Median,Meteostat_RH_Min,Meteostat_RH_Max,RH_Obs,Meteostat_DewPoint_Mean,Meteostat_Rain_Total_Raw,Meteostat_Rain_Hours_Raw,Prcp_Obs,Meteostat_Wind_Mean,Meteostat_Wind_Max,Wind_Obs,Meteostat_Wind_U,Meteostat_Wind_V,Meteostat_Pressure_Mean,Meteostat_Pressure_Change,Pressure_Obs,Meteostat_Cloud_Mean,Cloud_Obs,Temp_Coverage,RH_Coverage,Wind_Coverage,Pressure_Coverage,Prcp_Coverage,Meteostat_Rain_Total,Meteostat_Rain_Hours,Meteostat_Rain_Day,Meteostat_Wind_Direction
2018-05-17,29.323076923076922,22.2,35.0,13,37.84615384615385,38.0,23,63,13,12.7746486689016,,,0,14.73076923076923,29.5,13,12.390787708759307,-0.6940204439981816,1005.5307692307692,-0.2999999999999545,13,4.285714285714286,7,0.5416666666666666,0.5416666666666666,0.5416666666666666,0.5416666666666666,0.0,,,,273.20584436898616
2018-05-18,29.281818181818185,24.0,35.0,22,40.22727272727273,36.5,26,60,22,13.927171835404055,,,0,15.2,37.1,22,5.111548434529225,-0.23765765375147418,1005.78,-3.7000000000000455,20,5.0,4,0.9166666666666666,0.9166666666666666,0.9166666666666666,0.8333333333333334,0.0,,,,272.6620077142618
2018-05-19,27.791666666666668,22.0,34.0,24,34.625,34.5,23,53,24,10.259944907198747,,,0,19.845833333333335,33.5,24,7.788998751839002,-8.216967458300582,1007.6434782608695,-1.6000000000000227,23,4.0,7,1.0,1.0,1.0,0.9583333333333334,0.0,,,,316.5316138569571
2018-05-20,28.869565217391305,22.0,35.0,23,35.26086956521739,33.0,19,60,23,10.623342955616403,,,0,11.608695652173912,22.3,23,7.591577239262026,-3.2719700901180726,1009.0571428571429,-3.0,21,2.3333333333333335,6,0.9583333333333334,0.9583333333333334,0.9583333333333334,0.875,0.0,,,,293.31604411577985
2018-05-21,29.979166666666668,21.5,37.0,24,30.041666666666668,26.5,16,48,24,9.654703050997542,,,0,14.0375,33.5,24,8.053317096332709,-1.8855100853923439,1008.6739130434783,-1.7999999999999545,23,2.6666666666666665,6,1.0,1.0,1.0,0.9583333333333334,0.0,,,,283.1772154754013
2018-05-22,30.27916666666667,23.0,38.0,24,29.583333333333332,27.0,15,50,24,9.443886025931176,,,0,17.383333333333333,25.9,24,14.471562883506218,-5.043203779081146,1008.5714285714286,-3.2999999999999545,21,1.2,5,1.0,1.0,1.0,0.875,0.0,,,,289.21296618687484
2018-05-23,30.104166666666668,22.0,37.0,24,30.5,27.5,16,52,24,9.54624452692462,,,0,17.720833333333335,36.7,24,12.630159708609185,-10.983631661782661,1007.5227272727273,-4.7999999999999545,22,0.6,5,1.0,1.0,1.0,0.9166666666666666,0.0,,,,311.01137057879885
2018-05-24,30.608695652173914,23.0,38.0,23,29.652173913043477,25.0,16,48,23,9.606983614856146,,,0,13.07391304347826,29.5,23,4.757196880213713,-4.639300072229557,1005.5727272727272,1.0,22,0.8333333333333334,6,0.9583333333333334,0.9583333333333334,0.9583333333333334,0.9166666666666666,0.0,,,,314.28115391124794
2018-05-25,31.97826086956522,23.0,40.0,23,26.782608695652176,26.0,16,41,23,9.582150551851724,,,0,12.726086956521739,25.9,23,3.253755453688064,-5.1524770993253455,1005.15,-3.2999999999999545,20,0.8571428571428571,7,0.9583333333333334,0.9583333333333334,0.9583333333333334,0.8333333333333334,0.0,,,,327.7278583016884
2018-05-26,32.138888888888886,24.0,39.0,18,27.38888888888889,25.0,16,45,18,9.945159689496109,,,0,19.355555555555554,56.0,18,-6.893994596600533,-3.4317709005606036,1003.4235294117648,2.0,17,3.8333333333333335,6,0.75,0.75,0.75,0.7083333333333334,0.0,,,,63.53627513797289
2018-05-27,32.630434782608695,25.0,40.0,23,24.73913043478261,24.0,11,36,23,8.958294468493607,,,0,15.43913043478261,33.5,23,4.996032152227734,-7.140530977162604,1003.8105263157895,-3.6000000000000227,19,0.5,8,0.9583333333333334,0.9583333333333334,0.9583333333333334,0.7916666666666666,0.0,,,,325.02058070401193
2018-05-28,32.958333333333336,25.0,40.0,24,25.833333333333332,25.5,12,44,24,9.453107058432009,,,0,12.641666666666666,25.9,24,6.189895355318183,-5.4188089958655565,1000.4764705882352,-7.0,17,1.1111111111111112,9,1.0,1.0,1.0,0.7083333333333334,0.0,,,,311.19981785521037
2018-05-29,33.3,25.0,41.0,23,28.304347826086957,28.0,11,44,23,11.608474977341093,,,0,11.660869565217391,22.0,23,0.13989057631596263,-2.5427559021257937,999.1909090909091,-3.1000000000000227,22,1.3333333333333333,6,0.9583333333333334,0.9583333333333334,0.9583333333333334,0.9166666666666666,0.0,,,,356.8510277284477
2018-05-30,34.55,27.0,41.5,18,24.27777777777778,19.5,14,42,18,10.098731713468332,,,0,11.627777777777776,29.5,18,8.135743100444476,-3.964911427851744,1000.5888888888888,1.2000000000000455,18,0.8571428571428571,7,0.75,0.75,0.75,0.75,0.0,,,,295.98204455905807
2018-05-31,33.32272727272727,25.0,42.0,22,30.636363636363637,30.0,20,44,22,13.093066076074935,,,0,8.780952380952382,24.1,21,-4.901637222104202,3.5073209725093166,1002.2772727272727,2.0,22,0.0,17,0.9166666666666666,0.9166666666666666,0.875,0.9166666666666666,0.0,,,,125.58526289696164
2018-06-01,35.72727272727273,31.0,42.0,22,29.954545454545453,30.0,22,37,22,15.244126896779635,,,0,11.65,22.3,22,-7.771502908793363,1.8465538621851574,1003.25,-4.0,22,0.4117647058823529,17,0.9166666666666666,0.9166666666666666,0.9166666666666666,0.9166666666666666,0.0,,,,103.36595441103645
2018-06-02,34.108695652173914,28.0,41.5,23,33.65217391304348,33.0,22,45,23,15.38784991356594,,,0,11.452173913043477,29.5,23,-6.174984016860469,6.0338043497956315,1002.8904761904762,-2.7000000000000455,21,0.0,23,0.9583333333333334,0.9583333333333334,0.9583333333333334,0.875,0.0,,,,134.33747409604456
2018-06-03,34.18095238095238,28.0,41.0,21,42.142857142857146,40.0,32,58,21,19.202743081195656,,,0,13.59047619047619,29.5,21,-8.663068646662346,6.606696270734004,1001.4649999999999,-6.7999999999999545,20,0.0,20,0.875,0.875,0.875,0.8333333333333334,0.0,,,,127.33014752789319
2018-06-04,35.0,30.0,41.5,18,42.166666666666664,42.5,29,54,18,19.90005342155147,,,0,16.072222222222223,27.8,18,-13.05745916598373,3.538678187266792,1000.2222222222222,-2.8999999999999773,18,0.0,16,0.75,0.75,0.75,0.75,0.0,,,,105.1634007736792
2018-06-05,31.925,22.0,41.0,20,56.05,51.5,34,94,20,20.908417877727302,,,0,21.369999999999997,37.1,20,-11.142719911365926,9.994251320567445,1004.5473684210527,5.199999999999932,19,1.2727272727272727,11,0.8333333333333334,0.8333333333333334,0.8333333333333334,0.7916666666666666,0.0,,,,131.8899156880907
2018-06-06,31.238095238095237,24.0,37.0,21,51.38095238095238,46.0,35,78,21,19.3347370252282,,,0,11.857142857142858,22.3,21,-6.500434030231638,6.04521092971166,1005.765,-6.5,20,0.1111111111111111,9,0.875,0.875,0.875,0.8333333333333334,0.0,,,,132.92191436915692
2018-06-07,32.77333333333333,28.0,40.6,15,51.6,54.0,31,62,15,21.159709932273625,,,0,13.3,19.0,15,-8.719382497022549,3.8062982682429123,1001.7800000000001,-6.7999999999999545,15,0.0,13,0.625,0.625,0.625,0.625,0.0,,,,113.58285771610218
2018-06-08,35.13636363636363,30.0,42.0,22,48.40909090909091,48.5,27,66,22,21.931828259859422,,,0,12.431818181818182,37.1,22,-2.87612956135208,5.5381827148336615,996.8136363636364,-6.0,22,1.8461538461538463,13,0.9166666666666666,0.9166666666666666,0.9166666666666666,0.9166666666666666,0.0,,,,152.55591519483062
2018-06-09,29.636363636363637,26.0,36.0,22,60.31818181818182,60.5,39,79,22,20.780128446200397,,,0,16.82272727272727,36.7,22,-3.1380527876507998,6.027235576979418,997.7684210526315,-0.8999999999999773,19,6.0,5,0.9166666666666666,0.9166666666666666,0.9166666666666666,0.7916666666666666,0.0,,,,152.49646583128867
2018-06-10,29.0625,24.0,35.0,24,60.958333333333336,62.0,44,84,24,20.337335990529464,,,0,10.695833333333333,19.0,24,-0.24544657683749752,-0.605153010092926,998.7260869565217,-3.5,23,4.4,5,1.0,1.0,1.0,0.9583333333333334,0.0,,,,22.077191300132313
2018-06-11,33.1875,26.0,40.0,24,41.625,39.5,20,67,24,17.04216851496068,,,0,10.047619047619047,29.5,21,6.732080608907188,0.11253348643272935,996.6291666666666,-6.899999999999977,24,0.8333333333333334,6,1.0,1.0,0.875,1.0,0.0,,,,269.0423327121002
2018-06-12,34.36363636363637,26.0,42.0,22,34.31818181818182,33.5,19,53,22,15.622450645386294,,,0,8.745454545454546,29.5,22,4.57568996759806,-0.464595593192276,993.43,-4.7999999999999545,20,0.18181818181818182,11,0.9166666666666666,0.9166666666666666,0.9166666666666666,0.8333333333333334,0.0,,,,275.7976941729475
2018-06-13,36.40909090909091,26.0,44.0,22,27.636363636363637,24.5,14,50,22,13.440343962313097,,,0,9.547619047619047,22.3,21,5.91390623862686,-1.147834835798845,992.8636363636364,-4.2000000000000455,22,0.0,4,0.9166666666666666,0.9166666666666666,0.875,0.9166666666666666,0.0,,,,280.9840158061236
2018-06-14,37.52857142857143,28.6,44.0,21,29.333333333333332,30.0,21,46,21,16.19173957861437,,,0,12.452380952380953,25.9,21,-2.203559442508426,4.256769490809668,992.585,-2.2999999999999545,20,0.2777777777777778,18,0.875,0.875,0.875,0.8333333333333334,0.0,,,,152.63120322578948
2018-06-15,32.725,23.0,38.0,20,48.35,43.0,35,88,20,19.664805768624227,,,0,29.75,74.2,20,-19.081740883499556,8.664874339328076,996.3105263157895,0.2999999999999545,19,1.2,10,0.8333333333333334,0.8333333333333334,0.8333333333333334,0.7916666666666666,0.0,,,,114.42243993280084
2018-06-16,29.452380952380953,25.0,35.0,21,58.76190476190476,58.0,37,79,21,19.941476017077854,,,0,14.633333333333335,33.5,21,-8.292230163514494,0.583856078538836,999.5450000000001,-1.0,20,3.5,8,0.875,0.875,0.875,0.8333333333333334,0.0,,,,94.02755004550971
2018-06-17,28.808695652173913,23.5,35.0,23,58.52173913043478,55.0,39,78,23,19.390374018682934,,,0,16.604347826086954,29.5,23,-11.377436171148133,5.776494790057645,1001.0869565217391,-2.0,23,3.5,6,0.9583333333333334,0.9583333333333334,0.9583333333333334,0.9583333333333334,0.0,,,,116.91758747277697
2018-06-18,29.227272727272727,24.5,34.0,22,57.13636363636363,55.0,46,73,22,19.68189779133162,,,0,12.286363636363637,25.9,22,-3.0976445685591742,6.146021743744126,1001.9238095238096,-2.5,21,2.6923076923076925,13,0.9166666666666666,0.9166666666666666,0.9166666666666666,0.875,0.0,,,,153.25152703720755
2018-06-19,31.217391304347824,23.0,38.0,23,47.95652173913044,44.0,28,83,23,17.994256861555414,,,0,7.226086956521739,15.0,23,1.730521918760699,2.337049660338013,1001.3636363636364,0.0,22,1.6,5,0.9583333333333334,0.9583333333333334,0.9583333333333334,0.9166666666666666,0.0,,,,216.5189447010507
2018-06-20,31.666666666666668,27.5,36.0,21,43.333333333333336,42.0,35,56,21,17.515360754313043,,,0,15.838095238095239,33.5,21,-3.5533919256789,2.7155249774638377,1002.99,-1.7999999999999545,20,3.4285714285714284,7,0.875,0.875,0.875,0.8333333333333334,0.0,,,,127.38729533418763
2018-06-21,32.52272727272727,24.5,39.0,22,41.04545454545455,36.0,26,62,22,16.678776571751275,,,0,7.254545454545454,22.0,22,2.582306614789096,-0.3038631563551565,1002.7454545454547,-5.7999999999999545,22,2.5,6,0.9166666666666666,0.9166666666666666,0.9166666666666666,0.9166666666666666,0.0,,,,276.71120194489913
2018-06-22,31.013636363636362,26.3,36.0,22,41.86363636363637,43.0,32,59,22,16.326063287062794,,,0,21.64090909090909,48.2,22,-8.274732595776998,-11.381048811023886,1001.9238095238096,-2.3999999999999773,21,4.833333333333333,6,0.9166666666666666,0.9166666666666666,0.9166666666666666,0.875,0.0,,,,36.01949045778247
2018-06-23,31.40909090909091,24.0,39.0,22,40.5,39.0,27,58,22,15.865478840061051,,,0,14.663636363636364,33.5,22,0.2453110854734074,1.4486793988102002,1001.8727272727273,-3.7999999999999545,22,3.5714285714285716,7,0.9166666666666666,0.9166666666666666,0.9166666666666666,0.9166666666666666,0.0,,,,189.6109697625308
2018-06-24,32.15909090909091,27.5,38.5,22,39.54545454545455,39.0,33,48,22,16.521931126461563,,,0,11.136363636363637,25.9,22,-3.2034793247611986,-1.414132729479537,1000.5904761904762,-5.399999999999977,21,4.4,5,0.9166666666666666,0.9166666666666666,0.9166666666666666,0.875,0.0,,,,66.18158602287554
2018-06-25,33.445454545454545,26.5,41.0,22,31.90909090909091,32.5,17,45,22,13.771419079970606,,,0,13.504545454545456,29.5,22,-2.083310810691449,-1.5243024383270622,996.9714285714286,-6.399999999999977,21,1.5,6,0.9166666666666666,0.9166666666666666,0.9166666666666666,0.875,0.0,,,,53.80807031164687
2018-06-26,35.041666666666664,27.0,42.0,24,31.625,32.5,17,51,24,15.008147457139907,,,0,12.429166666666667,25.6,24,-1.8627454879694216,2.622715821293777,996.1875,-2.5,24,3.5714285714285716,7,1.0,1.0,1.0,1.0,0.0,,,,144.61628396829553
2018-06-27,32.11904761904762,29.5,35.0,21,44.666666666666664,44.0,36,54,21,18.527236200538386,,,0,19.152380952380952,33.5,21,-9.342746522837304,9.463832013703463,1000.8714285714285,3.6000000000000227,21,6.75,8,0.875,0.875,0.875,0.875,0.0,,,,135.3688917530235
2018-06-28,29.5125,27.0,34.0,16,58.0625,58.0,47,66,16,20.321993351336285,,,0,9.975,29.5,16,-7.0451811051846995,3.935748934822169,1003.225,-2.3999999999999773,16,5.333333333333333,6,0.6666666666666666,0.6666666666666666,0.6666666666666666,0.6666666666666666,0.0,,,,119.18965183529048
2018-06-29,28.2875,25.3,30.0,8,62.875,61.0,59,74,8,20.49212839442027,,,0,16.2625,29.5,8,-12.41541817560792,7.247947895379058,1002.075,0.8999999999999773,8,6.714285714285714,7,0.3333333333333333,0.3333333333333333,0.3333333333333333,0.3333333333333333,0.0,,,,120.27578647844854
2018-06-30,29.45,25.9,33.0,8,61.75,61.0,52,75,8,21.18756237671085,,,0,15.65,29.6,8,-13.259215672314166,3.8304964298382407,1000.6875,-1.6000000000000227,8,5.0,4,0.3333333333333333,0.3333333333333333,0.3333333333333333,0.3333333333333333,0.0,,,,106.11364296326468
2018-07-01,33.3875,27.1,40.0,8,55.875,55.5,36,76,8,22.766943838461003,,,0,15.8625,36.7,8,-4.981958191096783,7.376060868985951,996.3875,-3.2000000000000455,8,2.6,5,0.3333333333333333,0.3333333333333333,0.3333333333333333,0.3333333333333333,0.0,,,,145.96401914318471
2018-07-02,31.8,26.0,38.0,8,61.0,61.5,42,85,8,22.90261948910158,,,0,23.475,55.4,8,-18.987697967141866,9.691205202648337,993.8625,0.7000000000000455,8,5.666666666666667,6,0.3333333333333333,0.3333333333333333,0.3333333333333333,0.3333333333333333,0.0,,,,117.039489030813
2018-07-03,28.1,25.0,33.0,8,74.125,71.5,57,92,8,22.765744010675867,,,0,25.2,40.7,8,-20.971915923058987,5.1317415385971925,995.6625,2.7000000000000455,8,6.5,6,0.3333333333333333,0.3333333333333333,0.3333333333333333,0.3333333333333333,0.0,,,,103.7498617349786
2018-07-04,26.666666666666668,23.0,33.5,9,73.0,83.0,50,92,9,21.00338221113776,,,0,21.444444444444443,33.5,9,-14.936070975992415,5.827941560609448,997.9555555555556,5.0,9,5.75,8,0.375,0.375,0.375,0.375,0.0,,,,111.31535195393985
2018-07-05,28.885714285714286,23.0,35.0,21,60.04761904761905,52.0,42,83,21,19.79879976614466,,,0,11.714285714285714,55.4,21,-2.9904038654783736,-2.0260666110047083,1001.3761904761906,-1.2000000000000455,21,4.428571428571429,7,0.875,0.875,0.875,0.875,0.0,,,,55.88146709400297
2018-07-06,31.11111111111111,25.0,38.0,18,50.5,47.0,31,69,18,18.891521116543245,,,0,10.627777777777776,22.3,18,2.0848053567939338,2.0212097821535746,1000.1882352941177,-5.7999999999999545,17,1.3,10,0.75,0.75,0.75,0.7083333333333334,0.0,,,,225.88734857856775
2018-07-07,33.8,25.0,40.0,20,44.25,44.0,30,66,20,19.371818127800047,,,0,10.53,18.4,20,3.5528769856691356,1.7676656397479147,999.4399999999999,-2.800000000000068,20,0.25,8,0.8333333333333334,0.8333333333333334,0.8333333333333334,0.8333333333333334,0.0,,,,243.54824151572683
2018-07-08,35.214285714285715,29.0,41.0,21,45.80952380952381,44.0,34,62,21,21.323256403997657,,,0,10.961904761904762,22.3,21,-1.7469596404845347,3.4523497700428436,998.0047619047618,-4.7000000000000455,21,0.2,10,0.875,0.875,0.875,0.875,0.0,,,,153.1596560548502
2018-07-09,35.03333333333333,30.5,41.0,18,51.666666666666664,52.0,41,64,18,23.425068794519532,,,0,15.166666666666666,37.1,18,-8.75216837334964,9.046994331325623,997.4499999999999,0.5,18,2.0,8,0.75,0.75,0.75,0.75,0.0,,,,135.9489625282356
2018-07-10,34.047826086956526,30.0,39.0,23,55.17391304347826,56.0,43,67,23,23.57323607861964,,,0,17.42608695652174,36.7,23,-12.971083574450535,7.789707508951839,998.3818181818183,-4.5,22,3.0,6,0.9583333333333334,0.9583333333333334,0.9583333333333334,0.9166666666666666,0.0,,,,120.98667289777097
2018-07-11,31.256521739130434,28.0,35.0,23,66.34782608695652,67.0,53,79,23,24.088789072981687,,,0,23.317391304347826,33.5,23,-18.62534148744915,7.628989500594723,998.5521739130435,-4.600000000000023,23,7.0,4,0.9583333333333334,0.9583333333333334,0.9583333333333334,0.9583333333333334,0.0,,,,112.2741369746085
2018-07-12,30.869565217391305,25.0,36.0,23,67.95652173913044,67.0,50,84,23,24.005161268466082,,,0,16.452173913043477,22.3,23,-13.511104077619054,5.31485723896872,997.6571428571428,-3.2999999999999545,21,5.8,5,0.9583333333333334,0.9583333333333334,0.9583333333333334,0.875,0.0,,,,111.47316647274442
2018-07-13,28.26086956521739,23.0,33.0,23,77.69565217391305,75.0,63,94,23,23.799725943004322,,,0,16.121739130434783,36.7,23,-7.342707123270487,6.108124336976409,999.3181818181819,1.8999999999999773,22,5.285714285714286,7,0.9583333333333334,0.9583333333333334,0.9583333333333334,0.9166666666666666,0.0,,,,129.75580801688545
2018-07-14,32.57142857142857,28.0,37.0,21,63.57142857142857,63.0,50,79,21,24.534514248578468,,,0,11.695238095238095,18.4,21,-7.956688064881784,5.514523245531891,998.478947368421,-1.8999999999999773,19,5.25,4,0.875,0.875,0.875,0.7916666666666666,0.0,,,,124.72457841788446
2018-07-15,29.869565217391305,28.0,32.0,23,80.0,79.0,71,94,23,25.983012560360635,,,0,12.582608695652173,22.3,23,-8.687611819868502,3.705810664807506,999.2521739130434,1.0,23,6.833333333333333,6,0.9583333333333334,0.9583333333333334,0.9583333333333334,0.9583333333333334,0.0,,,,113.10128448937621
2018-07-16,29.7,27.0,35.0,20,78.05,79.0,60,89,20,25.338184479250927,,,0,9.855,29.5,20,-4.806928786378638,1.1024004128575324,999.5631578947368,-2.7999999999999545,19,5.4,5,0.8333333333333334,0.8333333333333334,0.8333333333333334,0.7916666666666666,0.0,,,,102.91661037663198
2018-07-17,30.90909090909091,26.0,35.0,22,74.31818181818181,72.5,59,100,22,25.571179970938125,,,0,17.277272727272727,25.9,22,-12.751855396343787,6.283970475071289,1000.2545454545453,-2.7000000000000455,22,6.142857142857143,7,0.9166666666666666,0.9166666666666666,0.9166666666666666,0.9166666666666666,0.0,,,,116.23355785760543
2018-07-18,29.25,23.0,37.0,22,76.0,78.0,46,100,22,24.2753708084183,,,0,15.963636363636363,55.4,22,-6.361342780574674,-0.8450929218360926,1001.1681818181819,-4.2000000000000455,22,5.5,8,0.9166666666666666,0.9166666666666666,0.9166666666666666,0.9166666666666666,0.0,,,,82.43266907930195
2018-07-19,30.342857142857145,27.0,34.0,21,71.47619047619048,71.0,56,84,21,24.519465406631216,,,0,14.19047619047619,37.1,21,-6.504941274532319,1.0631972216844712,1000.4350000000001,-3.8999999999999773,20,6.0,4,0.875,0.875,0.875,0.8333333333333334,0.0,,,,99.28260495800328
2018-07-20,31.67391304347826,28.0,35.0,23,65.6086956521739,65.0,56,79,23,24.283277101213933,,,0,13.57391304347826,29.5,23,-0.2753986970238063,-4.147376654079331,999.4347826086956,-3.2999999999999545,23,6.142857142857143,7,0.9583333333333334,0.9583333333333334,0.9583333333333334,0.9583333333333334,0.0,,,,3.7990405508349454
2018-07-21,30.920833333333334,27.7,36.0,24,68.33333333333333,66.5,53,84,24,24.243975762205732,,,0,12.274999999999999,22.3,24,-7.676964326551853,3.0777666085576016,998.6458333333334,-2.7999999999999545,24,6.4,5,1.0,1.0,1.0,1.0,0.0,,,,111.84630975292453
2018-07-22,30.21666666666667,27.0,35.0,24,72.16666666666667,70.0,60,96,24,24.53116764160311,,,0,17.154166666666665,29.5,24,-11.939479179959797,4.31480530599753,998.9166666666666,-2.5,24,6.166666666666667,6,1.0,1.0,1.0,1.0,0.0,,,,109.86933588553552
2018-07-23,27.583333333333332,24.0,30.0,24,82.20833333333333,81.0,74,96,24,24.235489575998212,,,0,14.566666666666668,22.2,24,-9.282808484882116,-0.9016319948523127,1000.0124999999999,0.3000000000000682,24,6.6,5,1.0,1.0,1.0,1.0,0.0,,,,84.45230746430138
2018-07-24,28.474999999999998,26.0,32.0,24,81.125,81.5,67,94,24,24.826076817707897,,,0,10.25,25.6,24,-5.896862252452778,3.625212712474067,1001.125,-4.2000000000000455,24,4.0,4,1.0,1.0,1.0,1.0,0.0,,,,121.58194399698692
2018-07-25,30.21666666666667,26.0,35.0,24,75.0,75.0,60,89,24,25.13126113669639,,,0,13.0375,22.0,24,-6.579888163755338,3.7894987569501004,997.9833333333332,-2.2999999999999545,24,5.75,4,1.0,1.0,1.0,1.0,0.0,,,,119.93856319317268
2018-07-26,28.879166666666666,22.0,33.0,24,74.66666666666667,74.0,59,100,24,23.75615299207021,,,0,17.341666666666665,22.3,24,-14.428674493481715,5.004618670474488,998.8166666666666,3.8999999999999773,24,7.333333333333333,3,1.0,1.0,1.0,1.0,0.0,,,,109.12921977754957
2018-07-27,27.662499999999998,23.5,31.6,24,77.45833333333333,77.0,61,94,24,23.257550264271913,,,0,15.216666666666667,33.5,24,-12.067582966311832,0.39778245666662837,999.1875,-2.2000000000000455,24,3.6666666666666665,3,1.0,1.0,1.0,1.0,0.0,,,,91.8879511117641
2018-07-28,28.2,23.5,33.0,24,75.41666666666667,76.5,59,92,24,23.283101504875475,,,0,11.579166666666666,18.4,24,-5.823895973907008,1.8020982981851654,999.4583333333334,0.0,24,6.166666666666667,6,1.0,1.0,1.0,1.0,0.0,,,,107.19372740395778
2018-07-29,28.683333333333334,24.0,33.0,24,69.70833333333333,69.5,56,84,24,22.42468625636671,,,0,13.695833333333333,36.7,24,-3.8503746245188197,2.9354524595768847,999.375,-4.0,24,3.1666666666666665,6,1.0,1.0,1.0,1.0,0.0,,,,127.32120878590058
2018-07-30,30.333333333333332,25.0,35.4,24,62.583333333333336,64.0,42,88,24,21.864888573692756,,,0,10.641666666666667,22.3,24,4.565749686708053,0.3630316458932712,998.7041666666668,-2.199999999999932,24,0.2857142857142857,7,1.0,1.0,1.0,1.0,0.0,,,,265.4538653805987
2018-07-31,31.787499999999998,26.5,37.0,24,61.916666666666664,60.5,45,81,24,23.267140521968738,,,0,7.8625,18.5,24,1.453424281230759,4.252767974851399,997.975,0.0,24,1.6,5,1.0,1.0,1.0,1.0,0.0,,,,198.86835549162166
2018-08-01,30.483333333333334,26.0,36.0,24,61.666666666666664,64.0,44,79,24,22.102044164709568,,,0,13.029166666666667,25.9,24,-7.286876880636335,2.091385373574346,998.65,4.5,24,3.4,5,1.0,1.0,1.0,1.0,0.0,,,,106.01385468844944
2018-08-02,29.474999999999998,23.0,35.0,24,67.41666666666667,68.0,50,88,24,22.459668224188423,,,0,14.141666666666666,44.3,24,-1.3266944695722398,-3.003829052700297,1000.8583333333332,-1.7000000000000455,24,3.6,5,1.0,1.0,1.0,1.0,0.0,,,,23.829502222429596
2018-08-03,31.7625,27.0,37.0,24,64.20833333333333,64.5,48,79,24,23.932328911543944,,,0,10.729166666666666,22.0,24,0.19380719941646082,1.8930110852191724,1000.0500000000001,-4.5,24,2.857142857142857,7,1.0,1.0,1.0,1.0,0.0,,,,185.84559659853886
2018-08-04,32.275,28.0,37.0,24,67.79166666666667,67.0,50,84,24,25.35233247896259,,,0,12.708333333333334,25.9,24,-9.296705980040239,6.203103638147428,998.7083333333334,0.0,24,3.0,5,1.0,1.0,1.0,1.0,0.0,,,,123.71267363041841
2018-08-05,33.170833333333334,29.2,37.0,24,66.45833333333333,67.0,50,79,24,25.898218630607193,,,0,13.8125,29.5,24,-7.457478162260235,8.471344075068782,998.1916666666666,-1.0,24,1.8571428571428572,7,1.0,1.0,1.0,1.0,0.0,,,,138.64195043424576
2018-08-06,30.604166666666668,28.0,33.2,24,72.41666666666667,70.0,63,84,24,24.99911381522124,,,0,21.291666666666668,33.5,24,-17.337017995367447,8.904668247932953,998.0,-1.5,24,6.2,5,1.0,1.0,1.0,1.0,0.0,,,,117.18601496142418
2018-08-07,26.02916666666667,23.5,29.0,24,91.625,93.0,78,100,24,24.495811296183025,,,0,17.204166666666666,24.1,24,-14.862897713730732,4.604460020996012,1001.1,1.0,24,7.6,5,1.0,1.0,1.0,1.0,0.0,,,,107.21275006065935
2018-08-08,26.962500000000002,24.0,30.0,24,84.08333333333333,84.0,74,94,24,23.97447448377503,,,0,10.545833333333333,22.2,24,-8.013643339773019,1.310340943218465,1003.9041666666667,-1.2000000000000455,24,7.0,6,1.0,1.0,1.0,1.0,0.0,,,,99.28646691453588
2018-08-09,29.645833333333332,25.0,34.0,24,74.20833333333333,79.0,56,89,24,24.249782769775923,,,0,8.591666666666667,29.5,24,-1.7682854806330834,2.10177464534839,1006.0333333333333,0.0,24,5.333333333333333,6,1.0,1.0,1.0,1.0,0.0,,,,139.92510092301978
2018-08-10,31.0,26.5,36.0,24,71.29166666666667,75.0,53,85,24,24.91865393857015,,,0,9.637500000000001,14.8,24,-3.713940064590872,3.8034947010227493,1003.3083333333334,-7.399999999999977,24,3.2,5,1.0,1.0,1.0,1.0,0.0,,,,135.68252803681656
2018-08-11,30.420833333333334,27.9,35.0,24,75.08333333333333,77.0,63,84,24,25.422479373951486,,,0,11.820833333333333,22.3,24,-8.816246763020557,0.7549256054758217,999.0291666666667,-0.8999999999999773,24,6.0,4,1.0,1.0,1.0,1.0,0.0,,,,94.89423645849485
2018-08-12,29.733333333333334,27.0,33.0,24,81.66666666666667,83.5,71,89,24,26.20806783346815,,,0,17.5625,29.5,24,-14.34723722015818,8.741686438737952,996.2958333333332,-2.0,24,7.0,4,1.0,1.0,1.0,1.0,0.0,,,,121.35370342071542
2018-08-13,27.84583333333333,25.0,32.0,24,82.66666666666667,84.0,67,94,24,24.50737440645727,,,0,19.833333333333332,33.5,24,-15.391522771368424,2.8229197815646274,997.6958333333333,3.2999999999999545,24,7.0,6,1.0,1.0,1.0,1.0,0.0,,,,100.3929656612097
2018-08-14,26.766666666666666,23.0,29.3,24,81.66666666666667,83.0,70,96,24,23.275536433681754,,,0,12.375,37.0,24,-8.326799111694603,2.5612474690386793,1000.4125,0.0,24,6.25,4,1.0,1.0,1.0,1.0,0.0,,,,107.09742006164873
2018-08-15,29.758333333333336,25.2,35.0,24,72.5,70.0,56,87,24,24.111763666303293,,,0,10.491666666666667,22.3,24,-7.679343454273244,4.957542235578692,1001.8041666666667,-4.2000000000000455,24,5.666666666666667,3,1.0,1.0,1.0,1.0,0.0,,,,122.84501300244699
2018-08-16,31.166666666666668,27.0,36.0,24,67.70833333333333,66.5,53,79,24,24.344256368370647,,,0,11.637500000000001,18.5,24,-5.077280999751193,5.741950812607926,1003.7666666666668,-2.0,24,4.4,5,1.0,1.0,1.0,1.0,0.0,,,,138.51549665281146
2018-08-17,31.3125,27.5,36.0,24,67.58333333333333,70.0,53,81,24,24.44581366547995,,,0,11.229166666666666,18.5,24,-6.481797111166014,4.833695827696478,1001.9916666666667,-2.0,24,4.0,1,1.0,1.0,1.0,1.0,0.0,,,,126.71314208493555
2018-08-18,28.900000000000002,23.0,34.0,24,73.41666666666667,74.0,50,96,24,23.480564947465485,,,0,13.575000000000001,29.5,24,-9.195545287176673,5.046470304950006,1000.8375,-3.2999999999999545,24,5.666666666666667,6,1.0,1.0,1.0,1.0,0.0,,,,118.75776485678608
2018-08-19,30.1375,25.0,34.0,24,72.375,70.0,56,94,24,24.334615411024732,,,0,7.762499999999999,18.4,24,-0.9055414382604839,0.39709991074502304,1000.6166666666667,-1.0,24,2.0,8,1.0,1.0,1.0,1.0,0.0,,,,113.67851178046658
2018-08-20,31.054166666666664,27.0,35.0,24,73.16666666666667,75.0,60,84,24,25.528467940877817,,,0,10.720833333333333,25.9,24,-5.226199460082166,-3.2764223024008685,1001.4208333333332,-1.5,24,3.5,4,1.0,1.0,1.0,1.0,0.0,,,,57.915473282427
2018-08-21,29.65833333333333,28.0,31.0,24,78.08333333333333,79.0,66,89,24,25.39237066189241,,,0,11.962499999999999,25.9,24,-10.156230126072963,1.0774313599499283,1001.8083333333334,1.0,24,6.166666666666667,6,1.0,1.0,1.0,1.0,0.0,,,,96.05561689635238
2018-08-22,30.454166666666666,26.5,35.0,24,75.58333333333333,79.0,58,88,24,25.46869014531016,,,0,9.379166666666666,16.7,24,-5.8147702788065665,2.9965086034515553,1000.6541666666667,-1.8000000000000682,24,5.166666666666667,6,1.0,1.0,1.0,1.0,0.0,,,,117.26327740455923
2018-08-23,30.0125,25.0,34.0,24,75.5,75.5,60,94,24,24.98212440638032,,,0,14.0,36.7,24,-9.351260586082935,1.888844769617666,1001.1458333333334,-2.7999999999999545,24,5.333333333333333,6,1.0,1.0,1.0,1.0,0.0,,,,101.41942738420812
2018-08-24,29.15416666666667,24.9,34.0,24,78.375,80.0,63,96,24,24.8279730989511,,,0,15.545833333333334,22.2,24,-10.639435658536451,3.7881763792145127,999.2458333333334,-1.3999999999999773,24,5.4,5,1.0,1.0,1.0,1.0,0.0,,,,109.59829740605659
2018-08-25,28.28333333333333,22.0,33.0,24,74.83333333333333,76.0,57,91,24,23.201578610981496,,,0,15.033333333333333,22.0,24,-11.057203449308872,2.437822105465233,999.6458333333334,3.1000000000000227,24,4.75,4,1.0,1.0,1.0,1.0,0.0,,,,102.43330175570264
2018-08-26,27.47083333333333,23.0,31.3,24,75.33333333333333,76.0,61,92,24,22.545703046339487,,,0,12.533333333333333,18.5,24,-6.423009751773582,1.1962075315918486,999.5583333333334,-0.5,24,5.625,8,1.0,1.0,1.0,1.0,0.0,,,,100.54977952075808
2018-08-27,28.391666666666666,24.2,32.6,24,73.16666666666667,74.0,58,90,24,22.911045629547203,,,0,11.558333333333332,18.5,24,1.5098183798293272,-1.9730998772306638,1001.0958333333333,0.6000000000000227,24,3.0,5,1.0,1.0,1.0,1.0,0.0,,,,322.5767402453721
2018-08-28,29.991666666666664,24.9,35.0,24,67.41666666666667,66.5,47,84,24,22.951821192669467,,,0,10.170833333333333,27.7,24,-1.206485651433468,-2.0087597497622447,1003.1333333333333,-1.8999999999999773,24,0.6666666666666666,6,1.0,1.0,1.0,1.0,0.0,,,,30.98954190736191
2018-08-29,31.241666666666664,26.5,35.0,24,65.20833333333333,64.5,53,83,24,23.690198468075938,,,0,13.941666666666668,29.5,24,-0.732241894651657,-4.142930986656302,1003.0041666666666,0.10000000000002274,24,1.4,5,1.0,1.0,1.0,1.0,0.0,,,,10.023220940856106
2018-08-30,31.25,26.9,36.0,24,67.16666666666667,67.0,54,85,24,24.21779691128411,,,0,12.945833333333333,18.5,24,-4.581620325796953,3.1133002922256416,1000.5791666666668,-5.2999999999999545,24,3.0,5,1.0,1.0,1.0,1.0,0.0,,,,124.19687176210095
2018-08-31,31.454166666666666,26.6,37.0,24,69.875,72.5,55,83,24,25.120891332391494,,,0,14.775,24.1,24,-10.598328473251959,2.135166676741489,1000.7333333333332,1.3999999999999773,24,3.0,5,1.0,1.0,1.0,1.0,0.0,,,,101.39048677077358
2018-09-01,29.358333333333334,26.4,35.0,24,69.70833333333333,70.0,53,83,24,23.088889685996225,,,0,13.308333333333332,19.0,24,-8.164081653952598,-1.527892081603757,1004.1208333333334,2.8999999999999773,24,7.0,1,1.0,1.0,1.0,1.0,0.0,,,,79.39982554326309
2018-09-02,30.025000000000002,24.0,35.0,24,68.04166666666667,72.0,50,89,24,23.18301078911557,,,0,14.170833333333333,29.5,24,-9.034871503585032,5.082282132131671,1003.8541666666666,2.2000000000000455,24,4.75,4,1.0,1.0,1.0,1.0,0.0,,,,119.35855761156648
2018-09-03,28.433333333333334,23.0,34.0,24,67.95833333333333,70.0,47,91,24,21.537677244806193,,,0,12.920833333333334,37.1,24,-3.0644093024201093,-0.8407554664375856,1005.2791666666667,0.0,24,6.0,2,1.0,1.0,1.0,1.0,0.0,,,,74.65777366397617
2018-09-04,29.2375,23.7,35.0,24,70.0,70.0,47,89,23,23.135290072401716,,,0,9.120833333333334,22.0,24,-1.1800732119191741,0.2858101507156067,1004.5875,-3.2999999999999545,24,4.6,5,1.0,0.9583333333333334,1.0,1.0,0.0,,,,103.61469501614323
2018-09-05,30.162499999999998,25.1,35.0,24,65.54166666666667,68.0,50,84,24,22.758375348899335,,,0,10.924999999999999,19.0,24,0.8163378434876599,-0.3739361782408879,1003.975,-3.2999999999999545,24,3.0,4,1.0,1.0,1.0,1.0,0.0,,,,294.6108804104233
2018-09-06,30.495833333333334,26.0,35.0,24,65.91666666666667,62.0,49,85,24,23.08999301507266,,,0,11.566666666666668,29.5,24,1.6442095619424293,-4.642305095994222,1003.5500000000001,1.0,24,1.8333333333333333,6,1.0,1.0,1.0,1.0,0.0,,,,340.4968952544536
2018-09-07,30.5125,26.0,36.0,24,66.79166666666667,66.0,53,81,24,23.470846368260435,,,0,12.404166666666667,18.5,24,-8.54463561475277,1.9084216838675954,1004.9375,-0.6000000000000227,24,2.75,8,1.0,1.0,1.0,1.0,0.0,,,,102.59022423601317
2018-09-08,30.204166666666666,25.5,35.5,24,63.958333333333336,67.0,44,80,24,22.263186567153227,,,0,14.395833333333334,29.5,24,-6.771919985961111,5.22283079133208,1006.6750000000001,-3.3999999999999773,24,4.285714285714286,7,1.0,1.0,1.0,1.0,0.0,,,,127.64113952949407
2018-09-09,30.5125,26.0,36.0,24,65.91666666666667,66.5,50,80,24,23.201095319408438,,,0,13.35,25.6,24,-8.424154241996513,4.459351291836267,1006.9833333333332,-3.1000000000000227,24,3.0,4,1.0,1.0,1.0,1.0,0.0,,,,117.89464093867457
2018-09-10,30.370833333333334,26.0,36.0,24,67.375,71.0,50,81,24,23.400534832343777,,,0,12.137500000000001,18.5,24,-5.16069937945704,2.900464651035145,1007.7958333333332,-0.20000000000004547,24,6.0,3,1.0,1.0,1.0,1.0,0.0,,,,119.33726579313458
2018-09-11,28.3,20.0,34.2,24,70.5,73.0,50,94,24,22.161357064368378,,,0,14.016666666666666,18.4,24,-3.7808344793141857,3.5705327708056074,1007.1416666666668,-2.2999999999999545,24,3.4,5,1.0,1.0,1.0,1.0,0.0,,,,133.36137760885293
2018-09-12,30.116666666666664,26.0,35.0,24,72.70833333333333,76.5,53,85,24,24.430315654937946,,,0,11.966666666666667,29.5,24,-7.2442964899043245,2.2915305477742263,1004.1291666666666,-6.2000000000000455,24,3.142857142857143,7,1.0,1.0,1.0,1.0,0.0,,,,107.55331024427403
2018-09-13,28.920833333333334,25.0,35.0,24,73.875,75.5,56,89,24,23.633785927769026,,,0,20.875,44.6,24,-16.057054211695988,8.912141284894256,1003.7375000000001,4.0,24,3.3333333333333335,6,1.0,1.0,1.0,1.0,0.0,,,,119.03157372173251
2018-09-14,26.775000000000002,21.0,33.0,24,67.95833333333333,65.5,46,94,24,19.955036653613856,,,0,14.266666666666666,18.5,24,-8.136626457355517,0.31430601729348434,1007.4333333333334,3.7999999999999545,24,3.6666666666666665,3,1.0,1.0,1.0,1.0,0.0,,,,92.21215256763736
2018-09-15,25.354166666666668,22.0,29.0,24,65.29166666666667,67.0,45,83,24,18.144074971043967,,,0,16.891666666666666,33.5,24,-3.4790395092657147,-0.0480463797483844,1010.5583333333334,-0.5,24,6.571428571428571,7,1.0,1.0,1.0,1.0,0.0,,,,89.20878168171612
2018-09-16,25.679166666666664,20.0,32.0,24,60.416666666666664,61.0,38,88,24,16.85863826550682,,,0,9.008333333333333,22.3,24,3.112690668918198,-2.3775421465080524,1009.1875,-5.2000000000000455,24,0.6666666666666666,6,1.0,1.0,1.0,1.0,0.0,,,,307.3733934292008
2018-09-17,25.09583333333333,20.9,33.0,24,67.75,78.0,37,87,24,18.23091031988216,,,0,7.808333333333334,16.7,24,0.37031092798958215,-2.557836737883541,1007.25,-1.0,24,0.0,1,1.0,1.0,1.0,1.0,0.0,,,,351.7622367543145
2018-09-18,27.191666666666666,21.0,35.0,24,56.791666666666664,56.0,34,78,24,17.130633688805855,,,0,12.383333333333333,92.2,24,-1.30939144367973,-6.233409311115071,1007.8541666666666,-2.1000000000000227,24,0.3333333333333333,3,1.0,1.0,1.0,1.0,0.0,,,,11.863084688912295
2018-09-19,27.6375,21.0,34.0,24,58.375,56.5,41,78,24,18.231674619852132,,,0,8.204166666666667,18.4,24,-0.5068364437669515,-0.28291320449978147,1006.8083333333334,-2.7000000000000455,24,0.4,5,1.0,1.0,1.0,1.0,0.0,,,,60.829994990822854
2018-09-20,28.866666666666664,23.0,35.0,24,57.916666666666664,60.0,39,83,24,19.22038965290045,,,0,8.808333333333334,18.4,24,-0.5291604444384578,-2.625884621411801,1006.5500000000001,2.0,24,0.375,8,1.0,1.0,1.0,1.0,0.0,,,,11.393483864948507
2018-09-21,28.8625,23.0,35.0,24,59.416666666666664,57.0,45,78,24,19.92109800130246,,,0,10.616666666666667,40.7,24,-2.0232448604032345,-3.853626798838377,1010.2416666666667,3.0,24,1.8181818181818181,11,1.0,1.0,1.0,1.0,0.0,,,,27.700531010127918
2018-09-22,27.8125,24.0,34.0,24,60.25,60.5,39,80,24,18.949303427148706,,,0,16.383333333333333,25.9,24,-0.9664679688563057,5.130958373725162,1011.9166666666666,0.5,24,3.0,5,1.0,1.0,1.0,1.0,0.0,,,,169.33274424227056
2018-09-23,26.433333333333334,23.0,32.0,24,70.83333333333333,72.0,52,84,24,20.521504832895797,,,0,14.1,25.9,24,-7.390176869923575,7.148524184232522,1011.8458333333333,-4.100000000000023,24,4.666666666666667,6,1.0,1.0,1.0,1.0,0.0,,,,134.04775508388138
2018-09-24,26.579166666666666,22.0,33.0,24,67.5,70.0,46,83,24,19.72664541189085,,,0,9.4625,15.0,24,-4.556067447658671,3.1757562248994424,1009.7208333333333,-4.100000000000023,24,3.4285714285714284,7,1.0,1.0,1.0,1.0,0.0,,,,124.87799679660787
2018-09-25,27.679166666666664,22.5,33.0,24,66.29166666666667,69.5,48,87,24,20.51827357669248,,,0,10.841666666666667,18.4,24,-2.986870029501217,5.728486925494171,1010.1,-2.7000000000000455,24,3.25,8,1.0,1.0,1.0,1.0,0.0,,,,152.4621731989871
2018-09-26,28.25,23.0,34.0,24,62.125,60.5,41,85,24,19.777718860282345,,,0,10.708333333333334,19.0,24,1.079468678931395,-3.6311038868656254,1008.6916666666666,-2.1000000000000227,24,1.8888888888888888,9,1.0,1.0,1.0,1.0,0.0,,,,343.44363456442613
2018-09-27,28.5625,22.5,34.5,24,59.458333333333336,61.0,34,82,24,19.282468767763866,,,0,9.658333333333333,18.4,24,0.7495113831013439,-0.7016028416694304,1009.2958333333332,0.7999999999999545,24,4.571428571428571,7,1.0,1.0,1.0,1.0,0.0,,,,313.1090664636604
2018-09-28,27.775000000000002,23.0,34.0,24,57.708333333333336,55.0,43,78,24,18.333963740704956,,,0,11.258333333333333,22.3,24,-3.292407292562332,2.9768066049460384,1010.2875,-2.2000000000000455,24,2.0,13,1.0,1.0,1.0,1.0,0.0,,,,132.1180859965002
2018-09-29,25.045833333333334,21.0,33.1,24,69.25,70.5,42,88,24,18.6400776003351,,,0,11.379166666666665,18.5,24,2.830981722985694,-2.753197823214343,1012.0791666666668,1.7000000000000455,24,4.666666666666667,6,1.0,1.0,1.0,1.0,0.0,,,,314.2019595843411
2018-09-30,25.879166666666666,20.0,32.5,24,57.291666666666664,48.0,34,83,24,16.01527181389907,,,0,9.4125,37.1,24,-1.1610933705542428,-2.8619605935398886,1011.0291666666667,-2.7999999999999545,24,1.2,10,1.0,1.0,1.0,1.0,0.0,,,,22.0823250668559
2018-10-01,26.566666666666666,21.0,33.0,24,50.708333333333336,49.0,36,72,24,15.067350407572745,,,0,11.058333333333332,33.5,24,-1.5652545146644117,-1.3533403595288593,1010.8916666666668,-1.2000000000000455,24,1.8571428571428572,7,1.0,1.0,1.0,1.0,0.0,,,,49.15286035101127
2018-10-02,26.816666666666666,21.0,33.0,24,52.5,52.5,36,82,24,15.804638326786451,,,0,9.679166666666665,66.6,24,-3.782378271105383,2.7351551858398313,1011.7458333333334,-1.7000000000000455,24,2.125,8,1.0,1.0,1.0,1.0,0.0,,,,125.87186010309546
2018-10-03,25.90833333333333,21.5,31.0,24,51.25,51.0,35,70,24,14.634403130634366,,,0,14.512500000000001,37.1,24,1.6961141418591197,-4.977964495432657,1010.9458333333333,1.2000000000000455,24,4.428571428571429,7,1.0,1.0,1.0,1.0,0.0,,,,341.1847689291587
2018-10-04,25.008333333333336,21.0,30.0,24,49.083333333333336,47.5,35,66,24,13.21739735090356,,,0,19.208333333333332,59.4,24,-4.413533907573457,-6.062350883107755,1013.3958333333334,3.7000000000000455,24,6.0,8,1.0,1.0,1.0,1.0,0.0,,,,36.055498195488155
2018-10-05,23.879166666666666,19.0,29.0,24,51.583333333333336,52.0,37,68,24,13.049583909561472,,,0,17.804166666666667,33.5,24,-4.968214740355809,-6.677257986834996,1015.5583333333334,-2.2999999999999545,24,3.5714285714285716,7,1.0,1.0,1.0,1.0,0.0,,,,36.65109663314382
2018-10-06,24.333333333333332,18.0,32.0,24,48.166666666666664,50.5,26,64,24,12.091124849121032,,,0,8.833333333333334,19.0,24,-1.502756948243264,-3.5598157672794195,1013.9083333333333,-3.2999999999999545,24,0.5,8,1.0,1.0,1.0,1.0,0.0,,,,22.886776267598123
2018-10-07,24.708333333333332,18.0,33.0,24,49.625,50.0,26,73,24,12.621413570651319,,,0,6.6499999999999995,18.4,24,0.25323259439856055,0.20339818102433635,1012.3791666666666,-1.8999999999999773,24,0.42857142857142855,7,1.0,1.0,1.0,1.0,0.0,,,,231.2283272635846
2018-10-08,23.775000000000002,17.0,31.0,24,57.916666666666664,59.5,39,88,24,14.448281393729737,,,0,15.904166666666667,81.7,24,1.3554166541670813,-7.61680765581404,1010.8958333333334,-0.8999999999999773,24,2.4285714285714284,7,1.0,1.0,1.0,1.0,0.0,,,,349.9097952076397
2018-10-09,21.766666666666666,15.5,27.9,24,63.083333333333336,67.5,38,95,24,13.94584938240241,,,0,16.783333333333335,25.6,24,7.692718122651179,-6.441091946146742,1012.4499999999999,-1.099999999999909,24,4.142857142857143,7,1.0,1.0,1.0,1.0,0.0,,,,309.93934650235667
2018-10-10,22.75,17.0,30.0,24,65.91666666666667,69.0,40,94,24,15.37789533145979,,,0,7.854166666666667,18.4,24,-5.10936866225801,-0.20307602472603328,1011.6125000000001,-0.39999999999997726,24,2.625,8,1.0,1.0,1.0,1.0,0.0,,,,87.72393053281775
2018-10-11,22.40416666666667,17.9,29.0,24,57.5,52.5,37,78,24,13.133259056707857,,,0,12.5,29.5,24,-8.421285243084034,-1.681031886690012,1013.5124999999999,2.5,24,1.6363636363636365,11,1.0,1.0,1.0,1.0,0.0,,,,78.71116810663767
2018-10-12,22.058333333333334,17.0,29.0,24,51.125,51.5,32,72,24,10.928865968182386,,,0,8.333333333333334,22.0,24,4.729623719553152,-2.0647866489408506,1015.35,-2.8999999999999773,24,2.375,8,1.0,1.0,1.0,1.0,0.0,,,,293.5843817501521
2018-10-13,21.916666666666668,16.0,29.0,24,57.291666666666664,54.5,34,82,24,12.551726830255012,,,0,7.204166666666666,18.4,24,3.355727279434601,2.2119667704527575,1015.2041666666668,-2.0,24,0.0,11,1.0,1.0,1.0,1.0,0.0,,,,236.60866036128
2018-10-14,22.166666666666668,17.0,29.0,24,56.375,61.0,37,72,24,12.636081337445766,,,0,7.904166666666666,18.4,24,3.199782113614176,-0.6453781481674802,1014.1999999999999,-1.1000000000000227,24,0.8181818181818182,11,1.0,1.0,1.0,1.0,0.0,,,,281.40325028299225
2018-10-15,22.508333333333336,16.5,29.0,24,59.333333333333336,60.5,43,82,24,13.77206869002049,,,0,5.820833333333333,14.8,24,-2.1110039623218753,-0.15684876873200002,1013.9916666666667,-4.5,24,1.3846153846153846,13,1.0,1.0,1.0,1.0,0.0,,,,85.75069975430989
2018-10-16,22.358333333333334,18.0,27.0,24,53.291666666666664,55.0,41,65,24,12.146139230285401,,,0,16.895833333333332,37.1,24,-6.047055218120416,-6.295161322504282,1014.2333333333332,-1.0,24,7.0,4,1.0,1.0,1.0,1.0,0.0,,,,43.84838203474982
2018-10-17,21.212500000000002,17.0,28.0,24,60.833333333333336,64.0,38,82,24,12.85756383987822,,,0,8.416666666666666,22.3,24,4.908345975726843,-1.0390809321979901,1014.0124999999999,-2.0,24,2.0,11,1.0,1.0,1.0,1.0,0.0,,,,281.9528581786537
2018-10-18,21.025000000000002,15.0,29.0,24,55.458333333333336,60.0,29,77,24,10.959787909579008,,,0,7.454166666666667,11.2,24,2.424149541184306,-0.05916439741849899,1013.6083333333332,-0.7000000000000455,24,0.8666666666666667,15,1.0,1.0,1.0,1.0,0.0,,,,271.3980975087166
2018-10-19,21.40416666666667,14.0,29.0,24,52.0,50.0,27,77,24,10.191257543559669,,,0,6.270833333333333,18.4,24,1.2089043635874985,-0.08646027972722374,1015.0375,1.5,24,0.75,12,1.0,1.0,1.0,1.0,0.0,,,,274.09080220331026
2018-10-20,21.070833333333333,14.0,29.0,24,45.833333333333336,45.0,25,70,24,7.918239292127279,,,0,10.049999999999999,66.6,24,5.477429229021072,-1.6231498501735058,1017.1,-0.10000000000002274,24,0.16666666666666666,12,1.0,1.0,1.0,1.0,0.0,,,,286.50636013457034
2018-10-21,21.054166666666667,14.0,28.5,24,48.5,47.5,26,72,24,8.97595856499537,,,0,7.7875000000000005,16.7,24,2.5956008499333016,-2.313228128447396,1017.2416666666667,-0.7000000000000455,24,0.8,5,1.0,1.0,1.0,1.0,0.0,,,,311.70777781820044
2018-10-22,20.75,14.0,29.0,24,53.25,54.0,33,79,24,10.1017617991188,,,0,5.633333333333333,18.4,24,2.726546692103147,-0.2177496722868245,1015.5749999999999,-3.1000000000000227,24,0.25,8,1.0,1.0,1.0,1.0,0.0,,,,274.56611058349176
2018-10-23,21.349999999999998,15.0,30.0,24,51.125,52.0,29,72,24,10.055762671997334,,,0,6.949999999999999,16.7,24,0.7006938452670867,-1.5677125406300005,1015.3125,1.0,24,0.25,4,1.0,1.0,1.0,1.0,0.0,,,,335.9176005017401
2018-10-24,20.920833333333334,14.5,29.0,24,51.166666666666664,50.5,33,69,24,9.918774218271638,,,0,5.945833333333333,11.2,24,0.28974036152164123,-1.9395151223057818,1015.75,-0.6000000000000227,24,0.5625,16,1.0,1.0,1.0,1.0,0.0,,,,351.5035286717417
2018-10-25,20.708333333333332,14.0,28.0,24,53.041666666666664,52.5,30,77,24,10.047362984221516,,,0,5.441666666666666,18.4,24,2.814117463553945,-0.8269811358411503,1016.875,1.3999999999999773,24,0.4375,16,1.0,1.0,1.0,1.0,0.0,,,,286.3764132557295
2018-10-26,20.900000000000002,14.7,29.0,24,55.416666666666664,57.0,31,77,24,11.089964188580462,,,0,5.7124999999999995,18.5,24,3.2229127116426874,-0.8073249134972719,1018.7583333333333,-0.6000000000000227,24,0.16666666666666666,12,1.0,1.0,1.0,1.0,0.0,,,,284.06295676535365
2018-10-27,20.754166666666666,14.0,29.0,24,54.416666666666664,59.0,32,74,24,10.543084352411876,,,0,4.8625,11.2,24,1.33160101743415,-0.03281935192644614,1018.9041666666667,-0.39999999999997726,24,0.0,15,1.0,1.0,1.0,1.0,0.0,,,,271.4118566394928
2018-10-28,20.895833333333332,14.0,29.0,24,53.583333333333336,60.0,28,77,24,10.137384045633132,,,0,5.2375,25.6,24,1.329772446801265,-0.35825048238895213,1018.4541666666668,-1.6000000000000227,24,0.0,11,1.0,1.0,1.0,1.0,0.0,,,,285.07792173960723
2018-10-29,21.158333333333335,14.6,29.0,24,56.041666666666664,58.5,33,77,24,11.4737217094187,,,0,2.733333333333333,7.6,24,-0.4222026316888135,0.6225815204282602,1017.6666666666666,-1.0,24,0.23809523809523808,21,1.0,1.0,1.0,1.0,0.0,,,,145.85690660421147
2018-10-30,21.645833333333332,15.0,30.0,24,62.666666666666664,62.5,40,90,24,13.668028899226243,,,0,3.8208333333333333,11.2,24,-1.1955315068364143,0.5718003887993595,1017.0666666666666,0.39999999999997726,24,1.0,17,1.0,1.0,1.0,1.0,0.0,,,,115.56091882969883
2018-10-31,21.6875,17.0,28.0,24,66.33333333333333,69.5,42,82,24,14.87611814157487,,,0,4.258333333333334,13.0,24,-0.7988958469281594,-0.2003126591754456,1018.2875,-2.3999999999999773,24,1.0,20,1.0,1.0,1.0,1.0,0.0,,,,75.92402637185023
2018-11-01,21.108333333333334,17.3,26.0,24,69.125,69.0,54,84,24,15.091067198121957,,,0,15.104166666666666,29.5,24,-11.019941664130116,2.12984611715515,1016.3416666666667,-1.5,24,7.0,5,1.0,1.0,1.0,1.0,0.0,,,,100.93879760587856
2018-11-02,17.375,14.0,21.0,24,76.79166666666667,77.0,60,88,24,13.140740498089636,,,0,13.879166666666665,29.5,24,-9.189341273388962,1.8085023949543635,1016.5833333333334,-2.0,24,7.0,3,1.0,1.0,1.0,1.0,0.0,,,,101.13377006517311
2018-11-03,16.125,13.0,22.0,24,71.375,78.0,46,84,24,10.654741523062397,,,0,13.450000000000001,36.7,24,-1.4227984419986104,-1.8733342347026134,1015.2583333333333,3.8999999999999773,24,3.6,5,1.0,1.0,1.0,1.0,0.0,,,,37.21669160415428
2018-11-04,16.1125,10.0,24.0,24,64.5,63.0,38,88,24,8.845066031650509,,,0,2.9458333333333333,13.0,24,2.13825691267848,0.23852596302702067,1017.5166666666668,0.20000000000004547,24,0.1111111111111111,9,1.0,1.0,1.0,1.0,0.0,,,,263.6348795334661
2018-11-05,16.383333333333333,11.0,24.3,24,59.5,58.5,31,88,24,7.588655836233417,,,0,6.633333333333333,22.2,24,4.57347937315584,-2.0620831162746303,1017.275,0.10000000000002274,24,0.0,15,1.0,1.0,1.0,1.0,0.0,,,,294.26958543638443
2018-11-06,16.791666666666668,10.7,25.0,24,55.333333333333336,58.0,26,82,24,6.573339365984339,,,0,8.616666666666667,29.5,24,8.071572473794223,-2.98418116845372,1017.5708333333333,-1.7000000000000455,24,0.7777777777777778,9,1.0,1.0,1.0,1.0,0.0,,,,290.29010782270626
2018-11-07,16.733333333333334,10.0,25.0,24,56.916666666666664,59.0,31,82,24,7.284621737507497,,,0,3.404166666666667,9.4,24,-0.5772110231220722,0.019479310741131146,1016.5416666666666,-0.10000000000002274,24,0.8666666666666667,15,1.0,1.0,1.0,1.0,0.0,,,,91.93284404370769
2018-11-08,17.066666666666666,10.0,26.0,24,60.625,68.0,33,87,24,8.643021606848857,,,0,3.025,13.0,24,-1.9179680618960646,1.665743409966429,1017.5625,-0.6000000000000227,24,0.2727272727272727,22,1.0,1.0,1.0,1.0,0.0,,,,130.9741130619201
2018-11-09,17.05,11.0,25.0,24,56.916666666666664,63.0,34,77,24,7.820622238246114,,,0,3.1625,14.8,24,2.2969925144322656,0.09992096160177154,1015.8416666666667,-1.0,24,1.5555555555555556,18,1.0,1.0,1.0,1.0,0.0,,,,267.5091593728607
2018-11-10,16.983333333333334,11.0,24.0,24,62.625,66.5,41,82,24,9.37325585100895,,,0,2.095833333333333,7.6,24,-1.0057611709055692,-1.4392552925192792,1016.2833333333333,1.7999999999999545,24,1.7894736842105263,19,1.0,1.0,1.0,1.0,0.0,,,,34.94610597003884
2018-11-11,17.270833333333332,12.5,24.0,24,63.958333333333336,69.0,44,78,24,10.035326147500006,,,0,2.625,11.2,24,0.3255690938590022,1.0136817917227745,1017.5541666666667,-0.10000000000002274,24,1.7727272727272727,22,1.0,1.0,1.0,1.0,0.0,,,,197.80571187593662
2018-11-12,17.308333333333334,13.0,24.0,24,64.625,65.5,46,80,24,10.257243425774224,,,0,6.570833333333333,22.3,24,-1.5705674689883988,-2.0440689625223603,1016.0083333333333,-2.8999999999999773,24,2.727272727272727,11,1.0,1.0,1.0,1.0,0.0,,,,37.5369989708725
2018-11-13,15.25,12.5,19.5,24,73.375,77.0,56,84,24,10.427374037677358,,,0,7.958333333333333,15.0,24,-3.4337002401625063,-3.496922076450684,1014.0958333333333,-0.6000000000000227,24,5.2,5,1.0,1.0,1.0,1.0,0.0,,,,44.4773566128884
2018-11-14,14.608333333333334,11.6,18.0,24,77.45833333333333,78.0,64,90,24,10.609981242604357,,,0,8.0,14.8,24,-2.4933991882329187,-5.148722199002293,1015.0666666666666,3.0,24,4.0,6,1.0,1.0,1.0,1.0,0.0,,,,25.83976233943696
2018-11-15,14.8125,9.0,23.0,24,70.70833333333333,72.0,41,94,24,8.947888174363566,,,0,5.495833333333334,18.4,24,3.2090611342940805,0.8001505265087822,1019.2708333333334,2.5,24,0.3684210526315789,19,1.0,1.0,1.0,1.0,0.0,,,,255.99929866425646
2018-11-16,15.320833333333333,9.0,23.0,24,60.541666666666664,60.5,25,94,24,6.545080273823122,,,0,10.179166666666667,33.5,24,8.765517528913916,-0.08398394000221719,1016.3541666666666,-2.7999999999999545,24,0.5833333333333334,12,1.0,1.0,1.0,1.0,0.0,,,,270.54894397942076
2018-11-17,14.895833333333334,8.0,23.0,24,56.291666666666664,59.0,28,84,24,5.263214032925274,,,0,2.6166666666666667,14.8,24,0.04252705276012417,-1.2182485534683716,1014.0291666666667,-1.3000000000000682,24,1.4444444444444444,9,1.0,1.0,1.0,1.0,0.0,,,,358.00071044240224
2018-11-18,16.662499999999998,10.1,25.0,24,54.375,62.5,27,78,24,6.495936448021459,,,0,0.4666666666666666,7.6,24,0.1710314897199472,-0.3353267739216486,1015.0916666666667,3.2000000000000455,24,1.4166666666666667,12,1.0,1.0,1.0,1.0,0.0,,,,332.9764068638479
2018-11-19,17.366666666666667,11.5,25.0,24,56.458333333333336,59.0,32,77,24,7.956726245481551,,,0,3.720833333333333,14.8,24,2.1145616273085275,-0.03237094805138548,1018.5833333333334,3.0,24,1.25,16,1.0,1.0,1.0,1.0,0.0,,,,270.87704884663907
2018-11-20,17.775000000000002,11.0,26.0,24,56.25,57.0,28,82,24,8.178785902260875,,,0,8.258333333333333,22.3,24,6.310069279124339,0.5820777951661369,1019.4083333333333,-0.6000000000000227,24,0.0,11,1.0,1.0,1.0,1.0,0.0,,,,264.72961661047356
2018-11-21,16.658333333333335,10.0,26.0,24,57.666666666666664,61.0,28,82,24,7.246428752516835,,,0,5.758333333333333,18.4,24,4.922420296719466,0.43401054798160477,1018.0541666666667,-0.39999999999997726,24,2.0714285714285716,14,1.0,1.0,1.0,1.0,0.0,,,,264.9612524610611
2018-11-22,15.258333333333333,11.0,22.0,24,63.375,66.0,46,77,24,8.047885766937297,,,0,7.8625,29.5,24,4.882778554409742,-2.8446812420939085,1019.3666666666667,3.0,24,1.8823529411764706,17,1.0,1.0,1.0,1.0,0.0,,,,300.22485397624854
2018-11-23,15.504166666666668,9.0,23.0,24,58.166666666666664,58.5,29,82,24,6.527935669032481,,,0,11.8125,37.1,24,8.903198824416508,-4.529907138824157,1021.8625000000001,-1.0,24,1.1538461538461537,13,1.0,1.0,1.0,1.0,0.0,,,,296.96678537216616
2018-11-24,15.545833333333334,8.0,25.0,24,56.625,60.0,26,87,24,5.822957223969325,,,0,7.079166666666667,29.5,24,6.520573128624395,-0.3244371576324022,1018.5833333333334,-0.8999999999999773,24,1.4285714285714286,7,1.0,1.0,1.0,1.0,0.0,,,,272.848455551591
2018-11-25,16.929166666666667,10.0,26.0,24,55.791666666666664,61.0,26,79,24,7.014656964340502,,,0,3.858333333333333,11.2,24,0.7836322794789853,0.18044647661834953,1018.0708333333333,0.20000000000004547,24,1.8181818181818181,11,1.0,1.0,1.0,1.0,0.0,,,,257.0325804199707
2018-11-26,16.633333333333333,10.0,25.5,24,57.458333333333336,61.0,32,76,24,7.522117021133382,,,0,3.2416666666666667,18.4,24,2.0938382988174755,1.278983943350613,1017.9708333333333,-1.7999999999999545,24,0.3888888888888889,18,1.0,1.0,1.0,1.0,0.0,,,,238.58206924781112
2018-11-27,16.758333333333333,10.0,25.0,24,62.833333333333336,67.5,39,82,24,9.08747648096186,,,0,2.8625000000000003,11.2,24,-1.7096562479933102,0.4385887497725587,1019.2791666666667,4.0,24,0.8888888888888888,18,1.0,1.0,1.0,1.0,0.0,,,,104.38816628776578
2018-11-28,17.408333333333335,12.0,26.0,24,63.583333333333336,67.5,36,82,24,9.919933095792613,,,0,5.704166666666667,14.8,24,-1.7539631493646903,0.9084009298396635,1020.9708333333333,1.7999999999999545,24,1.2666666666666666,15,1.0,1.0,1.0,1.0,0.0,,,,117.38024211737036
2018-11-29,16.145833333333332,10.5,23.0,24,62.916666666666664,65.0,34,88,24,8.421689600115775,,,0,9.366666666666667,33.1,24,8.54802960941325,-1.340095670310309,1020.9458333333333,-0.6000000000000227,24,1.0,14,1.0,1.0,1.0,1.0,0.0,,,,278.9098784244454
2018-11-30,15.191666666666668,9.0,24.6,24,62.083333333333336,69.0,29,87,24,7.008689739489038,,,0,7.929166666666667,33.1,24,5.938127217350003,0.023972207902905347,1019.8041666666667,-1.0,24,0.375,8,1.0,1.0,1.0,1.0,0.0,,,,269.76869830727094
2018-12-01,14.795833333333334,8.0,24.0,24,60.291666666666664,62.5,29,87,24,6.327320660273894,,,0,2.3000000000000003,7.6,24,-0.2704960224583303,0.40253879257167385,1016.5791666666668,-2.0,24,0.2,15,1.0,1.0,1.0,1.0,0.0,,,,146.09988434299646
2018-12-02,14.570833333333333,8.0,23.2,24,63.708333333333336,68.0,33,79,24,7.357530067052704,,,0,2.783333333333333,11.2,24,-1.1468401940050277,0.9133075235978415,1016.7125,1.1000000000000227,24,0.25,16,1.0,1.0,1.0,1.0,0.0,,,,128.53271521805948
2018-12-03,13.8375,8.0,21.8,24,66.91666666666667,70.0,38,87,24,7.276633742115204,,,0,2.2375000000000003,9.3,24,0.8901401140473105,1.267789769104936,1017.625,1.7999999999999545,24,0.6428571428571429,14,1.0,1.0,1.0,1.0,0.0,,,,215.073447265176
2018-12-04,13.558333333333332,7.0,21.4,24,63.458333333333336,68.0,33,87,24,6.056744693381522,,,0,1.9000000000000001,7.6,24,0.4373507477051126,0.15084460429523305,1019.3125,0.6000000000000227,24,0.4,20,1.0,1.0,1.0,1.0,0.0,,,,250.97041299551432
2018-12-05,13.5625,8.0,22.0,24,67.04166666666667,72.0,38,87,24,7.0837682277049465,,,0,2.6333333333333333,7.6,24,-1.5086433623405962,0.7273119259964337,1016.3874999999999,-2.1000000000000227,24,0.6666666666666666,18,1.0,1.0,1.0,1.0,0.0,,,,115.73856065979953
2018-12-06,13.616666666666667,8.5,21.0,24,65.91666666666667,69.5,40,87,24,6.829429036420016,,,0,5.1625000000000005,14.8,24,3.1798031793435313,-0.3690211407428177,1016.4916666666667,0.7999999999999545,24,0.5294117647058824,17,1.0,1.0,1.0,1.0,0.0,,,,276.61965320603906
2018-12-07,13.091666666666667,7.0,21.0,24,66.625,70.0,38,87,24,6.460520128396216,,,0,1.9000000000000001,7.4,24,-0.9452913843419242,-0.35513784094997075,1016.8666666666667,1.2999999999999545,24,0.375,16,1.0,1.0,1.0,1.0,0.0,,,,69.40923247079127
2018-12-08,13.275,8.0,21.0,24,65.79166666666667,71.0,38,82,24,6.584440145723259,,,0,2.8333333333333335,7.6,24,-1.285446554363246,0.12591766779837402,1017.6666666666666,0.0,24,0.5,16,1.0,1.0,1.0,1.0,0.0,,,,95.59463731667228
2018-12-09,13.7875,9.0,19.7,24,65.54166666666667,67.0,45,82,24,7.069582963471938,,,0,4.004166666666666,18.4,24,-0.718377363325461,0.07290766843770834,1016.3041666666667,-2.6000000000000227,24,2.0,13,1.0,1.0,1.0,1.0,0.0,,,,95.79507052739899
2018-12-10,11.304166666666667,9.0,13.9,24,85.16666666666667,87.5,75,94,24,8.863421567837634,,,0,12.058333333333332,22.3,24,-9.397348422940379,-3.985363557258743,1017.2916666666666,4.5,24,6.666666666666667,3,1.0,1.0,1.0,1.0,0.0,,,,67.01846741846629
2018-12-11,10.924999999999999,7.0,16.8,24,82.5,85.0,60,100,24,7.925514963910693,,,0,6.266666666666667,25.9,24,4.332748839072884,-0.732799320677779,1019.4291666666667,1.0,24,2.1666666666666665,6,1.0,1.0,1.0,1.0,0.0,,,,279.59961056525185
2018-12-12,11.483333333333334,7.6,18.0,24,76.20833333333333,77.0,52,93,24,7.236808923562518,,,0,6.145833333333333,18.4,24,-2.2767487021770836,1.0978695894618347,1020.4166666666666,2.8999999999999773,24,2.1666666666666665,6,1.0,1.0,1.0,1.0,0.0,,,,115.74380104092006
2018-12-13,11.179166666666667,6.0,18.0,24,72.79166666666667,81.5,42,93,24,5.989299421517811,,,0,4.858333333333333,14.8,24,1.972785249741181,1.259247522380041,1023.3666666666667,2.0,24,0.0,14,1.0,1.0,1.0,1.0,0.0,,,,237.44952405981465
2018-12-14,10.908333333333333,5.0,18.0,24,72.41666666666667,76.0,42,93,24,5.661692950211155,,,0,5.0125,18.5,24,3.8501029229682424,0.09307841160976767,1025.425,-0.40000000000009095,24,0.0,15,1.0,1.0,1.0,1.0,0.0,,,,268.6151119467454
2018-12-15,10.329166666666667,4.0,19.0,24,70.91666666666667,76.0,35,96,24,4.621414809674767,,,0,3.204166666666667,13.0,24,2.4894152502218883,0.47914763626952966,1025.1000000000001,0.2999999999999545,24,0.0,13,1.0,1.0,1.0,1.0,0.0,,,,259.10528598189927
2018-12-16,10.733333333333334,4.0,21.0,24,67.95833333333333,70.5,35,93,24,4.335004371484407,,,0,2.7624999999999997,10.8,24,1.2393873568204372,0.7519142692061987,1024.3374999999999,-1.2999999999999545,24,0.0,11,1.0,1.0,1.0,1.0,0.0,,,,238.7555564127789
2018-12-17,10.645833333333334,4.0,20.0,24,65.875,68.5,32,93,24,3.622508525481757,,,0,3.466666666666667,11.2,24,2.653391755981879,0.3654068827034061,1023.0541666666667,-2.1000000000000227,24,0.3157894736842105,19,1.0,1.0,1.0,1.0,0.0,,,,262.1589389980207
2018-12-18,10.450000000000001,4.0,20.0,24,70.33333333333333,77.5,40,93,24,4.600224254044724,,,0,4.55,18.4,24,3.0410432543443595,0.8596061487560686,1020.6458333333334,-3.2000000000000455,24,0.3333333333333333,18,1.0,1.0,1.0,1.0,0.0,,,,254.21609084143915
2018-12-19,12.220833333333333,7.0,21.0,24,66.70833333333333,69.0,35,87,24,5.501879998914227,,,0,1.7874999999999999,9.3,24,-1.2044568731732992,0.3682941028605338,1018.8541666666666,-0.5,24,0.35,20,1.0,1.0,1.0,1.0,0.0,,,,107.00237883749293
2018-12-20,11.583333333333334,5.0,20.0,24,67.875,76.0,38,87,24,5.268488975240069,,,0,2.9416666666666664,16.7,24,2.1359959161722197,0.911745626155449,1020.1625,-0.3000000000000682,24,0.0,16,1.0,1.0,1.0,1.0,0.0,,,,246.88488323274947
2018-12-21,10.924999999999999,4.5,20.0,24,66.58333333333333,71.0,35,93,24,4.235857587874957,,,0,2.5208333333333335,11.2,24,0.2019887399083625,0.23407829912638034,1018.5124999999999,1.0,24,0.0,20,1.0,1.0,1.0,1.0,0.0,,,,220.79127049550684
2018-12-22,10.704166666666666,4.0,20.0,24,65.41666666666667,67.5,32,87,24,3.8136352078263527,,,0,1.5999999999999999,7.6,24,-0.01747933003035458,0.35271229743957516,1018.4583333333334,2.7000000000000455,24,1.1875,16,1.0,1.0,1.0,1.0,0.0,,,,177.16291946027172
2018-12-23,10.129166666666666,4.5,17.4,24,67.08333333333333,71.0,38,86,24,3.808429829346721,,,0,3.2875,9.3,24,-0.22972438735040754,1.2277866623279723,1020.5375,1.0,24,0.14285714285714285,7,1.0,1.0,1.0,1.0,0.0,,,,169.40223817211188
2018-12-24,9.704166666666667,4.0,18.0,24,66.375,69.0,36,93,24,2.989911615158508,,,0,7.454166666666667,29.5,24,6.2408872214456395,-0.7012390940615759,1019.475,-3.0,24,0.09523809523809523,21,1.0,1.0,1.0,1.0,0.0,,,,276.4109833644667
2018-12-25,9.383333333333333,3.0,18.5,24,62.791666666666664,66.0,31,93,24,1.7143726128120962,,,0,5.954166666666667,20.4,24,4.690616923868656,-0.36723995256716385,1018.3874999999999,-0.7000000000000455,24,0.0,15,1.0,1.0,1.0,1.0,0.0,,,,274.4766956603037
2018-12-26,8.529166666666667,2.0,16.0,24,65.20833333333333,68.0,35,90,24,1.7068376921260977,,,0,3.0833333333333335,11.2,24,-0.16419165028464375,0.6665603301798305,1015.9541666666668,2.7999999999999545,24,0.4666666666666667,15,1.0,1.0,1.0,1.0,0.0,,,,166.16200786184572
2018-12-27,8.429166666666667,2.0,16.0,24,61.791666666666664,62.5,31,87,24,0.6732364080408662,,,0,5.270833333333333,22.3,24,4.010395826709767,-0.8429656056226068,1019.1416666666668,3.7000000000000455,24,0.0,20,1.0,1.0,1.0,1.0,0.0,,,,281.8704856971566
2018-12-28,8.4625,1.0,19.0,24,63.708333333333336,68.0,30,91,24,1.1294755303438822,,,0,3.033333333333333,9.3,24,2.035267836706979,1.0816219617187177,1019.1041666666666,1.3999999999999773,24,0.0,7,1.0,1.0,1.0,1.0,0.0,,,,242.01205327180253
2018-12-29,9.354166666666666,2.0,19.0,24,58.958333333333336,61.5,32,83,24,1.0210371701083731,,,0,3.033333333333333,7.6,24,1.763942873996237,1.082252223178145,1020.1833333333334,3.6000000000000227,24,1.0,20,1.0,1.0,1.0,1.0,0.0,,,,238.46915518141415
2018-12-30,10.770833333333334,5.0,19.0,24,64.0,71.5,36,87,24,3.5561571620100616,,,0,1.4749999999999999,7.6,24,0.6471760579130866,0.3797205656766891,1022.4375,1.2000000000000455,24,0.4117647058823529,17,1.0,1.0,1.0,1.0,0.0,,,,239.59837800668373
2018-12-31,10.266666666666667,4.0,19.0,24,64.58333333333333,68.5,34,87,24,3.1712427835354404,,,0,3.6291666666666664,14.8,24,3.3180978859464325,0.44956242149526293,1022.9416666666666,-0.7000000000000455,24,0.19047619047619047,21,1.0,1.0,1.0,1.0,0.0,,,,262.2840945465498
2019-01-01,10.516666666666667,5.5,16.0,24,66.625,68.5,45,87,24,4.20533082133344,,,0,4.370833333333334,11.0,24,-1.6963829339614935,0.5477457939855709,1020.5749999999999,0.10000000000002274,24,3.0,4,1.0,1.0,1.0,1.0,0.0,,,,107.89477097167037
2019-01-02,11.833333333333334,8.0,18.0,24,74.04166666666667,79.0,52,88,24,7.09201603702578,,,0,8.491666666666667,14.8,24,-3.095957021993956,-2.71051034219563,1022.5083333333333,3.699999999999932,24,2.5,4,1.0,1.0,1.0,1.0,0.0,,,,48.797853820839975
2019-01-03,10.445833333333333,5.0,17.0,24,70.875,71.0,45,93,24,4.88584727351621,,,0,8.470833333333333,26.0,24,6.455543506704271,-1.5799342039248685,1023.8333333333334,-1.300000000000182,24,0.0,4,1.0,1.0,1.0,1.0,0.0,,,,283.75228405680394
2019-01-04,10.645833333333334,6.0,16.0,24,68.20833333333333,66.5,45,86,24,4.72305149442125,,,0,6.879166666666666,14.8,24,0.603919701129198,-1.4044321149970658,1021.4,-3.3999999999999773,24,7.0,3,1.0,1.0,1.0,1.0,0.0,,,,336.7318168976234
2019-01-05,9.416666666666666,7.0,11.3,24,81.20833333333333,81.5,67,93,24,6.299271841465887,,,0,12.737499999999999,19.0,24,-5.962370260885053,-5.737474976388349,1021.9166666666666,3.1000000000000227,24,7.0,4,1.0,1.0,1.0,1.0,0.0,,,,46.10120806773642
2019-01-06,9.283333333333333,4.0,14.4,24,78.08333333333333,82.5,55,100,24,5.401465312821536,,,0,5.441666666666666,14.8,24,3.0256310644249123,0.3567239688324994,1022.2583333333333,0.39999999999997726,24,0.3333333333333333,6,1.0,1.0,1.0,1.0,0.0,,,,263.2758304061816
2019-01-07,9.116666666666667,3.4,16.0,24,73.75,76.0,44,97,24,4.172993258716862,,,0,5.083333333333333,14.8,24,4.503706924915314,0.5149533284405153,1022.9458333333333,0.3000000000000682,24,2.4,5,1.0,1.0,1.0,1.0,0.0,,,,263.4771345729735
2019-01-08,10.170833333333333,6.0,17.0,24,70.75,76.0,37,93,24,4.625371791956105,,,0,6.2625,18.4,24,5.984536736494019,-0.0025959590641268225,1019.35,-4.0,24,6.0,1,1.0,1.0,1.0,1.0,0.0,,,,270.0248536345223
2019-01-09,10.229166666666666,3.5,18.0,24,66.875,66.5,32,93,24,3.3780197674425048,,,0,9.533333333333333,30.0,24,8.791131071759688,-1.0605425502864778,1018.4458333333333,0.0,24,0.0,4,1.0,1.0,1.0,1.0,0.0,,,,276.87879414660046
2019-01-10,10.133333333333333,5.0,20.0,24,68.0,71.0,39,93,24,3.9531035964084613,,,0,7.391666666666667,25.6,24,4.460520886102071,-1.7468213735066287,1018.0208333333334,1.7000000000000455,24,5.0,5,1.0,1.0,1.0,1.0,0.0,,,,291.38621755817894
2019-01-11,11.708333333333334,8.1,15.2,24,68.16666666666667,71.0,51,82,24,5.88949490066755,,,0,7.866666666666667,15.0,24,1.164926897838651,-1.2040872263452844,1020.4666666666667,2.3999999999999773,24,6.833333333333333,6,1.0,1.0,1.0,1.0,0.0,,,,315.9470256821436
2019-01-12,10.616666666666667,8.0,14.5,24,80.625,85.0,60,88,24,7.317682228020516,,,0,11.220833333333333,33.0,24,-3.225045241124988,-4.4443446897801975,1019.9,2.3999999999999773,24,7.4,5,1.0,1.0,1.0,1.0,0.0,,,,35.966570515031435
2019-01-13,9.008333333333333,3.5,15.0,24,74.58333333333333,76.0,45,92,24,4.401673670582233,,,0,9.3125,26.0,24,2.619686952574799,-3.0370651830083264,1023.8916666666668,6.2999999999999545,24,1.0,6,1.0,1.0,1.0,1.0,0.0,,,,319.21986946242987
2019-01-14,8.270833333333334,2.5,15.0,24,68.375,73.5,32,93,24,1.837584345153133,,,0,8.308333333333334,25.6,24,7.38150393679738,-1.8903861893234795,1022.6166666666667,-1.7999999999999545,24,3.5714285714285716,7,1.0,1.0,1.0,1.0,0.0,,,,284.36458998735435
2019-01-15,9.2125,2.5,19.0,24,67.91666666666667,69.5,32,93,24,2.787190117287171,,,0,4.0625,13.0,24,2.2272067324817177,1.0895599645376204,1019.2458333333334,-0.6000000000000227,24,2.75,4,1.0,1.0,1.0,1.0,0.0,,,,243.9319031879057
2019-01-16,9.720833333333333,6.1,15.0,24,71.91666666666667,76.0,45,87,24,4.6095269165218,,,0,4.3374999999999995,13.0,24,-3.037861049840606,-0.856690687748293,1019.4833333333332,3.0,24,5.25,4,1.0,1.0,1.0,1.0,0.0,,,,74.25130574234362
2019-01-17,9.924999999999999,3.0,20.0,24,70.25,75.0,38,93,24,4.080706395312182,,,0,5.4624999999999995,19.0,24,5.034734167456627,-0.16990249302654967,1019.7166666666667,-0.2999999999999545,24,0.75,8,1.0,1.0,1.0,1.0,0.0,,,,271.93277394530617
2019-01-18,9.641666666666667,4.5,15.0,24,69.16666666666667,76.0,42,87,24,3.8264576594353823,,,0,4.8,13.0,24,2.874881303736142,0.9882610175568032,1019.3125,1.1000000000000227,24,5.0,7,1.0,1.0,1.0,1.0,0.0,,,,251.02922557012351
2019-01-19,13.141666666666666,7.6,21.0,24,66.54166666666667,73.5,40,82,24,6.5943226198579055,,,0,6.741666666666667,13.0,24,0.5360515727040668,-0.6778477083282274,1018.9041666666667,-2.7000000000000455,24,6.666666666666667,6,1.0,1.0,1.0,1.0,0.0,,,,321.66255313288053
2019-01-20,11.841666666666667,9.5,16.0,24,75.16666666666667,77.0,63,83,24,7.525449838193435,,,0,7.995833333333334,22.0,24,-3.895807924369971,-2.0907431404637453,1018.5291666666667,-2.2999999999999545,24,6.666666666666667,6,1.0,1.0,1.0,1.0,0.0,,,,61.77910865511234
2019-01-21,10.954166666666666,9.5,12.0,24,92.25,94.0,77,100,24,9.688994856604273,,,0,12.433333333333332,33.0,24,-7.344571147176127,-4.6610611494037055,1015.0500000000001,-2.8999999999999773,24,8.0,4,1.0,1.0,1.0,1.0,0.0,,,,57.59969653482176
2019-01-22,9.666666666666666,9.0,11.0,24,95.25,94.0,88,100,24,8.925666050258371,,,0,9.791666666666666,19.0,24,-7.8615332792202635,-1.5962555737938733,1014.8625000000001,8.100000000000023,24,7.714285714285714,7,1.0,1.0,1.0,1.0,0.0,,,,78.52233691036639
2019-01-23,10.041666666666666,6.5,16.0,24,78.54166666666667,86.5,45,100,24,6.038726667777984,,,0,11.104166666666666,22.0,24,3.07110374023517,-2.194168710212503,1020.1333333333333,4.100000000000023,24,3.6666666666666665,6,1.0,1.0,1.0,1.0,0.0,,,,305.54414043055476
2019-01-24,9.3375,3.5,16.0,24,74.0,76.0,53,93,24,4.625179131977571,,,0,6.733333333333333,16.7,24,3.0096335511965058,-0.03786883214292558,1022.65,-0.20000000000004547,24,2.2,5,1.0,1.0,1.0,1.0,0.0,,,,270.72088834971254
2019-01-25,8.808333333333334,4.0,15.0,24,72.91666666666667,71.0,48,95,24,3.8045733340845604,,,0,8.325000000000001,26.0,24,-5.457976382412016,-0.419845187989995,1021.0375,5.099999999999909,24,2.1666666666666665,6,1.0,1.0,1.0,1.0,0.0,,,,85.60128576531503
2019-01-26,9.200000000000001,3.0,16.0,24,67.5,70.0,39,93,24,3.0256848666289415,,,0,7.395833333333333,22.0,24,3.3202694516628983,-1.513194988926691,1024.675,2.2999999999999545,24,1.4285714285714286,7,1.0,1.0,1.0,1.0,0.0,,,,294.5008719575637
2019-01-27,8.924999999999999,2.0,16.0,24,63.083333333333336,64.0,27,93,24,1.300928648946362,,,0,8.983333333333333,19.0,24,5.621229554286545,-3.4581684599426015,1023.8916666666668,-0.7999999999999545,24,0.6,5,1.0,1.0,1.0,1.0,0.0,,,,301.5997409405404
2019-01-28,9.016666666666667,2.0,18.0,24,61.5,64.0,24,93,24,0.7806053861522995,,,0,7.745833333333334,30.0,24,6.8217196205461565,-0.4708823256367029,1024.1625000000001,2.5,24,0.0,5,1.0,1.0,1.0,1.0,0.0,,,,273.9486879395732
2019-01-29,9.775,3.0,18.0,24,56.583333333333336,54.5,26,80,24,0.7171957340291085,,,0,4.570833333333334,10.8,24,3.2923720654987156,0.801021830381484,1022.2833333333333,-1.9999999999998863,24,4.0,7,1.0,1.0,1.0,1.0,0.0,,,,256.32582462116187
2019-01-30,10.700000000000001,7.6,15.0,24,68.58333333333333,67.0,48,100,24,4.948314609452929,,,0,7.858333333333333,19.0,24,0.19785338612268066,0.5473737475151815,1021.65,0.5,24,7.428571428571429,7,1.0,1.0,1.0,1.0,0.0,,,,199.87286583504675
2019-01-31,10.112499999999999,9.0,11.4,24,83.08333333333333,81.0,71,100,24,7.293157811490436,,,0,13.308333333333332,18.5,24,-2.97178360161682,-9.401935873635173,1021.4875000000001,-0.8999999999999773,24,7.333333333333333,3,1.0,1.0,1.0,1.0,0.0,,,,17.540812794766794
2019-02-01,10.916666666666666,7.5,16.0,24,77.75,81.0,55,93,24,6.950249160448787,,,0,9.704166666666667,14.8,24,2.7607636490526297,-3.5867666660172475,1022.8666666666667,1.400000000000091,24,5.75,4,1.0,1.0,1.0,1.0,0.0,,,,322.41422688140193
2019-02-02,11.9125,6.0,20.0,24,70.95833333333333,76.0,37,93,24,6.130098873771158,,,0,6.8875,15.0,24,5.8119951611215415,1.452546720497001,1020.8583333333332,-2.0,24,2.1666666666666665,6,1.0,1.0,1.0,1.0,0.0,,,,255.96795104828027
2019-02-03,12.725,6.0,21.0,24,63.166666666666664,69.5,26,93,24,4.739830848681879,,,0,8.4375,29.5,24,6.2577014204538,1.7030793829397721,1020.9541666666668,3.0,24,2.3333333333333335,6,1.0,1.0,1.0,1.0,0.0,,,,254.775279635269
2019-02-04,12.387500000000001,8.2,18.0,24,68.20833333333333,71.0,46,82,24,6.401366867586415,,,0,4.045833333333333,7.4,24,2.628868330195546,-1.4588020135206148,1021.6,-1.7999999999999545,24,6.571428571428571,7,1.0,1.0,1.0,1.0,0.0,,,,299.02661032674905
2019-02-05,13.9125,9.8,19.0,24,68.375,68.0,43,83,24,7.904967117181332,,,0,6.845833333333334,14.8,24,-2.6723205344805674,-0.9481539615740379,1018.7083333333334,-4.5,24,6.5,8,1.0,1.0,1.0,1.0,0.0,,,,70.46503624406228
2019-02-06,10.591666666666667,8.5,13.0,24,85.20833333333333,84.5,67,94,24,8.145577052447385,,,0,15.5875,33.0,24,-2.054444760223193,-5.194465808667387,1014.9708333333333,-1.7999999999999545,24,7.375,8,1.0,1.0,1.0,1.0,0.0,,,,21.579116904012665
2019-02-07,10.104166666666666,8.0,13.0,24,80.5,86.5,59,93,24,6.7606966693793416,,,0,11.5875,22.0,24,-3.6413180275199313,-2.7261966210928534,1011.3583333333332,1.0,24,7.142857142857143,7,1.0,1.0,1.0,1.0,0.0,,,,53.17838888618303
2019-02-08,11.145833333333334,8.0,16.0,24,75.83333333333333,76.0,52,93,24,6.7034429102447115,,,0,15.904166666666667,30.0,24,-3.1289834417402744,-3.2284114678966898,1019.15,7.2000000000000455,24,2.0,3,1.0,1.0,1.0,1.0,0.0,,,,44.10398175186543
2019-02-09,11.291666666666666,5.0,19.0,24,66.0,67.5,30,93,24,4.179555988374449,,,0,8.091666666666667,22.0,24,4.5324680049649695,-0.49753476922813533,1020.6625,1.3999999999999773,24,1.4,5,1.0,1.0,1.0,1.0,0.0,,,,276.264349583263
2019-02-10,12.558333333333332,7.0,21.0,24,62.791666666666664,67.0,33,87,24,4.813991369384086,,,0,4.891666666666667,11.0,24,0.638021054079658,0.5410263581495535,1020.9791666666666,-0.10000000000002274,24,5.2,5,1.0,1.0,1.0,1.0,0.0,,,,229.70286489591888
2019-02-11,14.1,8.7,20.5,24,63.333333333333336,69.5,40,82,24,6.712715996289375,,,0,6.329166666666667,15.0,24,3.848415305017134,0.5124352755717371,1022.1,0.6000000000000227,24,5.333333333333333,6,1.0,1.0,1.0,1.0,0.0,,,,262.41540293039685
2019-02-12,13.762500000000001,10.0,18.0,24,68.95833333333333,69.5,52,82,24,8.02211694682809,,,0,8.866666666666667,26.0,24,0.37238023291679984,-5.811479619642099,1022.8083333333334,1.6000000000000227,24,7.2,5,1.0,1.0,1.0,1.0,0.0,,,,356.3336897818311
2019-02-13,14.375,11.5,18.0,24,71.58333333333333,72.0,60,82,24,9.258643990494468,,,0,12.454166666666666,30.0,24,2.1483018431580354,-0.9510506647346647,1021.5166666666668,-5.2000000000000455,24,6.4,5,1.0,1.0,1.0,1.0,0.0,,,,293.87891502677616
2019-02-14,11.533333333333333,10.5,13.0,24,84.625,88.0,77,88,24,9.010640837628763,,,0,11.241666666666667,22.0,24,-4.615883235385021,-3.5629387249714597,1017.4375,-0.5,24,7.5,4,1.0,1.0,1.0,1.0,0.0,,,,52.33592830077828
2019-02-15,12.829166666666666,9.0,18.0,24,76.375,74.5,56,94,24,8.493040239830572,,,0,9.862499999999999,26.0,24,6.9466669373214245,0.371544527874275,1018.4291666666667,1.3999999999999773,24,2.6,5,1.0,1.0,1.0,1.0,0.0,,,,266.9384355097966
2019-02-16,13.299999999999999,7.0,20.0,24,66.95833333333333,65.0,40,93,24,6.613297854371857,,,0,7.220833333333334,26.0,24,6.790915866196156,-0.37768262833182653,1019.5625,0.39999999999997726,24,0.6666666666666666,6,1.0,1.0,1.0,1.0,0.0,,,,273.1832746860424
2019-02-17,13.266666666666666,10.0,18.0,24,68.75,68.0,46,88,24,7.252390688151017,,,0,6.666666666666667,18.4,24,0.20778211951427378,0.14787277257568884,1014.8125,-4.2000000000000455,24,7.142857142857143,7,1.0,1.0,1.0,1.0,0.0,,,,234.56159655301974
2019-02-18,11.866666666666667,9.0,14.0,24,81.875,82.0,72,94,24,8.833048979117379,,,0,10.254166666666666,19.0,24,-2.352315308181227,-5.339584212505137,1011.7916666666666,-2.0,24,7.75,4,1.0,1.0,1.0,1.0,0.0,,,,23.775544389773074
2019-02-19,12.174999999999999,6.0,19.0,24,75.29166666666667,74.5,49,100,24,7.49440540290714,,,0,12.716666666666667,111.0,24,-3.9009531275679667,1.838208982171267,1015.4291666666667,9.200000000000045,24,5.4,5,1.0,1.0,1.0,1.0,0.0,,,,115.23077339976004
2019-02-20,11.525,10.0,15.0,24,82.375,82.5,59,100,24,8.4564927962982,,,0,12.441666666666668,30.0,24,5.724866010000309,-4.639768293374349,1019.0791666666668,-2.1000000000000227,24,7.25,4,1.0,1.0,1.0,1.0,0.0,,,,309.02334355863127
2019-02-21,11.549999999999999,9.5,14.8,24,85.79166666666667,84.5,68,100,24,9.145805836468435,,,0,11.15,22.0,24,1.3491659949515622,0.0650666411986352,1018.0500000000001,4.2999999999999545,24,5.6,5,1.0,1.0,1.0,1.0,0.0,,,,267.2389182283121
2019-02-22,11.745833333333332,2.0,18.0,24,79.25,75.5,55,100,24,7.918628774085238,,,0,8.775,20.4,24,6.408874281811946,-0.6594189727874834,1019.625,1.0,24,0.75,4,1.0,1.0,1.0,1.0,0.0,,,,275.8745787033016
2019-02-23,13.083333333333334,7.0,21.0,24,67.29166666666667,69.5,38,87,24,6.625782670556302,,,0,7.595833333333334,22.0,24,3.7985266275302045,-0.08996610459160632,1016.75,-6.7000000000000455,24,2.7142857142857144,7,1.0,1.0,1.0,1.0,0.0,,,,271.3567667350205
2019-02-24,14.0625,8.0,21.0,24,63.625,63.0,38,93,24,6.612893104835397,,,0,7.529166666666666,15.0,24,-0.45412393646771193,0.8152880601584912,1012.8041666666667,0.8999999999999773,24,2.75,4,1.0,1.0,1.0,1.0,0.0,,,,150.88173790910923
2019-02-25,12.866666666666667,8.9,19.0,24,61.041666666666664,66.0,35,82,24,4.972905109021115,,,0,15.383333333333333,52.0,24,-5.087978826011965,-2.7599286111917247,1013.1625,-0.39999999999997726,24,5.4,5,1.0,1.0,1.0,1.0,0.0,,,,61.52277819545611
2019-02-26,9.466666666666667,7.0,11.0,24,84.20833333333333,87.0,67,94,24,6.866036398053339,,,0,12.075000000000001,25.6,24,-6.959268200233457,-6.351661710469308,1014.0833333333334,0.0,24,7.666666666666667,3,1.0,1.0,1.0,1.0,0.0,,,,47.61357682271574
2019-02-27,10.704166666666666,6.4,15.5,24,72.79166666666667,72.0,50,92,24,5.716360501977129,,,0,10.179166666666667,18.5,24,6.287570733670145,-0.12501474308470903,1014.6625,0.7999999999999545,24,,0,1.0,1.0,1.0,1.0,0.0,,,,271.1390525526259
2019-02-28,11.641666666666666,6.3,17.6,24,66.79166666666667,66.0,42,89,24,5.210731242516573,,,0,8.629166666666666,18.5,24,5.925446582569802,0.5880953281440519,1018.1125000000001,2.1000000000000227,24,,0,1.0,1.0,1.0,1.0,0.0,,,,264.33200660844057
2019-03-01,12.029166666666667,9.0,15.1,24,70.375,72.5,56,81,24,6.690210225946193,,,0,10.575000000000001,18.5,24,5.526812419900671,-2.8101737018947333,1019.3375,0.7000000000000455,24,,0,1.0,1.0,1.0,1.0,0.0,,,,296.95160313734453
2019-03-02,10.991666666666667,10.4,11.9,24,84.25,84.0,80,89,24,8.427143439123315,,,0,17.1375,22.2,24,-10.478395442726711,-12.091586863497893,1019.5583333333334,-0.6000000000000227,24,,0,1.0,1.0,1.0,1.0,0.0,,,,40.91173168263714
2019-03-03,12.237499999999999,9.9,15.5,24,79.20833333333333,79.0,63,92,24,8.615368758833464,,,0,13.129166666666668,18.5,24,5.624775979194479,-8.739903027315934,1017.5625,-2.3999999999999773,24,,0,1.0,1.0,1.0,1.0,0.0,,,,327.2357132507082
2019-03-04,13.329166666666666,9.5,18.5,24,71.875,72.5,47,89,24,8.036502319133524,,,0,10.329166666666667,18.5,24,5.599447490647435,-2.061541632656008,1014.225,-2.5,24,,0,1.0,1.0,1.0,1.0,0.0,,,,290.21213061161956
2019-03-05,14.220833333333333,8.9,20.3,24,65.91666666666667,65.5,40,88,24,7.412349302744185,,,0,8.483333333333333,16.7,24,6.043619962178525,0.6451251058706213,1013.5875,1.2999999999999545,24,,0,1.0,1.0,1.0,1.0,0.0,,,,263.90704458046525
2019-03-06,14.945833333333333,9.6,21.1,24,61.416666666666664,61.5,36,85,24,7.013590802814773,,,0,11.25,22.2,24,7.071277339756488,0.4713995623402298,1014.2791666666667,-0.09999999999990905,24,,0,1.0,1.0,1.0,1.0,0.0,,,,266.18607784501273
2019-03-07,13.908333333333333,10.5,17.9,24,66.45833333333333,68.5,48,81,24,7.562396465463522,,,0,13.583333333333334,22.2,24,3.87539960121115,-6.85875759087503,1015.9499999999999,2.3999999999999773,24,,0,1.0,1.0,1.0,1.0,0.0,,,,330.5322753969036
2019-03-08,14.2125,9.6,19.2,24,65.16666666666667,64.5,43,86,24,7.368296842522642,,,0,9.870833333333334,18.5,24,6.3461348348918065,-1.2459144442031782,1017.7833333333333,0.5,24,,0,1.0,1.0,1.0,1.0,0.0,,,,281.107409463309
2019-03-09,15.612499999999999,9.5,22.0,24,58.375,56.5,33,84,24,6.701698030478333,,,0,11.716666666666667,27.8,24,12.971149756563337,-1.251357971268454,1017.2208333333333,-1.2000000000000455,24,,0,1.0,1.0,1.0,1.0,0.0,,,,275.5104086992447
2019-03-10,16.216666666666665,9.8,23.0,24,56.25,57.5,33,78,24,6.9048563641521135,,,0,9.633333333333335,16.7,24,1.291681213547354,3.9927320390939713,1015.7791666666667,-2.0,24,,0,1.0,1.0,1.0,1.0,0.0,,,,197.92681513224954
2019-03-11,12.8125,10.7,14.6,24,76.5,77.5,63,86,24,8.726508013471868,,,0,20.7625,27.8,24,-15.345246119300525,-11.93448655096193,1016.9916666666667,5.0,24,,0,1.0,1.0,1.0,1.0,0.0,,,,52.12665622982911
2019-03-12,14.479166666666666,10.0,20.0,24,67.375,67.5,43,87,24,8.02944813259042,,,0,13.433333333333332,24.1,24,9.55270717854922,-3.5351447287326057,1020.8125,0.5,24,,0,1.0,1.0,1.0,1.0,0.0,,,,290.30786624574887
2019-03-13,14.066666666666668,10.2,19.7,24,68.95833333333333,71.0,46,84,24,8.233134324534774,,,0,12.345833333333333,20.4,24,-7.501142599092176,-2.7422385043697433,1018.9666666666667,0.900000000000091,24,,0,1.0,1.0,1.0,1.0,0.0,,,,69.9187953633753
2019-03-14,14.004166666666668,10.9,18.0,24,71.25,73.0,55,85,24,8.704128884571949,,,0,12.970833333333333,22.2,24,-1.2233117917242151,-7.577245584658037,1021.5625,1.099999999999909,24,,0,1.0,1.0,1.0,1.0,0.0,,,,9.171009390362201
2019-03-15,15.479166666666666,9.3,21.3,24,64.20833333333333,62.0,41,89,24,8.167061947377798,,,0,9.641666666666667,25.9,24,9.277588406989448,-0.38007617147769573,1022.0583333333334,0.0,24,,0,1.0,1.0,1.0,1.0,0.0,,,,272.34593184457026
2019-03-16,16.658333333333335,10.4,22.6,24,59.25,58.5,36,85,24,8.067529316933326,,,0,7.7124999999999995,20.4,24,8.393300035347542,-0.05671945152183374,1020.3333333333334,-3.1000000000000227,24,,0,1.0,1.0,1.0,1.0,0.0,,,,270.387182122324
2019-03-17,17.816666666666666,12.4,23.8,24,57.041666666666664,56.0,35,77,24,8.647546329542823,,,0,8.479166666666666,18.5,24,4.640584979627443,-0.6709853210203027,1017.4708333333333,-1.7000000000000455,24,,0,1.0,1.0,1.0,1.0,0.0,,,,278.2274163145975
2019-03-18,18.325,12.8,23.5,24,57.875,59.0,40,77,24,9.521484154214553,,,0,8.629166666666666,16.7,24,0.15589028112590306,2.786384126543999,1016.6333333333333,-1.5,24,,0,1.0,1.0,1.0,1.0,0.0,,,,183.2021979305299
2019-03-19,16.554166666666667,14.2,19.1,24,68.70833333333333,69.5,57,77,24,10.708677663189484,,,0,18.0625,25.9,24,-8.528458744117222,-14.736584372942646,1014.3458333333333,-1.3999999999999773,24,,0,1.0,1.0,1.0,1.0,0.0,,,,30.05912386526785
2019-03-20,15.362499999999999,12.5,20.0,24,73.29166666666667,76.0,53,86,24,10.413627859806988,,,0,17.67083333333333,22.2,24,-6.515682399024566,-13.005099090188741,1015.1166666666667,3.2000000000000455,24,,0,1.0,1.0,1.0,1.0,0.0,,,,26.611319374968218
2019-03-21,16.962500000000002,11.0,23.0,24,63.791666666666664,61.5,41,87,24,9.483449525430025,,,0,9.795833333333333,16.7,24,5.037551659950987,-1.5957711768181373,1017.8166666666666,1.6000000000000227,24,,0,1.0,1.0,1.0,1.0,0.0,,,,287.5769076936624
2019-03-22,18.341666666666665,11.9,24.5,24,56.0,55.0,34,81,24,8.764724119195286,,,0,10.495833333333334,27.8,24,9.791980651304836,-1.9814350047813998,1018.3375,0.20000000000004547,24,,0,1.0,1.0,1.0,1.0,0.0,,,,281.43949601414334
2019-03-23,17.266666666666666,14.1,21.0,24,59.708333333333336,62.5,44,71,24,9.132048309311921,,,0,12.424999999999999,22.2,24,4.409075553887036,-4.285910229509075,1018.2125,-0.10000000000002274,24,,0,1.0,1.0,1.0,1.0,0.0,,,,314.18845395312275
2019-03-24,18.183333333333334,12.1,24.1,24,59.375,59.0,37,85,24,9.5090463195195,,,0,11.575000000000001,27.8,24,7.953862126885603,-0.4492611275209735,1016.4166666666666,-2.699999999999932,24,,0,1.0,1.0,1.0,1.0,0.0,,,,273.2328250295382
2019-03-25,19.541666666666668,13.1,26.1,24,55.708333333333336,54.0,34,80,24,9.726799511494587,,,0,9.791666666666666,22.2,24,6.542565754671459,-1.6645249538447546,1014.8874999999999,-0.6000000000000227,24,,0,1.0,1.0,1.0,1.0,0.0,,,,284.2740601188174
2019-03-26,20.583333333333332,13.5,27.7,24,52.541666666666664,52.5,29,79,24,9.7060701744532,,,0,10.945833333333333,31.5,24,12.915703198094578,-1.3193671753082208,1015.3375,0.3000000000000682,24,,0,1.0,1.0,1.0,1.0,0.0,,,,275.8326565991397
2019-03-27,21.47083333333333,15.0,28.9,24,54.125,54.5,31,77,24,11.126265140320378,,,0,8.633333333333335,18.5,24,4.986323966365307,-1.0201599453886352,1015.3458333333333,0.0,24,,0,1.0,1.0,1.0,1.0,0.0,,,,281.5626679493311
2019-03-28,23.03333333333333,17.1,29.6,24,52.75,53.5,32,73,24,12.164413616005577,,,0,12.808333333333332,25.9,24,9.66194748254493,-3.304581880219524,1014.1999999999999,-2.699999999999932,24,,0,1.0,1.0,1.0,1.0,0.0,,,,288.8817276942764
2019-03-29,22.379166666666666,17.4,27.7,24,55.916666666666664,58.0,39,73,24,12.737700389400452,,,0,13.966666666666667,22.2,24,6.698832234057288,-8.5235080116118,1012.1750000000001,-1.1000000000000227,24,,0,1.0,1.0,1.0,1.0,0.0,,,,321.8353335596105
2019-03-30,20.495833333333334,17.1,25.0,24,57.166666666666664,58.0,39,74,24,11.35952119275693,,,0,20.916666666666668,31.5,24,7.511490297821972,-15.497647288876275,1012.3375,1.1999999999999318,24,,0,1.0,1.0,1.0,1.0,0.0,,,,334.1411885390199
2019-03-31,20.95,13.9,27.7,24,51.958333333333336,49.0,30,79,24,9.769986418857796,,,0,13.3375,33.3,24,11.748076321711034,-4.223420063157372,1012.4875000000001,-1.8000000000000682,24,,0,1.0,1.0,1.0,1.0,0.0,,,,289.7734534594237
2019-04-01,22.616666666666664,14.8,30.1,24,44.666666666666664,42.5,24,71,24,8.859996182111027,,,0,12.191666666666668,33.3,24,14.16468539627062,-4.4876673902074495,1010.9583333333334,-0.7999999999999545,24,,0,1.0,1.0,1.0,1.0,0.0,,,,287.57928633459346
2019-04-02,23.395833333333332,15.6,31.3,24,44.791666666666664,44.5,24,70,24,9.744600456390174,,,0,9.091666666666667,24.1,24,7.073552657309032,-1.077992110468802,1010.9625,0.0,24,,0,1.0,1.0,1.0,1.0,0.0,,,,278.66506494814246
2019-04-03,24.379166666666666,17.1,31.4,24,45.75,45.0,25,70,24,10.978570435457485,,,0,10.945833333333333,25.9,24,8.53464352660389,-1.7932704885913566,1009.7666666666668,-1.0,24,,0,1.0,1.0,1.0,1.0,0.0,,,,281.8661788253056
2019-04-04,25.349999999999998,18.8,32.2,24,47.25,47.5,29,67,24,12.62906125310473,,,0,11.9625,22.2,24,4.9349886760426065,-4.082080640162906,1010.5333333333333,-0.599999999999909,24,,0,1.0,1.0,1.0,1.0,0.0,,,,309.5965737892711
2019-04-05,25.7375,19.8,32.3,24,48.166666666666664,49.0,29,66,24,13.336906237934349,,,0,13.35,22.2,24,3.181018458058437,-6.317357594411199,1009.7208333333333,0.09999999999990905,24,,0,1.0,1.0,1.0,1.0,0.0,,,,333.27308913228075
2019-04-06,25.579166666666666,19.0,32.2,24,48.625,48.0,30,70,24,13.297281274421353,,,0,12.183333333333332,22.2,24,5.0445425765183955,-4.552002622527539,1009.3000000000001,-1.900000000000091,24,,0,1.0,1.0,1.0,1.0,0.0,,,,312.06188847990853
2019-04-07,25.3875,18.5,32.4,24,49.25,49.5,32,71,24,13.372002264945587,,,0,13.275,22.2,24,-0.5919265815056864,0.7739494230598211,1007.5958333333333,-0.6999999999999318,24,,0,1.0,1.0,1.0,1.0,0.0,,,,142.5907707837232
2019-04-08,25.537499999999998,20.1,31.7,24,48.083333333333336,49.5,32,64,24,13.296160162309745,,,0,13.208333333333334,20.4,24,-2.902844496568044,0.1278800938821708,1007.9666666666667,1.8000000000000682,24,,0,1.0,1.0,1.0,1.0,0.0,,,,92.522441472271
2019-04-09,24.891666666666666,18.8,31.1,24,50.25,51.0,33,70,24,13.344729465966921,,,0,14.041666666666666,29.6,24,1.604110215914746,-0.24496105369180432,1008.5958333333333,1.0,24,,0,1.0,1.0,1.0,1.0,0.0,,,,278.68246837956946
2019-04-10,24.479166666666668,19.9,30.1,24,52.833333333333336,54.5,35,70,24,13.756711483194339,,,0,17.445833333333333,27.8,24,12.927362543204799,-6.807702614801625,1010.5958333333333,1.3999999999999773,24,,0,1.0,1.0,1.0,1.0,0.0,,,,297.77182346193496
2019-04-11,23.675,19.0,28.7,24,56.125,56.5,40,74,24,14.057299736840543,,,0,14.366666666666667,20.4,24,6.79652657060263,-10.780405729388198,1010.8833333333333,-0.40000000000009095,24,,0,1.0,1.0,1.0,1.0,0.0,,,,327.7705434306655
2019-04-12,24.2625,19.4,29.3,24,54.708333333333336,55.5,39,71,24,14.208364173721511,,,0,16.520833333333332,24.1,24,5.5100536498862,-12.76998730711639,1010.9083333333333,0.3000000000000682,24,,0,1.0,1.0,1.0,1.0,0.0,,,,336.6605431571958
2019-04-13,22.758333333333336,20.3,26.8,24,62.333333333333336,64.5,47,73,24,15.063215626259662,,,0,17.829166666666666,22.2,24,-1.7630687658597404,-16.076079725722472,1012.2916666666666,1.8000000000000682,24,,0,1.0,1.0,1.0,1.0,0.0,,,,6.258634228661947
2019-04-14,23.395833333333332,18.9,28.0,24,60.125,59.0,45,76,24,14.889968499774815,,,0,12.9625,20.4,24,5.2519948840489485,-8.910158767287308,1012.625,-0.8999999999999773,24,,0,1.0,1.0,1.0,1.0,0.0,,,,329.48324504566244
2019-04-15,24.541666666666668,19.9,30.2,24,56.875,57.0,40,72,24,15.093879074450278,,,0,14.2875,18.5,24,6.824076033726158,-7.011944510477285,1010.5500000000001,-3.3999999999999773,24,,0,1.0,1.0,1.0,1.0,0.0,,,,315.77792666927655
2019-04-16,21.108333333333334,18.2,22.7,24,71.125,70.5,65,80,24,15.641882251236082,,,0,22.070833333333336,27.8,24,-12.362843804404436,-13.746841742936523,1010.7166666666667,3.0,24,,0,1.0,1.0,1.0,1.0,0.0,,,,41.96575827836887
2019-04-17,17.920833333333334,16.1,19.5,24,83.33333333333333,83.5,79,89,24,15.046139824792673,,,0,18.445833333333333,25.9,24,-10.303567860927432,-12.172423031429451,1013.8833333333333,3.6000000000000227,24,,0,1.0,1.0,1.0,1.0,0.0,,,,40.24684967519835
2019-04-18,19.629166666666666,15.7,24.4,24,72.25,71.0,52,89,24,14.186982283259892,,,0,12.2125,16.7,24,4.543589611630886,-6.763141639654836,1015.75,-0.7999999999999545,24,,0,1.0,1.0,1.0,1.0,0.0,,,,326.10614594778724
2019-04-19,22.333333333333332,15.2,28.8,24,60.375,57.5,39,87,24,13.634335771099673,,,0,8.954166666666667,20.4,24,7.1927181889744185,2.001454109267185,1012.4166666666666,-3.099999999999909,24,,0,1.0,1.0,1.0,1.0,0.0,,,,254.450180367376
2019-04-20,23.712500000000002,17.5,29.9,24,56.375,55.5,39,78,24,14.019424362734808,,,0,10.583333333333334,18.5,24,2.2000386878848075,0.7637220988896758,1009.5,-1.8000000000000682,24,,0,1.0,1.0,1.0,1.0,0.0,,,,250.8560512287216
2019-04-21,24.758333333333336,18.8,30.7,24,54.666666666666664,54.0,37,74,24,14.504675197126707,,,0,12.195833333333333,22.2,24,6.337487557755472,-1.9025321636348964,1007.975,-1.2999999999999545,24,,0,1.0,1.0,1.0,1.0,0.0,,,,286.7099092302361
2019-04-22,26.170833333333334,19.4,32.4,24,51.25,49.5,33,74,24,14.640552591155233,,,0,13.575000000000001,24.1,24,6.727766434568912,-2.4126325218543356,1007.5875,-0.5,24,,0,1.0,1.0,1.0,1.0,0.0,,,,289.7282522715569
2019-04-23,26.995833333333334,20.9,33.1,24,49.166666666666664,48.5,33,69,24,14.866483465154353,,,0,13.737499999999999,24.1,24,6.402106716483831,-4.971910816524178,1007.6625,2.099999999999909,24,,0,1.0,1.0,1.0,1.0,0.0,,,,307.8331073008657
2019-04-24,24.099999999999998,21.7,27.5,24,60.166666666666664,60.0,52,68,24,15.829655648666153,,,0,22.224999999999998,25.9,24,-1.9168616389700521,-20.537902804712456,1011.4916666666667,1.5,24,,0,1.0,1.0,1.0,1.0,0.0,,,,5.332133190087575
2019-04-25,24.129166666666666,19.2,28.5,24,59.375,57.5,45,76,24,15.413338539504442,,,0,17.441666666666666,24.1,24,5.605109540501039,-15.5334551371634,1011.5416666666666,0.10000000000002274,24,,0,1.0,1.0,1.0,1.0,0.0,,,,340.158471018549
2019-04-26,25.295833333333334,19.2,31.4,24,52.458333333333336,50.0,34,74,24,14.222051713384362,,,0,15.987499999999999,24.1,24,9.378263741203893,-7.528548142953407,1011.0666666666666,-0.3000000000000682,24,,0,1.0,1.0,1.0,1.0,0.0,,,,308.75630055687606
2019-04-27,26.162499999999998,19.6,32.4,24,46.875,44.0,29,70,24,13.138880782574072,,,0,15.345833333333333,29.6,24,12.042139778099953,-6.510856653687855,1009.7416666666667,-2.2000000000000455,24,,0,1.0,1.0,1.0,1.0,0.0,,,,298.3988806510854
2019-04-28,26.72083333333333,19.6,33.4,24,42.291666666666664,40.0,25,65,24,11.939235943940192,,,0,16.829166666666666,29.6,24,10.617754623759538,-6.301775663687537,1008.1125000000001,-1.1000000000000227,24,,0,1.0,1.0,1.0,1.0,0.0,,,,300.6896828486328
2019-04-29,27.05,19.7,33.6,24,41.25,39.0,25,63,24,11.958102221068366,,,0,11.795833333333334,18.5,24,5.800165625972053,-4.557542945475628,1006.2541666666666,-2.2999999999999545,24,,0,1.0,1.0,1.0,1.0,0.0,,,,308.15887535106145
2019-04-30,25.21666666666667,21.6,28.1,24,47.208333333333336,46.5,39,58,24,13.024176206805768,,,0,23.295833333333334,27.8,24,0.3609071984250849,-22.03787352864941,1006.1333333333333,1.7999999999999545,24,,0,1.0,1.0,1.0,1.0,0.0,,,,359.0617692350412
2019-05-01,25.787499999999998,19.1,31.9,24,45.291666666666664,43.5,28,66,24,12.349951316412266,,,0,14.508333333333333,24.1,24,8.086442283486637,-6.987088962023456,1006.2458333333334,-0.6000000000000227,24,,0,1.0,1.0,1.0,1.0,0.0,,,,310.82864973319016
2019-05-02,24.7,20.3,28.4,24,46.708333333333336,47.5,35,59,24,12.275156405054025,,,0,18.9875,27.8,24,-8.905379498501619,-15.293661718318859,1006.5416666666666,1.6999999999999318,24,,0,1.0,1.0,1.0,1.0,0.0,,,,30.211908194669945
2019-05-03,24.916666666666668,18.9,30.5,24,45.625,44.5,30,65,24,11.768237278290492,,,0,15.825000000000001,22.2,24,3.9744505792545777,-10.268905928296347,1008.8583333333332,1.8000000000000682,24,,0,1.0,1.0,1.0,1.0,0.0,,,,338.84169915946325
2019-05-04,26.054166666666664,18.3,32.8,24,40.75,37.5,23,64,24,10.718689458603857,,,0,14.204166666666666,27.8,24,10.557992191053927,-5.2304099156050885,1009.2791666666667,-0.5,24,,0,1.0,1.0,1.0,1.0,0.0,,,,296.35373038699277
2019-05-05,27.46666666666667,19.1,34.9,24,34.958333333333336,32.5,19,58,24,9.453483969952716,,,0,13.804166666666667,31.5,24,9.372580221667887,-4.7198533355258405,1007.9833333333332,-0.7000000000000455,24,,0,1.0,1.0,1.0,1.0,0.0,,,,296.72895697266415
2019-05-06,28.066666666666666,19.7,35.1,24,33.125,31.0,19,54,24,9.304440390173578,,,0,11.729166666666666,24.1,24,5.843271281818549,-3.9089860933522385,1006.7958333333332,-2.6000000000000227,24,,0,1.0,1.0,1.0,1.0,0.0,,,,303.781422566281
2019-05-07,28.679166666666664,20.9,35.6,24,33.25,32.0,19,53,24,9.989419626009536,,,0,13.270833333333334,22.2,24,2.6484074005236224,-3.1903556253761054,1004.0875,-0.8000000000000682,24,,0,1.0,1.0,1.0,1.0,0.0,,,,320.3029436304639
2019-05-08,29.620833333333334,21.7,36.4,24,32.833333333333336,31.5,19,51,24,10.691359414502196,,,0,14.191666666666668,25.9,24,5.443654254823923,-4.483630426134915,1004.4333333333334,0.3000000000000682,24,,0,1.0,1.0,1.0,1.0,0.0,,,,309.476354631911
2019-05-09,29.645833333333332,22.9,35.9,24,34.0,34.0,21,50,24,11.435075741667625,,,0,16.520833333333332,27.8,24,8.400888323380302,-8.58766089538417,1003.3625000000001,-1.099999999999909,24,,0,1.0,1.0,1.0,1.0,0.0,,,,315.6298859807504
2019-05-10,28.925,23.4,34.6,24,38.333333333333336,39.0,26,52,24,12.849707662854788,,,0,17.212500000000002,24.1,24,-4.050168401437502,-8.970283446057389,1003.4375,2.2999999999999545,24,,0,1.0,1.0,1.0,1.0,0.0,,,,24.299629252825582
2019-05-11,27.72083333333333,22.6,32.8,24,44.833333333333336,46.0,33,58,24,14.375564835919851,,,0,18.291666666666668,24.1,24,-13.898230798216536,-2.108460073829132,1007.1083333333335,2.6000000000000227,24,,0,1.0,1.0,1.0,1.0,0.0,,,,81.37360196241434
2019-05-12,28.491666666666664,21.8,34.7,24,44.041666666666664,42.5,29,63,24,14.46119313923183,,,0,12.975,16.7,24,1.8031988703956203,-2.605057061168676,1006.7208333333333,-2.7000000000000455,24,,0,1.0,1.0,1.0,1.0,0.0,,,,325.3093394004323
2019-05-13,28.429166666666664,22.4,34.1,24,43.666666666666664,44.0,31,60,24,14.506247142744948,,,0,15.516666666666666,24.1,24,-7.304769765523573,-2.3026556538417933,1005.0208333333334,0.0,24,,0,1.0,1.0,1.0,1.0,0.0,,,,72.5037770541229
2019-05-14,28.02916666666667,22.6,33.1,24,45.5,46.0,34,59,24,14.839773373172116,,,0,15.433333333333332,22.2,24,-8.51961695998907,-1.20226511793832,1005.4916666666667,1.099999999999909,24,,0,1.0,1.0,1.0,1.0,0.0,,,,81.9676147724361
2019-05-15,27.879166666666666,21.9,33.9,24,46.833333333333336,46.5,33,62,24,15.117152060498094,,,0,14.9,18.5,24,-5.910719258400301,1.4028421888438363,1006.8291666666668,0.900000000000091,24,,0,1.0,1.0,1.0,1.0,0.0,,,,103.3514676140586
2019-05-16,24.59166666666667,22.2,27.6,24,58.458333333333336,59.0,48,65,24,15.846936118946118,,,0,17.0625,22.2,24,-1.5722051450206587,-16.017903078595797,1009.2125,2.7999999999999545,24,,0,1.0,1.0,1.0,1.0,0.0,,,,5.6057962209977745
2019-05-17,23.604166666666668,20.6,26.3,24,64.66666666666667,66.0,58,73,24,16.499257651398963,,,0,17.745833333333334,22.2,24,-13.387484093258777,-7.656273489041875,1009.9166666666666,0.1999999999999318,24,,0,1.0,1.0,1.0,1.0,0.0,,,,60.23485324076074
2019-05-18,25.599999999999998,19.4,31.3,24,57.291666666666664,54.5,39,79,24,16.02241092451626,,,0,12.583333333333334,16.7,24,7.017823678200753,-2.6898206891811505,1009.0875,-1.7999999999999545,24,,0,1.0,1.0,1.0,1.0,0.0,,,,290.97103717360824
2019-05-19,27.120833333333334,20.9,33.3,24,49.791666666666664,48.5,34,68,24,15.272992876904368,,,0,12.966666666666667,22.2,24,5.7700121252487095,-2.5961006986598174,1008.1333333333333,1.7000000000000455,24,,0,1.0,1.0,1.0,1.0,0.0,,,,294.22440284929667
2019-05-20,28.09166666666667,21.9,33.9,24,45.625,44.0,30,64,24,14.639373896370481,,,0,14.741666666666667,22.2,24,11.296833489835263,-4.292600525357264,1009.5375,-0.6999999999999318,24,,0,1.0,1.0,1.0,1.0,0.0,,,,290.8059214692569
2019-05-21,25.78333333333333,16.4,36.1,24,42.416666666666664,40.5,26,63,24,11.502666607349072,,,0,8.0875,18.5,24,1.244159823198182,1.1691677579035362,1009.7291666666666,0.2999999999999545,24,,0,1.0,1.0,1.0,1.0,0.0,,,,226.7798440196361
2019-05-22,27.808333333333334,21.3,34.6,24,38.458333333333336,39.5,26,51,24,11.895377646850115,,,0,16.358333333333334,24.1,24,-9.556940080597997,1.963455164991319,1006.3916666666668,-4.300000000000068,24,,0,1.0,1.0,1.0,1.0,0.0,,,,101.60976275074734
2019-05-23,26.34166666666667,22.6,30.0,24,51.0,50.0,43,65,24,15.282028004719429,,,0,20.995833333333334,31.5,24,-11.063626580623287,-15.803790273951988,1006.2416666666667,3.3999999999999773,24,,0,1.0,1.0,1.0,1.0,0.0,,,,34.99438856506043
2019-05-24,24.6375,20.7,29.0,24,59.041666666666664,59.5,48,71,24,15.921739793131195,,,0,17.9875,24.1,24,-1.5636029045605682,-16.95849496250351,1008.7916666666666,1.599999999999909,24,,0,1.0,1.0,1.0,1.0,0.0,,,,5.267877108074742
2019-05-25,26.45,20.5,32.1,24,50.625,47.0,33,72,24,14.695743486953651,,,0,13.275,22.2,24,9.194202270607153,-4.474217296345159,1006.8166666666666,-3.7999999999999545,24,,0,1.0,1.0,1.0,1.0,0.0,,,,295.9491590708223
2019-05-26,27.583333333333332,21.5,33.3,24,44.625,42.5,30,64,24,13.843340342558115,,,0,14.4375,22.2,24,6.778301679777602,-5.837304946659074,1004.5875,0.7000000000000455,24,,0,1.0,1.0,1.0,1.0,0.0,,,,310.7342134202657
2019-05-27,28.920833333333334,22.1,35.3,24,40.5,39.5,27,60,24,13.630719867742942,,,0,14.737499999999999,24.1,24,7.84331608110418,-5.453624183963984,1005.7791666666667,0.5,24,,0,1.0,1.0,1.0,1.0,0.0,,,,304.81170916561024
2019-05-28,29.995833333333334,22.9,36.4,24,36.916666666666664,35.0,23,57,24,12.979026971497701,,,0,15.283333333333333,24.1,24,5.008079601658381,-6.076414034018914,1005.7166666666667,-0.6000000000000227,24,,0,1.0,1.0,1.0,1.0,0.0,,,,320.50521924449794
2019-05-29,30.516666666666666,23.9,36.8,24,36.375,35.5,24,52,24,13.3695592757517,,,0,17.608333333333334,24.1,24,3.142151289060712,-7.020592335922022,1004.9250000000001,-0.6999999999999318,24,,0,1.0,1.0,1.0,1.0,0.0,,,,335.88851811363253
2019-05-30,30.9875,24.6,36.7,24,36.25,35.0,24,53,24,13.68492923821332,,,0,18.758333333333333,24.1,24,1.2707979034322001,-8.802691153188546,1004.0708333333333,-0.39999999999997726,24,,0,1.0,1.0,1.0,1.0,0.0,,,,351.78526621211296
2019-05-31,29.953333333333333,24.8,37.1,15,37.53333333333333,41.0,23,50,15,13.37472633617602,,,0,15.433333333333334,24.1,15,-6.383186129927635,0.24189982374509142,1004.0733333333334,-3.2000000000000455,15,,0,0.625,0.625,0.625,0.625,0.0,,,,92.17026568170343
2019-06-16,32.0,32.0,32.0,1,59.0,59.0,59,59,1,22.98746045144061,,,0,19.0,19.0,1,1.6610327548960413e-06,19.0,995.0,,1,,0,0.041666666666666664,0.041666666666666664,0.041666666666666664,0.041666666666666664,0.0,,,,180.00000500895612
2019-06-18,41.0,41.0,41.0,1,36.0,36.0,36,36,1,22.978647852979133,,,0,11.0,11.0,1,9.616505423082344e-07,11.0,995.0,,1,,0,0.041666666666666664,0.041666666666666664,0.041666666666666664,0.041666666666666664,0.0,,,,180.00000500895612
2019-07-02,39.0,39.0,39.0,1,51.0,51.0,51,51,1,27.02674359097572,,,0,,,0,,,994.0,,1,,0,0.041666666666666664,0.041666666666666664,0.0,0.041666666666666664,0.0,,,,
2019-08-09,31.0,31.0,31.0,1,75.0,75.0,75,75,1,26.04762412253809,,,0,15.0,15.0,1,-11.490666568279266,9.641814529895782,994.0,,1,,0,0.041666666666666664,0.041666666666666664,0.041666666666666664,0.041666666666666664,0.0,,,,130.00000131811316
2019-08-27,32.0,29.0,35.0,2,64.0,64.0,53,75,2,24.057378919629127,,,0,9.0,10.8,2,1.3788806319236753,5.785088074207307,1001.75,3.099999999999909,2,4.5,2,0.08333333333333333,0.08333333333333333,0.08333333333333333,0.08333333333333333,0.0,,,,193.4063564753529
2019-08-28,32.5,27.0,36.0,4,59.0,57.0,44,78,4,23.075474654362516,,,0,8.1,10.8,4,-3.44719997048378,-2.8925440335321198,1003.6333333333333,-2.6000000000000227,3,5.5,4,0.16666666666666666,0.16666666666666666,0.16666666666666666,0.125,0.0,,,,50.00000185605916
2019-08-29,34.0,30.5,36.0,5,56.6,53.0,49,70,5,24.00641173485807,,,0,10.879999999999999,18.4,5,0.6128362464904777,-5.142300171852112,1002.5799999999999,-1.6000000000000227,5,6.0,5,0.20833333333333334,0.20833333333333334,0.20833333333333334,0.20833333333333334,0.0,,,,353.20380031011575
2019-08-30,27.666666666666668,25.0,30.0,3,71.66666666666667,77.0,60,78,3,21.96058090831562,,,0,13.933333333333332,25.6,3,-4.978881480208899,-7.376315432384842,1001.7666666666668,-1.2999999999999545,3,6.666666666666667,3,0.125,0.125,0.125,0.125,0.0,,,,34.01864860927486
2019-08-31,28.7,25.0,34.5,5,69.0,77.0,50,84,5,22.06581595714838,,,0,6.480000000000001,10.8,5,-3.8608638410530354,0.051578922271728445,999.9200000000001,-4.100000000000023,5,5.2,5,0.20833333333333334,0.20833333333333334,0.20833333333333334,0.20833333333333334,0.0,,,,90.76539315712978
2019-09-01,30.5,26.5,35.0,7,65.0,66.0,53,78,7,22.938874666802796,,,0,9.414285714285715,29.5,7,-3.1845558212457576,1.0561198447431839,1000.6,1.5,7,5.571428571428571,7,0.2916666666666667,0.2916666666666667,0.2916666666666667,0.2916666666666667,0.0,,,,108.34748447118727
2019-09-02,30.833333333333332,26.5,34.0,3,61.666666666666664,56.0,52,77,3,22.34186093842868,,,0,12.133333333333333,18.4,3,0.10213998953501265,7.7991559108098345,1003.2333333333332,-7.300000000000068,3,5.333333333333333,3,0.125,0.125,0.125,0.125,0.0,,,,180.75031911736684
2019-09-03,30.25,27.0,35.0,6,68.33333333333333,71.0,56,78,6,23.648699285858992,,,0,6.8999999999999995,7.2,6,-1.8894397079944614,-0.9641812574847647,1000.3166666666666,-0.20000000000004547,6,2.8333333333333335,6,0.25,0.25,0.25,0.25,0.0,,,,62.96477509726856
2019-09-04,29.875,27.5,33.0,4,72.5,73.0,65,79,4,24.348494367019427,,,0,4.5,10.8,4,-2.0683202970122636,-0.06447338461875907,999.175,-1.8000000000000682,4,3.0,4,0.16666666666666666,0.16666666666666666,0.16666666666666666,0.16666666666666666,0.0,,,,88.21456229619946
2019-09-05,29.0,28.0,30.0,4,77.0,78.5,72,79,4,24.547814694824844,,,0,13.7,18.4,4,-10.494808799028396,6.492155224084854,1000.4,-0.7999999999999545,4,3.75,4,0.16666666666666666,0.16666666666666666,0.16666666666666666,0.16666666666666666,0.0,,,,121.74119765810286
2019-09-06,28.8,25.0,32.5,5,75.6,81.0,61,92,5,23.814984174085808,,,0,13.48,22.0,5,-2.481983368396759,4.8594746184349065,1000.0200000000001,-0.39999999999997726,5,5.4,5,0.20833333333333334,0.20833333333333334,0.20833333333333334,0.20833333333333334,0.0,,,,152.94426411874463
2019-09-07,30.1,26.0,33.0,5,56.6,50.0,37,88,5,19.667498327251813,,,0,14.920000000000002,25.6,5,1.2484481763839719,-0.46280701051135076,999.96,2.3999999999999773,5,4.2,5,0.20833333333333334,0.20833333333333334,0.20833333333333334,0.20833333333333334,0.0,,,,290.3400366174458
2019-09-08,31.416666666666668,26.0,34.0,6,52.5,50.5,40,77,6,20.170137647210797,,,0,10.633333333333335,18.4,6,1.866530738274256,-0.14998362145046315,1001.25,-4.2999999999999545,6,2.1666666666666665,6,0.25,0.25,0.25,0.25,0.0,,,,274.5940869343409
2019-09-09,30.9,26.5,35.0,5,61.8,59.0,48,74,5,22.48662536545747,,,0,13.180000000000001,29.5,5,5.684050956964493,-8.471939634084702,999.8399999999999,-3.2000000000000455,5,0.0,5,0.20833333333333334,0.20833333333333334,0.20833333333333334,0.20833333333333334,0.0,,,,326.1412826287967
2019-09-10,30.25,26.0,35.0,6,64.16666666666667,68.5,48,77,6,22.45520949405468,,,0,6.0,10.8,6,-1.8385064363479617,-3.576278680602248e-08,999.9333333333334,0.40000000000009095,6,0.8333333333333334,6,0.25,0.25,0.25,0.25,0.0,,,,89.99999888547751
2019-09-11,31.1,27.0,35.0,5,65.0,66.0,53,78,5,23.53250997540497,,,0,6.840000000000001,10.8,5,-0.02310399055480943,0.9256142506499806,1001.18,-3.2999999999999545,5,1.4,5,0.20833333333333334,0.20833333333333334,0.20833333333333334,0.20833333333333334,0.0,,,,178.57015345966727
2019-09-12,33.5,29.5,36.5,5,57.2,55.0,47,67,5,23.689973934508625,,,0,5.914285714285714,7.2,7,-0.22413678850446445,1.3223059487366515,1001.5500000000001,-1.6000000000000227,6,2.142857142857143,7,0.20833333333333334,0.20833333333333334,0.2916666666666667,0.25,0.0,,,,170.3795504227421
2019-09-13,28.6,27.0,32.0,5,68.8,71.0,56,78,5,22.182624078379753,,,0,5.76,7.2,5,-4.7493119716644285,-2.7768422641735206,1004.2,1.7000000000000455,4,4.8,5,0.20833333333333334,0.20833333333333334,0.20833333333333334,0.16666666666666666,0.0,,,,59.68589695060274
2019-09-14,31.4,26.5,35.0,5,59.0,57.0,44,74,5,22.144351307491707,,,0,10.16,18.4,5,2.2674923582114905,5.1938791799545285,1003.86,-1.2999999999999545,5,2.4,5,0.20833333333333334,0.20833333333333334,0.20833333333333334,0.20833333333333334,0.0,,,,203.58464279965605
2019-09-15,32.2,27.0,35.5,5,55.4,51.0,46,78,5,21.80353099413109,,,0,8.72,18.4,5,2.0253441858291623,0.4628070106360925,1003.6200000000001,-2.900000000000091,5,2.8,5,0.20833333333333334,0.20833333333333334,0.20833333333333334,0.20833333333333334,0.0,,,,257.12846133955816
2019-09-16,26.833333333333332,20.0,31.0,6,70.0,70.0,50,100,6,20.40095141275735,,,0,9.716666666666667,29.5,6,-7.93470513522625,-1.4248455401234021,1004.1200000000001,-0.10000000000002274,5,4.833333333333333,6,0.25,0.25,0.25,0.20833333333333334,0.0,,,,79.819818334165
2019-09-17,28.5,25.0,32.5,4,69.0,69.5,59,78,4,22.151202481359093,,,0,16.84,55.4,5,-7.746207809448242,-7.744332997798919,1003.7333333333332,2.5,3,2.4,5,0.16666666666666666,0.16666666666666666,0.20833333333333334,0.125,0.0,,,,45.0069344767042
2019-09-18,28.5,24.0,33.0,6,68.16666666666667,70.0,54,84,6,21.785194286360465,,,0,9.0,10.8,6,-7.455893290042877,2.699708244803725,1006.8166666666666,1.6999999999999318,6,1.4,5,0.25,0.25,0.25,0.25,0.0,,,,109.90484114758772
2019-09-19,26.0,26.0,26.0,3,83.66666666666667,85.0,81,85,3,23.016309643841833,,,0,7.8,9.0,3,-6.536639964580536,-0.38567229747456483,1010.0666666666666,1.6000000000000227,3,5.0,3,0.125,0.125,0.125,0.125,0.0,,,,86.6233712243424
2019-09-20,26.666666666666668,23.5,30.0,3,65.66666666666667,67.0,54,76,3,19.5269215708511,,,0,7.933333333333333,18.4,3,-3.319525682926178,5.099448359012603,1009.9,-3.5,3,3.6666666666666665,3,0.125,0.125,0.125,0.125,0.0,,,,146.93757085629954
2019-09-21,27.333333333333332,22.0,32.5,6,67.33333333333333,69.5,48,87,6,20.27566451901009,,,0,4.114285714285715,9.0,7,-1.2338055866105218,-0.2870200446673802,1007.7285714285715,-2.1000000000000227,7,1.1428571428571428,7,0.25,0.25,0.2916666666666667,0.2916666666666667,0.0,,,,76.9042075099025
2019-09-22,30.166666666666668,26.0,33.0,6,56.166666666666664,53.5,44,71,6,20.213521802433657,,,0,18.62857142857143,83.2,7,-1.6335646516915874,-9.571048292783498,1009.2714285714285,1.2999999999999545,7,2.142857142857143,7,0.25,0.25,0.2916666666666667,0.2916666666666667,0.0,,,,9.68578061556292
2019-09-23,27.833333333333332,25.0,31.0,6,75.16666666666667,78.0,59,85,6,22.8546770976555,,,0,11.516666666666667,22.3,6,-6.255824889538306,4.253208838107569,1011.0166666666668,-1.7000000000000455,6,5.5,6,0.25,0.25,0.25,0.25,0.0,,,,124.2109916639593
2019-09-24,26.166666666666668,25.5,27.0,3,85.66666666666667,85.0,85,87,3,23.572931909899875,,,0,6.0,7.2,3,-5.5788799881935125,1.157017927175325,1011.9,1.6999999999999318,3,6.666666666666667,3,0.125,0.125,0.125,0.125,0.0,,,,101.71661637987961
2019-09-25,27.625,25.5,30.0,4,78.75,78.5,70,88,4,23.504403846587593,,,0,6.840000000000001,7.2,5,-4.726207855220821,1.440000195983387,1011.5200000000001,1.7000000000000455,5,3.6,5,0.16666666666666666,0.16666666666666666,0.20833333333333334,0.20833333333333334,0.0,,,,106.94514300342416
2019-09-26,29.666666666666668,25.5,33.0,6,70.5,66.5,57,88,6,23.429193073436455,,,0,9.366666666666667,14.8,6,0.00013689955391290218,4.521069046657869,1011.7166666666667,-4.199999999999932,6,6.166666666666667,6,0.25,0.25,0.25,0.25,0.0,,,,180.00173493626687
2019-09-27,25.357142857142858,22.5,27.5,7,84.71428571428571,84.0,74,100,7,22.491533121739167,,,0,11.428571428571429,22.0,7,-8.37147920301644,3.4344617622273077,1011.6857142857143,-0.8000000000000682,7,5.285714285714286,7,0.2916666666666667,0.2916666666666667,0.2916666666666667,0.2916666666666667,0.0,,,,112.3062563482435
2019-09-28,25.0,24.0,27.0,5,81.6,84.0,69,100,5,21.489281622616875,,,0,15.440000000000001,22.0,5,1.412508988380432,5.707953719124557,1009.9200000000001,0.10000000000002274,5,5.6,5,0.20833333333333334,0.20833333333333334,0.20833333333333334,0.20833333333333334,0.0,,,,193.89936865823225
2019-09-29,25.083333333333332,22.0,28.5,6,75.66666666666667,74.5,61,91,6,20.26090210404844,,,0,13.333333333333334,25.6,6,-7.456165647506714,4.713775956630706,1012.6,1.3000000000000682,6,6.5,6,0.25,0.25,0.25,0.25,0.0,,,,122.30100854650073
2019-09-30,22.875,21.5,25.0,4,80.75,81.5,73,87,4,19.352601930649932,,,0,19.44,73.8,5,-5.3239927732944485,-14.10126667499542,1010.6600000000001,-2.1000000000000227,5,2.4,5,0.16666666666666666,0.16666666666666666,0.20833333333333334,0.20833333333333334,0.0,,,,20.68424083601292
2019-10-01,23.642857142857142,18.0,27.5,7,72.42857142857143,73.0,49,95,7,17.96224259995552,,,0,6.685714285714285,10.8,7,1.9698288651820965,-2.0203008311135426,1010.1714285714286,-1.6000000000000227,7,5.714285714285714,7,0.2916666666666667,0.2916666666666667,0.2916666666666667,0.2916666666666667,0.0,,,,315.72470737375704
2019-10-02,24.2,21.0,27.5,5,71.8,72.0,55,91,5,18.458497901791013,,,0,6.92,14.8,5,-0.7660440850257878,-3.059668619632721,1011.3399999999999,-0.5,5,3.2,5,0.20833333333333334,0.20833333333333334,0.20833333333333334,0.20833333333333334,0.0,,,,14.056103440026163
2019-10-03,20.3,18.0,22.0,7,87.57142857142857,87.0,79,97,7,18.12897876128608,,,0,15.428571428571429,55.4,7,0.30641871861049097,2.240573455606188,1012.1285714285714,3.3999999999999773,7,5.571428571428571,7,0.2916666666666667,0.2916666666666667,0.2916666666666667,0.2916666666666667,0.0,,,,187.78740731901303
2019-10-04,23.0625,18.0,28.5,8,69.0,65.0,53,86,8,16.740204080590907,,,0,7.925,22.0,8,-2.27898190766573,1.6230388060212135,1012.5375,-2.2000000000000455,8,4.625,8,0.3333333333333333,0.3333333333333333,0.3333333333333333,0.3333333333333333,0.0,,,,125.45760039326996
2019-10-05,24.5,18.0,29.5,7,61.142857142857146,56.0,42,96,7,15.906007461999506,,,0,8.914285714285715,14.8,7,8.058677237374443,2.3507657105374355,1011.7857142857143,-0.6000000000000227,7,3.142857142857143,7,0.2916666666666667,0.2916666666666667,0.2916666666666667,0.2916666666666667,0.0,,,,253.7377104472357
2019-10-06,22.25,19.0,26.0,8,69.625,71.0,53,82,8,16.263362176434395,,,0,8.7,18.4,8,3.228880187265922,-0.771491037018457,1012.8875,1.6999999999999318,8,6.375,8,0.3333333333333333,0.3333333333333333,0.3333333333333333,0.3333333333333333,0.0,,,,283.4379983270637
2019-10-07,24.0,20.0,29.0,7,53.142857142857146,60.0,34,73,7,13.191462287353346,,,0,6.685714285714285,10.8,7,0.3939661686788098,-1.2854635987962995,1014.2714285714285,1.1000000000000227,7,3.857142857142857,7,0.2916666666666667,0.2916666666666667,0.2916666666666667,0.2916666666666667,0.0,,,,342.9608560130701
2019-10-08,24.099999999999998,18.0,31.0,7,57.714285714285715,61.0,39,81,7,14.481031128188695,,,0,5.6571428571428575,10.8,7,1.7728460649108702,-1.7951760026417294,1011.6999999999999,-0.20000000000004547,7,0.42857142857142855,7,0.2916666666666667,0.2916666666666667,0.2916666666666667,0.2916666666666667,0.0,,,,315.3585724699527
2019-10-09,24.5625,18.5,30.0,8,60.375,61.5,43,77,8,16.034808585029378,,,0,6.8500000000000005,14.8,8,-3.830222027694286,3.9069204866886142,1012.3375,0.7999999999999545,8,0.375,8,0.3333333333333333,0.3333333333333333,0.3333333333333333,0.3333333333333333,0.0,,,,135.56795568256427
2019-10-10,25.5,20.5,30.5,7,58.714285714285715,56.0,46,82,7,16.487838981313224,,,0,6.8,14.8,7,4.127888672692435,1.6896128129875556,1012.2,-0.8000000000000682,7,1.1428571428571428,7,0.2916666666666667,0.2916666666666667,0.2916666666666667,0.2916666666666667,0.0,,,,247.73990639045434
2019-10-11,25.357142857142858,21.0,30.0,7,55.142857142857146,62.0,38,68,7,15.281223498788838,,,0,4.885714285714286,7.2,7,-2.560777028969356,0.4958647779056006,1010.9,0.8000000000000682,7,1.1428571428571428,7,0.2916666666666667,0.2916666666666667,0.2916666666666667,0.2916666666666667,0.0,,,,100.9590339385669
2019-10-12,24.875,19.0,30.5,8,61.625,63.0,47,77,8,16.716296104801014,,,0,5.8500000000000005,10.8,8,-3.7919198888516594,0.6107457250356675,1012.1125,2.400000000000091,8,0.5,8,0.3333333333333333,0.3333333333333333,0.3333333333333333,0.3333333333333333,0.0,,,,99.14976608256688
2019-10-13,24.428571428571427,21.0,30.0,7,66.42857142857143,68.0,46,82,7,17.430152712435717,,,0,5.05,18.4,8,1.0341603726148603,2.0247807264328,1012.325,0.2999999999999545,8,0.5,8,0.2916666666666667,0.2916666666666667,0.3333333333333333,0.3333333333333333,0.0,,,,207.0557543290171
2019-10-14,25.5,20.0,31.5,8,61.125,62.0,43,78,8,17.128344495819526,,,0,6.35,14.8,8,1.4171826988458633,1.1891567707061768,1012.725,0.7000000000000455,8,0.625,8,0.3333333333333333,0.3333333333333333,0.3333333333333333,0.3333333333333333,0.0,,,,230.00001682586344
2019-10-15,25.8125,21.0,30.5,8,64.875,68.0,47,79,8,18.342821287119023,,,0,6.525,10.8,8,-0.5170796093309172,0.9161182522773743,1013.825,1.0,8,1.875,8,0.3333333333333333,0.3333333333333333,0.3333333333333333,0.3333333333333333,0.0,,,,150.55855156840175
2019-10-16,25.8125,22.0,31.5,8,66.875,71.0,48,80,8,18.843639841606755,,,0,4.5,7.2,8,0.6894403159618376,1.7355263471603393,1014.1625,-0.20000000000004547,8,1.875,8,0.3333333333333333,0.3333333333333333,0.3333333333333333,0.3333333333333333,0.0,,,,201.66552086155676
2019-10-17,24.357142857142858,18.0,30.0,7,71.28571428571429,76.0,54,83,7,18.5996289587597,,,0,10.657142857142857,25.6,7,-3.966927784274335,2.298106302194248,1014.1857142857143,1.0,7,4.428571428571429,7,0.2916666666666667,0.2916666666666667,0.2916666666666667,0.2916666666666667,0.0,,,,120.08441609278555
2019-10-18,21.0,17.0,26.0,6,66.66666666666667,69.0,47,85,6,14.125059432815648,,,0,13.933333333333332,22.0,6,6.935123801231384,-6.599285388007349,1017.2666666666668,1.7999999999999545,6,5.833333333333333,6,0.25,0.25,0.25,0.25,0.0,,,,313.57857290833783
2019-10-19,20.5625,17.5,25.5,8,66.25,69.0,46,86,8,13.661788220370298,,,0,8.6,18.4,8,3.667182698845863,-4.081700888284991,1017.525,0.6000000000000227,8,5.25,8,0.3333333333333333,0.3333333333333333,0.3333333333333333,0.3333333333333333,0.0,,,,318.0620575039232
2019-10-20,21.4375,16.0,28.0,8,59.875,64.0,36,85,8,12.536289591406968,,,0,4.5,7.2,8,1.3788801526975958,-0.9000000536441803,1014.9375,-11.700000000000045,8,2.125,8,0.3333333333333333,0.3333333333333333,0.3333333333333333,0.3333333333333333,0.0,,,,303.13262968782647
2019-10-21,19.4,15.0,25.0,5,64.8,65.0,49,80,5,12.355491491510294,,,0,2.88,7.2,5,0.0,4.577257101345822e-08,1015.32,-3.5,5,0.2,5,0.20833333333333334,0.20833333333333334,0.20833333333333334,0.20833333333333334,0.0,,,,180.0
2019-10-22,21.4375,15.5,29.0,8,56.0,58.5,32,75,8,11.585616420434093,,,0,7.525,18.4,8,4.818422766029834,-2.490801700658956,1011.2,-2.099999999999909,8,2.75,8,0.3333333333333333,0.3333333333333333,0.3333333333333333,0.3333333333333333,0.0,,,,297.33593421439065
2019-10-23,20.5,16.0,27.0,7,61.857142857142854,62.0,37,85,7,12.334781967418413,,,0,6.942857142857143,10.8,7,-1.4720455680574691,-3.6363410966787737,1011.0714285714286,-0.10000000000002274,7,4.0,7,0.2916666666666667,0.2916666666666667,0.2916666666666667,0.2916666666666667,0.0,,,,22.038842775208934
2019-10-24,20.916666666666668,15.5,30.5,6,58.5,66.5,34,76,6,11.678595686469146,,,0,1.2,7.2,6,0.9192534685134888,0.7713450193405151,1012.6833333333334,1.0,6,2.6,5,0.25,0.25,0.25,0.25,0.0,,,,230.000008304476
2019-10-25,23.055555555555557,16.0,37.0,9,52.333333333333336,48.0,31,80,9,11.744301682514045,,,0,5.222222222222222,11.0,9,1.353208712020752,-1.6936647929133046,1012.8666666666666,1.3000000000000682,9,1.75,8,0.375,0.375,0.375,0.375,0.0,,,,321.37575348272037
2019-10-26,21.214285714285715,14.5,28.5,7,52.285714285714285,51.0,31,74,7,10.125489665173975,,,0,5.2,14.8,7,4.778880202770233,-0.16528825897470448,1014.8000000000001,0.0,7,1.2857142857142858,7,0.2916666666666667,0.2916666666666667,0.2916666666666667,0.2916666666666667,0.0,,,,271.9809130118265
2019-10-27,20.666666666666668,14.5,28.5,6,57.2,64.0,28,79,5,10.77702917827653,,,0,7.266666666666667,22.0,6,2.7474134842554725,-2.3140352447972554,1014.0,-0.7999999999999545,6,1.3333333333333333,6,0.25,0.20833333333333334,0.25,0.25,0.0,,,,310.1060793308012
2019-10-28,20.416666666666668,15.5,29.5,6,56.833333333333336,62.0,30,75,6,10.625437620284687,,,0,4.2,10.8,6,3.2173871397972107,1.157017529010773,1014.5166666666668,0.8999999999999773,6,1.1666666666666667,6,0.25,0.25,0.25,0.25,0.0,,,,250.22070371100193
2019-10-29,21.857142857142858,15.0,30.0,7,59.57142857142857,61.0,38,80,7,13.021228943994611,,,0,4.628571428571428,7.2,7,-0.9849140279586303,2.2958647165979658,1014.5714285714286,0.6000000000000227,7,2.2857142857142856,7,0.2916666666666667,0.2916666666666667,0.2916666666666667,0.2916666666666667,0.0,,,,156.7809192468659
2019-10-30,21.9375,16.0,29.0,8,62.375,62.0,45,80,8,14.055570942846405,,,0,4.1,14.8,8,-0.7277420282363892,-0.8999025523662567,1013.625,-1.0,8,3.25,8,0.3333333333333333,0.3333333333333333,0.3333333333333333,0.3333333333333333,0.0,,,,38.96211525895103
2019-10-31,21.833333333333332,18.0,27.0,6,63.5,66.5,40,86,6,13.920816952950238,,,0,3.0,10.8,6,2.719253468513489,-0.7713450408053003,1014.3833333333333,-2.800000000000068,6,3.3333333333333335,6,0.25,0.25,0.25,0.25,0.0,,,,285.83654945098715
2019-11-01,20.357142857142858,17.0,24.5,7,63.833333333333336,61.0,52,77,6,13.545905087023938,,,0,11.014285714285714,29.5,7,6.271662769998822,1.7263436257672669,1013.9,2.2000000000000455,6,6.857142857142857,7,0.2916666666666667,0.25,0.2916666666666667,0.25,0.0,,,,254.60985146534378
2019-11-02,20.875,17.0,26.5,8,62.375,63.5,45,76,8,13.18478791234427,,,0,11.8375,29.5,8,9.721660259366036,0.8677631504490397,1015.1375,1.5,8,5.875,8,0.3333333333333333,0.3333333333333333,0.3333333333333333,0.3333333333333333,0.0,,,,264.89925107085156
2019-11-03,19.666666666666668,16.5,24.5,6,68.0,70.5,45,85,6,13.206133696090783,,,0,5.766666666666667,22.0,6,2.5790168186028795,-3.7067414144674937,1016.1166666666667,0.3000000000000682,6,3.3333333333333335,6,0.25,0.25,0.25,0.25,0.0,,,,325.17119769744517
2019-11-04,20.8125,16.0,27.5,8,57.625,60.0,35,75,8,11.533275565294069,,,0,6.8500000000000005,22.0,8,4.827742436528206,-1.767665771858205,1015.7875,-1.900000000000091,8,0.5,8,0.3333333333333333,0.3333333333333333,0.3333333333333333,0.3333333333333333,0.0,,,,290.1100776702624
2019-11-05,17.1,14.0,21.0,5,68.0,70.0,55,79,5,10.990760973066667,,,0,13.24,55.4,5,6.833117706775665,5.733664515018463,1013.2,-4.5,5,3.2,5,0.20833333333333334,0.20833333333333334,0.20833333333333334,0.20833333333333334,0.0,,,,230.0000100011111
2019-11-06,15.75,15.5,16.0,2,87.5,87.5,85,90,2,13.672617314867939,,,0,20.2,22.0,2,-15.474097645282745,-12.984309029579162,1011.0,0.7999999999999545,2,7.5,2,0.08333333333333333,0.08333333333333333,0.08333333333333333,0.08333333333333333,0.0,,,,50.00000129800105
2019-11-07,14.333333333333334,13.0,15.5,3,79.33333333333333,79.0,70,89,3,10.727182020834045,,,0,13.333333333333334,25.6,3,7.098406902949016,3.9424299271806604,1013.1,3.300000000000068,3,7.0,3,0.125,0.125,0.125,0.125,0.0,,,,240.9523628457592
2019-11-08,15.5,12.0,20.0,7,70.0,68.0,50,88,7,9.687315315282968,,,0,8.285714285714286,22.0,7,6.948826040540423,-1.6896129301717735,1018.3857142857142,1.3999999999999773,7,2.0,7,0.2916666666666667,0.2916666666666667,0.2916666666666667,0.2916666666666667,0.0,,,,283.666308784026
2019-11-09,15.916666666666666,11.0,25.0,6,67.33333333333333,76.0,34,88,6,9.024672891175754,,,0,5.6571428571428575,10.8,7,2.7577605281557354,0.9917294331959318,1017.4142857142857,-2.5,7,0.42857142857142855,7,0.25,0.25,0.2916666666666667,0.2916666666666667,0.0,,,,250.22070226644536
2019-11-10,18.0,12.5,25.5,7,64.57142857142857,70.0,38,89,7,10.496611867015549,,,0,3.085714285714286,7.2,7,-0.7879312992095949,-0.6611528124128069,1015.342857142857,-0.6000000000000227,7,1.2857142857142858,7,0.2916666666666667,0.2916666666666667,0.2916666666666667,0.2916666666666667,0.0,,,,50.00000213986897
2019-11-11,18.285714285714285,13.5,24.0,7,62.0,68.0,38,75,7,10.451066691387075,,,0,6.942857142857143,7.2,7,-5.559177104064397,-1.157017468723579,1014.4,1.0,7,4.285714285714286,7,0.2916666666666667,0.2916666666666667,0.2916666666666667,0.2916666666666667,0.0,,,,78.24301596051242
2019-11-12,16.3,13.0,20.0,5,71.6,79.0,50,89,5,10.74661327273338,,,0,1.44,7.2,5,-1.1031039905548097,-0.9256141090393066,1015.1,-0.8000000000000682,5,6.0,5,0.20833333333333334,0.20833333333333334,0.20833333333333334,0.20833333333333334,0.0,,,,50.00000129800105
2019-11-13,16.6,15.0,19.5,5,75.4,80.0,61,85,5,12.094446903743941,,,0,3.96,7.2,5,1.1642241311073303,-1.6198246436175985,1018.86,1.3999999999999773,5,6.2,5,0.20833333333333334,0.20833333333333334,0.20833333333333334,0.20833333333333334,0.0,,,,324.29388774680353
2019-11-14,18.0625,15.0,23.5,8,72.125,74.5,51,85,8,12.675713057812025,,,0,9.1,18.4,8,3.065839792678953,0.1747808950977431,1018.8875,2.3999999999999773,8,6.375,8,0.3333333333333333,0.3333333333333333,0.3333333333333333,0.3333333333333333,0.0,,,,266.73714853164563
2019-11-15,17.571428571428573,15.0,22.0,7,80.33333333333333,81.0,60,95,6,14.248347744753183,,,0,7.2,10.8,8,0.5552798241258485,-3.6962720561063094,1019.1875,3.1000000000000227,8,7.125,8,0.2916666666666667,0.25,0.3333333333333333,0.3333333333333333,0.0,,,,351.4565154473498
2019-11-16,16.75,14.0,20.0,4,83.5,83.0,73,95,4,13.827370286537072,,,0,7.2,10.8,4,3.4472000348425893,-5.592543822526932,1019.65,2.0,4,6.0,4,0.16666666666666666,0.16666666666666666,0.16666666666666666,0.16666666666666666,0.0,,,,328.3506461405486
2019-11-17,15.1,12.5,20.0,5,76.0,83.0,54,89,5,10.63979015778549,,,0,5.84,18.4,5,5.84,-6.964130292885783e-08,1018.22,-4.0,5,1.2,5,0.20833333333333334,0.20833333333333334,0.20833333333333334,0.20833333333333334,0.0,,,,270.00000068324533
2019-11-18,16.3,11.5,23.5,5,63.0,74.0,35,88,5,8.205507319853933,,,0,10.3,29.5,5,7.890258938074112,-6.620711416006088,1015.2,-0.8999999999999773,5,2.4,5,0.20833333333333334,0.20833333333333334,0.20833333333333334,0.20833333333333334,0.0,,,,309.999991695524
2019-11-19,16.25,11.5,22.0,6,63.833333333333336,70.0,39,82,6,8.760960235428255,,,0,6.300000000000001,10.8,6,-0.2298129737377169,-0.19283623695373522,1015.8000000000001,0.1999999999999318,6,3.8333333333333335,6,0.25,0.25,0.25,0.25,0.0,,,,49.99996262658186
2019-11-20,16.75,11.5,20.5,6,68.16666666666667,68.0,51,82,6,10.599448102386262,,,0,1.2,7.2,6,-0.9192533254623414,0.7713451623916626,1016.85,1.0,6,6.5,6,0.25,0.25,0.25,0.25,0.0,,,,130.00000131811316
2019-11-21,15.833333333333334,14.0,18.0,6,75.0,77.0,64,84,6,11.30372360638453,,,0,7.333333333333333,14.8,6,3.7280830799078957,-5.5948992451032,1019.65,2.800000000000068,6,6.833333333333333,6,0.25,0.25,0.25,0.25,0.0,,,,326.3230486990831
2019-11-22,14.5,13.5,17.0,5,81.4,84.0,76,84,5,11.335256746672535,,,0,5.76,10.8,5,4.749312486648559,-1.71718281194444e-08,1019.96,1.3999999999999773,5,7.0,5,0.20833333333333334,0.20833333333333334,0.20833333333333334,0.20833333333333334,0.0,,,,270.0000002071612
2019-11-23,16.357142857142858,12.5,21.0,7,73.0,75.0,51,90,7,11.158541736840627,,,0,5.3999999999999995,7.2,6,2.508693712949753,-0.1928361225163738,1020.4714285714286,-1.6000000000000227,7,3.857142857142857,7,0.2916666666666667,0.2916666666666667,0.25,0.2916666666666667,0.0,,,,274.39551950927586
2019-11-24,16.0625,12.0,21.0,8,72.375,73.5,44,94,8,10.589974666198785,,,0,0.675,5.4,8,0.5170800760388374,-0.4338815733790398,1017.5,-0.3000000000000682,8,5.75,8,0.3333333333333333,0.3333333333333333,0.3333333333333333,0.3333333333333333,0.0,,,,309.999991695524
2019-11-25,16.875,12.5,22.5,8,72.125,70.5,53,89,8,11.52525321338541,,,0,4.5,7.2,8,-1.3788798022246527,0.9,1017.3625,2.0,8,3.125,8,0.3333333333333333,0.3333333333333333,0.3333333333333333,0.3333333333333333,0.0,,,,123.1326347903244
2019-11-26,14.666666666666666,11.5,20.0,6,75.33333333333333,76.0,50,88,6,10.072971712291407,,,0,3.3000000000000003,7.2,6,1.1490669429302216,-2.121198856830597,1018.9833333333335,-2.6000000000000227,6,4.833333333333333,6,0.25,0.25,0.25,0.25,0.0,,,,331.55531239556035
2019-11-27,14.083333333333334,11.5,17.5,6,81.0,80.0,72,89,6,10.81718058983732,,,0,5.1000000000000005,10.8,6,-3.906826633214951,-3.2782166361808778,1018.1999999999999,0.7000000000000455,6,6.833333333333333,6,0.25,0.25,0.25,0.25,0.0,,,,50.00000129800105
2019-11-28,14.142857142857142,9.0,19.5,7,72.28571428571429,68.0,53,94,7,8.888482798615234,,,0,9.357142857142858,29.5,7,-0.7113264756543298,-4.031196024588176,1019.657142857143,1.7000000000000455,7,3.4285714285714284,7,0.2916666666666667,0.2916666666666667,0.2916666666666667,0.2916666666666667,0.0,,,,10.007138184089456
2019-11-29,12.875,8.0,20.0,8,71.75,74.5,50,87,8,7.58199890114301,,,0,4.7250000000000005,10.8,8,1.206520365178585,-1.8801535785198213,1020.95,1.1000000000000227,8,1.875,8,0.3333333333333333,0.3333333333333333,0.3333333333333333,0.3333333333333333,0.0,,,,327.3111534331957
2019-11-30,13.5,8.0,20.5,7,67.14285714285714,62.0,40,93,7,6.718817819093971,,,0,5.4,10.8,7,4.678080347606114,0.6611528461228605,1019.8857142857142,-3.0,7,1.5714285714285714,7,0.2916666666666667,0.2916666666666667,0.2916666666666667,0.2916666666666667,0.0,,,,261.9556677772426
2019-12-01,13.928571428571429,8.0,22.0,7,60.0,62.0,29,93,7,5.124067703068401,,,0,3.342857142857143,10.8,7,2.9217373456273763,-1.15701754740916,1018.2428571428571,0.5,7,0.0,7,0.2916666666666667,0.2916666666666667,0.2916666666666667,0.2916666666666667,0.0,,,,291.6037277649545
2019-12-02,13.666666666666666,9.0,19.0,3,59.666666666666664,58.0,34,87,3,4.885117236737037,,,0,5.050000000000001,14.8,4,3.6999997639585036,-1.3500000441220585,1019.55,-0.1999999999999318,4,0.0,4,0.125,0.125,0.16666666666666666,0.16666666666666666,0.0,,,,290.04525120535817
2019-12-03,12.666666666666666,5.5,21.0,6,66.83333333333333,66.5,37,93,6,5.999555118856457,,,0,3.9,10.8,6,-2.7192534828233392,-1.67134501218559,1018.4666666666667,-0.8999999999999773,6,0.6666666666666666,6,0.25,0.25,0.25,0.25,0.0,,,,58.4237118718342
2019-12-04,12.571428571428571,6.5,22.0,7,64.0,73.0,32,86,7,4.829294405397121,,,0,2.0571428571428574,7.2,7,0.24064000674656455,-0.6611529472936677,1020.3857142857142,2.2000000000000455,7,0.5714285714285714,7,0.2916666666666667,0.2916666666666667,0.2916666666666667,0.2916666666666667,0.0,,,,339.9999989566618
2019-12-05,11.714285714285714,8.0,18.0,7,67.28571428571429,75.0,43,87,7,5.335013138048266,,,0,1.0285714285714287,7.2,7,-0.7879314218248641,-0.6611529350280761,1024.0,2.199999999999932,7,0.0,7,0.2916666666666667,0.2916666666666667,0.2916666666666667,0.2916666666666667,0.0,,,,50.00000129800105
2019-12-06,11.714285714285714,6.5,20.5,7,68.0,80.0,33,86,7,5.102565190010834,,,0,1.0285714285714287,7.2,7,0.7879315444401332,0.6611528737204415,1023.9166666666666,-1.8999999999998636,6,0.0,7,0.2916666666666667,0.2916666666666667,0.2916666666666667,0.25,0.0,,,,230.000008304476
2019-12-07,12.916666666666666,6.5,21.0,6,64.33333333333333,69.0,34,86,6,5.5241394593384605,,,0,3.3000000000000003,7.2,6,2.808693569898605,0.19283624052527193,1022.1833333333334,-1.0,6,0.0,6,0.25,0.25,0.25,0.25,0.0,,,,266.0724119510653
2019-12-08,10.857142857142858,6.0,17.0,7,71.85714285714286,77.0,45,86,7,5.540585729717881,,,0,0.0,0.0,7,0.0,0.0,1021.4857142857143,-0.40000000000009095,7,1.4285714285714286,7,0.2916666666666667,0.2916666666666667,0.2916666666666667,0.2916666666666667,0.0,,,,180.0
2019-12-09,11.0,8.0,18.0,6,71.83333333333333,80.5,39,87,6,5.574065533868718,,,0,2.4,7.2,6,1.4305114737211966e-07,-7.152557376007469e-08,1020.1666666666666,0.0,6,4.5,6,0.25,0.25,0.25,0.25,0.0,,,,296.5650512007939
2019-12-10,10.5,7.0,17.5,6,77.33333333333333,84.0,46,87,6,6.330214708828585,,,0,0.0,0.0,6,0.0,0.0,1016.9166666666666,-4.0,6,5.333333333333333,6,0.25,0.25,0.25,0.25,0.0,,,,180.0
2019-12-11,12.142857142857142,10.0,17.0,7,78.14285714285714,82.0,54,88,7,8.234787432846838,,,0,2.8285714285714287,7.2,7,1.2255544066429138,-0.16528813873424988,1016.157142857143,0.6999999999999318,7,5.285714285714286,7,0.2916666666666667,0.2916666666666667,0.2916666666666667,0.2916666666666667,0.0,,,,277.6810230436371
2019-12-12,10.875,8.5,14.0,4,81.25,82.0,68,93,4,7.6655854055207815,,,0,1.35,5.4,4,1.0341601520776749,0.8677631467580796,1015.15,-0.6000000000000227,4,7.0,4,0.16666666666666666,0.16666666666666666,0.16666666666666666,0.16666666666666666,0.0,,,,230.000008304476
2019-12-13,10.9,9.5,12.5,5,87.4,94.0,77,94,5,8.81902777789272,,,0,8.280000000000001,10.8,5,-5.4842238306999205,-0.23140312527852522,1015.5200000000001,4.0,5,7.0,5,0.20833333333333334,0.20833333333333334,0.20833333333333334,0.20833333333333334,0.0,,,,87.58387640838271
2019-12-14,10.3,9.5,11.0,5,95.2,94.0,94,100,5,9.56059603575967,,,0,5.4,7.2,5,-2.481983850002289,0.23140376329422,1023.5,5.2000000000000455,5,6.8,5,0.20833333333333334,0.20833333333333334,0.20833333333333334,0.20833333333333334,0.0,,,,95.32648183624872
2019-12-15,12.3,8.5,16.0,5,71.2,72.0,53,87,5,7.020806354881112,,,0,3.6,7.2,6,3.6,-4.2929570298611007e-08,1022.8000000000001,-1.1000000000000227,6,1.0,6,0.20833333333333334,0.20833333333333334,0.25,0.25,0.0,,,,270.00000068324533
2019-12-16,11.333333333333334,7.0,18.0,3,75.66666666666667,87.0,47,93,3,6.471498309687139,,,0,3.6,10.8,3,2.7577604055404663,2.314035058021546,1021.9,0.20000000000004547,3,0.3333333333333333,3,0.125,0.125,0.125,0.125,0.0,,,,230.000008304476
2019-12-17,11.714285714285714,5.0,20.0,7,62.42857142857143,59.0,34,93,7,3.6915062985273908,,,0,5.142857142857143,10.8,7,4.661577374594552,1.3223057106441085,1022.3142857142857,-1.8999999999998636,7,1.2857142857142858,7,0.2916666666666667,0.2916666666666667,0.2916666666666667,0.2916666666666667,0.0,,,,254.163451386194
2019-12-18,7.8,2.0,14.5,5,73.5,80.5,46,87,4,4.285094150712417,,,0,2.5200000000000005,7.2,5,-2.2673279929161074,-0.6942105188350809,1020.76,-0.20000000000004547,5,5.8,5,0.20833333333333334,0.16666666666666666,0.20833333333333334,0.20833333333333334,0.0,,,,72.97645875103376
2019-12-19,9.0,5.5,14.0,6,78.16666666666667,82.5,49,91,6,5.098329390107736,,,0,1.2,7.2,6,0.9192534685134888,-0.7713450193405151,1020.1166666666667,-2.099999999999909,6,4.5,6,0.25,0.25,0.25,0.25,0.0,,,,309.999991695524
2019-12-20,8.916666666666666,4.0,15.0,6,79.5,86.5,51,93,6,5.201258041744031,,,0,39.4625,166.3,8,-1.9342686640179627,-36.47147891074419,1018.3714285714286,0.2999999999999545,7,3.625,8,0.25,0.25,0.3333333333333333,0.2916666666666667,0.0,,,,3.0358434084468513
2019-12-21,10.428571428571429,4.5,17.5,7,71.57142857142857,70.0,46,93,7,4.982754373912505,,,0,18.1375,110.9,8,1.7617976260401877,-15.485635885897855,1019.6625,1.2000000000000455,8,0.25,8,0.2916666666666667,0.2916666666666667,0.3333333333333333,0.3333333333333333,0.0,,,,353.5093788084602
2019-12-22,10.916666666666666,5.0,18.5,6,66.66666666666667,73.0,33,93,6,3.9348416950980902,,,0,4.685714285714286,14.8,7,3.950425750868661,-2.020189354766403,1020.0,-1.2999999999999545,6,0.14285714285714285,7,0.25,0.25,0.2916666666666667,0.25,0.0,,,,297.08453131385306
2019-12-23,9.4,5.0,16.5,5,77.0,86.0,49,93,5,5.150574257499249,,,0,1.44,7.2,5,-1.44,6.294439913290262e-08,1018.68,-0.6000000000000227,5,2.0,5,0.20833333333333334,0.20833333333333334,0.20833333333333334,0.20833333333333334,0.0,,,,90.00000250447806
2019-12-24,8.833333333333334,4.0,14.0,6,84.83333333333333,90.0,68,100,6,6.210583438600929,,,0,3.6,7.2,6,-0.2807464265791794,1.9713450717941814,1020.9166666666666,2.099999999999909,6,0.8333333333333334,6,0.25,0.25,0.25,0.25,0.0,,,,171.894801838199
2019-12-25,9.583333333333334,3.0,16.0,6,75.66666666666667,81.0,42,100,6,4.81348404658742,,,0,6.066666666666666,18.4,6,2.147413498565323,2.571345125822029,1019.28,-1.2999999999999545,5,0.0,6,0.25,0.25,0.25,0.20833333333333334,0.0,,,,219.86634908266086
2019-12-26,6.5,3.0,9.0,4,86.75,83.5,80,100,4,4.377007845264874,,,0,4.32,7.2,5,-3.6462079811096197,1.4877508771604653e-07,1019.2,1.0,5,0.0,3,0.16666666666666666,0.16666666666666666,0.20833333333333334,0.20833333333333334,0.0,,,,90.00000233782185
2019-12-27,5.5625,3.0,10.0,8,89.875,96.5,70,100,8,3.8557245803475375,,,0,6.525,10.8,8,-5.208999963104725,2.4586627981078544,1020.6375,1.6999999999999318,8,0.0,4,0.3333333333333333,0.3333333333333333,0.3333333333333333,0.3333333333333333,0.0,,,,115.26744377114494
2019-12-28,5.333333333333333,2.5,11.0,6,94.83333333333333,100.0,82,100,6,4.502108358675167,,,0,3.5666666666666664,7.2,6,-2.7322251617908484,0.7927714864412945,1020.8833333333333,2.2999999999999545,6,0.0,1,0.25,0.25,0.25,0.25,0.0,,,,106.1804027018594
2019-12-29,5.833333333333333,3.0,11.0,3,88.33333333333333,100.0,65,100,3,3.7238376982554784,,,0,7.2,7.2,3,-4.799999790185336,2.4000002098146638,1021.8333333333334,-3.8999999999999773,3,0.0,1,0.125,0.125,0.125,0.125,0.0,,,,116.56505418245172
2019-12-30,6.666666666666667,2.0,15.5,6,76.66666666666667,78.0,52,92,6,2.5159994632870704,,,0,12.971428571428572,83.2,7,-2.895638026509966,-11.007259583473205,1020.4,1.1000000000000227,7,1.1428571428571428,7,0.25,0.25,0.2916666666666667,0.2916666666666667,0.0,,,,14.738649638529125
2019-12-31,9.214285714285714,4.0,15.0,7,62.0,53.0,40,92,7,1.5688025321265224,,,0,3.6,10.8,7,-2.757759976387024,0.9917295558112009,1022.4571428571428,2.0,7,3.4285714285714284,7,0.2916666666666667,0.2916666666666667,0.2916666666666667,0.2916666666666667,0.0,,,,109.77930363972712
2020-01-01,9.416666666666666,3.0,17.0,6,62.833333333333336,64.0,34,84,6,1.9224575416031724,,,0,2.4,7.2,6,-1.8385066509246828,7.152557376007469e-08,1024.6333333333334,2.6000000000001364,6,6.0,6,0.25,0.25,0.25,0.25,0.0,,,,90.0000022290447
2020-01-02,11.3,8.0,17.0,5,60.4,64.0,34,74,5,3.397250678844739,,,0,0.0,0.0,5,0.0,0.0,1024.7400000000002,-2.0,5,4.8,5,0.20833333333333334,0.20833333333333334,0.20833333333333334,0.20833333333333334,0.0,,,,180.0
2020-01-03,8.9,6.0,14.0,5,74.2,73.0,54,93,5,4.253400272396513,,,0,6.480000000000001,10.8,5,3.0946564149856566,1.3884209318104108,1021.54,-4.0,5,6.0,5,0.20833333333333334,0.20833333333333334,0.20833333333333334,0.20833333333333334,0.0,,,,245.83655957037223
2020-01-04,8.8,6.0,14.0,5,71.8,74.0,49,86,5,3.6533622027209085,,,0,4.4,22.0,5,-3.3705955266952516,-2.828265333175659,1020.3399999999999,1.1999999999999318,5,3.2,5,0.20833333333333334,0.20833333333333334,0.20833333333333334,0.20833333333333334,0.0,,,,50.00000129800105
2020-01-05,8.25,4.5,12.0,8,65.5,63.0,51,79,8,1.9550634116492207,,,0,4.1,18.4,8,2.3000001072883602,7.986113514935056e-08,1021.65,0.10000000000002274,8,5.75,8,0.3333333333333333,0.3333333333333333,0.3333333333333333,0.3333333333333333,0.0,,,,269.9999980105627
2020-01-06,8.375,7.5,9.0,4,82.5,87.0,63,93,4,5.422466123894662,,,0,8.2,14.8,4,-6.281564390659333,-5.270858120918274,1022.375,1.3999999999999773,4,7.0,4,0.16666666666666666,0.16666666666666666,0.16666666666666666,0.16666666666666666,0.0,,,,50.00000129800105
2020-01-07,8.083333333333334,7.5,10.0,6,92.16666666666667,93.0,88,93,6,6.883399152134177,,,0,4.2,10.8,6,3.2173871397972107,2.699707567691803,1020.5200000000001,-4.099999999999909,5,7.0,6,0.25,0.25,0.25,0.20833333333333334,0.0,,,,230.000008304476
2020-01-08,7.333333333333333,5.0,13.5,6,84.5,86.0,63,100,6,4.660380790043155,,,0,1.8,10.8,6,1.3788802027702332,1.157017529010773,1018.0500000000001,2.8999999999999773,6,3.2,5,0.25,0.25,0.25,0.25,0.0,,,,230.000008304476
2020-01-09,9.0,4.0,13.5,5,66.4,68.0,44,92,5,2.601973439860839,,,0,5.12,14.8,5,4.61465624332428,-1.3884210701105741,1022.3799999999999,4.099999999999909,5,0.0,5,0.20833333333333334,0.20833333333333334,0.20833333333333334,0.20833333333333334,0.0,,,,286.7450723188228
2020-01-10,8.857142857142858,3.0,16.0,7,64.85714285714286,61.0,35,92,7,1.664610604237895,,,0,8.085714285714285,22.0,7,6.141374229357621,1.4874825256087223,1022.6142857142858,-1.2000000000000455,7,1.8571428571428572,7,0.2916666666666667,0.2916666666666667,0.2916666666666667,0.2916666666666667,0.0,,,,256.38477337146446
2020-01-11,7.5,4.0,13.0,6,70.33333333333333,73.0,48,85,6,2.0679382463332847,,,0,2.1,7.2,6,1.8358783080429932e-07,2.1,1022.5,-0.39999999999997726,6,6.0,6,0.25,0.25,0.25,0.25,0.0,,,,180.00000500895612
2020-01-12,10.3,8.0,13.5,5,65.6,67.0,58,70,5,4.099528071353272,,,0,13.766666666666666,18.4,6,2.965749462051369,-4.755473067363102,1019.8333333333334,-11.0,6,6.0,6,0.20833333333333334,0.20833333333333334,0.25,0.25,0.0,,,,328.05028393251376
2020-01-13,8.25,8.0,8.5,4,98.25,100.0,93,100,4,7.984210939302788,,,0,13.7,18.4,4,-7.737048608064651,5.335137319564819,1009.55,-3.6000000000000227,4,8.0,4,0.16666666666666666,0.16666666666666666,0.16666666666666666,0.16666666666666666,0.0,,,,124.58848314524164
2020-01-14,7.9,5.5,11.0,5,86.0,93.0,75,93,5,5.616950446731315,,,0,2.88,7.2,5,2.206208324432373,0.0,1019.32,-0.3000000000000682,5,2.6,5,0.20833333333333334,0.20833333333333334,0.20833333333333334,0.20833333333333334,0.0,,,,270.0
2020-01-15,9.714285714285714,5.5,15.0,7,80.28571428571429,76.0,60,100,7,6.196191470940708,,,0,2.0571428571428574,7.2,7,2.0571428571428574,-2.4531183027777713e-08,1018.6,-0.20000000000004547,7,4.428571428571429,7,0.2916666666666667,0.2916666666666667,0.2916666666666667,0.2916666666666667,0.0,,,,270.00000068324533
2020-01-16,10.0,5.0,18.5,6,76.5,87.0,48,93,6,5.4170238441236265,,,0,6.733333333333333,18.4,6,6.452586801846823,-0.7713450853248546,1017.5666666666666,-1.7999999999999545,6,1.0,6,0.25,0.25,0.25,0.25,0.0,,,,276.81681511067745
2020-01-17,10.625,5.5,17.5,8,71.0,70.0,46,93,8,5.03027746695169,,,0,2.7,7.2,8,2.4894401013851164,-0.5785087859701715,1018.35,1.2999999999999545,8,3.875,8,0.3333333333333333,0.3333333333333333,0.3333333333333333,0.3333333333333333,0.0,,,,283.08248694333133
2020-01-18,10.142857142857142,6.5,16.0,7,74.0,75.0,53,93,7,5.384759411432538,,,0,2.0571428571428574,7.2,7,1.0285712487302883,-1.0285714408370201,1020.6714285714286,1.8000000000000682,7,3.857142857142857,7,0.2916666666666667,0.2916666666666667,0.2916666666666667,0.2916666666666667,0.0,,,,315.0000053505792
2020-01-19,9.416666666666666,4.0,16.0,6,63.833333333333336,71.0,35,86,6,2.1969175990415906,,,0,4.2,10.8,6,1.8000001430511474,1.5426901602673926,1021.6166666666667,-0.7999999999999545,6,4.166666666666667,6,0.25,0.25,0.25,0.25,0.0,,,,229.401771813885
2020-01-20,11.125,6.0,16.0,8,63.125,56.5,44,93,8,3.788893039367537,,,0,2.25,10.8,8,2.25,-2.6830981436631877e-08,1018.9,-1.2999999999999545,7,6.375,8,0.3333333333333333,0.3333333333333333,0.3333333333333333,0.2916666666666667,0.0,,,,270.00000068324533
2020-01-21,9.625,8.0,11.0,8,71.875,70.5,68,80,8,4.779241868683338,,,0,10.45,22.0,8,-0.3447194010019303,-3.181798529624939,1022.1125,8.299999999999955,8,6.75,8,0.3333333333333333,0.3333333333333333,0.3333333333333333,0.3333333333333333,0.0,,,,6.183367301250996
2020-01-22,6.8,4.0,11.0,5,83.4,84.0,71,92,5,4.106453260029369,,,0,2.96,14.8,5,2.96,-3.5297646689969046e-08,1025.54,-2.2000000000000455,5,1.0,5,0.20833333333333334,0.20833333333333334,0.20833333333333334,0.20833333333333334,0.0,,,,270.00000068324533
2020-01-23,10.083333333333334,3.5,17.0,6,66.16666666666667,69.0,40,92,6,3.0968696110247493,,,0,9.799999999999999,22.0,6,8.084326752026875,-4.713775147606743,1021.8666666666667,-5.199999999999932,6,0.8333333333333334,6,0.25,0.25,0.25,0.25,0.0,,,,300.24542584535305
2020-01-24,11.857142857142858,4.5,18.0,7,53.57142857142857,51.0,24,85,7,1.5384224061424698,,,0,7.571428571428571,14.8,7,5.213485981736865,-1.1570176407436168,1018.0,-3.0,7,4.428571428571429,7,0.2916666666666667,0.2916666666666667,0.2916666666666667,0.2916666666666667,0.0,,,,282.51273314268457
2020-01-25,9.916666666666666,7.0,15.0,6,68.0,74.0,49,80,6,3.9415810649602694,,,0,2.1,7.2,6,-1.6086933195590973,0.19283634424209595,1017.9833333333332,0.6000000000000227,6,5.166666666666667,6,0.25,0.25,0.25,0.25,0.0,,,,96.83551049897335
2020-01-26,11.428571428571429,4.5,19.0,7,65.14285714285714,61.0,37,93,7,4.162012483906458,,,0,3.4,10.8,7,3.2195200869015284,0.49586462394493064,1017.0714285714286,-2.7999999999999545,7,0.5714285714285714,7,0.2916666666666667,0.2916666666666667,0.2916666666666667,0.2916666666666667,0.0,,,,261.2442095123293
2020-01-27,11.2,5.5,18.0,5,65.8,65.0,47,85,5,4.681907245694527,,,0,2.1,7.2,6,1.6086935698986053,1.3498537838459015,1014.1200000000001,-0.8999999999999773,5,4.0,6,0.20833333333333334,0.20833333333333334,0.25,0.20833333333333334,0.0,,,,230.000008304476
2020-01-28,9.5,8.5,11.0,4,88.25,94.0,65,100,4,7.4598399118366014,,,0,10.1,18.4,4,-7.7370488226413725,-6.492154514789581,1013.675,0.09999999999990905,4,7.75,4,0.16666666666666666,0.16666666666666666,0.16666666666666666,0.16666666666666666,0.0,,,,50.00000129800105
2020-01-29,9.833333333333334,8.5,12.0,6,92.16666666666667,94.0,77,100,6,8.558715952342245,,,0,7.800000000000001,10.8,6,0.7403736948966979,-0.38567273855683565,1019.6999999999999,8.299999999999955,6,7.333333333333333,6,0.25,0.25,0.25,0.25,0.0,,,,297.5157425674911
2020-01-30,11.5,8.0,15.5,5,73.6,76.0,56,93,5,6.577137271362075,,,0,6.12,10.8,5,4.212672007083893,-0.6942106418808784,1019.55,-4.099999999999909,4,2.6,5,0.20833333333333334,0.20833333333333334,0.20833333333333334,0.16666666666666666,0.0,,,,279.3577300308348
2020-01-31,10.9,5.0,16.5,5,67.2,64.0,45,93,5,4.358822755075236,,,0,3.6,7.2,5,-1.9304318890543182,1.3114036130905151,1016.5600000000001,-0.6999999999999318,5,4.2,5,0.20833333333333334,0.20833333333333334,0.20833333333333334,0.20833333333333334,0.0,,,,124.18951121657045
2020-02-01,10.9,6.0,18.0,5,66.6,74.0,40,86,5,4.136775287601668,,,0,4.4,14.8,5,4.063104162216186,0.9256139879109714,1019.24,1.6000000000000227,5,2.0,5,0.20833333333333334,0.20833333333333334,0.20833333333333334,0.20833333333333334,0.0,,,,257.1664895790013
2020-02-02,10.916666666666666,5.5,18.0,6,62.833333333333336,59.0,38,86,6,3.4587454866999834,,,0,7.633333333333333,22.0,6,4.496343790692472,0.08580233889644766,1021.6999999999999,-0.40000000000009095,6,0.0,4,0.25,0.25,0.25,0.25,0.0,,,,268.9067750337338
2020-02-03,12.166666666666666,5.0,19.0,6,56.666666666666664,50.5,32,85,6,2.68978323816053,,,0,3.966666666666667,10.8,6,0.9703231056531271,1.7141975204149882,1018.9666666666667,-3.2999999999999545,6,0.8333333333333334,6,0.25,0.25,0.25,0.25,0.0,,,,209.51207121186164
2020-02-04,9.333333333333334,5.5,14.5,6,73.0,75.5,55,86,6,4.460590798553939,,,0,3.9666666666666663,18.4,6,2.3772266725699107,-0.5785088547192007,1020.15,5.2999999999999545,6,5.666666666666667,6,0.25,0.25,0.25,0.25,0.0,,,,283.67732648233834
2020-02-05,12.0,4.0,17.5,6,59.166666666666664,57.0,38,84,6,3.668573037698792,,,0,9.549999999999999,27.7,6,9.113283173243204,-1.1998701217080785,1018.4666666666667,-5.100000000000023,6,2.8333333333333335,6,0.25,0.25,0.25,0.25,0.0,,,,277.500516833039
2020-02-06,9.083333333333334,4.0,15.0,6,69.66666666666667,74.0,42,92,6,3.1695077444953963,,,0,5.533333333333332,18.4,6,0.4596270283063248,-2.014067482948303,1017.4833333333332,1.8999999999999773,6,2.5,6,0.25,0.25,0.25,0.25,0.0,,,,347.1447696839295
2020-02-07,10.0,5.5,18.5,6,69.5,75.0,40,86,6,4.114024195182518,,,0,6.133333333333333,14.8,6,1.8385071595509848,-0.7713451306025187,1021.3333333333334,1.8999999999999773,6,0.2,5,0.25,0.25,0.25,0.25,0.0,,,,292.76047073231234
2020-02-08,10.357142857142858,4.5,18.0,7,65.28571428571429,64.0,36,93,7,3.3309827028745436,,,0,1.8000000000000003,7.2,7,-0.19698276349476412,-1.1570175903184075,1022.7857142857143,2.199999999999932,7,0.0,7,0.2916666666666667,0.2916666666666667,0.2916666666666667,0.2916666666666667,0.0,,,,9.661991315809871
2020-02-09,11.785714285714286,5.0,19.5,7,64.14285714285714,65.0,38,86,7,4.44926075573852,,,0,0.7714285714285715,5.4,7,-0.590948566368648,-0.4958647012710572,1022.7285714285715,-0.3000000000000682,7,0.0,6,0.2916666666666667,0.2916666666666667,0.2916666666666667,0.2916666666666667,0.0,,,,50.00000129800105
2020-02-10,10.928571428571429,5.0,19.5,7,63.42857142857143,65.0,34,85,7,3.4051738602200374,,,0,3.085714285714286,10.8,7,1.542857234818595,-6.437911321504381e-08,1020.8714285714286,-1.1000000000000227,7,2.0,7,0.2916666666666667,0.2916666666666667,0.2916666666666667,0.2916666666666667,0.0,,,,270.0000023907925
2020-02-11,11.5,9.0,14.0,5,67.6,70.0,54,75,5,5.614264328870753,,,0,2.5200000000000005,7.2,5,-0.023103990554809606,0.9256141819911241,1021.95,1.6000000000000227,4,7.0,5,0.20833333333333334,0.20833333333333334,0.20833333333333334,0.16666666666666666,0.0,,,,178.5701533536502
2020-02-12,13.5,11.0,18.5,4,68.25,74.0,48,77,4,7.473543542813594,,,0,3.7,7.6,4,3.2554846584796904,-1.2212963020872674,1022.625,-2.5,4,7.0,4,0.16666666666666666,0.16666666666666666,0.16666666666666666,0.16666666666666666,0.0,,,,290.56359865030055
2020-02-13,14.583333333333334,12.5,20.0,6,68.0,72.5,50,78,6,8.561632503586376,,,0,8.466666666666667,14.8,6,5.505173746744791,-1.5426899393544453,1018.3833333333333,-3.400000000000091,6,6.166666666666667,6,0.25,0.25,0.25,0.25,0.0,,,,285.6542254317518
2020-02-14,16.2,12.0,23.0,5,56.4,53.0,28,78,5,6.507907254776181,,,0,22.06,33.1,5,18.45240707039833,-9.911783577706828,1014.64,-2.800000000000068,5,0.4,5,0.20833333333333334,0.20833333333333334,0.20833333333333334,0.20833333333333334,0.0,,,,298.2426449872175
2020-02-15,15.166666666666666,9.5,20.0,6,53.833333333333336,54.5,35,70,6,5.42156467547603,,,0,13.385714285714286,29.5,7,10.118271306582859,-4.738262290463396,1014.7428571428571,3.1000000000000227,7,0.2857142857142857,7,0.25,0.25,0.2916666666666667,0.2916666666666667,0.0,,,,295.0931161753314
2020-02-16,17.1,11.0,23.5,5,40.6,44.0,20,71,5,1.8328215690542506,,,0,16.214285714285715,29.5,7,11.24508755955836,-5.967974768912199,1017.7833333333333,2.3999999999999773,6,1.2857142857142858,7,0.20833333333333334,0.20833333333333334,0.2916666666666667,0.25,0.0,,,,297.9557143924769
2020-02-17,14.642857142857142,8.5,23.0,7,53.857142857142854,58.0,22,75,7,4.265249282068097,,,0,8.385714285714284,29.5,7,4.060036336524146,-4.398503100020545,1019.6714285714286,-1.400000000000091,7,1.0,7,0.2916666666666667,0.2916666666666667,0.2916666666666667,0.2916666666666667,0.0,,,,317.29145666271756
2020-02-18,13.125,9.0,23.5,4,56.75,64.0,29,70,4,3.8156404464075946,,,0,5.5,14.8,4,1.4554848730564116,1.2212961733341217,1016.25,-7.7000000000000455,4,2.5,4,0.16666666666666666,0.16666666666666666,0.16666666666666666,0.16666666666666666,0.0,,,,230.00001494218844
2020-02-19,15.142857142857142,11.0,20.5,7,51.285714285714285,56.0,29,73,7,4.584966302860942,,,0,14.457142857142857,40.7,7,-12.735898364441736,4.729080770252122,1013.3142857142857,2.7999999999999545,7,5.571428571428571,7,0.2916666666666667,0.2916666666666667,0.2916666666666667,0.2916666666666667,0.0,,,,110.37091705451371
2020-02-20,12.916666666666666,11.0,17.0,6,71.5,72.5,58,82,6,7.742302790786348,,,0,18.25,33.1,6,-9.334325663248698,-7.027810500926297,1017.85,4.7000000000000455,6,6.166666666666667,6,0.25,0.25,0.25,0.25,0.0,,,,53.02392222209778
2020-02-21,12.833333333333334,8.5,21.0,6,75.16666666666667,77.0,51,93,6,8.197699649993405,,,0,3.6,7.2,6,1.838506727212314,-1.2,1021.0666666666666,4.2000000000000455,6,1.3333333333333333,6,0.25,0.25,0.25,0.25,0.0,,,,303.1326301652148
2020-02-22,14.0,10.5,21.0,4,68.5,75.0,48,76,4,7.976111702208806,,,0,4.6,18.4,4,3.52380496263504,-2.956822574138641,1022.725,-2.2000000000000455,4,1.75,4,0.16666666666666666,0.16666666666666666,0.16666666666666666,0.16666666666666666,0.0,,,,309.999991695524
2020-02-23,17.285714285714285,10.5,24.0,7,59.42857142857143,54.0,34,88,7,8.380724518717086,,,0,6.942857142857143,10.8,7,2.921737560204097,-0.16528834411685825,1019.2571428571429,-2.6000000000000227,7,0.8571428571428571,7,0.2916666666666667,0.2916666666666667,0.2916666666666667,0.2916666666666667,0.0,,,,273.2378818393331
2020-02-24,16.6875,11.5,24.0,8,61.875,65.0,42,77,8,8.925667571837732,,,0,5.275,14.8,8,1.1222579503077146,2.44266586779817,1016.35,-1.7999999999999545,8,2.0,8,0.3333333333333333,0.3333333333333333,0.3333333333333333,0.3333333333333333,0.0,,,,204.67593372900166
2020-02-25,15.416666666666666,11.5,24.0,6,59.0,63.5,32,70,6,6.941349717599894,,,0,4.633333333333334,14.8,6,0.9192534621509244,-0.12865505615870157,1014.9833333333332,0.3000000000000682,6,1.6,5,0.25,0.25,0.25,0.25,0.0,,,,277.9671389647562
2020-02-26,14.25,11.5,21.0,4,70.0,77.0,48,78,4,8.509749527060675,,,0,2.7,5.4,4,2.384160152077675,-0.8677631628566685,1015.4,-1.0,4,1.25,4,0.16666666666666666,0.16666666666666666,0.16666666666666666,0.16666666666666666,0.0,,,,289.99999647263456
2020-02-27,18.816666666666666,14.0,24.5,6,57.833333333333336,59.5,49,68,6,10.214114820706582,,,0,3.9000000000000004,10.8,6,-1.6086931621980998,3.1498540341854095,1015.2166666666667,-5.2000000000000455,6,5.5,6,0.25,0.25,0.25,0.25,0.0,,,,152.94569428824173
2020-02-28,14.75,13.5,17.5,4,89.75,89.5,86,94,4,13.071989763256523,,,0,14.7,18.4,4,-1.4554836690425876,-2.378313642740249,1015.15,3.199999999999932,4,7.5,4,0.16666666666666666,0.16666666666666666,0.16666666666666666,0.16666666666666666,0.0,,,,31.46585617832045
2020-02-29,12.8,12.0,13.0,5,96.4,100.0,88,100,5,12.226015056881575,,,0,16.16,22.0,5,-9.560235228239986,-11.701988945007324,1015.86,3.900000000000091,5,7.8,5,0.20833333333333334,0.20833333333333334,0.20833333333333334,0.20833333333333334,0.0,,,,39.24797171637999
2020-03-01,14.75,11.0,21.5,4,80.0,84.0,52,100,4,10.80397178982026,,,0,5.5,14.8,4,2.321120011806488,-1.1570176804211918,1016.675,-1.1999999999999318,4,3.0,3,0.16666666666666666,0.16666666666666666,0.16666666666666666,0.16666666666666666,0.0,,,,296.4950559434899
2020-03-02,16.916666666666668,11.0,24.0,6,66.0,63.5,42,88,6,9.985060003192233,,,0,2.4,7.2,6,-1.8385066509246828,-1.5426901817321779,1014.4166666666666,-0.2999999999999545,6,0.5,6,0.25,0.25,0.25,0.25,0.0,,,,50.00000129800105
2020-03-03,18.0,12.0,25.0,8,61.75,58.5,37,88,8,9.85465557633469,,,0,7.75,25.6,8,6.850000078680499,0.8999999183145676,1012.875,-3.6000000000000227,8,1.375,8,0.3333333333333333,0.3333333333333333,0.3333333333333333,0.3333333333333333,0.0,,,,262.5149618062774
2020-03-04,13.6,12.0,15.0,5,79.8,80.0,68,90,5,10.122261932646873,,,0,6.56,22.0,5,-3.370595337862054,-0.6682653331756591,1011.78,1.0,5,5.2,5,0.20833333333333334,0.20833333333333334,0.20833333333333334,0.20833333333333334,0.0,,,,78.78577819618403
2020-03-05,12.875,12.0,13.5,4,88.75,89.0,83,94,4,11.052269454157633,,,0,8.3,22.0,4,-6.358168834447861,-1.7355262875556947,1013.125,0.2999999999999545,4,7.25,4,0.16666666666666666,0.16666666666666666,0.16666666666666666,0.16666666666666666,0.0,,,,74.7324665009977
2020-03-06,12.0,11.0,13.0,5,91.8,94.0,88,94,5,10.701817768553195,,,0,9.440000000000001,14.8,5,-2.482147350311279,-3.2910724906978297,1012.26,-0.7000000000000455,5,7.4,5,0.20833333333333334,0.20833333333333334,0.20833333333333334,0.20833333333333334,0.0,,,,37.02382571637605
2020-03-07,11.3,10.5,13.0,5,90.8,94.0,78,94,5,9.808315409576945,,,0,16.16,25.6,5,-13.577130594253541,7.096375717805603,1015.6,5.7999999999999545,5,7.6,5,0.20833333333333334,0.20833333333333334,0.20833333333333334,0.20833333333333334,0.0,,,,117.59477446057906
2020-03-08,12.9,11.0,15.0,5,87.2,89.0,74,100,5,10.720825191292555,,,0,12.84,18.4,5,-2.233863312251992,-1.6714033517982951,1020.28,1.5,5,7.4,5,0.20833333333333334,0.20833333333333334,0.20833333333333334,0.20833333333333334,0.0,,,,53.195723100334476
2020-03-09,13.2,9.5,19.0,5,67.8,72.0,41,88,5,6.704772982612374,,,0,8.440000000000001,22.0,5,5.840163896083832,-1.2084404540235822,1015.32,-5.2999999999999545,5,4.8,5,0.20833333333333334,0.20833333333333334,0.20833333333333334,0.20833333333333334,0.0,,,,281.69059862082077
2020-03-10,14.333333333333334,9.0,22.0,6,67.33333333333333,70.0,42,87,6,7.818661243015343,,,0,0.9,5.4,6,-0.9,3.934024945806414e-08,1012.6833333333334,-2.6000000000000227,6,4.0,6,0.25,0.25,0.25,0.25,0.0,,,,90.00000250447806
2020-03-11,15.0,11.0,23.0,7,72.28571428571429,79.0,40,94,7,9.400801719001695,,,0,11.528571428571428,36.7,7,-8.043466777636628,-4.398614704608918,1011.6285714285714,-3.3999999999999773,7,5.714285714285714,7,0.2916666666666667,0.2916666666666667,0.2916666666666667,0.2916666666666667,0.0,,,,61.32770995893412
2020-03-12,13.5,12.0,18.0,5,81.6,89.0,59,94,5,10.16262053510425,,,0,19.82,44.3,5,-6.140853236913681,1.9412189457214204,1013.0200000000001,7.2000000000000455,5,7.4,5,0.20833333333333334,0.20833333333333334,0.20833333333333334,0.20833333333333334,0.0,,,,107.54255327761734
2020-03-13,13.6,9.5,19.5,5,68.0,76.0,42,82,5,7.307586219835453,,,0,13.12,22.0,5,5.901283993721007,-1.9026509456865295,1017.24,-2.2000000000000455,5,6.8,5,0.20833333333333334,0.20833333333333334,0.20833333333333334,0.20833333333333334,0.0,,,,287.8699984910211
2020-03-14,16.4,13.5,22.0,5,56.6,68.0,23,74,5,6.5209799734702525,,,0,7.639999999999999,18.4,5,2.8526721787452693,-0.6942104540016638,1017.6600000000001,-0.6000000000000227,5,5.2,5,0.20833333333333334,0.20833333333333334,0.20833333333333334,0.20833333333333334,0.0,,,,283.677322435167
2020-03-15,18.142857142857142,13.0,23.0,7,55.142857142857146,48.0,28,84,7,8.001293324114728,,,0,6.125,18.4,8,3.00448939204216,-1.1080402734955697,1018.6375,1.6000000000000227,8,1.5,8,0.2916666666666667,0.2916666666666667,0.3333333333333333,0.3333333333333333,0.0,,,,290.24371554930474
2020-03-16,17.4,12.5,24.0,5,63.0,66.0,42,83,5,9.774522606989251,,,0,3.6,10.8,5,0.5515522527694701,0.46280692577362076,1017.6,1.1000000000000227,5,4.4,5,0.20833333333333334,0.20833333333333334,0.20833333333333334,0.20833333333333334,0.0,,,,230.00002231742363
2020-03-17,18.8,13.0,26.0,5,56.4,65.0,22,84,5,7.948856676362274,,,0,6.56,22.0,5,6.56,-7.822721698858005e-08,1016.64,-4.100000000000023,5,3.4,5,0.20833333333333334,0.20833333333333334,0.20833333333333334,0.20833333333333334,0.0,,,,270.00000068324533
2020-03-18,21.0,15.0,26.0,5,50.4,42.0,33,74,5,9.28074671466675,,,0,10.633333333333333,22.0,6,6.96314663369819,-2.9355264453359293,1014.6666666666666,-5.100000000000023,6,2.8333333333333335,6,0.20833333333333334,0.20833333333333334,0.25,0.25,0.0,,,,292.85933672060196
2020-03-19,18.666666666666668,14.0,24.0,6,58.0,57.5,47,74,6,9.992661404709757,,,0,9.133333333333333,18.4,6,-6.996539199352264,2.3997406661510463,1012.9,-0.5,6,2.1666666666666665,6,0.25,0.25,0.25,0.25,0.0,,,,108.93143864406636
2020-03-20,22.3,17.5,26.5,5,48.6,44.0,36,61,5,10.605427115005913,,,0,27.55,73.8,6,-0.08817759851614682,-16.04485256555357,1012.8166666666666,0.20000000000004547,6,5.0,6,0.20833333333333334,0.20833333333333334,0.25,0.25,0.0,,,,0.3148768964708779
2020-03-21,17.166666666666668,16.0,20.0,6,78.66666666666667,80.5,65,85,6,13.35986427254292,,,0,14.65,29.5,6,-4.747054742773375,-7.059950250401681,1014.5666666666666,2.5,6,6.666666666666667,6,0.25,0.25,0.25,0.25,0.0,,,,33.916574424533565
2020-03-22,20.625,12.5,25.0,4,53.25,46.5,37,83,4,9.942161447864041,,,0,11.9,22.0,4,10.82380496263504,-2.9568226611902695,1014.4200000000001,-2.0,5,1.6,5,0.16666666666666666,0.16666666666666666,0.16666666666666666,0.20833333333333334,0.0,,,,285.2791394013943
2020-03-23,19.5,15.0,26.0,7,59.857142857142854,65.0,42,74,7,11.240960572561594,,,0,7.771428571428572,14.8,7,1.7069511863109417,-0.00011139666144097354,1013.8571428571429,-5.100000000000023,7,6.5,6,0.2916666666666667,0.2916666666666667,0.2916666666666667,0.2916666666666667,0.0,,,,270.0037391570389
2020-03-24,15.833333333333334,15.0,16.5,3,91.66666666666667,90.0,85,100,3,14.443078474909397,,,0,14.766666666666666,25.9,3,-6.133334842833275,-8.633333065236817,1015.8333333333334,2.199999999999932,3,7.666666666666667,3,0.125,0.125,0.125,0.125,0.0,,,,35.390934620318205
2020-03-25,20.375,16.0,23.5,4,63.75,57.0,51,90,4,12.862155524136192,,,0,6.3,10.8,4,3.4472001922035873,-1.2214912354946135,1013.825,-1.1999999999999318,4,7.0,4,0.16666666666666666,0.16666666666666666,0.16666666666666666,0.16666666666666666,0.0,,,,289.5114248000028
2020-03-26,19.666666666666668,16.0,24.5,6,71.5,71.5,52,92,6,13.977942498443719,,,0,8.766666666666667,18.4,6,7.854240439335506,-1.3498538418803208,1014.1166666666667,-0.900000000000091,6,7.0,6,0.25,0.25,0.25,0.25,0.0,,,,279.7517607841391
2020-03-27,14.75,13.0,17.5,4,96.5,100.0,86,100,4,14.157915943884595,,,0,27.24,92.2,5,-9.943263466358186,-23.816385202407837,1012.6200000000001,0.39999999999997726,5,6.4,5,0.16666666666666666,0.16666666666666666,0.20833333333333334,0.20833333333333334,0.0,,,,22.660377828028857
2020-03-28,14.333333333333334,13.0,16.5,3,93.0,94.0,85,100,3,13.17403439982931,,,0,12.133333333333335,14.8,3,-10.97915256023407,-3.1710850588385924,1017.1666666666666,1.0,3,6.0,3,0.125,0.125,0.125,0.125,0.0,,,,73.88980955677152
2020-03-29,18.3,14.5,24.0,5,65.6,76.0,36,84,5,10.886984762513736,,,0,10.239999999999998,18.4,5,5.15379201889038,-1.8512283058457348,1015.26,-0.599999999999909,5,2.6,5,0.20833333333333334,0.20833333333333334,0.20833333333333334,0.20833333333333334,0.0,,,,289.7581525051253
2020-03-30,17.2,15.0,20.5,5,74.0,76.0,58,84,5,12.363603491923064,,,0,12.0,22.0,7,3.502510176386152,-6.143120731635272,1014.4499999999999,-1.5,6,5.428571428571429,7,0.20833333333333334,0.20833333333333334,0.2916666666666667,0.25,0.0,,,,330.31030381349063
2020-03-31,18.0,15.0,22.0,3,68.33333333333333,76.0,49,80,3,11.704154142842816,,,0,5.4,7.2,4,-1.378879773616791,1.1570176362991333,1013.7333333333332,-2.099999999999909,3,7.0,4,0.125,0.125,0.16666666666666666,0.125,0.0,,,,130.00000309236032
2020-04-01,17.8,14.5,22.0,5,77.6,78.0,60,94,5,13.635466940048962,,,0,21.075,44.3,4,20.65388020277023,1.1570172991586984,1012.76,-1.0,5,7.0,4,0.20833333333333334,0.20833333333333334,0.16666666666666666,0.20833333333333334,0.0,,,,266.79367788044226
2020-04-02,18.6,14.0,22.5,5,60.4,50.0,42,84,5,10.008814485164068,,,0,14.533333333333333,25.6,6,1.3966933687527974,-1.1570175377793988,1013.14,-1.1000000000000227,5,4.0,6,0.20833333333333334,0.20833333333333334,0.25,0.20833333333333334,0.0,,,,309.63827155932654
2020-04-03,18.071428571428573,13.0,23.5,7,61.42857142857143,70.0,38,79,7,9.931956232350482,,,0,9.928571428571429,29.5,7,7.0158202171325685,-3.673071632231608,1014.0142857142857,-0.8999999999999773,7,3.5714285714285716,7,0.2916666666666667,0.2916666666666667,0.2916666666666667,0.2916666666666667,0.0,,,,297.6339146996981
2020-04-04,22.4,15.5,28.0,5,52.0,47.0,36,75,5,11.34435562848769,,,0,5.12,14.8,5,3.9221481323242187,3.2910720825195314,1012.8,-5.5,5,1.0,5,0.20833333333333334,0.20833333333333334,0.20833333333333334,0.20833333333333334,0.0,,,,230.000008304476
2020-04-05,19.416666666666668,16.0,26.0,6,62.5,62.5,47,75,6,11.891049068379248,,,0,13.333333333333334,25.6,6,-3.6770127932230636,-0.8570494890213011,1014.3333333333334,1.6000000000000227,6,5.5,6,0.25,0.25,0.25,0.25,0.0,,,,76.87957623944698
2020-04-06,21.375,14.0,26.5,4,52.25,47.0,36,79,4,10.311152621749933,,,0,7.280000000000001,14.8,5,6.77465624332428,1.3884209737575386,1014.7,-4.7000000000000455,4,4.4,5,0.16666666666666666,0.16666666666666666,0.20833333333333334,0.16666666666666666,0.0,,,,258.41798686021457
2020-04-07,19.75,17.5,23.0,6,57.666666666666664,56.5,47,67,6,11.027717374911374,,,0,21.416666666666668,29.5,6,-5.694467497865358,-12.609349338816761,1012.5333333333333,1.5,6,6.0,6,0.25,0.25,0.25,0.25,0.0,,,,24.304257278250077
2020-04-08,20.833333333333332,14.0,27.0,6,54.5,52.5,34,79,6,10.2942782106788,,,0,7.800000000000001,10.8,6,0.7018668437051446,2.1856726169467633,1012.9499999999999,-2.8999999999999773,6,3.6666666666666665,6,0.25,0.25,0.25,0.25,0.0,,,,197.80295001052855
2020-04-09,21.285714285714285,16.0,27.5,7,57.714285714285715,65.0,35,80,7,11.711207058387654,,,0,10.242857142857144,29.5,7,-5.088723551375525,-2.54360215323312,1012.0285714285714,3.3999999999999773,7,5.571428571428571,7,0.2916666666666667,0.2916666666666667,0.2916666666666667,0.2916666666666667,0.0,,,,63.44179152270118
2020-04-10,21.428571428571427,15.0,28.0,7,61.285714285714285,65.0,38,84,7,12.904065495547785,,,0,11.014285714285714,29.5,7,10.653325888088771,-0.9917294235263177,1014.4571428571428,0.8999999999999773,7,3.4285714285714284,7,0.2916666666666667,0.2916666666666667,0.2916666666666667,0.2916666666666667,0.0,,,,275.31839733908896
2020-04-11,23.25,16.0,29.5,8,52.875,50.5,30,80,8,12.29469076960371,,,0,7.300000000000001,22.0,8,1.4197727650403977,1.0536063897556363,1014.7,-1.6000000000000227,8,3.25,8,0.3333333333333333,0.3333333333333333,0.3333333333333333,0.3333333333333333,0.0,,,,233.4210716208718
2020-04-12,25.875,20.0,31.5,4,50.75,52.5,28,70,4,14.015747912773568,,,0,10.1,18.4,4,2.4550758099627,0.9001947331246754,1010.7,-1.5,4,3.75,4,0.16666666666666666,0.16666666666666666,0.16666666666666666,0.16666666666666666,0.0,,,,249.86369102820638
2020-04-13,25.5,19.0,32.0,6,56.166666666666664,57.5,39,73,6,15.451359984379542,,,0,7.2,10.8,6,4.5962671327527795,1.1140350580215457,1009.5333333333333,-4.800000000000068,6,6.166666666666667,6,0.25,0.25,0.25,0.25,0.0,,,,256.3754955519198
2020-04-14,24.75,22.0,31.0,4,62.5,67.5,47,68,4,16.879532087982163,,,0,24.775,44.3,4,9.006680673360822,-0.5785082409223469,1008.675,1.0,4,6.75,4,0.16666666666666666,0.16666666666666666,0.16666666666666666,0.16666666666666666,0.0,,,,273.6751175682184
2020-04-15,24.166666666666668,20.5,30.0,6,57.833333333333336,62.0,41,70,6,14.917399203839558,,,0,20.166666666666668,44.6,6,-3.3961294035116842,-8.334812192122142,1010.2666666666668,-1.5,6,5.166666666666667,6,0.25,0.25,0.25,0.25,0.0,,,,22.16908831343079
2020-04-16,23.916666666666668,19.0,29.0,6,58.666666666666664,64.0,42,73,6,14.913742415774673,,,0,7.933333333333334,14.8,6,-2.875223406155904,-0.34282007958829436,1008.8333333333334,0.40000000000009095,6,4.166666666666667,6,0.25,0.25,0.25,0.25,0.0,,,,83.20058068768537
2020-04-17,19.4,18.0,22.5,5,81.4,82.0,72,90,5,16.050346961525676,,,0,11.466666666666667,25.6,6,-4.266666518853462,-1.1999996704469293,1010.1999999999999,3.199999999999932,6,7.0,6,0.20833333333333334,0.20833333333333334,0.25,0.25,0.0,,,,74.2913657547108
2020-04-18,17.875,16.0,20.5,8,86.625,85.5,74,100,8,15.524007858828934,,,0,12.8,22.0,8,-9.805368804931641,-5.335136744379997,1012.6,1.8000000000000682,8,5.875,8,0.3333333333333333,0.3333333333333333,0.3333333333333333,0.3333333333333333,0.0,,,,61.44922786169468
2020-04-19,21.0,14.5,26.5,7,65.57142857142857,67.0,42,85,7,13.733976505334562,,,0,8.285714285714286,22.0,7,-2.407567926815578,-0.6978834697178433,1010.6857142857143,-0.7999999999999545,7,6.0,7,0.2916666666666667,0.2916666666666667,0.2916666666666667,0.2916666666666667,0.0,,,,73.83467333089118
2020-04-20,20.5,19.0,22.0,2,52.5,52.5,49,56,2,10.410154498797576,,,0,20.2,22.0,2,1.3788812994956974,-1.1570164322853094,1012.0,2.2000000000000455,2,7.0,2,0.08333333333333333,0.08333333333333333,0.08333333333333333,0.08333333333333333,0.0,,,,309.99994251340587
2020-04-21,23.0,17.5,28.5,6,50.833333333333336,47.5,36,72,6,11.794313989077372,,,0,7.866666666666667,18.4,6,0.5106968005498246,-2.7425599614779146,1011.1333333333333,-3.5,6,3.0,6,0.25,0.25,0.25,0.25,0.0,,,,349.4516676230468
2020-04-22,21.9,17.0,28.5,5,59.4,61.0,39,72,5,13.240274812896237,,,0,5.84,11.2,5,-2.8190433425846493,1.6457700252532963,1009.4200000000001,-0.5,5,2.4,5,0.20833333333333334,0.20833333333333334,0.20833333333333334,0.20833333333333334,0.0,,,,120.27657253940885
2020-04-23,25.3,19.0,31.0,5,48.2,45.0,30,73,5,12.802408270257922,,,0,14.049999999999999,29.5,6,7.15338393052419,-1.9712151557546296,1006.86,-2.0,5,0.8333333333333334,6,0.20833333333333334,0.20833333333333334,0.25,0.20833333333333334,0.0,,,,285.40629023898254
2020-04-24,27.5,21.0,32.5,7,47.285714285714285,45.0,33,63,7,14.806904716355515,,,0,11.985714285714286,29.5,7,2.0902078432696203,3.0761973065989356,1006.8714285714286,-0.7999999999999545,7,3.7142857142857144,7,0.2916666666666667,0.2916666666666667,0.2916666666666667,0.2916666666666667,0.0,,,,214.19523857248825
2020-04-25,24.0,20.0,29.0,5,60.4,58.0,48,73,5,15.666765572850704,,,0,16.2,55.4,5,-9.590876040607942,-4.367700448036194,1007.7,2.699999999999932,5,4.0,5,0.20833333333333334,0.20833333333333334,0.20833333333333334,0.20833333333333334,0.0,,,,65.51540362756623
2020-04-26,25.875,19.0,31.0,8,55.5,45.5,39,82,8,15.5018365324843,,,0,9.1,22.0,8,-6.971004384756089,4.692349791526794,1008.175,-2.2000000000000455,8,4.125,8,0.3333333333333333,0.3333333333333333,0.3333333333333333,0.3333333333333333,0.0,,,,123.94544012011056
2020-04-27,21.166666666666668,20.0,23.0,6,75.16666666666667,76.0,67,82,6,16.52724086746792,,,0,12.133333333333333,22.0,6,-9.575419187545776,0.8570505189911412,1012.7166666666667,5.300000000000068,6,5.5,6,0.25,0.25,0.25,0.25,0.0,,,,95.11464536742557
2020-04-28,23.428571428571427,18.5,29.5,7,68.0,62.0,48,90,7,16.822862755528753,,,0,13.642857142857142,25.9,7,2.3966257410390033,-7.447152637583869,1014.1999999999999,-7.800000000000068,7,6.142857142857143,7,0.2916666666666667,0.2916666666666667,0.2916666666666667,0.2916666666666667,0.0,,,,342.160904283976
2020-04-29,26.214285714285715,20.0,31.5,7,55.57142857142857,53.0,40,78,7,16.17277154933406,,,0,10.4,18.4,7,6.784966212004224,0.5511278322764804,1010.2285714285715,-0.39999999999997726,7,2.7142857142857144,7,0.2916666666666667,0.2916666666666667,0.2916666666666667,0.2916666666666667,0.0,,,,265.356185588353
2020-04-30,26.083333333333332,21.0,32.0,6,55.0,55.0,36,74,6,15.798644428569522,,,0,6.666666666666667,11.2,6,-0.22994940280914303,-3.5139053209670124,1008.9,-1.0,6,3.0,6,0.25,0.25,0.25,0.25,0.0,,,,3.744088220111564
2020-05-01,28.1875,21.5,34.0,8,49.0,49.5,34,67,8,15.856891470716473,,,0,9.15,18.4,8,-1.3405773252248765,0.032139211893081665,1005.85,-2.0,8,4.625,8,0.3333333333333333,0.3333333333333333,0.3333333333333333,0.3333333333333333,0.0,,,,91.37335496401545
2020-05-02,26.5,23.0,31.0,3,53.0,59.0,39,61,3,15.802608287509655,,,0,13.333333333333334,22.0,3,10.213927427927652,-8.570500214894613,1005.8000000000001,0.5,3,5.0,3,0.125,0.125,0.125,0.125,0.0,,,,309.999991695524
2020-05-03,22.583333333333332,18.0,26.5,6,67.5,69.5,50,86,6,15.989021065842643,,,0,15.12857142857143,29.5,7,0.3173621935503821,-6.418692920889173,1009.7571428571429,-1.6000000000000227,7,5.857142857142857,7,0.25,0.25,0.2916666666666667,0.2916666666666667,0.0,,,,357.16940524680444
2020-05-04,23.666666666666668,18.0,30.5,6,64.16666666666667,68.0,41,86,6,15.791437025297833,,,0,14.085714285714285,29.5,7,-1.7718042705740251,-4.3617727322404365,1011.15,3.0,6,4.0,7,0.25,0.25,0.2916666666666667,0.25,0.0,,,,22.1075777640022
2020-05-05,24.214285714285715,17.5,31.0,7,55.57142857142857,51.0,34,76,7,14.214196903762513,,,0,7.828571428571428,11.2,7,-1.5562256574630737,0.03673060122200843,1008.775,-4.100000000000023,8,2.875,8,0.2916666666666667,0.2916666666666667,0.2916666666666667,0.3333333333333333,0.0,,,,91.35206469721135
2020-05-06,25.619999999999997,19.0,32.0,10,43.0,45.0,27,56,10,11.668253415502614,,,0,15.059999999999999,22.0,10,-1.3262846308946616,-0.5564419108716167,1007.11,1.8999999999999773,10,3.5,8,0.4166666666666667,0.4166666666666667,0.4166666666666667,0.4166666666666667,0.0,,,,67.23954434936542
2020-05-07,26.645833333333332,20.0,33.3,24,42.583333333333336,43.0,26,58,24,12.27787365906844,,,0,12.520833333333334,20.4,24,1.7000147440781193,-0.737241213594282,1008.9833333333332,-0.8999999999999773,24,2.4285714285714284,7,1.0,1.0,1.0,1.0,0.0,,,,293.44481227961694
2020-05-08,28.224999999999998,21.0,35.0,24,40.833333333333336,39.5,23,66,24,12.855007184495198,,,0,11.766666666666666,22.0,24,5.118622227354596,-3.376152054612037,1006.2375000000001,-2.300000000000068,24,3.0,6,1.0,1.0,1.0,1.0,0.0,,,,303.40813286578356
2020-05-09,28.291666666666668,20.3,35.0,24,43.708333333333336,43.0,24,66,24,14.07882047078922,,,0,14.450000000000001,20.4,24,-0.1078581458726365,-5.2509778091801484,1006.7125,0.5,24,5.125,8,1.0,1.0,1.0,1.0,0.0,,,,1.176723244482048
2020-05-10,28.208333333333332,22.0,33.7,24,47.666666666666664,47.5,33,71,24,15.63271886183608,,,0,14.229166666666666,20.4,24,-9.303938698246286,-0.8629157575967188,1007.9583333333334,-0.6999999999999318,24,3.6,5,1.0,1.0,1.0,1.0,0.0,,,,84.70112674380363
2020-05-11,26.254166666666666,19.0,31.0,24,54.916666666666664,54.0,39,86,24,16.15855422681391,,,0,17.070833333333333,36.7,24,-12.519578722119332,-6.545441018339868,1009.2041666666668,3.7999999999999545,24,5.714285714285714,7,1.0,1.0,1.0,1.0,0.0,,,,62.39869377513418
2020-05-12,26.233333333333334,18.0,33.9,24,55.291666666666664,51.0,35,86,24,15.924587530073909,,,0,10.779166666666667,16.7,24,-3.382368447375484,2.9283320953448615,1009.1958333333333,-1.599999999999909,24,4.0,6,1.0,1.0,1.0,1.0,0.0,,,,130.88482788978428
2020-05-13,27.141666666666666,22.6,33.5,24,53.875,54.5,37,72,24,16.683390068737413,,,0,14.1,20.4,24,-6.154071326763369,0.9083506518974899,1007.0708333333333,-0.7999999999999545,24,5.4,5,1.0,1.0,1.0,1.0,0.0,,,,98.39632311330212
2020-05-14,22.729166666666668,18.5,25.0,24,72.45833333333333,68.5,62,100,24,17.370870927821034,,,0,21.566666666666666,33.1,24,-13.086364573773343,-12.563356745794104,1008.8625000000001,4.2000000000000455,24,7.166666666666667,6,1.0,1.0,1.0,1.0,0.0,,,,46.16812143376677
2020-05-15,24.170833333333334,16.0,30.7,24,62.0,57.0,38,90,24,15.700095449245493,,,0,14.920833333333334,22.2,24,12.679430003884052,-2.9762442400161695,1009.3666666666667,-4.7999999999999545,24,2.7142857142857144,7,1.0,1.0,1.0,1.0,0.0,,,,283.20989706600034
2020-05-16,26.55,19.5,32.5,24,50.958333333333336,49.5,33,82,24,14.868991954757869,,,0,12.233333333333334,22.0,24,8.06506462081646,-3.468939237688206,1006.1374999999999,-2.6000000000000227,24,3.125,8,1.0,1.0,1.0,1.0,0.0,,,,293.2734690404195
2020-05-17,26.925,20.0,33.0,24,46.541666666666664,44.5,32,73,24,14.004084157021126,,,0,15.220833333333333,47.9,24,9.393380319606512,-5.69030468529576,1005.0333333333333,-0.5,24,3.5,8,1.0,1.0,1.0,1.0,0.0,,,,301.2065658282562
2020-05-18,27.066666666666666,20.5,32.7,24,40.708333333333336,39.5,26,56,24,12.012085465323622,,,0,13.158333333333333,22.2,24,4.898525026782106,-8.022176332368206,1004.525,-1.5,24,3.6666666666666665,6,1.0,1.0,1.0,1.0,0.0,,,,328.5908029141478
2020-05-19,27.037499999999998,22.0,32.7,24,41.583333333333336,41.0,28,57,24,12.424506195457013,,,0,18.0125,29.5,24,4.919993564300239,-11.07219525713442,1004.6416666666668,-0.10000000000002274,24,4.857142857142857,7,1.0,1.0,1.0,1.0,0.0,,,,336.0417550182081
2020-05-20,28.066666666666666,20.0,35.0,24,38.916666666666664,37.0,20,65,24,11.72222692934447,,,0,14.862499999999999,35.2,24,10.097607213755449,-4.98734413637334,1003.3291666666668,-2.300000000000068,24,1.1666666666666667,6,1.0,1.0,1.0,1.0,0.0,,,,296.28538616237176
2020-05-21,29.6875,21.0,37.1,24,37.208333333333336,33.5,19,63,24,12.257108549087867,,,0,15.766666666666667,31.5,24,10.51262239681399,-6.682691924726009,1001.2916666666666,-3.2000000000000455,24,1.2857142857142858,7,1.0,1.0,1.0,1.0,0.0,,,,302.4434133554784
2020-05-22,30.78333333333333,23.0,37.5,24,37.125,36.0,24,56,24,13.79111230738117,,,0,12.591666666666667,22.2,24,-6.55452100445748,-1.6112059300947716,1000.1708333333332,0.900000000000091,24,5.571428571428571,7,1.0,1.0,1.0,1.0,0.0,,,,76.1896034315551
2020-05-23,29.84583333333333,26.3,35.1,24,43.458333333333336,43.5,33,55,24,15.889039292014147,,,0,25.116666666666664,55.4,24,-18.37256463430822,-15.309585257619618,1003.125,3.3999999999999773,24,5.142857142857143,7,1.0,1.0,1.0,1.0,0.0,,,,50.196058248896406
2020-05-24,30.579166666666666,23.5,37.1,24,40.916666666666664,39.5,25,60,24,15.019859528039975,,,0,14.629166666666665,35.2,24,0.9766637465916572,-8.183856517611636,1004.3583333333332,-1.3999999999999773,24,1.0,6,1.0,1.0,1.0,1.0,0.0,,,,353.19449195444844
2020-05-25,32.295833333333334,24.0,39.5,24,36.958333333333336,34.5,21,69,24,14.741418571302844,,,0,13.166666666666666,24.1,24,4.630506665880481,-4.215188728924841,1002.1625,-2.400000000000091,24,0.8,5,1.0,1.0,1.0,1.0,0.0,,,,312.31185605924105
2020-05-26,33.020833333333336,24.0,40.5,24,33.458333333333336,32.0,19,55,24,14.007672996034366,,,0,13.766666666666666,22.2,24,-1.655755455916127,-3.798182281153277,1000.375,-2.2000000000000455,24,0.875,8,1.0,1.0,1.0,1.0,0.0,,,,23.554007148843027
2020-05-27,33.09583333333333,24.5,40.0,24,32.583333333333336,32.5,18,62,24,13.691372226042084,,,0,16.079166666666666,40.7,24,-3.7093589969600242,-3.7647314548683126,999.6958333333333,-2.1000000000000227,24,1.75,8,1.0,1.0,1.0,1.0,0.0,,,,44.57552693312982
2020-05-28,31.5,25.0,37.5,24,36.5,36.5,29,46,24,14.638125625381557,,,0,18.320833333333333,29.6,24,-16.477908860147,-1.5731646410928708,999.2916666666666,1.900000000000091,24,4.5,6,1.0,1.0,1.0,1.0,0.0,,,,84.54643615481933
2020-05-29,28.145833333333332,24.8,34.0,24,47.541666666666664,46.5,36,60,24,15.816414877440403,,,0,21.099999999999998,31.5,24,-19.774382300923268,-2.5672402954724944,1003.1,4.0,24,5.857142857142857,7,1.0,1.0,1.0,1.0,0.0,,,,82.60285956168565
2020-05-30,24.504166666666666,22.0,27.3,24,64.25,63.0,50,83,24,17.19485678225534,,,0,20.879166666666666,33.1,24,-18.878425908337036,-2.149715817103029,1007.1125000000001,3.8999999999999773,24,7.0,6,1.0,1.0,1.0,1.0,0.0,,,,83.50362267071324
2020-05-31,23.95,20.0,29.0,24,66.45833333333333,66.0,48,78,24,17.17217104224829,,,0,17.95,29.6,24,-16.468589659407737,1.2346736332935204,1008.9875000000001,-0.8999999999999773,24,6.5,6,1.0,1.0,1.0,1.0,0.0,,,,94.28752525214344
2020-06-01,25.05,20.0,29.9,24,64.125,66.0,48,91,24,17.490508333185733,,,0,16.079166666666666,24.1,24,-13.610564064754852,1.3481046341733853,1008.8083333333334,-2.6000000000000227,24,6.714285714285714,7,1.0,1.0,1.0,1.0,0.0,,,,95.65660540009884
2020-06-02,25.508333333333336,21.0,30.0,24,59.916666666666664,58.5,42,81,24,16.87358299366096,,,0,13.470833333333333,22.2,24,-7.750618987778822,2.926753404922783,1007.3458333333333,-1.6000000000000227,24,6.333333333333333,6,1.0,1.0,1.0,1.0,0.0,,,,110.68731071763659
2020-06-03,26.433333333333334,21.3,33.0,24,53.708333333333336,52.5,37,70,24,15.970572716001286,,,0,12.5375,24.1,24,-7.363211145192664,1.148807651673754,1005.8083333333334,-2.1000000000000227,24,5.666666666666667,6,1.0,1.0,1.0,1.0,0.0,,,,98.86779054470634
2020-06-04,28.179166666666664,20.5,34.1,24,48.458333333333336,48.0,34,66,24,15.809656069389,,,0,12.933333333333332,24.1,24,-8.661740393191577,0.027899039074749606,1004.1374999999999,-4.400000000000091,24,4.125,8,1.0,1.0,1.0,1.0,0.0,,,,90.18454624487038
2020-06-05,28.829166666666666,23.0,34.5,24,49.75,48.0,38,68,24,16.975718667693386,,,0,17.395833333333332,29.6,24,-13.84068789879481,4.262449123359767,1003.0833333333334,-1.5,24,4.285714285714286,7,1.0,1.0,1.0,1.0,0.0,,,,107.11700704987146
2020-06-06,27.95,24.0,33.0,24,54.125,58.0,42,66,24,17.630386550047707,,,0,19.104166666666668,29.5,24,-16.40450850923856,5.89200694616468,1002.75,0.0,24,5.2,5,1.0,1.0,1.0,1.0,0.0,,,,109.75676464962282
2020-06-07,28.633333333333336,23.6,34.0,24,55.958333333333336,54.0,41,76,24,18.6115025128604,,,0,13.758333333333333,22.3,24,-10.795343218247096,5.237455271096363,1004.225,-2.900000000000091,24,4.875,8,1.0,1.0,1.0,1.0,0.0,,,,115.88074858176725
2020-06-08,30.1375,25.0,35.9,24,53.708333333333336,56.0,38,73,24,19.30225021512631,,,0,14.604166666666666,22.2,24,-4.627484029096862,5.426026816461705,1001.7875,0.1999999999999318,24,4.285714285714286,7,1.0,1.0,1.0,1.0,0.0,,,,139.54142596135216
2020-06-09,29.675,24.0,35.2,24,53.416666666666664,52.5,40,70,24,18.900688680255307,,,0,15.258333333333333,22.2,24,-6.043276777397842,0.23533811367427301,1002.775,-0.5,24,5.25,4,1.0,1.0,1.0,1.0,0.0,,,,92.2300932601197
2020-06-10,31.020833333333332,25.0,37.1,24,48.625,47.5,34,64,24,18.54379449917985,,,0,16.720833333333335,24.1,24,-12.630928895746669,1.3538704690341123,1001.775,-1.0,24,4.5,4,1.0,1.0,1.0,1.0,0.0,,,,96.11799998396572
2020-06-11,30.545833333333334,26.0,36.0,24,50.375,50.5,36,64,24,18.790274977716734,,,0,15.733333333333333,24.1,24,-11.912456549934248,-0.162055297712299,1000.8458333333333,-1.3000000000000682,24,5.8,5,1.0,1.0,1.0,1.0,0.0,,,,89.22060476354562
2020-06-12,30.7,25.0,37.9,24,45.958333333333336,46.0,29,64,24,17.22489357668807,,,0,16.666666666666668,24.1,24,-3.1231955192672713,-2.368312460308274,1000.1958333333333,-1.3999999999999773,24,4.8,5,1.0,1.0,1.0,1.0,0.0,,,,52.82703580345719
2020-06-13,30.070833333333336,24.1,37.0,24,44.208333333333336,43.0,29,61,24,16.0510901467788,,,0,20.454166666666666,33.3,24,3.93694449395115,-15.740337646628419,1000.7333333333332,1.6000000000000227,24,5.333333333333333,3,1.0,1.0,1.0,1.0,0.0,,,,345.95738418046557
2020-06-14,31.816666666666666,24.0,38.0,24,39.541666666666664,38.5,26,54,24,15.895497849480506,,,0,14.325000000000001,27.8,24,7.001783926176976,-5.179988647438586,1001.7541666666666,-2.5,24,1.6,5,1.0,1.0,1.0,1.0,0.0,,,,306.49440031828556
2020-06-15,32.61666666666667,25.6,39.2,24,38.916666666666664,36.0,21,57,24,16.182150363277106,,,0,12.820833333333333,24.1,24,1.2581235734124978,-2.7669693923244876,999.1291666666666,-4.599999999999909,24,1.8571428571428572,7,1.0,1.0,1.0,1.0,0.0,,,,335.54900580999447
2020-06-16,33.170833333333334,26.0,40.2,24,36.708333333333336,36.0,23,54,24,15.795768239068314,,,0,13.020833333333334,24.1,24,-2.5067346190102398,3.6419227640144527,996.8583333333332,-2.2999999999999545,24,2.0,4,1.0,1.0,1.0,1.0,0.0,,,,145.46037224887772
2020-06-17,33.729166666666664,26.0,40.8,24,35.416666666666664,34.0,22,53,24,15.551457771488003,,,0,14.954166666666666,27.8,24,-2.4260168440639975,-1.3098578683954356,995.5666666666666,-0.900000000000091,24,0.0,3,1.0,1.0,1.0,1.0,0.0,,,,61.6344504618001
2020-06-18,33.30833333333333,26.7,40.5,24,36.333333333333336,36.0,25,52,24,15.847347449175814,,,0,18.558333333333334,33.1,24,-9.51430013748662,2.8681427647556377,996.5625,1.099999999999909,24,4.666666666666667,6,1.0,1.0,1.0,1.0,0.0,,,,106.77574753848137
2020-06-19,31.97083333333333,26.5,38.9,24,38.833333333333336,39.0,25,48,24,15.902701137483184,,,0,16.995833333333334,25.9,24,-8.61567476570764,-1.3232608841111264,998.4833333333332,2.7999999999999545,24,3.6,5,1.0,1.0,1.0,1.0,0.0,,,,81.26830933860293
2020-06-20,32.69583333333333,25.0,40.0,24,40.083333333333336,39.5,23,59,24,16.727914883851792,,,0,17.033333333333335,22.2,24,-4.622766197100282,-2.3542444994669465,999.5291666666667,-0.2999999999999545,24,4.5,6,1.0,1.0,1.0,1.0,0.0,,,,63.01153849442966
2020-06-21,33.59166666666667,27.1,39.8,24,38.416666666666664,38.5,26,53,24,17.03164258393079,,,0,14.325000000000001,22.2,24,-3.6253120450302965,4.9370159813823795,998.5166666666668,-1.7999999999999545,24,1.4,5,1.0,1.0,1.0,1.0,0.0,,,,143.7097004950133
2020-06-22,33.725,27.5,39.0,24,47.541666666666664,47.0,37,61,24,20.828063389668852,,,0,17.304166666666667,25.9,24,-12.279689289660558,7.729679463560834,998.0458333333332,0.599999999999909,24,0.5,8,1.0,1.0,1.0,1.0,0.0,,,,122.18912852805647
2020-06-23,33.137499999999996,27.0,38.1,24,52.083333333333336,53.5,41,64,24,21.797448663961006,,,0,19.508333333333333,29.6,24,-16.15883688305815,5.055714846899112,1000.6374999999999,2.8999999999999773,24,6.666666666666667,3,1.0,1.0,1.0,1.0,0.0,,,,107.37365748337191
2020-06-24,28.895833333333332,24.5,32.8,24,63.083333333333336,64.0,54,73,24,21.074006607104366,,,0,19.183333333333334,29.5,24,-12.937262301773286,0.09065294270403683,1004.8041666666667,1.2999999999999545,24,7.0,5,1.0,1.0,1.0,1.0,0.0,,,,90.40147180216633
2020-06-25,29.516666666666666,23.0,36.1,24,61.916666666666664,61.5,45,76,24,21.145939170376955,,,0,16.570833333333333,29.5,24,-9.625476050742028,3.559383357586921,1001.8541666666666,-4.600000000000023,24,3.3333333333333335,3,1.0,1.0,1.0,1.0,0.0,,,,110.29377749826227
2020-06-26,31.916666666666668,26.8,38.2,24,56.708333333333336,60.0,39,78,24,21.780692489045254,,,0,14.049999999999999,20.4,24,-4.18478400465101,5.095581532725742,999.1041666666666,-0.6000000000000227,24,1.5,2,1.0,1.0,1.0,1.0,0.0,,,,140.60519612895757
2020-06-27,31.84166666666667,26.0,37.5,24,53.958333333333336,53.0,33,75,24,20.745825321259954,,,0,11.833333333333334,20.4,24,-0.4000294584214246,2.9745636524915917,998.3541666666666,-1.099999999999909,24,3.75,8,1.0,1.0,1.0,1.0,0.0,,,,172.34062296061188
2020-06-28,31.608333333333334,26.5,37.5,24,55.041666666666664,56.5,40,69,24,21.20388595700447,,,0,16.958333333333332,44.3,24,-8.868861593877723,2.366682014459123,997.7958333333332,1.0,24,4.0,4,1.0,1.0,1.0,1.0,0.0,,,,104.94138218139938
2020-06-29,31.15833333333333,23.5,37.8,24,53.125,53.0,32,80,24,19.834548666886878,,,0,14.854166666666666,24.1,24,-7.470065041724645,6.208455432734142,999.8375,0.8999999999999773,24,4.285714285714286,7,1.0,1.0,1.0,1.0,0.0,,,,129.7303531587654
2020-06-30,32.699999999999996,26.0,38.4,24,50.0,51.0,33,77,24,20.360383321613508,,,0,13.833333333333334,22.2,24,3.4704819942514096,1.8770218078165277,1000.75,-0.20000000000004547,24,2.6666666666666665,6,1.0,1.0,1.0,1.0,0.0,,,,241.5931124028823
2020-07-01,33.541666666666664,27.5,39.1,24,49.041666666666664,48.0,35,66,24,20.989510788297924,,,0,14.958333333333334,25.9,24,0.4568964986603621,1.8188893274805444,999.5708333333333,-4.2999999999999545,24,2.8333333333333335,6,1.0,1.0,1.0,1.0,0.0,,,,194.10068382882426
2020-07-02,34.36666666666667,28.2,40.4,24,46.166666666666664,46.0,32,63,24,20.642044343165164,,,0,14.674999999999999,36.7,24,-0.23000384843839883,4.556887342452155,996.5333333333333,-3.6000000000000227,24,0.8333333333333334,6,1.0,1.0,1.0,1.0,0.0,,,,177.11051100413965
2020-07-03,35.11666666666667,29.0,41.5,24,42.458333333333336,40.0,20,60,24,19.79317580423126,,,0,13.775,22.2,24,-6.139367530246576,4.4715197197128305,995.8541666666666,-0.10000000000002274,24,1.4,5,1.0,1.0,1.0,1.0,0.0,,,,126.0671826091521
2020-07-04,31.02916666666667,25.0,37.4,24,51.916666666666664,51.0,41,64,24,19.880283118013054,,,0,22.325,29.6,24,-17.268222069491944,5.770945290640888,996.9541666666668,2.1000000000000227,24,5.5,6,1.0,1.0,1.0,1.0,0.0,,,,108.47934578214057
2020-07-05,28.145833333333332,22.0,34.5,24,59.666666666666664,59.0,44,75,24,19.334963713659953,,,0,17.616666666666667,27.8,24,-12.506498888507485,2.4304130524342704,998.6750000000001,-0.5,24,4.0,7,1.0,1.0,1.0,1.0,0.0,,,,100.99733332793573
2020-07-06,31.391666666666666,26.0,36.7,24,50.208333333333336,47.5,35,69,24,19.344683505390837,,,0,13.1,20.4,24,2.2457493386852243,3.7485430350848232,998.3249999999999,-1.5,24,2.8333333333333335,6,1.0,1.0,1.0,1.0,0.0,,,,210.92579372981405
2020-07-07,32.6875,27.0,38.0,24,49.916666666666664,51.5,38,65,24,20.592300351930103,,,0,13.991666666666667,33.1,24,-4.273369390175989,7.729771012999117,1000.0416666666666,3.3999999999999773,24,5.142857142857143,7,1.0,1.0,1.0,1.0,0.0,,,,151.06418421076444
2020-07-08,32.03333333333333,27.0,36.7,24,54.583333333333336,55.5,42,67,24,21.516948214374167,,,0,18.191666666666666,29.5,24,-5.444884262761775,10.466740495633955,1001.9833333333332,-1.0,24,6.25,8,1.0,1.0,1.0,1.0,0.0,,,,152.51617910497248
2020-07-09,32.75833333333333,27.7,37.9,24,55.041666666666664,55.5,40,71,24,22.25237263441477,,,0,15.758333333333333,24.1,24,-0.9880392254640659,4.886224078234485,999.0375,-6.600000000000023,24,7.0,1,1.0,1.0,1.0,1.0,0.0,,,,168.56841260017563
2020-07-10,32.49166666666667,27.3,37.7,24,55.75,55.0,41,72,24,22.229621460762576,,,0,22.49166666666667,148.3,24,-9.701271890574793,-1.7425421811940833,996.2458333333334,-2.1000000000000227,24,3.5,6,1.0,1.0,1.0,1.0,0.0,,,,79.81711836162862
2020-07-11,30.849999999999998,20.0,38.2,24,58.458333333333336,56.5,40,100,24,21.26555644630727,,,0,20.941666666666666,40.7,24,-15.388724795324684,9.56156184238692,995.6,4.0,24,4.875,8,1.0,1.0,1.0,1.0,0.0,,,,121.85415395986519
2020-07-12,28.004166666666666,22.5,34.5,24,64.54166666666667,62.5,45,80,24,20.462814496027036,,,0,18.400000000000002,27.8,24,-8.825965795862425,5.619099558952029,998.4,3.2999999999999545,24,4.833333333333333,6,1.0,1.0,1.0,1.0,0.0,,,,122.4830927435853
2020-07-13,30.833333333333332,25.6,36.2,24,54.416666666666664,53.5,39,71,24,20.267174118971166,,,0,16.6125,25.9,24,7.866299111923824,-3.4586222455406657,999.0583333333334,-2.7000000000000455,24,3.2,5,1.0,1.0,1.0,1.0,0.0,,,,293.7339356590596
2020-07-14,32.891666666666666,27.4,37.9,24,49.416666666666664,47.5,35,68,24,20.586599314070053,,,0,13.158333333333333,20.4,24,1.374160138145089,0.9475424481529467,999.0500000000001,-0.8000000000000682,24,2.6,5,1.0,1.0,1.0,1.0,0.0,,,,235.4120685716693
2020-07-15,32.145833333333336,27.0,36.5,24,55.333333333333336,55.5,45,67,24,21.973117638515603,,,0,19.099999999999998,53.6,24,-11.437442707022031,7.339280394371599,1000.4499999999999,0.5,24,4.857142857142857,7,1.0,1.0,1.0,1.0,0.0,,,,122.68784017388919
2020-07-16,30.770833333333332,26.0,35.9,24,60.583333333333336,59.5,49,74,24,22.087114216286608,,,0,16.245833333333334,24.1,24,-10.457094114584228,6.833102606842295,1000.5375,-1.6000000000000227,24,4.833333333333333,6,1.0,1.0,1.0,1.0,0.0,,,,123.16228000162448
2020-07-17,31.4375,27.5,35.7,24,60.0,60.5,48,72,24,22.55264943867064,,,0,15.725,20.4,24,-2.862037492915988,5.92497112273741,1000.8375,0.20000000000004547,24,6.0,4,1.0,1.0,1.0,1.0,0.0,,,,154.21728985443121
2020-07-18,32.12083333333333,27.0,37.5,24,58.625,58.0,46,78,24,22.724279211954222,,,0,11.554166666666667,18.5,24,0.1275405635436376,3.574684943777807,1001.2916666666666,-0.5,24,5.333333333333333,6,1.0,1.0,1.0,1.0,0.0,,,,182.04337940538048
2020-07-19,32.612500000000004,27.0,38.8,24,58.583333333333336,62.0,41,72,24,23.151170249331063,,,0,14.529166666666667,36.7,24,-5.885657628128926,2.5381769596791224,998.8375,-4.600000000000023,24,4.666666666666667,6,1.0,1.0,1.0,1.0,0.0,,,,113.32801524327846
2020-07-20,29.866666666666664,25.9,34.8,24,63.291666666666664,63.5,52,75,24,21.98458162605392,,,0,20.133333333333333,33.3,24,-17.12065413321058,3.3041403117127968,996.7291666666666,-0.7999999999999545,24,7.0,4,1.0,1.0,1.0,1.0,0.0,,,,100.92330296468066
2020-07-21,25.770833333333332,21.0,29.0,24,73.04166666666667,73.5,59,100,24,20.468597170428602,,,0,20.991666666666667,33.1,24,-17.59688954420912,5.826262413273414,1000.5541666666667,6.199999999999932,24,6.857142857142857,7,1.0,1.0,1.0,1.0,0.0,,,,108.31950855139951
2020-07-22,28.349999999999998,23.0,34.1,24,63.083333333333336,62.0,44,88,24,20.179490380709986,,,0,11.9625,20.4,24,0.73520561758584,4.369437472956876,1002.8625000000001,-2.699999999999932,24,3.25,4,1.0,1.0,1.0,1.0,0.0,,,,189.55117501560724
2020-07-23,31.354166666666668,25.7,36.8,24,58.208333333333336,58.5,42,78,24,21.789243366819548,,,0,10.916666666666666,16.7,24,-0.4655519229149654,5.530911693393336,1000.2791666666667,-1.0,24,2.8,5,1.0,1.0,1.0,1.0,0.0,,,,175.1885995746469
2020-07-24,31.645833333333332,27.2,37.0,24,61.708333333333336,63.0,48,75,24,23.20181160521925,,,0,14.237499999999999,18.5,24,-6.156928914692252,6.399817525973842,1003.1208333333334,2.699999999999932,24,6.75,4,1.0,1.0,1.0,1.0,0.0,,,,136.10814987766355
2020-07-25,29.495833333333334,23.0,34.0,24,67.83333333333333,66.5,47,91,24,22.751715049593116,,,0,14.6875,33.1,24,-11.042261433353026,2.0542223710014342,1006.0291666666667,1.0,24,6.428571428571429,7,1.0,1.0,1.0,1.0,0.0,,,,100.53842217584736
2020-07-26,29.375,23.5,33.0,24,70.5,69.5,57,96,24,23.306119260663696,,,0,14.229166666666666,25.6,24,-6.045071157750985,4.430079141897367,1005.9583333333334,-1.400000000000091,24,6.4,5,1.0,1.0,1.0,1.0,0.0,,,,126.23550909465757
2020-07-27,31.541666666666668,27.1,36.5,24,64.625,65.0,49,78,24,23.829630731316417,,,0,12.833333333333334,22.0,24,-2.490774573093559,3.849444585829042,1002.3874999999999,-5.2999999999999545,24,5.25,8,1.0,1.0,1.0,1.0,0.0,,,,147.09520309336892
2020-07-28,32.28333333333333,27.8,38.5,24,61.583333333333336,62.0,49,76,24,23.769514963851325,,,0,15.566666666666668,40.7,24,-9.242843171371172,3.6101612069959406,999.4291666666667,-3.5,24,5.0,6,1.0,1.0,1.0,1.0,0.0,,,,111.3351145219927
2020-07-29,31.2375,27.7,35.1,24,67.04166666666667,66.0,55,80,24,24.248194204724157,,,0,19.825,24.1,24,-17.45408903261026,6.318235825669615,999.4,1.7999999999999545,24,6.666666666666667,3,1.0,1.0,1.0,1.0,0.0,,,,109.89983688998262
2020-07-30,29.145833333333332,26.8,32.7,24,75.70833333333333,75.0,64,85,24,24.36262776460281,,,0,17.879166666666666,24.1,24,-15.092607801687024,4.681785035974236,1002.1583333333333,0.7999999999999545,24,4.6,5,1.0,1.0,1.0,1.0,0.0,,,,107.23409126891886
2020-07-31,29.479166666666668,26.2,33.8,24,74.45833333333333,73.0,60,86,24,24.321337470167567,,,0,16.291666666666668,25.6,24,-12.98160712235223,7.136595419154251,1002.0583333333334,-0.8000000000000682,24,6.75,8,1.0,1.0,1.0,1.0,0.0,,,,118.7996492454472
2020-08-01,29.383333333333336,25.6,34.0,24,69.91666666666667,69.5,54,84,24,23.15554299099834,,,0,13.1,18.5,24,-6.077994877309538,0.9074156637769192,1001.8874999999999,-0.8999999999999773,24,4.75,4,1.0,1.0,1.0,1.0,0.0,,,,98.49126994154699
2020-08-02,31.791666666666668,26.5,36.9,24,64.125,67.0,47,79,24,23.89303725451796,,,0,11.845833333333333,18.4,24,-1.1109974594786762,3.1083469418712464,999.0375,-6.600000000000023,24,4.0,6,1.0,1.0,1.0,1.0,0.0,,,,160.3318966433966
2020-08-03,31.204166666666666,27.7,36.7,24,66.875,66.0,51,82,24,24.15955253152762,,,0,16.308333333333334,33.1,24,-13.835066944112379,4.75856280811131,995.1291666666666,-1.8999999999999773,24,5.4,5,1.0,1.0,1.0,1.0,0.0,,,,108.9806240100944
2020-08-04,30.820833333333336,26.0,36.0,24,62.166666666666664,62.0,48,74,24,22.531378559145903,,,0,13.758333333333333,18.5,24,-1.3571816554913918,-0.9100703674545946,994.0166666666668,-1.3999999999999773,24,4.75,8,1.0,1.0,1.0,1.0,0.0,,,,56.15581539839104
2020-08-05,32.416666666666664,27.5,37.2,24,60.125,59.5,46,81,24,23.374778914428855,,,0,11.708333333333334,20.4,24,-1.6146971662839256,0.1119969274538259,995.3208333333333,3.7000000000000455,24,2.4,5,1.0,1.0,1.0,1.0,0.0,,,,93.96773492440747
2020-08-06,33.34583333333333,27.5,39.1,24,56.458333333333336,58.0,40,74,24,23.14084921365775,,,0,11.75,23.8,24,-6.394942950705687,4.680476599753214,999.3791666666666,1.1000000000000227,24,4.5,8,1.0,1.0,1.0,1.0,0.0,,,,126.20050108712303
2020-08-07,32.262499999999996,29.4,36.5,24,64.41666666666667,64.0,52,76,24,24.607556861644685,,,0,17.029166666666665,22.0,24,-13.341721153787079,7.2754596799392495,1001.4916666666667,0.900000000000091,24,6.0,6,1.0,1.0,1.0,1.0,0.0,,,,118.60436019357434
2020-08-08,31.379166666666666,27.9,36.0,24,69.875,69.0,56,84,24,25.073606357469483,,,0,14.2125,20.4,24,-8.39315227077653,6.8642372620292,999.8249999999999,-4.599999999999909,24,6.857142857142857,7,1.0,1.0,1.0,1.0,0.0,,,,129.277598215353
2020-08-09,29.40833333333333,25.5,33.4,24,75.91666666666667,76.5,64,88,24,24.662107320115098,,,0,15.024999999999999,22.2,24,-12.451325581222774,3.5368248637746773,998.2791666666667,0.3000000000000682,24,6.666666666666667,6,1.0,1.0,1.0,1.0,0.0,,,,105.85730736476114
2020-08-10,29.741666666666664,26.3,33.0,24,74.66666666666667,72.5,64,88,24,24.63506004070874,,,0,15.429166666666667,22.2,24,-13.05307222586125,4.257458167655083,999.2708333333334,1.5,24,7.0,3,1.0,1.0,1.0,1.0,0.0,,,,108.06452499790834
2020-08-11,30.808333333333334,27.0,36.0,24,71.79166666666667,71.5,56,88,24,24.915246079088487,,,0,13.045833333333334,20.4,24,-4.309116301364292,3.0902739366328693,998.9041666666667,-3.5,24,6.375,8,1.0,1.0,1.0,1.0,0.0,,,,125.64612162458076
2020-08-12,32.30833333333333,28.1,36.5,24,66.75,66.5,52,83,24,25.09693184797784,,,0,12.6875,16.7,24,-6.031492645914356,5.402688200739384,996.8125,-3.1000000000000227,24,5.142857142857143,7,1.0,1.0,1.0,1.0,0.0,,,,131.85228109109522
2020-08-13,30.679166666666664,26.5,34.0,24,73.04166666666667,72.5,65,85,24,25.22996652289577,,,0,19.0875,24.1,24,-15.975502708305916,6.7317098093839975,996.4125,-0.1999999999999318,24,6.714285714285714,7,1.0,1.0,1.0,1.0,0.0,,,,112.84943984684742
2020-08-14,29.6125,26.5,32.6,24,77.41666666666667,76.5,67,96,24,25.161771493516042,,,0,19.48333333333333,37.0,24,-16.854713299124445,7.10679147176755,998.2708333333334,0.0,24,5.8,5,1.0,1.0,1.0,1.0,0.0,,,,112.86272516260703
2020-08-15,31.1125,27.1,35.3,24,73.375,72.5,58,96,24,25.58213640730519,,,0,12.583333333333334,16.7,24,-5.4397985429968685,6.891830794188901,997.5958333333333,-1.1000000000000227,24,5.5,6,1.0,1.0,1.0,1.0,0.0,,,,141.71557593389178
2020-08-16,32.645833333333336,28.1,37.3,24,69.95833333333333,70.0,54,84,24,26.254119233705396,,,0,13.891666666666666,22.0,24,-6.689621662744689,7.540189784205507,997.3791666666666,-0.7999999999999545,24,4.857142857142857,7,1.0,1.0,1.0,1.0,0.0,,,,138.42070922280334
2020-08-17,32.00416666666667,28.4,36.3,24,72.91666666666667,75.0,58,86,24,26.376275995918814,,,0,17.1125,27.7,24,-11.970961987188765,8.787914753876404,998.0583333333334,0.7999999999999545,24,6.5,4,1.0,1.0,1.0,1.0,0.0,,,,126.28249054127963
2020-08-18,30.46666666666667,24.5,34.0,24,72.66666666666667,72.5,58,96,24,24.841967416861106,,,0,14.066666666666668,18.5,24,-8.688619943607657,4.285852786479517,998.7583333333333,-0.900000000000091,24,5.75,8,1.0,1.0,1.0,1.0,0.0,,,,116.25583240268213
2020-08-19,29.09166666666667,24.0,31.9,24,76.20833333333333,77.0,64,92,24,24.3797246395138,,,0,16.2375,22.2,24,-12.935850461324057,1.9646428817883137,998.0625,1.1999999999999318,24,6.5,6,1.0,1.0,1.0,1.0,0.0,,,,98.63584807194263
2020-08-20,25.633333333333336,24.2,27.3,24,89.25,90.0,82,96,24,23.709643877156932,,,0,19.645833333333332,33.3,24,-17.389402268957596,3.425517437633934,1001.5791666666668,5.300000000000068,24,7.0,6,1.0,1.0,1.0,1.0,0.0,,,,101.14394334682748
2020-08-21,26.795833333333334,23.6,30.5,24,81.95833333333333,79.0,66,96,24,23.32237832163032,,,0,16.770833333333332,29.6,24,-13.945018214111528,-0.15331851230873436,1005.2708333333334,1.3999999999999773,24,6.666666666666667,6,1.0,1.0,1.0,1.0,0.0,,,,89.37008689317054
2020-08-22,29.375,24.3,34.3,24,67.54166666666667,67.0,49,85,24,22.411078479188344,,,0,10.370833333333334,18.4,24,0.4301944047833483,2.9033834021378904,1004.1041666666666,-4.599999999999909,24,2.4285714285714284,7,1.0,1.0,1.0,1.0,0.0,,,,188.42819580987654
2020-08-23,30.995833333333334,26.0,35.9,24,66.45833333333333,65.0,49,86,24,23.693234985820578,,,0,9.233333333333334,14.8,24,-0.25253546716024494,4.45802364681266,1001.8041666666667,-1.3999999999999773,24,3.4,5,1.0,1.0,1.0,1.0,0.0,,,,176.757807847604
2020-08-24,30.995833333333334,27.0,34.8,24,67.58333333333333,69.0,45,82,24,24.122501839782004,,,0,11.833333333333334,22.0,24,-5.54682938909779,6.67291026514334,1001.6541666666667,0.0,24,6.833333333333333,6,1.0,1.0,1.0,1.0,0.0,,,,140.26508521855055
2020-08-25,29.129166666666666,26.8,31.0,24,76.33333333333333,76.0,71,85,24,24.505448767381,,,0,14.9375,22.0,24,-13.447076588124036,5.505369806016656,1003.775,2.1000000000000227,24,6.833333333333333,6,1.0,1.0,1.0,1.0,0.0,,,,112.26469138361972
2020-08-26,26.40833333333333,24.0,28.8,24,86.08333333333333,86.0,77,96,24,23.864901036366945,,,0,16.679166666666667,25.9,24,-13.8464824028634,-1.0549512935949914,1005.1958333333333,1.0,24,7.0,4,1.0,1.0,1.0,1.0,0.0,,,,85.64310231458239
2020-08-27,25.825,24.0,27.9,24,87.875,86.5,78,96,24,23.629680429915215,,,0,18.73333333333333,31.3,24,-17.259060900161664,3.609252155505342,1005.0541666666667,-1.1000000000000227,24,7.0,2,1.0,1.0,1.0,1.0,0.0,,,,101.81159868203486
2020-08-28,27.087500000000002,23.5,35.0,24,77.95833333333333,81.0,61,92,24,22.7409149907717,,,0,13.241666666666667,18.5,24,-11.200035968919595,4.150655223652424,1003.0375,-0.2999999999999545,24,6.0,7,1.0,1.0,1.0,1.0,0.0,,,,110.3343543862411
2020-08-29,28.804166666666664,23.6,34.3,24,69.04166666666667,67.5,47,89,24,22.181541455875248,,,0,9.674999999999999,18.4,24,-1.7902436494827274,3.126005411421555,1002.7958333333332,-0.7000000000000455,24,2.5,6,1.0,1.0,1.0,1.0,0.0,,,,150.20050418292243
2020-08-30,29.53333333333333,25.0,35.0,24,66.33333333333333,66.0,48,84,24,22.353358407933058,,,0,10.670833333333334,14.8,24,-6.16953628435731,3.5443938391858887,1003.3125,-0.2999999999999545,24,3.0,6,1.0,1.0,1.0,1.0,0.0,,,,119.87733432808557
2020-08-31,25.545833333333334,23.0,28.0,24,85.91666666666667,86.5,75,100,24,22.960652050299483,,,0,17.625,27.8,24,-13.630492451476554,0.8669178141446591,1005.6750000000001,0.5,24,7.0,5,1.0,1.0,1.0,1.0,0.0,,,,93.6391876007516
2020-09-01,23.84166666666667,21.8,25.9,24,88.91666666666667,88.0,83,100,24,21.88536931081424,,,0,20.354166666666668,33.3,24,-14.342006921271484,-8.532152926906322,1006.7458333333334,1.099999999999909,24,7.4,5,1.0,1.0,1.0,1.0,0.0,,,,59.25131170881525
2020-09-02,26.016666666666666,22.5,29.5,24,81.91666666666667,80.5,69,100,24,22.55809561681752,,,0,12.383333333333333,16.7,24,-2.7561149661739663,-4.618073266363224,1008.5124999999999,-0.39999999999997726,24,7.2,5,1.0,1.0,1.0,1.0,0.0,,,,30.829199404612552
2020-09-03,26.916666666666668,24.5,31.0,24,80.04166666666667,81.0,70,92,24,23.11703841105533,,,0,13.862499999999999,24.1,24,-9.016598868121703,-4.494129949323166,1009.525,1.5,24,6.666666666666667,6,1.0,1.0,1.0,1.0,0.0,,,,63.507025835909985
2020-09-04,26.320833333333336,23.0,30.5,24,81.79166666666667,83.0,68,96,24,22.850673125393232,,,0,12.625,20.4,24,-11.021096291393041,-2.0303174053670836,1009.6999999999999,-3.1000000000000227,24,5.0,6,1.0,1.0,1.0,1.0,0.0,,,,79.56194411910485
2020-09-05,27.65416666666667,22.0,32.0,24,72.95833333333333,71.5,56,96,24,22.115194650393317,,,0,8.208333333333334,13.0,24,-4.720731807958024,3.2336736464562517,1006.3958333333334,-5.0,24,3.2857142857142856,7,1.0,1.0,1.0,1.0,0.0,,,,124.41091503680519
2020-09-06,29.108333333333334,25.0,38.0,24,68.33333333333333,69.5,50,92,24,22.38179177533992,,,0,12.316666666666668,64.8,24,0.24920410768439374,0.7279055906770128,1004.0500000000001,-0.6000000000000227,24,4.2,5,1.0,1.0,1.0,1.0,0.0,,,,198.89903621255237
2020-09-07,28.041666666666668,23.5,33.0,24,63.375,63.0,42,81,24,20.08448143677138,,,0,12.458333333333334,20.2,24,2.1467449997497545,-2.327314490537504,1005.6374999999999,-0.5,24,3.5,6,1.0,1.0,1.0,1.0,0.0,,,,317.31115788544645
2020-09-08,28.6125,23.5,34.1,24,61.625,63.0,44,78,24,20.208958043659617,,,0,8.9375,16.6,24,3.0792578779160977,-0.01842748575156224,1005.7583333333333,-1.6000000000000227,24,1.0,6,1.0,1.0,1.0,1.0,0.0,,,,270.34287630291396
2020-09-09,29.058333333333334,24.0,34.6,24,64.41666666666667,63.5,46,88,24,21.286460191482394,,,0,10.608333333333333,18.4,24,2.830929273444538,-0.6744089453438494,1005.7041666666668,-4.199999999999932,24,3.0,5,1.0,1.0,1.0,1.0,0.0,,,,283.39974070624834
2020-09-10,29.337500000000002,24.1,35.0,24,59.458333333333336,59.5,39,79,24,20.143745870141185,,,0,9.35,16.7,24,2.2082131162285803,0.06369411634902167,1002.7041666666668,-4.2999999999999545,24,1.2857142857142858,7,1.0,1.0,1.0,1.0,0.0,,,,268.3478078094613
2020-09-11,29.254166666666666,24.0,35.0,24,62.291666666666664,62.0,48,78,24,21.040239224925205,,,0,9.55,14.8,24,-0.9286992782261224,-1.592489919314782,1003.0958333333333,1.7000000000000455,24,1.75,4,1.0,1.0,1.0,1.0,0.0,,,,30.249640410492646
2020-09-12,29.78333333333333,24.6,35.3,24,61.666666666666664,61.0,45,80,24,21.296775782196594,,,0,11.454166666666666,23.8,24,3.065109720081091,-3.3957259306350793,1005.9166666666666,-0.6999999999999318,24,2.0,6,1.0,1.0,1.0,1.0,0.0,,,,317.9294050728012
2020-09-13,29.458333333333332,25.0,34.6,24,59.208333333333336,59.0,39,76,24,20.296178326233868,,,0,10.333333333333334,18.5,24,-2.888230538244049,-3.4548674675946436,1006.1958333333333,-0.2999999999999545,24,1.0,3,1.0,1.0,1.0,1.0,0.0,,,,39.895245889770365
2020-09-14,29.670833333333334,24.3,36.0,24,59.625,61.0,42,78,24,20.605625126903742,,,0,10.1125,16.7,24,-0.05339937514315055,-0.547162977249051,1004.8458333333333,-2.400000000000091,24,3.6666666666666665,6,1.0,1.0,1.0,1.0,0.0,,,,5.574025599174263
2020-09-15,29.666666666666668,24.9,35.0,24,58.083333333333336,57.5,38,77,24,20.204775994873405,,,0,12.845833333333333,25.9,24,4.594735085467497,-4.480907117034696,1004.2624999999999,-1.5,24,1.375,8,1.0,1.0,1.0,1.0,0.0,,,,314.2814260308962
2020-09-16,29.59583333333333,24.0,36.0,24,56.875,57.0,38,76,24,19.758867569328256,,,0,11.450000000000001,18.5,24,3.5584745640556013,-2.3529956226491886,1004.1166666666667,-1.3999999999999773,24,1.4285714285714286,7,1.0,1.0,1.0,1.0,0.0,,,,303.47415909542684
2020-09-17,29.629166666666666,24.1,35.7,24,55.208333333333336,55.0,37,72,24,19.2484453255316,,,0,9.933333333333334,20.4,24,2.19192680142199,-4.353311188793968,1003.4833333333332,-2.0,24,0.8,5,1.0,1.0,1.0,1.0,0.0,,,,333.274381869345
2020-09-18,29.5625,24.2,35.5,24,54.583333333333336,55.0,39,71,24,19.051460187868123,,,0,12.0,22.2,24,1.6883068747818466,-5.137472681902529,1002.9833333333332,-0.10000000000002274,24,0.0,4,1.0,1.0,1.0,1.0,0.0,,,,341.8081345417401
2020-09-19,29.425,24.0,36.0,24,54.5,55.0,39,76,24,18.869588153419077,,,0,10.470833333333333,18.5,24,1.1921148845925924,-5.570387473329902,1003.3458333333333,-1.2000000000000455,24,0.16666666666666666,6,1.0,1.0,1.0,1.0,0.0,,,,347.92038427240755
2020-09-20,28.929166666666664,22.5,35.0,24,52.833333333333336,55.0,34,72,24,17.81081473511105,,,0,10.991666666666667,24.1,24,4.121326975648602,-4.403624731256115,1003.5875,-3.599999999999909,24,0.0,7,1.0,1.0,1.0,1.0,0.0,,,,316.89661623100943
2020-09-21,29.09583333333333,22.5,36.0,24,49.25,49.5,27,69,24,16.7932372124133,,,0,10.379166666666666,31.5,24,2.5263617100814977,-5.783931513503194,1002.2624999999999,-2.199999999999932,24,0.0,6,1.0,1.0,1.0,1.0,0.0,,,,336.404790136446
2020-09-22,29.129166666666666,22.0,36.0,24,52.541666666666664,54.0,35,71,24,17.958637038032972,,,0,11.516666666666667,35.2,24,-0.20051883688078154,-5.201294895587414,1002.0083333333333,-0.5,24,0.0,7,1.0,1.0,1.0,1.0,0.0,,,,2.2077572299278927
2020-09-23,28.78333333333333,22.5,35.2,24,53.041666666666664,55.0,37,72,24,17.813554471896307,,,0,12.845833333333333,31.5,24,-1.008585164409084,-6.653507247963851,1001.975,0.5,24,0.16666666666666666,6,1.0,1.0,1.0,1.0,0.0,,,,8.619672046125288
2020-09-24,28.6375,23.0,35.0,24,52.708333333333336,54.0,32,72,24,17.462057262988367,,,0,10.6875,22.2,24,3.339863703562614,-5.167601600149571,1003.3708333333334,0.8999999999999773,24,0.7142857142857143,7,1.0,1.0,1.0,1.0,0.0,,,,327.12507929547905
2020-09-25,28.045833333333334,23.0,35.0,24,55.333333333333336,57.5,41,72,24,17.898631189091333,,,0,9.987499999999999,18.4,24,-6.050974749323497,0.4184230885934084,1003.4583333333334,-0.2999999999999545,24,3.8,5,1.0,1.0,1.0,1.0,0.0,,,,93.95568903605721
2020-09-26,26.099999999999998,22.0,31.5,24,53.625,53.5,30,69,24,15.60400858349798,,,0,17.466666666666665,33.3,24,-14.81779432495435,-6.41995820862417,1004.4791666666666,1.1999999999999318,24,6.0,6,1.0,1.0,1.0,1.0,0.0,,,,66.57484264251076
2020-09-27,26.349999999999998,21.5,32.1,24,54.958333333333336,57.5,36,69,24,16.149675139109558,,,0,12.35,18.5,24,0.6293516117074174,-6.456081352662295,1007.4458333333333,0.6999999999999318,24,1.4,5,1.0,1.0,1.0,1.0,0.0,,,,354.43228550942223
2020-09-28,26.65416666666667,21.5,32.6,24,54.916666666666664,57.0,37,75,24,16.35739844321294,,,0,11.095833333333333,18.5,24,2.1240127944697935,-5.482436979890717,1008.7458333333334,0.7999999999999545,24,0.0,4,1.0,1.0,1.0,1.0,0.0,,,,338.8225717081099
2020-09-29,26.641666666666666,21.0,33.0,24,53.0,53.5,33,72,24,15.718134748792785,,,0,9.9625,22.2,24,2.939423912701507,-4.022267406868438,1008.025,-3.1000000000000227,24,2.25,8,1.0,1.0,1.0,1.0,0.0,,,,323.84112134523997
2020-09-30,26.433333333333334,21.0,32.5,24,52.708333333333336,53.5,34,70,24,15.479337499399335,,,0,10.941666666666668,24.1,24,3.769851492081458,-3.7358236895204993,1007.0083333333333,-0.7999999999999545,24,0.4,5,1.0,1.0,1.0,1.0,0.0,,,,314.7402450721101
2020-10-01,26.204166666666666,20.5,33.5,24,53.041666666666664,58.0,33,74,24,15.35038767516159,,,0,11.241666666666667,31.3,24,6.12931676966183,-5.066495396232743,1006.6833333333334,-1.3000000000000682,24,1.1428571428571428,7,1.0,1.0,1.0,1.0,0.0,,,,309.5771475264458
2020-10-02,25.829166666666666,19.0,34.0,24,51.0,52.5,31,73,24,14.242633486423115,,,0,8.354166666666666,16.7,24,1.8031866021454335,-2.481819705747901,1006.5416666666666,0.0,24,0.0,8,1.0,1.0,1.0,1.0,0.0,,,,323.99941011956093
2020-10-03,25.65416666666667,18.5,33.5,24,46.125,48.5,20,68,24,12.039192227173224,,,0,9.054166666666667,22.0,24,3.3392672313229403,-2.4620358401544853,1007.5708333333333,-0.10000000000002274,24,0.0,8,1.0,1.0,1.0,1.0,0.0,,,,306.4012862094184
2020-10-04,25.599999999999998,18.0,33.0,24,46.291666666666664,49.5,24,72,24,12.201314730207224,,,0,8.429166666666667,18.5,24,1.2412945133120894,-1.871135218229357,1008.6,-1.2000000000000455,24,0.0,7,1.0,1.0,1.0,1.0,0.0,,,,326.4400572825548
2020-10-05,25.454166666666666,18.0,32.8,24,47.208333333333336,51.0,25,72,24,12.45767830853944,,,0,9.075000000000001,20.4,24,2.9004543577266677,-2.523444605199545,1008.5791666666668,-1.8999999999999773,24,0.0,5,1.0,1.0,1.0,1.0,0.0,,,,311.02382349220994
2020-10-06,25.508333333333336,18.0,34.0,24,48.25,50.0,25,73,24,12.758229215913104,,,0,6.208333333333333,14.8,24,-0.24329091455658514,-1.8584975645566981,1008.1999999999999,-0.6000000000000227,24,0.0,7,1.0,1.0,1.0,1.0,0.0,,,,7.458027204885184
2020-10-07,25.7,18.5,34.5,24,48.291666666666664,53.0,26,66,24,13.201023253232647,,,0,7.820833333333334,14.8,24,0.08694157414138315,-0.6858219990639843,1010.0958333333333,0.39999999999997726,24,0.0,7,1.0,1.0,1.0,1.0,0.0,,,,352.7751588121177
2020-10-08,26.037499999999998,19.5,34.0,24,51.125,54.0,29,69,24,14.464570306743779,,,0,7.216666666666666,14.8,24,-1.0468742972841003,0.27500426355778973,1010.7083333333334,-1.3999999999999773,24,0.0,6,1.0,1.0,1.0,1.0,0.0,,,,104.71853159506986
2020-10-09,26.008333333333336,20.0,34.0,24,52.041666666666664,55.5,29,74,24,14.636995963233732,,,0,10.762500000000001,42.5,24,1.0155324902278133,-0.9001536621471686,1010.8833333333333,-2.0,24,0.0,8,1.0,1.0,1.0,1.0,0.0,,,,311.5533269382138
2020-10-10,25.712500000000002,19.5,33.4,24,50.041666666666664,52.5,28,70,24,13.696472713246003,,,0,9.229166666666666,16.7,24,1.2858526399979986,-1.71411123688266,1009.9499999999999,-4.100000000000023,24,0.0,7,1.0,1.0,1.0,1.0,0.0,,,,323.124343636043
2020-10-11,25.270833333333332,17.5,33.0,24,48.666666666666664,51.0,24,76,24,12.721570285162342,,,0,9.208333333333334,16.7,24,2.0966350545796253,-1.9471837700551635,1007.7291666666666,-3.6000000000000227,24,0.0,7,1.0,1.0,1.0,1.0,0.0,,,,312.8834283297741
2020-10-12,25.15833333333333,19.0,34.0,24,51.75,55.5,29,73,24,13.925319008938567,,,0,9.670833333333333,18.4,24,-0.04551452447970713,-2.939055037312135,1006.3666666666667,-2.0,24,2.625,8,1.0,1.0,1.0,1.0,0.0,,,,0.8872177246653337
2020-10-13,24.354166666666668,19.8,30.0,24,52.25,54.5,32,74,24,13.377953389601274,,,0,12.320833333333333,24.1,24,5.755290222564767,-5.3334446614526145,1008.1166666666667,2.199999999999932,24,4.571428571428571,7,1.0,1.0,1.0,1.0,0.0,,,,312.8213636952628
2020-10-14,23.379166666666666,17.5,31.0,24,51.208333333333336,51.5,28,71,24,11.950106894131833,,,0,8.758333333333333,22.2,24,5.463118841312826,-2.480355440173298,1009.8666666666667,-1.0,24,0.0,7,1.0,1.0,1.0,1.0,0.0,,,,294.418913700343
2020-10-15,23.275000000000002,16.0,32.0,24,50.416666666666664,51.5,26,75,24,11.412132015790016,,,0,7.904166666666666,22.2,24,3.12743496045386,-3.9212136437768272,1010.0083333333333,-1.7999999999999545,24,0.0,8,1.0,1.0,1.0,1.0,0.0,,,,321.42525414694035
2020-10-16,23.3625,16.5,32.0,24,51.333333333333336,52.0,26,76,24,11.860215927093506,,,0,6.112500000000001,11.1,24,0.840819102122138,-1.6087091081108074,1009.2583333333333,-1.3000000000000682,24,0.0,8,1.0,1.0,1.0,1.0,0.0,,,,332.40541817656873
2020-10-17,24.041666666666668,17.0,36.1,24,48.916666666666664,52.5,22,68,24,11.731207622088368,,,0,6.541666666666667,18.4,24,0.44968746228823636,-1.5790640306969486,1009.9875000000001,0.8999999999999773,24,0.0,6,1.0,1.0,1.0,1.0,0.0,,,,344.10405292824566
2020-10-18,23.754166666666666,16.5,32.0,24,49.166666666666664,53.0,29,71,24,11.722821215520547,,,0,7.520833333333333,23.8,24,3.0284190472370636,-3.113080954862138,1010.2791666666667,-1.6999999999999318,24,0.0,7,1.0,1.0,1.0,1.0,0.0,,,,315.78978470378956
2020-10-19,22.84166666666667,17.0,31.0,24,50.416666666666664,51.0,28,72,24,11.16617228034985,,,0,7.233333333333333,18.5,24,2.4317574653923404,-0.9611322631469035,1010.0,-2.7999999999999545,24,0.0,4,1.0,1.0,1.0,1.0,0.0,,,,291.56600453544337
2020-10-20,22.90833333333333,16.0,30.5,24,49.625,54.5,27,67,24,11.088625336481662,,,0,6.4375,13.0,24,-1.2791163690388203,-0.017881653271615505,1009.1750000000001,0.10000000000002274,24,0.0,5,1.0,1.0,1.0,1.0,0.0,,,,89.19907480427469
2020-10-21,22.275000000000002,16.5,31.0,24,52.958333333333336,55.5,34,71,24,11.65248371663433,,,0,6.441666666666666,13.0,24,-1.7490580136266847,-1.7087770642712712,1010.9083333333333,-1.6000000000000227,24,0.14285714285714285,7,1.0,1.0,1.0,1.0,0.0,,,,45.667418760992575
2020-10-22,22.037499999999998,16.5,29.7,24,52.958333333333336,56.0,30,72,24,11.398323606558392,,,0,6.608333333333333,14.8,24,0.558670809585601,0.3135779065279513,1010.4291666666667,-2.400000000000091,24,0.0,3,1.0,1.0,1.0,1.0,0.0,,,,240.69481592802885
2020-10-23,21.695833333333336,15.0,29.2,24,50.458333333333336,52.0,31,69,24,10.299113297935337,,,0,7.066666666666666,18.4,24,1.4980373736315717,-1.9699231419401866,1009.7708333333334,-1.2000000000000455,24,0.0,6,1.0,1.0,1.0,1.0,0.0,,,,322.74865455885254
2020-10-24,21.141666666666666,15.0,27.8,24,51.583333333333336,54.5,30,70,24,10.140618609116265,,,0,7.050000000000001,14.8,24,1.7806497639666,-0.7196858059614897,1010.0875,0.5,24,0.0,7,1.0,1.0,1.0,1.0,0.0,,,,292.0070976509662
2020-10-25,19.070833333333333,15.0,24.5,24,56.583333333333336,58.0,39,71,24,9.984884035806129,,,0,10.25,22.2,24,0.4340983028213183,-7.622711332714453,1013.9875000000001,5.100000000000023,24,2.5,4,1.0,1.0,1.0,1.0,0.0,,,,356.74063932248066
2020-10-26,19.783333333333335,12.5,29.0,24,51.0,56.0,24,72,24,8.453401831970536,,,0,7.929166666666667,20.4,24,6.585292546417225,-3.2468623611398715,1016.1750000000001,-0.2999999999999545,24,0.75,4,1.0,1.0,1.0,1.0,0.0,,,,296.2454889871879
2020-10-27,19.779166666666665,13.2,28.4,24,53.666666666666664,56.5,30,74,24,9.308777479665135,,,0,3.8333333333333335,9.3,24,1.0811193105950951,-0.4260853911843151,1014.4666666666667,-1.3999999999999773,24,0.0,4,1.0,1.0,1.0,1.0,0.0,,,,291.51014610742686
2020-10-28,19.883333333333333,13.5,29.0,24,53.75,56.5,24,74,24,9.39872805825021,,,0,4.3625,9.3,24,-0.06513160455272153,-0.01738515570759776,1014.4666666666667,0.7000000000000455,24,1.0,6,1.0,1.0,1.0,1.0,0.0,,,,75.05484531005362
2020-10-29,19.558333333333334,14.0,27.5,24,55.208333333333336,56.5,32,74,24,9.743210941917011,,,0,6.766666666666667,14.8,24,2.148763274090985,-2.709584350883961,1016.0124999999999,2.2000000000000455,24,1.1666666666666667,6,1.0,1.0,1.0,1.0,0.0,,,,321.58476698540454
2020-10-30,19.2375,14.0,26.7,24,53.25,54.5,30,75,24,8.740413254736431,,,0,7.925,24.1,24,5.297851422553261,-3.0713652084271117,1016.9458333333333,-2.800000000000068,24,0.3333333333333333,6,1.0,1.0,1.0,1.0,0.0,,,,300.10249439708366
2020-10-31,18.816666666666666,12.5,28.0,24,49.75,51.0,26,72,24,7.131225514206516,,,0,6.833333333333333,20.4,24,4.777261737556684,-3.314628444429568,1015.9666666666667,-6.399999999999977,24,0.0,6,1.0,1.0,1.0,1.0,0.0,,,,304.75424294830526
2020-11-01,19.158333333333335,12.5,27.9,24,50.0,51.0,28,70,24,7.728061368763001,,,0,5.445833333333333,18.5,24,2.673362007112858,-1.647380492053926,1016.0583333333334,0.09999999999990905,24,0.5,6,1.0,1.0,1.0,1.0,0.0,,,,301.6422271818943
2020-11-02,19.629166666666666,13.0,29.5,24,49.791666666666664,54.0,25,68,24,8.04746740709013,,,0,4.525,16.7,24,1.7899372807836957,-1.9226297525422915,1016.5083333333333,0.900000000000091,24,0.0,5,1.0,1.0,1.0,1.0,0.0,,,,317.0469620214602
2020-11-03,19.291666666666668,13.2,27.5,24,53.0,53.5,31,73,24,8.791394750055252,,,0,5.1375,13.0,24,2.134014991857111,-0.795323869927476,1015.8708333333334,-2.0,24,0.0,6,1.0,1.0,1.0,1.0,0.0,,,,290.43987013081926
2020-11-04,18.766666666666666,12.5,28.0,24,53.833333333333336,58.0,30,73,24,8.477918022982717,,,0,4.0375000000000005,9.3,24,0.8790138192474842,0.5519713728378216,1014.6416666666668,-1.6000000000000227,24,0.0,7,1.0,1.0,1.0,1.0,0.0,,,,237.87348393837027
2020-11-05,18.3625,12.0,28.0,24,52.833333333333336,55.0,23,75,24,7.597184408952072,,,0,5.108333333333333,36.7,24,-0.020891703572124293,-1.521913647465408,1015.8000000000001,3.3999999999999773,24,0.16666666666666666,6,1.0,1.0,1.0,1.0,0.0,,,,0.7864646361414316
2020-11-06,18.104166666666668,11.5,27.5,24,50.875,53.0,24,73,24,6.8217609277910825,,,0,6.516666666666667,18.4,24,5.823400394072725,-1.8778402828238008,1019.0958333333333,2.1000000000000227,24,0.0,6,1.0,1.0,1.0,1.0,0.0,,,,287.87267241121634
2020-11-07,17.974999999999998,11.0,27.5,24,50.708333333333336,55.0,24,76,24,6.54347109146702,,,0,5.758333333333334,25.6,24,4.151790437805444,-0.8160719748883931,1019.6041666666666,-0.5,24,0.0,7,1.0,1.0,1.0,1.0,0.0,,,,281.1202383710522
2020-11-08,18.066666666666666,11.2,27.0,24,51.541666666666664,56.0,26,72,24,6.995726309923829,,,0,2.529166666666667,7.6,24,0.25400176845335715,-0.062050537330408856,1019.6708333333332,0.1999999999999318,24,0.2857142857142857,7,1.0,1.0,1.0,1.0,0.0,,,,283.7280127296027
2020-11-09,17.712500000000002,10.5,26.0,24,54.75,59.0,27,76,24,7.703808378327854,,,0,2.591666666666667,7.2,24,0.5549394086259549,0.20158032236531867,1019.0083333333333,-2.400000000000091,24,1.6666666666666667,6,1.0,1.0,1.0,1.0,0.0,,,,250.036576887168
2020-11-10,17.583333333333332,11.5,25.0,24,57.166666666666664,57.5,31,79,24,8.337220342587937,,,0,3.4499999999999997,7.6,24,1.808979130089283,0.4565568619221449,1018.1374999999999,-0.39999999999997726,24,2.1666666666666665,6,1.0,1.0,1.0,1.0,0.0,,,,255.8352862603096
2020-11-11,17.6125,11.5,25.5,24,57.125,62.5,31,75,24,8.384273790592388,,,0,2.5,10.8,24,-0.3000357528527578,0.739968893328117,1019.7291666666666,2.2000000000000455,24,3.2857142857142856,7,1.0,1.0,1.0,1.0,0.0,,,,157.9288843073532
2020-11-12,17.3625,11.0,25.4,24,59.291666666666664,64.0,34,79,24,8.651661264748833,,,0,2.966666666666667,7.4,24,1.1594533844664694,0.003298090584576163,1021.1125000000001,-0.2999999999999545,24,3.3333333333333335,6,1.0,1.0,1.0,1.0,0.0,,,,269.8370213379685
2020-11-13,17.370833333333334,10.0,25.0,24,55.458333333333336,54.5,26,80,24,7.460450192007561,,,0,4.433333333333334,9.3,24,1.3699228985855978,-1.5329147318998972,1019.5124999999999,-3.5,24,4.0,8,1.0,1.0,1.0,1.0,0.0,,,,318.21373417604434
2020-11-14,16.875,13.5,22.0,24,64.0,66.5,42,74,24,9.859431043225054,,,0,11.408333333333333,20.4,24,-6.558242987443214,-3.7712524632457645,1017.2166666666667,-2.5,24,5.5,4,1.0,1.0,1.0,1.0,0.0,,,,60.09937308964152
2020-11-15,14.091666666666667,12.1,15.7,24,82.5,79.0,74,94,24,11.095320027866762,,,0,20.029166666666665,29.5,24,-12.658229076365629,-10.924093797368307,1017.2541666666666,2.1000000000000227,24,8.0,4,1.0,1.0,1.0,1.0,0.0,,,,49.205697613252994
2020-11-16,13.658333333333333,10.7,19.5,24,81.33333333333333,84.0,57,95,24,10.304631068012183,,,0,8.237499999999999,18.4,24,-1.8985127871235212,-1.6427248084296033,1020.5666666666666,4.600000000000023,24,4.0,3,1.0,1.0,1.0,1.0,0.0,,,,49.13137016864414
2020-11-17,13.504166666666668,8.5,20.0,24,72.41666666666667,74.0,43,95,24,8.081021812048816,,,0,6.166666666666667,16.7,24,5.663770416116511,-1.1175597580575467,1019.0916666666667,-5.5,24,0.5,6,1.0,1.0,1.0,1.0,0.0,,,,281.1620597005996
2020-11-18,13.908333333333333,8.4,21.0,24,67.25,71.5,25,90,24,7.302945650707547,,,0,4.7749999999999995,11.2,24,2.5588384769120482,-0.3684940744530071,1015.4541666666668,-1.1000000000000227,24,2.125,8,1.0,1.0,1.0,1.0,0.0,,,,278.19473132140683
2020-11-19,13.758333333333333,9.5,19.0,24,70.75,73.0,48,89,24,8.249348243811598,,,0,8.158333333333333,18.4,24,1.2551019728416577,-3.3665742374335728,1016.4958333333334,2.6000000000000227,24,4.25,4,1.0,1.0,1.0,1.0,0.0,,,,339.5539008785409
2020-11-20,13.362499999999999,9.1,19.9,24,64.04166666666667,65.5,39,85,24,6.188169167566444,,,0,13.095833333333333,29.6,24,9.92863014731556,-5.567619961282859,1019.2624999999999,-0.6000000000000227,24,1.4,5,1.0,1.0,1.0,1.0,0.0,,,,299.2821462026708
2020-11-21,12.487499999999999,6.8,20.0,24,61.291666666666664,63.0,32,82,24,4.609001107359906,,,0,8.379166666666666,25.6,24,8.38626077350229,-1.9699005741015323,1018.6125000000001,-0.7000000000000455,24,0.6666666666666666,6,1.0,1.0,1.0,1.0,0.0,,,,283.218913626604
2020-11-22,11.5875,6.4,16.6,24,67.58333333333333,69.0,49,84,24,5.525252477295471,,,0,3.9791666666666665,9.3,24,2.7565022150901233,-0.544360027497727,1019.0041666666666,1.0,24,5.833333333333333,6,1.0,1.0,1.0,1.0,0.0,,,,281.17115278623777
2020-11-23,12.158333333333333,9.9,15.5,24,74.25,76.0,60,82,24,7.638530149978277,,,0,15.554166666666667,73.8,24,-2.0368527173297477,-11.42969217414901,1020.2166666666667,1.900000000000091,24,6.285714285714286,7,1.0,1.0,1.0,1.0,0.0,,,,10.104443007846612
2020-11-24,12.5375,10.0,17.0,24,75.45833333333333,76.5,34,88,24,8.114070265546646,,,0,8.745833333333334,13.0,24,5.004194734462847,-5.5729402015178024,1020.6625,-1.2000000000000455,24,7.0,6,1.0,1.0,1.0,1.0,0.0,,,,318.07789992071014
2020-11-25,11.858333333333334,10.4,14.0,24,87.16666666666667,88.0,79,94,24,9.775168609969905,,,0,11.3125,16.7,24,-3.235911045740385,-9.299876497437557,1020.9791666666666,3.300000000000068,24,7.5,4,1.0,1.0,1.0,1.0,0.0,,,,19.185445753756937
2020-11-26,12.545833333333334,8.9,18.1,24,80.79166666666667,84.5,56,96,24,9.063128774853606,,,0,7.908333333333334,18.4,24,5.623365094217782,-1.9825348720885065,1024.0375000000001,2.5,24,1.6,5,1.0,1.0,1.0,1.0,0.0,,,,289.4202609323227
2020-11-27,12.9625,7.4,20.3,24,70.75,74.5,40,94,24,7.125616254056209,,,0,5.129166666666666,18.5,24,5.195661808008498,-0.4907367421603634,1025.35,-1.1000000000001364,24,1.6666666666666667,6,1.0,1.0,1.0,1.0,0.0,,,,275.3956509389463
2020-11-28,13.070833333333333,7.2,21.0,24,67.58333333333333,71.5,34,90,24,6.528650863229481,,,0,4.3,14.8,24,3.857145557281646,-0.7641521354290571,1022.5291666666667,-5.099999999999909,24,3.2857142857142856,7,1.0,1.0,1.0,1.0,0.0,,,,281.20595689962335
2020-11-29,13.4625,7.8,21.0,24,68.20833333333333,74.5,37,88,24,7.221529926645716,,,0,1.741666666666667,7.2,24,-0.8047198043200424,-1.263500661328435,1019.8583333333332,-1.400000000000091,24,4.571428571428571,7,1.0,1.0,1.0,1.0,0.0,,,,32.49293896150988
2020-11-30,14.004166666666668,8.0,23.0,24,68.45833333333333,71.0,40,88,24,7.7519531144989395,,,0,3.35,11.1,24,1.5900875427656702,-0.4383258283966117,1019.3916666666668,-1.1000000000000227,24,3.0,6,1.0,1.0,1.0,1.0,0.0,,,,285.41147871826263
2020-12-01,14.799999999999999,9.1,22.4,24,65.41666666666667,67.5,41,83,24,7.880864702085238,,,0,3.595833333333333,9.3,24,2.1152294383162547,-0.4978884921542236,1019.35,-0.10000000000002274,24,0.6666666666666666,3,1.0,1.0,1.0,1.0,0.0,,,,283.2453309114887
2020-12-02,15.120833333333332,8.9,24.5,24,64.79166666666667,71.0,33,88,24,7.846600775657858,,,0,5.8625,22.3,24,5.356051065772772,-1.8513404171323729,1017.6999999999999,-4.699999999999932,24,1.0,3,1.0,1.0,1.0,1.0,0.0,,,,289.06791284006187
2020-12-03,14.858333333333334,8.5,23.4,24,65.54166666666667,72.0,37,87,24,7.821324664053454,,,0,3.608333333333333,13.0,24,0.9210067425668239,-1.210669914484024,1015.5791666666668,0.0,24,1.0,3,1.0,1.0,1.0,1.0,0.0,,,,322.7382487265518
2020-12-04,14.8375,9.5,22.0,24,68.29166666666667,72.5,39,87,24,8.608575210043597,,,0,4.970833333333333,11.1,24,-0.6692051307824644,-3.07963769725236,1014.8916666666668,-1.7999999999999545,24,2.8333333333333335,6,1.0,1.0,1.0,1.0,0.0,,,,12.259775849397727
2020-12-05,15.083333333333334,10.2,22.5,24,68.29166666666667,72.0,22,87,24,8.673670093767385,,,0,7.2124999999999995,11.1,24,1.2768606038143238,-5.193278466413418,1015.5666666666666,1.3999999999999773,24,3.6,5,1.0,1.0,1.0,1.0,0.0,,,,346.1867961834755
2020-12-06,15.283333333333333,10.5,22.0,24,67.125,70.5,41,84,24,8.83548942563841,,,0,6.3500000000000005,11.1,24,3.931535835238174,-3.2434242492186924,1018.6083333333332,2.3999999999999773,24,2.1666666666666665,6,1.0,1.0,1.0,1.0,0.0,,,,309.521826426473
2020-12-07,15.020833333333334,11.1,19.7,24,69.79166666666667,73.5,51,84,24,9.352964521312886,,,0,4.829166666666667,10.8,24,1.9156467406555489,-2.608721900948634,1019.6958333333333,-0.10000000000002274,24,6.8,5,1.0,1.0,1.0,1.0,0.0,,,,323.70927377449163
2020-12-08,14.033333333333333,12.4,15.9,24,82.125,81.0,77,91,24,11.016197366181217,,,0,12.549999999999999,18.5,24,-4.59964574176434,-6.585991867693763,1020.5916666666667,0.40000000000009095,24,7.0,4,1.0,1.0,1.0,1.0,0.0,,,,34.93038407346256
2020-12-09,13.879166666666668,10.8,19.1,24,79.75,84.0,57,94,24,10.280237935980992,,,0,8.6875,16.7,24,4.0444711108462315,-1.1539253000081384,1019.5083333333333,-1.7999999999999545,24,6.0,5,1.0,1.0,1.0,1.0,0.0,,,,285.92394190610395
2020-12-10,13.766666666666666,9.4,19.9,24,75.875,78.0,49,100,24,9.213804257526986,,,0,6.2124999999999995,25.6,24,4.554471485223622,-1.6413272814528057,1018.6999999999999,-0.8000000000000682,24,1.1428571428571428,7,1.0,1.0,1.0,1.0,0.0,,,,289.81800200987914
2020-12-11,12.266666666666666,8.8,17.0,24,78.45833333333333,82.0,57,94,24,8.485537917159222,,,0,7.7124999999999995,14.8,24,1.0448624926801025,0.7738448530746004,1018.1999999999999,-2.1000000000000227,24,3.5,2,1.0,1.0,1.0,1.0,0.0,,,,233.47565454590426
2020-12-12,11.325000000000001,9.0,14.7,24,86.83333333333333,88.0,74,95,24,9.175897185479927,,,0,10.245833333333334,16.7,24,-3.4193201050053923,-6.424299722863361,1018.0291666666667,3.7999999999999545,24,7.0,4,1.0,1.0,1.0,1.0,0.0,,,,28.02404718861959
2020-12-13,10.733333333333334,6.0,17.0,24,81.83333333333333,86.0,54,97,24,7.5414123489922416,,,0,5.8875,13.0,24,2.5595899517840106,-0.32010141126811503,1018.3083333333334,-2.300000000000068,24,2.857142857142857,7,1.0,1.0,1.0,1.0,0.0,,,,277.12838116765323
2020-12-14,10.112499999999999,5.9,16.5,24,77.875,81.5,49,93,24,6.1537284403917765,,,0,5.970833333333334,13.0,24,2.516124160717363,0.896715109244637,1018.5916666666667,1.6999999999999318,24,1.4,5,1.0,1.0,1.0,1.0,0.0,,,,250.38456992893435
2020-12-15,9.595833333333333,5.5,15.9,24,75.20833333333333,79.5,46,93,24,5.086309568175197,,,0,8.2125,25.6,24,5.521604549625645,-1.705246562616009,1021.3166666666666,2.8999999999999773,24,1.5,4,1.0,1.0,1.0,1.0,0.0,,,,287.16234658772595
2020-12-16,9.095833333333333,4.1,16.2,24,70.45833333333333,73.0,40,93,24,3.502393767271812,,,0,8.637500000000001,25.9,24,7.673802328947931,-1.7703289444247883,1024.1375,2.5,24,2.0,3,1.0,1.0,1.0,1.0,0.0,,,,282.9907283563352
2020-12-17,8.783333333333333,3.0,16.5,24,65.625,67.5,32,93,24,1.9077677088749876,,,0,8.129166666666666,25.6,24,6.076428983236352,-0.8613802287106713,1023.2583333333333,-4.2000000000000455,24,0.0,6,1.0,1.0,1.0,1.0,0.0,,,,278.06835590449805
2020-12-18,8.704166666666667,2.0,17.2,24,60.916666666666664,63.5,31,84,24,0.7634626034326714,,,0,6.683333333333334,22.0,24,5.747897772802008,-0.8730554230838454,1021.1833333333334,0.2999999999999545,24,0.8333333333333334,6,1.0,1.0,1.0,1.0,0.0,,,,278.63671271709757
2020-12-19,9.241666666666667,2.7,18.2,24,58.75,59.5,29,82,24,0.7333669405670881,,,0,5.154166666666667,18.4,24,5.621526506468654,-0.654976844955146,1022.0333333333333,-0.5,24,1.6,5,1.0,1.0,1.0,1.0,0.0,,,,276.6456977143233
2020-12-20,10.3375,4.0,19.0,24,58.666666666666664,61.0,30,80,24,1.854153406927632,,,0,4.283333333333333,13.0,24,4.136445972724329,-0.8062310438603163,1022.1708333333332,-2.1000000000000227,24,4.285714285714286,7,1.0,1.0,1.0,1.0,0.0,,,,281.02919261367424
2020-12-21,11.754166666666668,6.3,19.8,24,60.833333333333336,66.5,33,86,24,3.8299213567269974,,,0,5.075,13.0,24,2.822135198240479,-2.3977766978554427,1019.625,-2.5,24,5.75,4,1.0,1.0,1.0,1.0,0.0,,,,310.352297343245
2020-12-22,12.1,6.0,20.4,24,65.16666666666667,72.5,35,93,24,5.10691957591755,,,0,4.604166666666667,13.0,24,3.4521237533200875,0.7804263976745244,1018.2208333333333,-2.800000000000068,24,1.0,5,1.0,1.0,1.0,1.0,0.0,,,,257.2612020131535
2020-12-23,11.658333333333333,6.0,19.5,24,66.58333333333333,68.5,37,87,24,5.106098504804489,,,0,3.9791666666666665,11.1,24,1.9140733642604644,0.7598955386673012,1017.1583333333333,-0.7000000000000455,24,0.2857142857142857,7,1.0,1.0,1.0,1.0,0.0,,,,248.346704821378
2020-12-24,11.383333333333333,6.0,18.6,24,65.70833333333333,67.0,39,87,24,4.681054749140238,,,0,2.891666666666667,10.8,24,1.3115278260782361,0.9676050477084616,1017.5416666666666,1.8000000000000682,24,0.5,4,1.0,1.0,1.0,1.0,0.0,,,,233.58123044091627
2020-12-25,11.025,5.0,18.1,24,65.0,69.0,38,86,24,4.2402202390232775,,,0,3.391666666666667,9.3,24,2.563145529940015,-0.5038571553726724,1019.5875,-0.39999999999997726,24,3.0,4,1.0,1.0,1.0,1.0,0.0,,,,281.1212652072969
2020-12-26,11.2125,6.2,18.8,24,65.16666666666667,70.5,38,86,24,4.410485267483005,,,0,2.7541666666666664,7.4,24,-1.290539507046342,1.889714795053005,1017.6083333333332,-1.400000000000091,24,3.3333333333333335,3,1.0,1.0,1.0,1.0,0.0,,,,145.66972958652354
2020-12-27,8.495833333333334,6.0,11.7,24,75.875,78.5,59,86,24,4.3691110924243235,,,0,15.541666666666666,29.5,24,4.133595183491707,-5.349473447628699,1015.1999999999999,-3.900000000000091,24,6.125,8,1.0,1.0,1.0,1.0,0.0,,,,322.3063553465364
2020-12-28,8.5375,4.9,13.6,24,75.16666666666667,78.5,53,89,24,4.1888213854211,,,0,9.483333333333333,23.8,24,3.599856477921255,-5.076677212458297,1017.9166666666666,5.399999999999977,24,4.0,5,1.0,1.0,1.0,1.0,0.0,,,,324.65966163507153
2020-12-29,9.220833333333333,4.3,15.5,24,69.91666666666667,74.0,43,91,24,3.6678608388983496,,,0,8.804166666666667,18.4,24,5.517165763738255,-2.884291242100676,1020.4250000000001,1.1999999999999318,24,1.6666666666666667,6,1.0,1.0,1.0,1.0,0.0,,,,297.5998913912929
2020-12-30,9.2125,3.5,16.7,24,65.5,68.5,36,86,24,2.430690270836391,,,0,5.841666666666668,18.5,24,4.251942583235602,-0.8905572395690465,1021.65,0.7000000000000455,24,0.0,6,1.0,1.0,1.0,1.0,0.0,,,,281.8294374744597
2020-12-31,9.6,2.5,18.5,24,61.416666666666664,67.5,28,92,24,1.5557605226791942,,,0,6.141666666666667,16.7,24,3.7496626740321517,-1.12174156983383,1021.4958333333334,-4.2999999999999545,24,1.2,5,1.0,1.0,1.0,1.0,0.0,,,,286.6549740779289
2021-01-01,9.75,2.0,18.0,24,61.541666666666664,63.5,33,85,24,1.9085778435302903,,,0,3.1999999999999997,7.4,24,-1.2683520970245203,-0.13339522737854467,1019.4499999999999,-0.3000000000000682,24,1.1666666666666667,6,1.0,1.0,1.0,1.0,0.0,,,,83.99615532012746
2021-01-02,9.950000000000001,3.5,19.0,24,61.166666666666664,67.5,33,84,24,2.1967727653865583,,,0,3.7375000000000003,7.4,24,2.190466977506876,-1.7892351199402732,1020.0375,-1.3999999999999773,24,0.2857142857142857,7,1.0,1.0,1.0,1.0,0.0,,,,309.24291762471626
2021-01-03,10.958333333333334,6.5,17.2,24,65.70833333333333,70.5,41,86,24,4.442995537529148,,,0,8.608333333333333,18.5,24,-1.4801964321794612,-3.712293765064894,1018.25,-1.3999999999999773,24,4.666666666666667,3,1.0,1.0,1.0,1.0,0.0,,,,21.738566991217
2021-01-04,12.683333333333332,9.4,17.9,24,72.41666666666667,77.0,50,84,24,7.657724884369094,,,0,8.533333333333333,13.0,24,-0.8515349951883158,-3.379949494826777,1019.0749999999999,-0.8999999999999773,24,7.0,6,1.0,1.0,1.0,1.0,0.0,,,,14.140659853545628
2021-01-05,11.35,10.0,16.0,24,83.95833333333333,86.0,35,92,24,8.549894606384912,,,0,15.716666666666667,25.9,24,-8.740507706766948,-9.615042920658984,1018.0625,-1.1000000000000227,24,5.8,5,1.0,1.0,1.0,1.0,0.0,,,,42.272252112542276
2021-01-06,11.475,8.5,15.9,24,82.875,87.0,67,92,24,8.577651573755473,,,0,11.4,20.4,24,-3.620036603134404,-8.855803677253425,1018.7666666666668,1.8999999999999773,24,1.0,2,1.0,1.0,1.0,1.0,0.0,,,,22.233546827252212
2021-01-07,11.370833333333332,6.9,17.2,24,77.58333333333333,81.5,54,94,24,7.277149680363451,,,0,4.4375,13.0,24,2.342223485318265,0.7194760888814926,1017.3666666666667,-4.600000000000023,24,3.3333333333333335,6,1.0,1.0,1.0,1.0,0.0,,,,252.92427085144433
2021-01-08,10.924999999999999,7.3,16.3,24,78.125,81.0,53,93,24,7.038374406912854,,,0,8.104166666666666,20.4,24,1.7480420283973217,-5.873580673274894,1016.5375,2.3999999999999773,24,5.333333333333333,3,1.0,1.0,1.0,1.0,0.0,,,,343.4264175163882
2021-01-09,10.6,5.4,17.0,24,73.20833333333333,76.0,44,97,24,5.454416870924057,,,0,7.154166666666666,22.2,24,5.184698929544538,-2.2890129280587037,1018.5,-0.7000000000000455,24,1.0,5,1.0,1.0,1.0,1.0,0.0,,,,293.82116570544173
2021-01-10,11.2125,5.5,18.5,24,67.875,71.5,43,93,24,4.9104203242698015,,,0,7.0,20.4,24,4.597656376721958,-3.4361607535587004,1017.525,-0.6999999999999318,24,3.2,5,1.0,1.0,1.0,1.0,0.0,,,,306.77341799607575
2021-01-11,10.829166666666666,5.3,18.5,24,67.79166666666667,74.5,33,100,24,4.369533350666115,,,0,8.15,24.1,24,4.503890788820163,-3.352196142449975,1017.5875,0.2999999999999545,24,0.0,4,1.0,1.0,1.0,1.0,0.0,,,,306.65990269413174
2021-01-12,10.362499999999999,3.9,18.5,24,64.45833333333333,66.5,33,93,24,3.0959790090877966,,,0,7.158333333333334,25.9,24,4.582173124635998,-4.457802131448103,1018.1166666666667,-1.7000000000000455,24,0.0,4,1.0,1.0,1.0,1.0,0.0,,,,314.21178064597586
2021-01-13,9.683333333333334,3.4,17.4,24,69.08333333333333,76.0,39,91,24,3.6572895930189433,,,0,5.670833333333333,20.4,24,1.8120441064238548,-2.2792650982597773,1017.25,-0.900000000000091,24,0.0,4,1.0,1.0,1.0,1.0,0.0,,,,321.5148638323043
2021-01-14,8.9625,3.0,15.0,24,78.16666666666667,83.5,53,100,24,5.024132753774299,,,0,4.120833333333334,10.8,24,-1.597724174708128,0.25752969995761915,1018.0416666666666,0.6000000000000227,24,3.3333333333333335,3,1.0,1.0,1.0,1.0,0.0,,,,99.15648389959432
2021-01-15,9.904166666666667,4.8,17.0,24,74.625,80.0,41,94,24,5.120394354318164,,,0,3.5083333333333333,10.8,24,-3.3626732116642533,0.9709907419697995,1017.1,-0.599999999999909,24,0.0,6,1.0,1.0,1.0,1.0,0.0,,,,106.10636968056934
2021-01-16,10.387500000000001,4.4,18.1,24,73.45833333333333,80.5,43,94,24,5.275406561164152,,,0,4.125,11.1,24,0.15267229373617472,0.48912109242458096,1015.9958333333334,-3.7000000000000455,24,0.6666666666666666,6,1.0,1.0,1.0,1.0,0.0,,,,197.3350216822174
2021-01-17,9.058333333333334,4.0,14.0,24,82.20833333333333,87.0,59,93,24,6.0251512461594166,,,0,5.675000000000001,16.7,24,-4.948259631428201,1.8045400063385784,1016.6458333333334,5.699999999999932,24,2.25,4,1.0,1.0,1.0,1.0,0.0,,,,110.0359900487897
2021-01-18,10.141666666666667,3.5,18.0,24,77.08333333333333,78.5,43,100,24,5.7778989806365475,,,0,5.054166666666666,18.4,24,4.173965430259704,-1.2387184269911644,1020.4541666666668,-2.1000000000000227,24,0.2,5,1.0,1.0,1.0,1.0,0.0,,,,286.5294439880033
2021-01-19,11.525,5.6,19.2,24,65.875,65.5,36,93,24,4.560657829564556,,,0,6.683333333333334,20.4,24,5.866921913002929,-2.0877212299300134,1017.6291666666666,-2.7999999999999545,24,0.0,7,1.0,1.0,1.0,1.0,0.0,,,,289.58790268202813
2021-01-20,12.216666666666667,5.1,21.5,24,58.25,60.5,25,86,24,3.149527645699834,,,0,10.458333333333334,36.7,24,7.687364501573822,-4.164680243520574,1016.8166666666666,0.3000000000000682,24,0.0,4,1.0,1.0,1.0,1.0,0.0,,,,298.44691116397183
2021-01-21,12.15,4.5,21.0,24,54.416666666666664,55.5,24,78,24,2.158090476193224,,,0,5.541666666666667,14.8,24,2.909079635663584,0.22264649433180175,1014.9625,-2.300000000000068,24,4.2,5,1.0,1.0,1.0,1.0,0.0,,,,265.62339802167037
2021-01-22,11.987499999999999,6.0,19.0,24,58.291666666666664,62.0,34,76,24,3.607683489036687,,,0,7.283333333333334,16.7,24,-5.129415013266617,2.5983713412662315,1014.275,-1.5,24,5.5,6,1.0,1.0,1.0,1.0,0.0,,,,116.86508194762075
2021-01-23,11.654166666666667,9.2,15.6,24,67.95833333333333,71.0,45,82,24,5.75155693436711,,,0,12.804166666666667,24.1,24,-1.207232424678902,-10.313282539819678,1014.2708333333334,3.400000000000091,24,4.8,5,1.0,1.0,1.0,1.0,0.0,,,,6.67643618179801
2021-01-24,11.020833333333334,5.5,18.5,24,63.25,65.5,33,85,24,3.66939052092371,,,0,8.8125,22.2,24,7.685902839763599,-1.5037902665319693,1018.7458333333334,2.2000000000000455,24,0.0,5,1.0,1.0,1.0,1.0,0.0,,,,281.07039404519753
2021-01-25,11.058333333333332,5.0,18.5,24,60.75,63.0,32,86,24,2.9986044371506018,,,0,5.708333333333333,16.7,24,5.484659637622535,0.5548457065224648,1019.8666666666667,-1.0,24,0.0,3,1.0,1.0,1.0,1.0,0.0,,,,264.2234280433172
2021-01-26,11.35,5.4,19.2,24,56.083333333333336,57.5,29,80,24,2.0525226308720157,,,0,5.741666666666667,18.5,24,4.43622445193204,0.7243253403766589,1019.3000000000001,0.0,24,0.0,5,1.0,1.0,1.0,1.0,0.0,,,,260.7268472501225
2021-01-27,11.325000000000001,5.4,19.2,24,55.666666666666664,55.0,28,85,24,1.9280523732763992,,,0,7.541666666666667,22.3,24,6.461729540980675,-0.7122688838026741,1019.1833333333334,-1.3999999999999773,24,1.2,5,1.0,1.0,1.0,1.0,0.0,,,,276.29025238534723
2021-01-28,11.208333333333334,5.2,20.0,24,54.166666666666664,55.5,29,75,24,1.5551649638504248,,,0,5.516666666666667,13.0,24,3.140385100936594,1.1550345450639725,1019.625,0.599999999999909,24,1.4285714285714286,7,1.0,1.0,1.0,1.0,0.0,,,,249.80646334510323
2021-01-29,11.220833333333333,4.6,19.5,24,51.708333333333336,53.0,23,78,24,0.5681765358202417,,,0,8.079166666666667,22.2,24,5.418132880976697,-1.3154802305778364,1020.6083333333332,-0.10000000000002274,24,0.0,8,1.0,1.0,1.0,1.0,0.0,,,,283.6469036557404
2021-01-30,11.158333333333333,4.0,18.9,24,50.791666666666664,48.5,24,77,24,0.3980049974119968,,,0,6.066666666666666,22.0,24,3.946437661163509,-0.6069158146194086,1019.0625,-4.0,24,0.6,5,1.0,1.0,1.0,1.0,0.0,,,,278.7429223319287
2021-01-31,11.708333333333334,5.0,19.8,24,50.791666666666664,52.5,26,72,24,1.1054115116272138,,,0,5.033333333333333,11.1,24,1.499381306264533,0.9972334431974511,1018.6833333333334,1.7999999999999545,24,4.0,5,1.0,1.0,1.0,1.0,0.0,,,,236.3722554529504
2021-02-01,13.795833333333334,7.5,22.5,24,50.541666666666664,54.5,26,73,24,2.9011958986653976,,,0,8.0625,18.5,24,5.251865739002824,-0.44052324883329375,1021.4416666666666,-1.2000000000000455,24,2.3333333333333335,6,1.0,1.0,1.0,1.0,0.0,,,,274.7947107600964
2021-02-02,13.045833333333334,7.5,20.4,24,55.833333333333336,59.0,33,74,24,3.9041219182474607,,,0,4.829166666666667,9.3,24,0.3426576618781327,0.5802779059047285,1019.4416666666666,-3.7000000000000455,24,4.75,8,1.0,1.0,1.0,1.0,0.0,,,,210.5621112820003
2021-02-03,13.3375,9.0,19.0,24,57.416666666666664,60.0,36,74,24,4.761735240229293,,,0,9.958333333333334,18.4,24,-4.640907897334546,-3.9459439988098026,1019.4375,1.1999999999999318,24,5.166666666666667,6,1.0,1.0,1.0,1.0,0.0,,,,49.627062253971985
2021-02-04,12.775,8.0,18.4,24,61.625,66.5,38,80,24,5.184450091400424,,,0,9.5375,16.7,24,0.3876085019934039,-4.943227055469754,1020.7208333333333,-1.1999999999999318,24,3.6666666666666665,3,1.0,1.0,1.0,1.0,0.0,,,,355.5164950732245
2021-02-05,11.554166666666667,7.0,18.9,24,63.125,68.0,40,81,24,4.39574758038418,,,0,6.304166666666667,14.8,24,1.0568566540877027,-0.7802123039650422,1020.6208333333334,0.5,24,2.142857142857143,7,1.0,1.0,1.0,1.0,0.0,,,,306.4361724702088
2021-02-06,12.470833333333333,6.7,19.4,24,62.125,64.5,37,86,24,4.866818935474613,,,0,6.916666666666667,20.4,24,5.942415522113443,0.6383435777591391,1020.3833333333333,-1.3999999999999773,24,0.3333333333333333,6,1.0,1.0,1.0,1.0,0.0,,,,263.86870932711446
2021-02-07,13.475,7.0,21.1,24,60.166666666666664,61.0,30,86,24,5.133305664650151,,,0,4.841666666666667,14.8,24,2.332427172586322,-0.8884207225032151,1019.5416666666666,-1.1000000000000227,24,0.75,4,1.0,1.0,1.0,1.0,0.0,,,,290.85182024290515
2021-02-08,14.7125,8.8,22.1,24,57.708333333333336,60.0,32,80,24,5.75183735723317,,,0,4.375,9.3,24,2.154319539712742,-0.27463695444166664,1019.3583333333332,-1.8999999999999773,24,4.0,7,1.0,1.0,1.0,1.0,0.0,,,,277.2649933792761
2021-02-09,15.470833333333333,9.3,22.9,24,57.5,58.5,36,78,24,6.526037306804581,,,0,6.458333333333333,16.7,24,3.954347737165897,-0.518303541256034,1016.0875,-3.6000000000000227,24,4.0,6,1.0,1.0,1.0,1.0,0.0,,,,277.4672938078472
2021-02-10,15.833333333333334,9.0,23.5,24,56.208333333333336,57.5,31,79,24,6.334199722830019,,,0,7.529166666666666,18.5,24,4.076718289001534,-1.2781086004428743,1015.4208333333332,0.0,24,0.0,4,1.0,1.0,1.0,1.0,0.0,,,,287.406942798667
2021-02-11,16.004166666666666,9.0,24.4,24,55.041666666666664,56.5,28,79,24,5.978357280440818,,,0,7.091666666666666,20.4,24,6.341250837204003,-1.251388432599959,1015.6750000000001,0.10000000000002274,24,1.0,1,1.0,1.0,1.0,1.0,0.0,,,,281.1633649319343
2021-02-12,16.075,9.7,23.9,24,56.041666666666664,56.5,31,79,24,6.51086637978944,,,0,7.095833333333334,14.8,24,5.437375233368632,-1.4164188674837352,1016.2875,0.7999999999999545,24,,0,1.0,1.0,1.0,1.0,0.0,,,,284.6008753360068
2021-02-13,16.104166666666668,10.5,22.9,24,58.208333333333336,63.0,38,75,24,7.43770978954015,,,0,5.766666666666667,11.2,24,-1.6838620885376854,0.8881705529987812,1016.2541666666666,0.3000000000000682,24,4.0,3,1.0,1.0,1.0,1.0,0.0,,,,117.80987136141965
2021-02-14,16.304166666666667,10.4,23.8,24,57.416666666666664,58.0,32,78,24,7.160347240751914,,,0,7.908333333333334,18.5,24,5.125260029050211,-0.9557798869286974,1016.525,-1.7000000000000455,24,0.0,2,1.0,1.0,1.0,1.0,0.0,,,,280.5634191363057
2021-02-15,16.445833333333333,9.5,24.7,24,57.041666666666664,62.0,32,77,24,7.1899878905476635,,,0,6.533333333333334,13.0,24,1.3869453124701974,0.8032489418362578,1014.5375,-1.2999999999999545,24,0.0,2,1.0,1.0,1.0,1.0,0.0,,,,239.9227360188238
2021-02-16,16.704166666666666,10.4,24.7,24,54.375,55.5,24,82,24,6.295520670264477,,,0,7.266666666666667,18.4,24,2.716043514745536,0.13252754975110279,1014.4166666666666,0.7000000000000455,24,0.0,7,1.0,1.0,1.0,1.0,0.0,,,,267.20650586684104
2021-02-17,16.908333333333335,10.4,25.0,24,50.75,53.5,26,75,24,5.7082033166549335,,,0,6.5249999999999995,14.8,24,2.1994857557374186,0.6086631270746391,1015.6541666666667,0.7999999999999545,24,0.0,6,1.0,1.0,1.0,1.0,0.0,,,,254.5316506156126
2021-02-18,17.025000000000002,10.5,25.2,24,50.083333333333336,51.5,26,73,24,5.70358369262621,,,0,6.3125,18.4,24,4.1610063338409295,0.1545644500820017,1018.8666666666667,3.2999999999999545,24,0.0,5,1.0,1.0,1.0,1.0,0.0,,,,267.8726730669432
2021-02-19,17.0,10.5,24.4,24,51.875,51.5,33,72,24,6.472892938249288,,,0,5.141666666666667,11.1,24,1.4693123221736064,1.6509535995396698,1020.6666666666666,0.7000000000000455,24,1.0,3,1.0,1.0,1.0,1.0,0.0,,,,221.66837807268854
2021-02-20,17.329166666666666,11.9,23.7,24,55.125,58.5,35,72,24,7.730746479731317,,,0,5.141666666666667,11.1,24,2.8275345464547477,0.13123278819645443,1020.5666666666666,-1.0,24,3.0,1,1.0,1.0,1.0,1.0,0.0,,,,267.34266982410946
2021-02-21,17.891666666666666,12.1,25.1,24,55.833333333333336,57.0,33,77,24,8.276811680717751,,,0,7.6000000000000005,16.7,24,5.883507388359104,0.4984151141681806,1018.725,-3.6000000000000227,24,3.25,4,1.0,1.0,1.0,1.0,0.0,,,,265.15780972007826
2021-02-22,18.241666666666667,13.9,24.5,24,57.0,59.5,39,72,24,9.240328416557338,,,0,10.3125,20.4,24,-1.0851034103271864,-3.8219172608107326,1016.1999999999999,-3.0,24,6.0,5,1.0,1.0,1.0,1.0,0.0,,,,15.850091997561833
2021-02-23,18.733333333333334,13.8,24.1,24,59.083333333333336,58.5,36,80,24,10.115382842077738,,,0,10.200000000000001,18.4,24,4.563326288263004,-4.001089631136338,1014.2624999999999,-1.5,24,4.125,8,1.0,1.0,1.0,1.0,0.0,,,,311.244036915582
2021-02-24,18.908333333333335,13.6,25.5,24,57.041666666666664,57.5,35,76,24,9.664643218993607,,,0,10.1625,16.7,24,6.029535608105953,-6.788001620274277,1013.5375,-1.2000000000000455,24,3.0,4,1.0,1.0,1.0,1.0,0.0,,,,318.3864762345549
2021-02-25,19.779166666666665,14.9,26.5,24,54.666666666666664,55.5,33,72,24,9.896644843835036,,,0,14.104166666666666,20.4,24,7.228521828881154,-7.874311062499129,1012.35,-3.7999999999999545,24,5.571428571428571,7,1.0,1.0,1.0,1.0,0.0,,,,317.44844606131454
2021-02-26,18.716666666666665,15.5,25.0,24,60.291666666666664,61.5,35,76,24,10.521426981791514,,,0,18.333333333333332,29.5,24,-7.447297863538066,-9.495875918023241,1008.2875,-4.5,24,7.0,7,1.0,1.0,1.0,1.0,0.0,,,,38.1059034028454
2021-02-27,16.900000000000002,13.0,22.0,24,65.08333333333333,67.0,32,85,24,9.820238849911432,,,0,18.404166666666665,40.7,24,2.4889866400820515,-14.487931089556005,1007.6083333333332,4.0,24,3.1666666666666665,6,1.0,1.0,1.0,1.0,0.0,,,,350.25190234418966
2021-02-28,17.004166666666666,10.5,24.5,24,51.375,49.5,28,77,24,5.998045111042686,,,0,10.370833333333334,22.2,24,5.3999218848378705,-4.309073249955575,1012.5749999999999,3.199999999999932,24,0.5,8,1.0,1.0,1.0,1.0,0.0,,,,308.58944958849776
2021-03-01,17.870833333333334,11.0,25.3,24,46.166666666666664,46.0,25,71,24,5.15138666676174,,,0,12.479166666666666,33.3,24,10.168826851026013,-3.3212514623378713,1015.6708333333332,3.5,24,0.4,5,1.0,1.0,1.0,1.0,0.0,,,,288.08761123784984
2021-03-02,18.379166666666666,11.7,26.0,24,43.333333333333336,41.0,19,68,24,4.54114455343453,,,0,12.141666666666666,33.1,24,10.211949743330479,-3.6602399834638724,1016.2416666666667,-3.3999999999999773,24,1.5,6,1.0,1.0,1.0,1.0,0.0,,,,289.71905771519414
2021-03-03,18.841666666666665,10.5,26.8,24,44.083333333333336,44.0,23,70,24,5.344706236241602,,,0,8.741666666666667,18.5,24,4.7225075316048715,-1.6985047121873162,1013.2416666666667,-1.2000000000000455,24,0.42857142857142855,7,1.0,1.0,1.0,1.0,0.0,,,,289.7817111624091
2021-03-04,19.666666666666668,13.1,27.5,24,45.083333333333336,47.5,25,65,24,6.624435808958526,,,0,11.475,24.1,24,4.399208096531535,-4.076139439687934,1013.8083333333334,1.2000000000000455,24,1.1666666666666667,6,1.0,1.0,1.0,1.0,0.0,,,,312.81702014751255
2021-03-05,19.816666666666666,13.5,26.7,24,45.583333333333336,45.0,25,68,24,6.794397606423824,,,0,13.458333333333334,33.1,24,10.716957868659305,-5.402641242645635,1014.1083333333332,-2.2000000000000455,24,0.25,8,1.0,1.0,1.0,1.0,0.0,,,,296.75362266528066
2021-03-06,18.3625,13.5,24.6,24,49.666666666666664,47.5,31,69,24,7.122706755317908,,,0,10.3125,29.5,24,2.6381458244013003,-5.38168486312819,1012.5208333333334,-0.5,24,5.4,5,1.0,1.0,1.0,1.0,0.0,,,,333.8855293459098
2021-03-07,19.008333333333333,14.0,26.5,24,51.375,54.0,31,65,24,8.412622188141158,,,0,15.483333333333334,22.2,24,-0.6413519252402087,-12.502143222144504,1011.725,0.5,24,5.714285714285714,7,1.0,1.0,1.0,1.0,0.0,,,,2.936662466265034
2021-03-08,18.608333333333334,14.9,23.5,24,58.958333333333336,62.0,42,71,24,10.173584804276176,,,0,11.691666666666668,25.6,24,-3.624952772539109,-7.940910070172201,1014.9208333333332,3.599999999999909,24,4.6,5,1.0,1.0,1.0,1.0,0.0,,,,24.53626378841301
2021-03-09,19.945833333333333,12.0,27.0,24,53.333333333333336,51.0,29,77,24,9.329916913981142,,,0,9.229166666666666,13.0,24,0.602854611537719,-1.7881509707898229,1015.35,-2.6000000000000227,24,2.7142857142857144,7,1.0,1.0,1.0,1.0,0.0,,,,341.3690555160219
2021-03-10,20.241666666666667,15.6,26.5,24,49.5,49.5,33,64,24,8.986918034247271,,,0,14.483333333333334,31.3,24,-2.670860034512188,-10.949148390193779,1014.6999999999999,-0.8999999999999773,24,6.285714285714286,7,1.0,1.0,1.0,1.0,0.0,,,,13.708620705596786
2021-03-11,17.479166666666668,14.8,20.4,24,64.58333333333333,62.0,54,80,24,10.631586497611638,,,0,20.120833333333334,29.5,24,-8.776247075712309,-14.93463418142523,1016.9541666666668,3.2999999999999545,24,7.0,3,1.0,1.0,1.0,1.0,0.0,,,,30.440365807032208
2021-03-12,16.308333333333334,13.6,21.0,24,75.5,78.5,51,88,24,11.796398967344807,,,0,18.658333333333335,33.1,24,-11.452627958108982,-12.063621646041673,1020.3416666666667,3.2000000000000455,24,5.0,2,1.0,1.0,1.0,1.0,0.0,,,,43.51168931520283
2021-03-13,18.583333333333332,13.2,25.0,24,62.791666666666664,57.5,35,86,24,10.62637163466953,,,0,9.441666666666666,18.5,24,5.670641043658058,-1.963324468364834,1020.0708333333333,-7.0,24,6.666666666666667,6,1.0,1.0,1.0,1.0,0.0,,,,289.09719361981774
2021-03-14,17.979166666666668,15.0,21.6,24,62.875,65.0,49,75,24,10.62110938078436,,,0,13.950000000000001,27.7,24,-4.346084733473263,-9.841124903783202,1015.5208333333334,-1.2999999999999545,24,5.666666666666667,6,1.0,1.0,1.0,1.0,0.0,,,,23.827441804586385
2021-03-15,19.037499999999998,13.0,25.7,24,59.5,58.0,36,84,24,10.270649107424386,,,0,10.4,22.2,24,5.66470235583062,-0.87287869795811,1014.5375,-2.0,24,5.2,5,1.0,1.0,1.0,1.0,0.0,,,,278.7598566342421
2021-03-16,19.879166666666666,15.0,25.5,24,57.5,56.0,35,80,24,10.655749058195571,,,0,10.766666666666666,18.5,24,6.778765381360427,-5.284627124533307,1013.9250000000001,-0.39999999999997726,24,5.0,6,1.0,1.0,1.0,1.0,0.0,,,,307.9394618460513
2021-03-17,20.908333333333335,15.5,27.0,24,54.125,53.5,30,75,24,10.708525083931237,,,0,10.895833333333334,18.5,24,6.362863176347067,-6.0273684453055125,1012.8541666666666,-3.5,24,4.375,8,1.0,1.0,1.0,1.0,0.0,,,,313.44896068656317
2021-03-18,21.229166666666668,15.4,28.0,24,51.0,49.5,33,72,24,10.079397102014758,,,0,11.9125,24.1,24,6.57798967231065,-4.800100681573773,1013.2375000000001,0.2999999999999545,24,3.6,5,1.0,1.0,1.0,1.0,0.0,,,,306.1190342484622
2021-03-19,21.875,15.0,28.1,24,45.375,44.5,25,65,24,8.758853113046394,,,0,10.129166666666666,25.6,24,7.0120804000025,-4.168368872192999,1012.5291666666667,-2.3999999999999773,24,2.25,8,1.0,1.0,1.0,1.0,0.0,,,,300.7295940740423
2021-03-20,22.441666666666666,16.1,29.5,24,44.875,44.5,25,62,24,9.276423014740637,,,0,8.945833333333333,22.0,24,5.583573391163711,-3.208920511727532,1010.2166666666667,-3.2000000000000455,24,4.75,4,1.0,1.0,1.0,1.0,0.0,,,,299.88629774221124
2021-03-21,18.4375,14.5,21.1,24,65.625,62.0,52,94,24,11.703781406058534,,,0,17.5625,25.9,24,-8.831650362660488,-11.398975187142392,1010.5708333333333,5.5,24,6.5,4,1.0,1.0,1.0,1.0,0.0,,,,37.76765876136585
2021-03-22,15.958333333333334,13.5,19.3,24,85.25,85.0,73,94,24,13.445905602208834,,,0,19.370833333333334,31.5,24,-13.94408164396882,-7.985728452851375,1014.9333333333334,1.0,24,7.333333333333333,3,1.0,1.0,1.0,1.0,0.0,,,,60.20037872778653
2021-03-23,15.0,12.8,18.3,24,87.125,91.0,70,96,24,12.810044145025417,,,0,24.90833333333333,38.9,24,-22.151850472639,-2.6743013209021202,1015.5208333333334,2.699999999999932,24,7.75,4,1.0,1.0,1.0,1.0,0.0,,,,83.11623146498778
2021-03-24,16.650000000000002,12.0,23.0,24,72.58333333333333,69.5,47,94,24,11.23727367670962,,,0,11.604166666666666,18.5,24,3.6465501127143702,-6.103240860315661,1018.5791666666668,-1.0,24,4.333333333333333,6,1.0,1.0,1.0,1.0,0.0,,,,329.1426257077003
2021-03-25,19.099999999999998,13.0,26.0,24,58.0,57.0,34,82,24,9.852069936521191,,,0,9.291666666666666,22.2,24,7.287760313351948,-0.4826438675013683,1015.9375,-3.2000000000000455,24,3.3333333333333335,6,1.0,1.0,1.0,1.0,0.0,,,,273.78897390051964
2021-03-26,20.900000000000002,12.5,28.1,24,55.5,53.5,32,89,24,10.741493015388569,,,0,7.0625,16.7,24,4.056030399010827,1.218639792286313,1012.9208333333332,-3.5,24,2.2857142857142856,7,1.0,1.0,1.0,1.0,0.0,,,,253.2770337475481
2021-03-27,22.141666666666666,15.5,28.7,24,54.333333333333336,53.0,33,80,24,11.757072100571506,,,0,9.391666666666667,22.0,24,4.861088462298115,-3.9959420107887467,1010.7416666666667,-2.2000000000000455,24,3.0,5,1.0,1.0,1.0,1.0,0.0,,,,309.42110006589616
2021-03-28,23.587500000000002,17.8,31.0,24,53.25,55.5,32,72,24,12.947987804755199,,,0,15.716666666666667,29.5,24,-3.9789353952432673,-5.2759486752251785,1007.3958333333334,-6.399999999999977,24,3.2857142857142856,7,1.0,1.0,1.0,1.0,0.0,,,,37.02231716430606
2021-03-29,23.587500000000002,19.0,28.3,24,52.208333333333336,51.5,36,71,24,12.769445020532155,,,0,18.037499999999998,25.9,24,1.0000456158801028,-11.677184362461169,1004.6416666666668,-1.7000000000000455,24,4.333333333333333,6,1.0,1.0,1.0,1.0,0.0,,,,355.10507654353694
2021-03-30,22.46666666666667,17.1,28.5,24,43.375,38.0,15,67,24,8.432763988953395,,,0,19.533333333333335,37.0,24,12.066180457284169,-9.579738439619542,1003.3916666666668,-0.7000000000000455,24,2.4285714285714284,7,1.0,1.0,1.0,1.0,0.0,,,,308.4472194309887
2021-03-31,21.666666666666668,15.0,28.2,24,33.125,31.0,14,56,24,3.4555437141281113,,,0,20.787499999999998,47.9,24,17.172584692932045,-9.35837701166359,1003.4416666666666,0.8000000000000682,24,0.5,4,1.0,1.0,1.0,1.0,0.0,,,,298.5886305649402
2021-04-01,21.316666666666666,15.4,27.5,24,27.041666666666668,25.0,12,47,24,0.22173286328409744,,,0,27.2,62.6,24,22.636184858034056,-14.053829242457198,1003.7208333333333,0.3000000000000682,24,0.4,5,1.0,1.0,1.0,1.0,0.0,,,,301.8343592664641
2021-04-02,20.962500000000002,14.7,27.1,24,22.958333333333332,20.0,11,42,24,-2.3812957201773823,,,0,24.71666666666667,51.5,24,19.90607259236276,-12.921166861835525,1005.6958333333333,4.099999999999909,24,0.14285714285714285,7,1.0,1.0,1.0,1.0,0.0,,,,302.98787591388
2021-04-03,21.233333333333334,13.4,29.1,24,30.0,31.0,12,54,24,1.6508064943491416,,,0,10.520833333333334,22.2,24,6.405468687042593,-4.619309377926035,1010.3000000000001,4.2000000000000455,24,1.4,5,1.0,1.0,1.0,1.0,0.0,,,,305.7972912094981
2021-04-04,21.083333333333332,15.5,27.0,24,38.083333333333336,40.0,21,52,24,5.752941257316106,,,0,13.245833333333332,20.4,24,1.3526504818660516,-9.575801844052924,1012.2416666666667,1.2000000000000455,24,5.833333333333333,6,1.0,1.0,1.0,1.0,0.0,,,,351.95975705594174
2021-04-05,22.287499999999998,17.6,27.5,24,46.208333333333336,47.5,29,60,24,9.799336176432782,,,0,16.133333333333333,20.4,24,3.109337687926988,-8.843167278667291,1011.8166666666666,-1.7000000000000455,24,6.333333333333333,3,1.0,1.0,1.0,1.0,0.0,,,,340.6278640229603
2021-04-06,20.304166666666667,17.6,28.0,24,58.666666666666664,59.5,33,72,24,11.757917120834788,,,0,20.816666666666666,29.6,24,-4.5395860669566686,-18.93100127130747,1012.5500000000001,3.0,24,4.0,2,1.0,1.0,1.0,1.0,0.0,,,,13.484703009041652
2021-04-07,19.412499999999998,12.5,26.0,24,60.166666666666664,57.5,26,90,24,10.523918928278288,,,0,14.0,29.5,24,5.132242398957412,-1.745779699393039,1013.7624999999999,-0.39999999999997726,24,2.8333333333333335,6,1.0,1.0,1.0,1.0,0.0,,,,288.7862114416934
2021-04-08,20.791666666666668,13.0,28.3,24,45.625,40.5,24,73,24,7.51877248478954,,,0,12.0,25.6,24,8.853195292533686,-3.1645137165546746,1011.5333333333333,-2.0,24,1.0,5,1.0,1.0,1.0,1.0,0.0,,,,289.66908009398
2021-04-09,22.070833333333336,14.5,29.5,24,40.333333333333336,38.5,18,65,24,6.8011058517883844,,,0,9.554166666666667,20.4,24,5.543662467428173,-4.632125727932844,1012.1625,1.0,24,1.4,5,1.0,1.0,1.0,1.0,0.0,,,,309.88116511714725
2021-04-10,23.508333333333336,16.1,30.5,24,37.208333333333336,38.0,20,56,24,7.312105981600065,,,0,11.079166666666666,18.5,24,5.487274878906707,-5.533349483646453,1013.2291666666666,0.20000000000004547,24,4.333333333333333,6,1.0,1.0,1.0,1.0,0.0,,,,315.23953860752505
2021-04-11,23.770833333333332,18.4,30.5,24,42.083333333333336,42.5,24,57,24,9.660343548015295,,,0,14.329166666666666,20.4,24,2.402001272755054,-9.646966570521828,1013.6125000000001,0.7000000000000455,24,4.6,5,1.0,1.0,1.0,1.0,0.0,,,,346.01821700730574
2021-04-12,24.45,18.0,30.5,24,43.75,42.0,27,64,24,10.66741741188108,,,0,13.2125,22.0,24,4.696240249214073,-4.90240773358327,1014.3083333333334,-1.1999999999999318,24,3.1666666666666665,6,1.0,1.0,1.0,1.0,0.0,,,,316.2304556562966
2021-04-13,24.979166666666668,19.5,31.5,24,41.791666666666664,41.5,27,60,24,10.566502240221963,,,0,15.308333333333332,25.6,24,6.990700544040429,-9.796504145693477,1012.4833333333332,-2.3999999999999773,24,6.428571428571429,7,1.0,1.0,1.0,1.0,0.0,,,,324.48867470376274
2021-04-14,25.4375,19.1,32.0,24,41.791666666666664,41.5,22,61,24,10.847650561207507,,,0,13.695833333333333,29.5,24,6.364133945169549,-7.174778955562449,1010.4458333333333,-3.0,24,6.0,7,1.0,1.0,1.0,1.0,0.0,,,,318.42650499300066
2021-04-15,22.28333333333333,19.0,26.4,24,56.541666666666664,56.0,46,79,24,13.111731235874977,,,0,23.958333333333332,33.3,24,-7.797977989663679,-19.384543429260507,1011.8041666666667,1.3999999999999773,24,6.75,4,1.0,1.0,1.0,1.0,0.0,,,,21.91384476983086
2021-04-16,20.425,17.8,25.4,24,64.08333333333333,67.5,45,73,24,13.238911356801362,,,0,18.5125,27.8,24,-6.649621272211274,-14.754371154556672,1011.4958333333334,-0.10000000000002274,24,7.0,3,1.0,1.0,1.0,1.0,0.0,,,,24.260528637345715
2021-04-17,18.904166666666665,16.7,22.5,24,71.66666666666667,72.5,56,83,24,13.56377417096234,,,0,17.204166666666666,29.5,24,-14.480503657956918,-5.741066752863143,1013.2125,2.6000000000000227,24,7.0,4,1.0,1.0,1.0,1.0,0.0,,,,68.37322281841699
2021-04-18,19.741666666666667,15.3,25.4,24,64.25,67.5,42,81,24,12.436783486011052,,,0,13.608333333333334,22.2,24,-1.2513516069389883,-10.14970469271084,1015.1,-1.3000000000000682,24,4.8,5,1.0,1.0,1.0,1.0,0.0,,,,7.028497172198399
2021-04-19,21.891666666666666,14.4,28.8,24,49.833333333333336,46.5,24,82,24,9.627915072238746,,,0,13.387500000000001,29.6,24,10.36362210083753,-6.408263481625666,1011.1208333333334,-5.399999999999977,24,3.8,5,1.0,1.0,1.0,1.0,0.0,,,,301.73024533826657
2021-04-20,21.379166666666666,16.0,26.1,24,48.583333333333336,48.5,31,65,24,9.693194817744812,,,0,12.6625,25.9,24,-1.1934874964877964,0.9278242483971582,1008.3041666666667,0.20000000000004547,24,5.428571428571429,7,1.0,1.0,1.0,1.0,0.0,,,,127.86170615087838
2021-04-21,21.258333333333333,17.0,26.5,24,55.208333333333336,57.5,33,72,24,11.542810041259832,,,0,16.329166666666666,25.6,24,-6.443632433873912,3.949460771509136,1010.2416666666667,2.7999999999999545,24,3.4,5,1.0,1.0,1.0,1.0,0.0,,,,121.5051565534826
2021-04-22,19.458333333333332,15.0,23.5,24,63.666666666666664,65.5,48,77,24,12.214850207760563,,,0,19.1875,33.1,24,-16.225176066036024,0.16520857019349902,1012.7375000000001,1.6000000000000227,24,6.6,5,1.0,1.0,1.0,1.0,0.0,,,,90.58337898235368
2021-04-23,20.108333333333334,14.2,27.1,24,57.583333333333336,54.0,33,87,24,10.741278398865104,,,0,12.25,22.3,24,-6.806373971017699,3.1998515535140535,1013.0708333333333,-1.099999999999909,24,3.0,5,1.0,1.0,1.0,1.0,0.0,,,,115.1794247887899
2021-04-24,22.95,13.5,31.0,24,47.583333333333336,43.0,23,84,24,9.91171389002693,,,0,9.279166666666667,18.5,24,5.400177868269384,-1.5083620642000684,1012.6374999999999,-0.8999999999999773,24,0.5,6,1.0,1.0,1.0,1.0,0.0,,,,285.6059577239976
2021-04-25,24.429166666666664,16.4,32.9,24,43.291666666666664,43.5,22,71,24,10.000715620124074,,,0,6.0,14.8,24,2.358748812197397,-0.5563872223099073,1010.9208333333332,-2.699999999999932,24,0.4,5,1.0,1.0,1.0,1.0,0.0,,,,283.27245113403546
2021-04-26,26.816666666666666,18.2,34.9,24,38.625,35.5,21,64,24,10.429377486344611,,,0,9.366666666666667,20.4,24,2.9542222737024226,-3.5110285714426452,1008.475,-2.6000000000000227,24,2.0,5,1.0,1.0,1.0,1.0,0.0,,,,319.9223340493494
2021-04-27,28.166666666666668,20.5,35.5,24,36.333333333333336,35.5,21,54,24,11.06732639736493,,,0,11.145833333333334,20.4,24,0.6317331633220115,-6.208535793760707,1007.7291666666666,0.6999999999999318,24,2.3333333333333335,6,1.0,1.0,1.0,1.0,0.0,,,,354.1900155153012
2021-04-28,28.958333333333332,20.5,37.0,24,35.5,33.5,17,53,24,11.322362693512892,,,0,11.145833333333334,20.4,24,-1.162998800078239,-3.7247174101955633,1008.2083333333334,-0.5,24,4.2,5,1.0,1.0,1.0,1.0,0.0,,,,17.340354467077134
2021-04-29,29.520833333333332,23.0,36.5,24,33.958333333333336,32.5,17,48,24,11.431517489394063,,,0,12.241666666666667,18.5,24,-1.0882101096212864,-4.078249208404062,1008.0500000000001,-1.2000000000000455,24,5.0,5,1.0,1.0,1.0,1.0,0.0,,,,14.940296442141971
2021-04-30,29.150000000000002,23.0,36.0,24,34.458333333333336,34.0,18,47,24,11.383242458769283,,,0,13.008333333333333,22.3,24,-4.352362158234852,-2.0116592431970934,1007.3874999999999,-0.40000000000009095,24,5.0,6,1.0,1.0,1.0,1.0,0.0,,,,65.19364775599655
2021-05-01,29.504166666666666,22.6,36.0,24,34.708333333333336,34.5,20,50,24,11.689720751267332,,,0,11.674999999999999,18.4,24,-3.441859296274682,0.7889570864849539,1007.1,-0.39999999999997726,24,3.1666666666666665,6,1.0,1.0,1.0,1.0,0.0,,,,102.91053491855268
2021-05-02,29.858333333333334,23.6,36.6,24,35.833333333333336,35.0,22,51,24,12.534608497921534,,,0,13.9375,40.7,24,-1.1102289957304796,-0.9225033067414162,1007.4166666666666,-1.0,24,4.4,5,1.0,1.0,1.0,1.0,0.0,,,,50.276379475948374
2021-05-03,30.075,23.0,37.0,24,38.541666666666664,37.5,23,55,24,13.792221463302418,,,0,13.958333333333334,18.5,24,-9.52112348958229,3.4193215240504844,1004.8541666666666,-2.2999999999999545,24,4.0,4,1.0,1.0,1.0,1.0,0.0,,,,109.75473819737329
2021-05-04,27.508333333333336,24.0,31.6,24,44.416666666666664,45.0,35,55,24,14.116731407066629,,,0,17.7,29.5,24,-11.95420569870621,-4.831420038425926,1005.1750000000001,4.699999999999932,24,6.2,5,1.0,1.0,1.0,1.0,0.0,,,,67.99337715431966
2021-05-05,25.858333333333334,21.8,30.0,24,52.916666666666664,52.5,38,67,24,15.278103094022162,,,0,16.704166666666666,40.7,24,7.321613502657662,-11.262131830801566,1007.8041666666667,0.8000000000000682,24,6.6,5,1.0,1.0,1.0,1.0,0.0,,,,326.97174147678976
2021-05-06,26.729166666666668,21.4,33.0,24,47.291666666666664,46.5,32,62,24,14.248135769594604,,,0,13.479166666666666,20.4,24,5.0839535806017615,-4.389030206676517,1008.1875,0.3000000000000682,24,5.4,5,1.0,1.0,1.0,1.0,0.0,,,,310.80438603493087
2021-05-07,25.84166666666667,20.0,31.4,24,51.875,52.5,39,64,24,14.9692218383229,,,0,12.791666666666666,18.5,24,-10.402893406401079,-0.48365988185281966,1010.275,0.39999999999997726,24,3.4,5,1.0,1.0,1.0,1.0,0.0,,,,87.33807435072646
2021-05-08,26.65416666666667,20.0,33.0,24,49.833333333333336,48.5,30,72,24,14.752013902380211,,,0,14.083333333333334,38.5,24,-8.228681031576105,-1.2103100052961133,1009.2375000000001,-2.699999999999932,24,4.4,5,1.0,1.0,1.0,1.0,0.0,,,,81.632683615426
2021-05-09,27.745833333333334,23.0,34.0,24,46.041666666666664,46.5,32,64,24,14.764466414753699,,,0,14.004166666666668,22.2,24,-11.415445431694389,2.5647102638211567,1006.6791666666667,-2.2999999999999545,24,6.4,5,1.0,1.0,1.0,1.0,0.0,,,,102.66239590625804
2021-05-10,27.087500000000002,19.5,35.0,24,48.833333333333336,47.5,26,91,24,14.56141368161124,,,0,14.762500000000001,40.7,24,-7.433765380878902,-0.45445287845407917,1004.7041666666668,2.400000000000091,24,4.857142857142857,7,1.0,1.0,1.0,1.0,0.0,,,,86.5016562374509
2021-05-11,24.962500000000002,20.0,29.0,24,57.583333333333336,56.5,40,83,24,15.677258168726775,,,0,17.92083333333333,25.6,24,-12.791009968384195,-7.475826396411097,1005.2583333333333,-0.6000000000000227,24,5.428571428571429,7,1.0,1.0,1.0,1.0,0.0,,,,59.69544671423466
2021-05-12,25.650000000000002,21.0,31.8,24,51.666666666666664,52.0,33,68,24,14.572922083869074,,,0,17.666666666666668,44.3,24,-10.214214261993765,-0.4917979345967372,1002.6999999999999,-2.7000000000000455,24,5.285714285714286,7,1.0,1.0,1.0,1.0,0.0,,,,87.2434295117971
2021-05-13,24.495833333333334,19.5,29.5,24,51.125,51.5,39,64,24,13.512880843396948,,,0,18.116666666666667,27.8,24,-16.55112775762876,2.51007880644932,1003.8541666666666,3.7000000000000455,24,4.75,4,1.0,1.0,1.0,1.0,0.0,,,,98.62354023873667
2021-05-14,24.8625,19.3,30.0,24,50.375,50.5,38,67,24,13.542414317388898,,,0,14.808333333333332,20.4,24,-8.821150371711754,0.8486020684370864,1005.4833333333332,0.6000000000000227,24,5.333333333333333,6,1.0,1.0,1.0,1.0,0.0,,,,95.49499238253509
2021-05-15,25.983333333333334,20.2,31.2,24,47.375,47.0,31,67,24,13.426066832932278,,,0,14.033333333333333,22.2,24,2.11155068296163,-6.887100568041205,1006.2291666666666,2.300000000000068,24,6.0,2,1.0,1.0,1.0,1.0,0.0,,,,342.95472168955445
2021-05-16,27.36666666666667,21.0,33.2,24,44.291666666666664,44.0,31,61,24,13.708692498135738,,,0,13.566666666666668,20.4,24,1.4614341785510383,-8.367587608968218,1007.9708333333333,0.7999999999999545,24,4.0,3,1.0,1.0,1.0,1.0,0.0,,,,350.09298070108355
2021-05-17,28.2375,21.0,35.1,24,39.791666666666664,40.0,22,62,24,12.478224569837453,,,0,13.295833333333334,20.4,24,5.957861108622371,-5.888005036767573,1007.6833333333334,-2.8999999999999773,24,2.4285714285714284,7,1.0,1.0,1.0,1.0,0.0,,,,314.66212587188465
2021-05-18,29.59583333333333,22.1,36.2,24,36.333333333333336,35.0,22,56,24,12.362502568548257,,,0,13.525,29.5,24,-0.39190876971309385,-4.472155229623119,1004.6750000000001,-2.5,24,4.0,5,1.0,1.0,1.0,1.0,0.0,,,,5.008211913448463
2021-05-19,29.275000000000002,23.5,35.0,24,37.333333333333336,38.0,24,51,24,12.793399263830665,,,0,17.704166666666666,25.6,24,-9.418215494758138,-2.06034075924757,1002.9625,-2.0,24,2.0,6,1.0,1.0,1.0,1.0,0.0,,,,77.66029662407061
2021-05-20,28.129166666666666,23.5,34.8,24,43.416666666666664,44.5,25,63,24,14.120251142753988,,,0,18.504166666666666,25.9,24,0.06561524340261989,-2.251308428728953,1001.1750000000001,-0.1999999999999318,24,4.666666666666667,3,1.0,1.0,1.0,1.0,0.0,,,,358.3305652335006
2021-05-21,27.304166666666664,22.0,32.0,24,43.458333333333336,45.0,27,58,24,13.395691176043869,,,0,20.125,27.8,24,-16.53201694712043,-2.8384417146353424,1003.8249999999999,3.3999999999999773,24,1.75,4,1.0,1.0,1.0,1.0,0.0,,,,80.25766988896174
2021-05-22,27.837500000000002,20.0,35.0,24,38.958333333333336,38.0,24,73,24,11.898455157917285,,,0,16.1125,36.7,24,-1.6553219530110557,-3.8479279321307938,1005.4958333333334,-0.6000000000000227,24,4.666666666666667,3,1.0,1.0,1.0,1.0,0.0,,,,23.27666338886644
2021-05-23,25.570833333333336,22.0,30.0,24,45.666666666666664,45.0,28,61,24,12.700471078369548,,,0,18.783333333333335,33.1,24,1.5048334622134767,-11.654647128348392,1006.5,4.100000000000023,24,5.4,5,1.0,1.0,1.0,1.0,0.0,,,,352.6427462596793
2021-05-24,27.258333333333336,20.4,33.0,24,39.25,37.0,24,61,24,11.402114770068074,,,0,17.316666666666666,36.7,24,8.985136559481422,-9.54045864729815,1007.3125,-3.2000000000000455,24,3.0,7,1.0,1.0,1.0,1.0,0.0,,,,316.7169805722451
2021-05-25,29.258333333333336,21.0,36.6,24,30.833333333333332,29.5,10,50,24,9.110159580626151,,,0,13.229166666666666,29.5,24,5.805556487059957,-4.84291917233107,1003.6750000000001,-3.900000000000091,24,1.1666666666666667,6,1.0,1.0,1.0,1.0,0.0,,,,309.83442142007016
2021-05-26,30.65416666666667,20.0,38.3,24,27.458333333333332,27.5,15,46,24,8.804030253126108,,,0,14.299999999999999,29.5,24,6.92309141419828,-6.066699149513486,1000.5208333333334,-2.2999999999999545,24,0.4,5,1.0,1.0,1.0,1.0,0.0,,,,311.2280564994088
2021-05-27,32.237500000000004,24.0,39.8,24,26.375,25.0,10,43,24,9.387863815201651,,,0,14.2875,29.5,24,5.591670256863942,-5.412800908864786,999.5208333333334,0.2999999999999545,24,2.142857142857143,7,1.0,1.0,1.0,1.0,0.0,,,,314.06878248265537
2021-05-28,33.30416666666667,24.5,40.4,24,27.416666666666668,26.5,19,39,24,11.514608501771521,,,0,12.7125,20.4,24,-0.6108543165338537,1.6762020753075675,999.6999999999999,-0.09999999999990905,24,1.5,4,1.0,1.0,1.0,1.0,0.0,,,,159.97686317695718
2021-05-29,33.016666666666666,26.6,40.0,24,31.791666666666668,32.5,20,44,24,13.647553027178175,,,0,20.741666666666667,40.7,24,-15.550020682066679,2.3404199654081217,1000.65,1.1000000000000227,24,5.0,5,1.0,1.0,1.0,1.0,0.0,,,,98.55929214400345
2021-05-30,31.895833333333332,25.0,38.0,24,38.416666666666664,39.0,27,52,24,15.615363897558131,,,0,19.412499999999998,25.9,24,-16.7442640170455,3.012726979518255,1001.7583333333333,-2.0,24,2.0,5,1.0,1.0,1.0,1.0,0.0,,,,100.19986197649894
2021-05-31,30.224999999999998,22.5,36.4,24,43.5,44.5,32,60,24,16.09572701666556,,,0,21.025000000000002,48.2,24,-18.449683709442613,2.161345142634644,1000.0416666666666,1.2000000000000455,24,3.75,4,1.0,1.0,1.0,1.0,0.0,,,,96.68163646119581
2021-06-01,27.84583333333333,22.2,32.8,24,48.916666666666664,49.0,35,65,24,15.796280035446612,,,0,20.974999999999998,29.6,24,-17.117720003133098,3.9310668900298578,1002.7458333333334,3.3999999999999773,24,4.25,4,1.0,1.0,1.0,1.0,0.0,,,,102.93366139931214
2021-06-02,29.25833333333333,23.0,36.0,24,45.041666666666664,45.0,28,59,24,15.731472441131485,,,0,15.120833333333332,22.2,24,-8.10186004191637,4.484939048163639,1003.7666666666668,-1.2999999999999545,24,4.714285714285714,7,1.0,1.0,1.0,1.0,0.0,,,,118.96755677175742
2021-06-03,27.929166666666664,21.5,33.8,24,52.375,50.0,38,87,24,16.96776195680108,,,0,20.64166666666667,37.1,24,-15.63610121185581,3.843217872952422,1006.1541666666667,3.300000000000068,24,6.142857142857143,7,1.0,1.0,1.0,1.0,0.0,,,,103.80906447963741
2021-06-04,29.537499999999998,23.0,35.9,24,50.875,47.5,31,76,24,17.60518775810908,,,0,11.858333333333334,20.4,24,-5.331910088658333,5.758842643773154,1005.8083333333334,-3.8999999999999773,24,2.3333333333333335,6,1.0,1.0,1.0,1.0,0.0,,,,137.20448172961517
2021-06-05,30.8125,25.0,35.8,24,47.208333333333336,45.5,33,66,24,17.843380291609424,,,0,16.108333333333334,33.1,24,-12.136777282009524,6.845865095127373,1003.8333333333334,-1.5,24,4.6,5,1.0,1.0,1.0,1.0,0.0,,,,119.42558663778311
2021-06-06,32.295833333333334,26.3,37.9,24,43.833333333333336,42.5,29,62,24,17.89101093363994,,,0,15.137500000000001,25.6,24,-9.176811883498042,5.907422312671888,1002.8249999999999,-2.8999999999999773,24,4.333333333333333,6,1.0,1.0,1.0,1.0,0.0,,,,122.77074563927476
2021-06-07,34.05833333333333,27.7,39.9,24,42.041666666666664,40.5,29,57,24,18.888963007933892,,,0,13.316666666666668,20.4,24,-5.429533487644105,5.287816529103837,999.6541666666667,-4.0,24,1.3333333333333333,6,1.0,1.0,1.0,1.0,0.0,,,,134.2424143659373
2021-06-08,35.5625,28.5,42.0,24,39.208333333333336,37.0,24,57,24,18.837482902998968,,,0,12.0,18.5,24,-4.267719584312737,3.683333182357295,996.5541666666667,-2.599999999999909,24,0.0,7,1.0,1.0,1.0,1.0,0.0,,,,130.79643361818597
2021-06-09,36.75,29.9,44.0,24,36.916666666666664,36.0,21,54,24,18.931182909041997,,,0,13.754166666666665,22.2,24,-7.2579443292583905,5.983775716489575,994.4458333333333,-1.6999999999999318,24,0.2857142857142857,7,1.0,1.0,1.0,1.0,0.0,,,,129.50370416323648
2021-06-10,36.90416666666667,30.0,44.0,24,35.375,34.0,18,54,24,18.327569330019568,,,0,17.929166666666667,47.9,24,-9.441382369212912,9.668899318150332,993.6875,0.39999999999997726,24,1.875,8,1.0,1.0,1.0,1.0,0.0,,,,135.6821011489991
2021-06-11,34.237500000000004,25.0,41.0,24,44.833333333333336,42.5,36,62,24,20.269450134185224,,,0,23.870833333333334,72.0,24,-19.832527497659125,6.561169615248616,994.9583333333334,-0.2999999999999545,24,5.166666666666667,6,1.0,1.0,1.0,1.0,0.0,,,,108.30569834410153
2021-06-12,32.68333333333333,28.0,37.4,24,45.25,42.5,35,62,24,18.99360382576763,,,0,23.208333333333332,33.3,24,-19.25256848509113,6.288543946034397,996.5833333333334,1.2000000000000455,24,3.25,4,1.0,1.0,1.0,1.0,0.0,,,,108.08879948097274
2021-06-13,29.025000000000002,24.5,33.0,24,51.125,52.5,40,59,24,17.786143833551545,,,0,24.795833333333334,36.7,24,-20.134760196152836,5.214107702917155,999.1166666666667,1.7999999999999545,24,4.666666666666667,6,1.0,1.0,1.0,1.0,0.0,,,,104.51841473608988
2021-06-14,29.583333333333332,24.7,35.5,24,50.25,47.0,29,68,24,17.715838663933784,,,0,16.575,24.1,24,-12.385359443954329,3.890573070167253,998.625,-4.5,24,2.8,5,1.0,1.0,1.0,1.0,0.0,,,,107.43890035259574
2021-06-15,29.304166666666664,20.0,34.9,24,46.541666666666664,47.5,33,73,24,16.27322054208477,,,0,18.175,29.5,24,-8.067141755453001,2.191965983377195,995.3249999999999,-3.6000000000000227,24,6.0,6,1.0,1.0,1.0,1.0,0.0,,,,105.20113814157833
2021-06-16,27.883333333333336,20.0,33.8,24,51.625,51.0,37,70,24,16.700363897952208,,,0,19.879166666666666,38.9,24,-16.459157622108858,3.6424239623981216,997.875,5.699999999999932,24,4.166666666666667,6,1.0,1.0,1.0,1.0,0.0,,,,102.47848609332169
2021-06-17,27.65416666666667,20.0,33.7,24,50.125,47.0,32,73,24,15.712718692136358,,,0,13.5875,20.4,24,-1.3998325052124179,1.5431204983343683,1001.2208333333333,-1.0,24,3.875,8,1.0,1.0,1.0,1.0,0.0,,,,137.787444842085
2021-06-18,30.34583333333333,24.0,37.0,24,41.25,38.0,24,63,24,14.984284459027364,,,0,15.154166666666667,24.1,24,-2.646052525837032,0.43979174941778126,1000.3333333333334,-2.0,24,1.5714285714285714,7,1.0,1.0,1.0,1.0,0.0,,,,99.43668034155417
2021-06-19,31.741666666666664,24.0,38.1,24,36.916666666666664,36.0,21,52,24,14.58003256359089,,,0,14.216666666666667,22.2,24,-3.4127835040601595,7.134992735312941,999.0124999999999,-1.6000000000000227,24,0.8571428571428571,7,1.0,1.0,1.0,1.0,0.0,,,,154.43744899983017
2021-06-20,30.120833333333334,24.5,36.2,24,41.25,42.0,29,59,24,15.200079414103362,,,0,21.65416666666667,42.5,24,-11.690030309309563,5.5650993712396355,1000.5,2.5,24,6.142857142857143,7,1.0,1.0,1.0,1.0,0.0,,,,115.45702526602093
2021-06-21,30.625,23.5,36.5,24,41.166666666666664,40.0,26,59,24,15.334379746971576,,,0,15.316666666666668,25.9,24,3.3751153740292743,-1.3924299170573553,1002.0625,-1.1000000000000227,24,3.1666666666666665,6,1.0,1.0,1.0,1.0,0.0,,,,292.41897383364443
2021-06-22,32.12916666666667,25.5,38.6,24,37.0,34.5,24,56,24,14.886080642931411,,,0,12.833333333333334,24.1,24,0.9679796748173729,2.4318251930926214,1000.7208333333333,-2.3999999999999773,24,0.75,8,1.0,1.0,1.0,1.0,0.0,,,,201.7048588994197
2021-06-23,33.1625,26.0,39.0,24,34.25,34.0,20,48,24,14.676610622086498,,,0,12.9375,20.4,24,-2.5679175281823263,3.734221294041102,1000.5,0.3000000000000682,24,1.5,6,1.0,1.0,1.0,1.0,0.0,,,,145.4848054127882
2021-06-24,33.43333333333333,28.0,39.0,24,34.083333333333336,32.0,19,46,24,14.99750628966307,,,0,21.704166666666666,36.7,24,-14.448483933182432,5.400604327426602,1000.2166666666667,-0.6000000000000227,24,2.5714285714285716,7,1.0,1.0,1.0,1.0,0.0,,,,110.49491169517228
2021-06-25,31.275000000000002,24.0,37.5,24,41.541666666666664,41.0,27,62,24,16.312303225414215,,,0,17.025000000000002,33.1,24,-10.967719043431684,6.80252807686083,999.9708333333333,0.5,24,3.5714285714285716,7,1.0,1.0,1.0,1.0,0.0,,,,121.80850509222188
2021-06-26,29.537499999999998,21.0,35.7,24,47.25,47.5,34,74,24,16.678258120176885,,,0,15.924999999999999,24.1,24,-4.725836201048598,4.049150014619427,1002.3708333333334,3.2999999999999545,24,2.6666666666666665,6,1.0,1.0,1.0,1.0,0.0,,,,130.59034282783068
2021-06-27,31.71666666666667,25.0,38.0,24,44.541666666666664,42.0,26,66,24,17.571321652323373,,,0,13.933333333333332,24.1,24,3.855752899026666,-2.1338290960372737,1004.6041666666666,0.6999999999999318,24,3.3333333333333335,6,1.0,1.0,1.0,1.0,0.0,,,,298.96077256120924
2021-06-28,32.94166666666667,25.5,39.2,24,37.125,36.0,23,56,24,15.864169207835872,,,0,14.066666666666668,22.2,24,5.83899555945148,-2.1007069449122775,1002.975,-3.7000000000000455,24,0.75,8,1.0,1.0,1.0,1.0,0.0,,,,289.78730941835556
2021-06-29,34.69583333333333,26.5,41.5,24,33.75,32.0,20,49,24,15.763480443349657,,,0,13.75,24.1,24,4.092974344493142,0.31099364068366525,999.3458333333333,-5.0,24,0.5,6,1.0,1.0,1.0,1.0,0.0,,,,265.65488345492065
2021-06-30,35.75833333333333,28.7,42.6,24,32.75,31.5,19,49,24,16.154764759057862,,,0,14.166666666666666,22.2,24,-1.4125212295419975,2.7256180741979428,995.3874999999999,-2.8999999999999773,24,0.8333333333333334,6,1.0,1.0,1.0,1.0,0.0,,,,152.60505363035145
2021-07-01,34.94166666666667,29.5,41.5,24,33.375,33.0,20,46,24,15.98732659355594,,,0,17.7625,27.8,24,-12.050459584842125,7.05485617116404,993.7125,1.2000000000000455,24,3.0,7,1.0,1.0,1.0,1.0,0.0,,,,120.34653720077654
2021-07-02,33.09583333333333,23.5,40.0,24,40.833333333333336,42.0,27,76,24,17.39814829347745,,,0,20.166666666666668,40.7,24,-11.64757553699116,4.061297796658493,996.0666666666666,3.1000000000000227,24,4.571428571428571,7,1.0,1.0,1.0,1.0,0.0,,,,109.22273453216741
2021-07-03,31.349999999999998,26.0,36.1,24,43.583333333333336,45.0,29,56,24,17.17647772666876,,,0,17.958333333333332,27.8,24,-10.965391045312087,5.89581057963272,999.3874999999999,3.0,24,2.1666666666666665,6,1.0,1.0,1.0,1.0,0.0,,,,118.26578380063904
2021-07-04,31.929166666666664,24.0,38.5,24,44.083333333333336,42.0,25,69,24,17.649472333568614,,,0,15.475,36.7,24,-1.1303891725217305,2.2712460880235423,1001.2416666666667,3.5,24,3.3333333333333335,6,1.0,1.0,1.0,1.0,0.0,,,,153.54067231266913
2021-07-05,31.4375,24.0,38.1,24,48.791666666666664,47.0,33,69,24,18.808048234865268,,,0,13.862499999999999,24.1,24,0.5212749628852761,4.015210973925239,1002.3625000000001,-0.6999999999999318,24,4.4,5,1.0,1.0,1.0,1.0,0.0,,,,187.3970545640084
2021-07-06,32.9375,26.6,39.3,24,46.083333333333336,44.0,32,64,24,19.269688892375353,,,0,12.833333333333334,20.4,24,-2.1126261900129104,3.750715062988272,1000.2208333333333,-3.900000000000091,24,3.7142857142857144,7,1.0,1.0,1.0,1.0,0.0,,,,150.60919694362218
2021-07-07,33.43333333333333,27.5,40.0,24,42.666666666666664,43.5,30,57,24,18.63468907039108,,,0,14.616666666666667,22.3,24,-9.629292233187764,6.06762146687172,998.5,-3.1000000000000227,24,4.0,7,1.0,1.0,1.0,1.0,0.0,,,,122.21589987109894
2021-07-08,34.25833333333333,28.4,39.9,24,42.666666666666664,42.5,30,57,24,19.35186167654483,,,0,15.174999999999999,20.4,24,-11.176042086568971,6.571994601389167,997.3541666666666,-1.7000000000000455,24,1.5,4,1.0,1.0,1.0,1.0,0.0,,,,120.45736378261927
2021-07-09,33.625,30.5,37.0,24,49.958333333333336,50.0,44,57,24,21.696841602292697,,,0,21.3125,29.6,24,-18.167753242204586,9.553475014865398,998.4958333333334,1.2000000000000455,24,4.6,5,1.0,1.0,1.0,1.0,0.0,,,,117.73754397336796
2021-07-10,31.758333333333336,29.5,34.6,24,59.791666666666664,59.0,48,71,24,22.916028852443016,,,0,20.325,25.9,24,-17.005699329574902,9.08546602373627,999.7333333333332,-0.5,24,5.5,6,1.0,1.0,1.0,1.0,0.0,,,,118.11381014108804
2021-07-11,31.65833333333333,28.5,35.5,24,63.333333333333336,63.0,51,74,24,23.73298985725638,,,0,21.325,33.1,24,-16.199797298094534,9.190946743567475,1000.6083333333332,2.7000000000000455,24,6.125,8,1.0,1.0,1.0,1.0,0.0,,,,119.56838723816924
2021-07-12,27.6125,25.4,30.1,24,73.625,74.0,66,81,24,22.43463298895608,,,0,21.708333333333332,29.5,24,-17.420506779725354,7.778730368660763,1003.8166666666666,3.199999999999932,24,7.0,6,1.0,1.0,1.0,1.0,0.0,,,,114.06206189483015
2021-07-13,27.6875,23.0,32.0,24,72.70833333333333,73.0,55,91,24,22.15968922430288,,,0,17.8625,24.1,24,-15.49418535803755,3.6554191304370764,1004.0833333333334,-1.2999999999999545,24,6.666666666666667,6,1.0,1.0,1.0,1.0,0.0,,,,103.27460269846176
2021-07-14,27.054166666666664,23.0,31.5,24,73.95833333333333,74.0,53,96,24,21.822422775781543,,,0,17.029166666666665,37.1,24,-10.142918303540453,3.12685945320054,1004.1999999999999,0.5,24,6.428571428571429,7,1.0,1.0,1.0,1.0,0.0,,,,107.13348706448448
2021-07-15,30.141666666666666,24.0,35.1,24,62.666666666666664,61.0,41,84,24,21.85124996418837,,,0,11.987499999999999,18.4,24,-1.973320798079173,3.8656139172909234,1003.5916666666667,-0.2999999999999545,24,1.875,8,1.0,1.0,1.0,1.0,0.0,,,,152.95657148456132
2021-07-16,31.6125,26.5,35.8,24,62.083333333333336,61.0,50,81,24,23.276240111697003,,,0,13.558333333333332,18.5,24,-5.05758011964305,7.780451659070299,1004.3416666666667,-0.40000000000009095,24,2.8333333333333335,6,1.0,1.0,1.0,1.0,0.0,,,,146.9746490882219
2021-07-17,32.920833333333334,28.1,38.0,24,61.625,59.5,44,80,24,24.251633069769838,,,0,13.058333333333332,22.3,24,-3.5358994248012703,5.860238509409779,1001.1999999999999,-4.600000000000023,24,4.333333333333333,6,1.0,1.0,1.0,1.0,0.0,,,,148.89442652295668
2021-07-18,33.75833333333333,28.9,37.9,24,60.083333333333336,59.5,50,74,24,24.77439485169522,,,0,17.345833333333335,29.5,24,-12.342139556445181,8.597853120173937,996.4875000000001,-3.300000000000068,24,6.0,2,1.0,1.0,1.0,1.0,0.0,,,,124.86206533889106
2021-07-19,29.020833333333332,23.0,32.0,24,76.70833333333333,77.0,65,96,24,24.416422936034333,,,0,20.395833333333332,31.3,24,-16.410909709831078,5.9654246017492065,996.525,2.5,24,7.0,5,1.0,1.0,1.0,1.0,0.0,,,,109.97638734003652
2021-07-20,26.729166666666668,23.6,30.3,24,82.04166666666667,83.0,64,97,24,23.275971793472255,,,0,21.429166666666664,37.0,24,-16.964918731246197,3.305286028708083,998.3666666666667,-0.3000000000000682,24,5.4,5,1.0,1.0,1.0,1.0,0.0,,,,101.02486073423711
2021-07-21,27.083333333333332,23.5,31.8,24,75.0,74.5,56,92,24,22.01629690396469,,,0,16.741666666666667,33.1,24,-12.936836454241279,3.3669879385574504,998.2291666666666,-3.0,24,5.625,8,1.0,1.0,1.0,1.0,0.0,,,,104.5883634180309
2021-07-22,29.25,24.3,34.5,24,63.083333333333336,61.5,45,81,24,21.167651980806703,,,0,12.762500000000001,18.5,24,-7.21058541610837,4.659706443563724,997.1541666666667,-1.0,24,4.833333333333333,6,1.0,1.0,1.0,1.0,0.0,,,,122.87181205604958
2021-07-23,30.745833333333334,26.0,37.0,24,62.25,61.0,45,78,24,22.457499860763388,,,0,12.370833333333332,14.8,24,-5.26444682787429,6.128308627342747,998.3333333333334,0.8000000000000682,24,3.857142857142857,7,1.0,1.0,1.0,1.0,0.0,,,,139.33618563121877
2021-07-24,32.295833333333334,27.4,37.5,24,60.125,60.5,44,75,24,23.341275384141635,,,0,13.174999999999999,22.0,24,2.3943205267190932,3.557116810386757,998.6374999999999,-1.1999999999999318,24,3.8333333333333335,6,1.0,1.0,1.0,1.0,0.0,,,,213.94477633812082
2021-07-25,32.729166666666664,28.5,37.1,24,62.625,64.5,50,75,24,24.505618700008316,,,0,13.350000000000001,23.8,24,-3.1111499944125764,8.467885061865672,997.5208333333334,-2.300000000000068,24,4.142857142857143,7,1.0,1.0,1.0,1.0,0.0,,,,159.82637567494555
2021-07-26,30.758333333333336,27.5,34.1,24,74.375,76.0,66,81,24,25.624203722864163,,,0,18.42083333333333,29.5,24,-15.014197981109222,8.061843201207617,996.2958333333332,-2.199999999999932,24,7.0,6,1.0,1.0,1.0,1.0,0.0,,,,118.23348478272862
2021-07-27,29.758333333333336,26.5,33.1,24,79.875,81.0,69,100,24,25.82229967636447,,,0,18.408333333333335,24.1,24,-14.561744150395194,7.167499862898452,994.3333333333334,-1.8999999999999773,24,7.142857142857143,7,1.0,1.0,1.0,1.0,0.0,,,,116.20707444044126
2021-07-28,27.46666666666667,24.0,30.1,24,86.625,85.5,76,100,24,24.98141397006295,,,0,20.491666666666667,33.1,24,-17.8531805348893,6.042395989658932,995.0458333333332,3.699999999999932,24,7.6,5,1.0,1.0,1.0,1.0,0.0,,,,108.69835232220908
2021-07-29,27.820833333333336,24.0,31.2,24,77.91666666666667,77.0,64,88,24,23.50705643818547,,,0,16.083333333333332,25.6,24,-13.62681321129203,6.075580593869682,997.4291666666667,0.39999999999997726,24,6.571428571428571,7,1.0,1.0,1.0,1.0,0.0,,,,114.02993380947294
2021-07-30,28.875,25.7,32.8,24,75.45833333333333,76.0,61,87,24,24.00079265346203,,,0,15.916666666666666,25.6,24,-12.19997306490938,7.047835232038051,998.9333333333334,1.5,24,5.666666666666667,6,1.0,1.0,1.0,1.0,0.0,,,,120.01471217799309
2021-07-31,28.7625,25.0,32.6,24,75.875,76.5,63,96,24,23.957327945781444,,,0,15.483333333333334,34.9,24,-11.104626122893144,4.702266390872121,1000.7125,-0.20000000000004547,24,6.6,5,1.0,1.0,1.0,1.0,0.0,,,,112.95028300413765
2021-08-01,29.629166666666666,25.4,34.2,24,68.33333333333333,66.0,52,85,24,22.946330024230694,,,0,13.833333333333334,29.5,24,-7.829572166166305,4.694050989998504,998.5,-3.0,24,3.5,4,1.0,1.0,1.0,1.0,0.0,,,,120.94388487143038
2021-08-02,29.212500000000002,23.0,34.0,24,69.08333333333333,69.5,52,87,24,22.772390096831614,,,0,13.854166666666666,18.4,24,-5.781084501153532,7.765358856544506,998.7958333333332,1.900000000000091,24,5.4,5,1.0,1.0,1.0,1.0,0.0,,,,143.33338542206855
2021-08-03,30.1125,26.3,34.0,24,68.875,69.0,57,81,24,23.62692515088881,,,0,13.883333333333333,16.7,24,-4.683015943908443,6.759853097765396,1000.2083333333334,0.0,24,4.5,4,1.0,1.0,1.0,1.0,0.0,,,,145.28698714328323
2021-08-04,28.770833333333332,24.5,33.0,24,69.08333333333333,70.0,54,80,24,22.420328545630266,,,0,13.595833333333333,22.2,24,-7.08236980959773,5.856943631781236,1001.2166666666667,0.6000000000000227,24,5.166666666666667,6,1.0,1.0,1.0,1.0,0.0,,,,129.58990174619498
2021-08-05,29.816666666666666,25.3,35.0,24,67.54166666666667,69.0,44,84,24,22.937633679762836,,,0,12.720833333333333,18.4,24,-2.5183212132814554,4.653640865733594,1000.6291666666666,-0.7999999999999545,24,3.0,5,1.0,1.0,1.0,1.0,0.0,,,,151.57993093796415
2021-08-06,29.020833333333332,24.0,33.0,24,67.5,68.5,51,80,24,22.211902517614657,,,0,12.15,14.8,24,-5.774259545832931,1.4824005782449,1001.1041666666666,0.599999999999909,24,4.0,5,1.0,1.0,1.0,1.0,0.0,,,,104.39834963809699
2021-08-07,30.383333333333336,25.5,35.5,24,65.79166666666667,65.0,49,98,24,22.951188876788375,,,0,11.5375,18.4,24,-1.2516391025235256,3.432120120658626,1001.6833333333334,0.6000000000000227,24,3.25,8,1.0,1.0,1.0,1.0,0.0,,,,159.96389924096502
2021-08-08,29.474999999999998,25.5,34.6,24,69.41666666666667,70.0,55,83,24,23.13717406565128,,,0,14.216666666666667,36.7,24,-7.6420860524211705,3.693320528778529,1003.1708333333332,2.0,24,6.428571428571429,7,1.0,1.0,1.0,1.0,0.0,,,,115.79387257324032
2021-08-09,28.791666666666668,24.0,33.6,24,66.91666666666667,68.0,50,83,24,21.77271453964813,,,0,12.383333333333333,18.4,24,-6.435114138806291,3.0830757723500333,1003.6625,-0.7000000000000455,24,5.142857142857143,7,1.0,1.0,1.0,1.0,0.0,,,,115.59917215835463
2021-08-10,29.866666666666664,26.0,34.5,24,66.45833333333333,66.5,53,80,24,22.781013306203395,,,0,13.095833333333333,25.9,24,-7.488409515116022,5.536136551538682,1001.6791666666667,-2.7999999999999545,24,3.7142857142857144,7,1.0,1.0,1.0,1.0,0.0,,,,126.47529614098744
2021-08-11,30.8125,26.5,35.2,24,65.20833333333333,66.0,51,77,24,23.357130729264824,,,0,12.758333333333333,22.3,24,-6.018370049237011,5.849386139797445,1000.8375,0.2999999999999545,24,3.6,5,1.0,1.0,1.0,1.0,0.0,,,,134.18422569466355
2021-08-12,30.791666666666668,27.0,35.0,24,66.375,68.0,53,80,24,23.63018096192215,,,0,13.012500000000001,18.4,24,-5.263703994807304,5.142619251463533,1002.1583333333333,0.599999999999909,24,5.0,5,1.0,1.0,1.0,1.0,0.0,,,,134.33335419974253
2021-08-13,30.075,22.5,35.5,24,66.375,65.0,46,83,24,22.832945102615906,,,0,16.566666666666666,66.6,24,-11.632626628278501,3.3845734714142357,1000.9125,-0.6000000000000227,24,4.428571428571429,7,1.0,1.0,1.0,1.0,0.0,,,,106.22263059096832
2021-08-14,27.349999999999998,23.5,31.2,24,68.95833333333333,71.5,44,84,24,20.96490754183262,,,0,16.395833333333332,25.6,24,-11.791315233086545,-3.8093406085700288,1000.0124999999999,-0.20000000000004547,24,5.285714285714286,7,1.0,1.0,1.0,1.0,0.0,,,,72.09626191798804
2021-08-15,26.083333333333332,23.3,31.0,24,67.16666666666667,69.5,39,82,24,19.26104593624275,,,0,15.862499999999999,22.2,24,-12.433531703823613,-2.653563939980455,1002.125,3.5,24,4.6,5,1.0,1.0,1.0,1.0,0.0,,,,77.95267720744403
2021-08-16,28.916666666666668,23.0,34.5,24,56.666666666666664,55.0,36,76,24,18.9703645723983,,,0,10.441666666666666,18.4,24,3.18169544947644,-2.8596699610175147,1004.3708333333334,-0.2999999999999545,24,1.625,8,1.0,1.0,1.0,1.0,0.0,,,,311.9488260557695
2021-08-17,30.087500000000002,24.0,35.7,24,57.333333333333336,58.0,41,78,24,20.316495221208086,,,0,9.8375,20.4,24,2.5021834373629344,-0.3050943892170994,1004.3791666666666,-2.5,24,1.2,5,1.0,1.0,1.0,1.0,0.0,,,,276.9518308525618
2021-08-18,31.058333333333334,25.5,37.0,24,55.625,54.0,39,73,24,20.767743287785844,,,0,10.545833333333333,18.5,24,2.657433585077524,-0.4630383322763924,1001.85,-2.8999999999999773,24,2.3333333333333335,6,1.0,1.0,1.0,1.0,0.0,,,,279.88413786317244
2021-08-19,31.2625,25.5,37.4,24,56.375,57.0,41,73,24,21.208490495308357,,,0,14.745833333333335,70.2,24,4.412928046782811,-1.6454031116912295,1000.6666666666666,-0.900000000000091,24,2.875,8,1.0,1.0,1.0,1.0,0.0,,,,290.4484592288891
2021-08-20,30.47083333333333,25.0,36.3,24,56.5,56.0,40,73,24,20.556888302904596,,,0,13.7875,18.5,24,-2.5668710170934594,-0.30947678123490546,1002.525,5.399999999999977,24,3.1666666666666665,6,1.0,1.0,1.0,1.0,0.0,,,,83.12527265098277
2021-08-21,29.15416666666667,24.0,34.2,24,62.375,61.0,40,83,24,20.81305920516814,,,0,15.479166666666666,22.0,24,-8.550632745275895,4.485627530260409,1006.2583333333333,1.7000000000000455,24,2.25,4,1.0,1.0,1.0,1.0,0.0,,,,117.68132270891203
2021-08-22,28.741666666666664,20.7,33.2,24,65.91666666666667,66.5,55,77,24,21.61178970556185,,,0,12.741666666666667,22.0,24,-10.635804458210865,5.09153311188732,1006.2833333333333,-2.7000000000000455,24,5.333333333333333,6,1.0,1.0,1.0,1.0,0.0,,,,115.58119878074763
2021-08-23,30.22083333333333,25.0,34.9,24,65.95833333333333,65.0,51,83,24,22.90350302103454,,,0,10.991666666666667,16.7,24,-0.5735032950217528,4.3461444787525885,1003.0583333333334,-3.400000000000091,24,5.142857142857143,7,1.0,1.0,1.0,1.0,0.0,,,,172.4828627717592
2021-08-24,31.620833333333334,26.6,36.5,24,63.791666666666664,62.5,48,83,24,23.618595830255597,,,0,11.0625,18.5,24,0.27330112345516666,4.178540276802868,1000.4083333333333,-3.0,24,3.2857142857142856,7,1.0,1.0,1.0,1.0,0.0,,,,183.7421510013641
2021-08-25,31.979166666666668,27.0,36.8,24,63.208333333333336,63.5,47,79,24,23.821776947649294,,,0,12.2125,18.4,24,-6.4010183575252695,4.3497147426757925,997.7958333333332,-3.599999999999909,24,2.875,8,1.0,1.0,1.0,1.0,0.0,,,,124.19747206987336
2021-08-26,31.754166666666666,28.0,36.1,24,64.45833333333333,67.0,47,78,24,23.969514561386617,,,0,14.924999999999999,29.5,24,-10.433278162839512,7.440798027658189,996.3083333333334,-0.39999999999997726,24,3.625,8,1.0,1.0,1.0,1.0,0.0,,,,125.49567950165454
2021-08-27,31.337500000000002,27.5,36.0,24,66.25,67.5,51,81,24,24.070189084486994,,,0,14.145833333333334,29.5,24,-6.778152374426523,5.656469746392268,998.375,2.3999999999999773,24,4.857142857142857,7,1.0,1.0,1.0,1.0,0.0,,,,129.84550422980908
2021-08-28,27.7375,22.0,32.7,24,69.95833333333333,72.0,50,91,24,21.492481658613958,,,0,14.137500000000001,25.9,24,-7.7094831171135105,-0.19024405071472408,1001.5625,0.5,24,6.25,8,1.0,1.0,1.0,1.0,0.0,,,,88.58642021499105
2021-08-29,25.7375,23.0,31.0,24,74.20833333333333,74.0,50,91,24,20.672249947790945,,,0,14.775,25.9,24,-8.619085289848348,-5.596031978814101,1003.25,1.1999999999999318,24,5.714285714285714,7,1.0,1.0,1.0,1.0,0.0,,,,57.005926604143326
2021-08-30,26.5125,22.0,31.7,24,68.66666666666667,70.5,53,81,24,20.112373921425085,,,0,12.458333333333334,36.7,24,-4.722438477352262,-1.3294017666758642,1006.2458333333334,3.1000000000000227,24,4.571428571428571,7,1.0,1.0,1.0,1.0,0.0,,,,74.27769184871232
2021-08-31,26.2,20.5,31.0,24,67.41666666666667,66.0,50,83,24,19.459671589364962,,,0,12.833333333333334,25.6,24,-3.719409807181607,-4.614251477115604,1008.7624999999999,1.6000000000000227,24,6.375,8,1.0,1.0,1.0,1.0,0.0,,,,38.871246383905145
2021-09-01,27.90416666666667,23.4,33.5,24,63.625,62.5,44,83,24,20.05932849854602,,,0,11.762500000000001,22.0,24,1.6167504881819088,-4.282194905353777,1008.4791666666666,-3.5,24,1.6666666666666667,6,1.0,1.0,1.0,1.0,0.0,,,,339.3158795400059
2021-09-02,29.070833333333336,23.7,34.5,24,61.083333333333336,60.0,45,82,24,20.432440067879757,,,0,9.670833333333333,22.0,24,0.929635744045178,-1.2563203689678475,1005.6416666666668,0.2999999999999545,24,0.8571428571428571,7,1.0,1.0,1.0,1.0,0.0,,,,323.4997768173921
2021-09-03,29.066666666666666,23.5,34.5,24,62.916666666666664,68.0,45,77,24,20.97282514501926,,,0,11.591666666666667,29.5,24,-2.2751883159081143,4.462888916581869,1003.6958333333333,0.8000000000000682,24,2.5,8,1.0,1.0,1.0,1.0,0.0,,,,152.98743609569465
2021-09-04,28.920833333333334,23.0,33.6,24,62.625,60.5,44,81,24,20.72494021974691,,,0,9.9,18.4,24,-1.0912933338433506,3.7136897760132945,1003.1916666666666,-2.5,24,1.0,8,1.0,1.0,1.0,1.0,0.0,,,,163.62421131976112
2021-09-05,30.070833333333336,25.4,34.8,24,63.583333333333336,63.5,51,79,24,22.185399302371025,,,0,10.058333333333334,14.8,24,-4.187456650459544,3.508106930902709,1002.6708333333332,-1.2000000000000455,24,2.2857142857142856,7,1.0,1.0,1.0,1.0,0.0,,,,129.95511537808477
2021-09-06,30.645833333333332,26.7,35.0,24,63.708333333333336,63.5,44,78,24,22.73646976790252,,,0,10.358333333333333,14.8,24,-6.181320355832576,3.0996876742686297,1003.7583333333333,0.20000000000004547,24,2.4285714285714284,7,1.0,1.0,1.0,1.0,0.0,,,,116.63195406422028
2021-09-07,29.712500000000002,27.2,33.9,24,68.66666666666667,70.5,57,78,24,23.218325020920883,,,0,14.070833333333333,22.0,24,-12.027456187456847,4.312545628521525,1005.5375,1.1000000000000227,24,5.142857142857143,7,1.0,1.0,1.0,1.0,0.0,,,,109.72572245122274
2021-09-08,26.349999999999998,23.0,29.2,24,82.0,82.0,75,91,24,23.0023501493292,,,0,16.970833333333335,25.9,24,-16.271026337891815,3.72059491221768,1006.725,-0.5,24,5.8,5,1.0,1.0,1.0,1.0,0.0,,,,102.88003184360741
2021-09-09,27.15416666666667,24.0,31.6,24,75.04166666666667,74.0,58,90,24,22.154473228120878,,,0,11.2875,18.4,24,-8.674913563082615,2.7098672421018777,1005.4875000000001,-0.6000000000000227,24,5.0,8,1.0,1.0,1.0,1.0,0.0,,,,107.34774704741284
2021-09-10,27.150000000000002,24.0,31.1,24,74.75,74.5,50,88,24,22.113661022286156,,,0,13.170833333333334,18.5,24,-11.324483599296514,3.019134105540191,1005.5375,1.0,24,4.5,4,1.0,1.0,1.0,1.0,0.0,,,,104.92797748313501
2021-09-11,25.59166666666667,23.2,31.0,24,79.95833333333333,83.0,60,90,24,21.756156839107337,,,0,15.429166666666667,20.4,24,-14.407775510350865,-2.584857357929771,1006.5416666666666,0.39999999999997726,24,6.333333333333333,3,1.0,1.0,1.0,1.0,0.0,,,,79.82893371175487
2021-09-12,26.854166666666668,22.8,31.6,24,68.25,65.5,44,87,24,20.153172272842372,,,0,13.470833333333333,22.0,24,-9.067677158862352,1.0614907639169318,1004.6291666666666,-2.7000000000000455,24,3.857142857142857,7,1.0,1.0,1.0,1.0,0.0,,,,96.6768352493632
2021-09-13,28.208333333333332,23.4,33.5,24,65.25,65.0,46,81,24,20.758340887947202,,,0,8.983333333333333,13.0,24,-2.687460427134045,2.7958610626284983,1003.2458333333334,0.7000000000000455,24,1.8333333333333333,6,1.0,1.0,1.0,1.0,0.0,,,,136.13254165347547
2021-09-14,29.120833333333334,24.6,34.0,24,64.75,65.0,49,84,24,21.532459251108296,,,0,9.154166666666667,14.8,24,-0.5567172047371667,-0.1908239550610259,1005.3916666666668,2.0,24,2.0,4,1.0,1.0,1.0,1.0,0.0,,,,71.080007739562
2021-09-15,29.683333333333334,25.1,35.0,24,63.166666666666664,64.0,47,80,24,21.651353650452588,,,0,10.275,22.0,24,1.401122677683209,-0.5413183029174362,1006.0041666666666,-2.300000000000068,24,1.0,7,1.0,1.0,1.0,1.0,0.0,,,,291.1238456262889
2021-09-16,30.0125,25.0,34.8,24,62.083333333333336,62.0,48,80,24,21.69107224360388,,,0,9.529166666666667,16.7,24,-1.62117407456706,3.0507449698324005,1003.5666666666666,-3.599999999999909,24,2.0,5,1.0,1.0,1.0,1.0,0.0,,,,152.01370328219434
2021-09-17,29.041666666666668,26.0,33.7,24,65.16666666666667,65.0,53,77,24,21.71071363217219,,,0,12.920833333333334,25.6,24,-9.3947621182849,6.295074942824431,1002.9625,1.6000000000000227,24,2.7142857142857144,7,1.0,1.0,1.0,1.0,0.0,,,,123.82454467514401
2021-09-18,28.974999999999998,25.0,33.0,24,68.625,68.5,57,82,24,22.477564599503527,,,0,10.816666666666668,14.8,24,-6.123020189651657,6.391341752116568,1005.1875,1.6999999999999318,24,3.3333333333333335,6,1.0,1.0,1.0,1.0,0.0,,,,136.22829577218783
2021-09-19,29.9375,26.2,34.5,24,65.66666666666667,65.0,50,81,24,22.62077691737198,,,0,10.479166666666666,14.8,24,-5.448331345183154,5.651537605805508,1006.5666666666666,-0.5,24,3.5,8,1.0,1.0,1.0,1.0,0.0,,,,136.04880163160772
2021-09-20,28.537499999999998,24.5,31.6,24,69.45833333333333,69.0,58,84,24,22.281314878372452,,,0,12.016666666666666,20.4,24,-10.928853861293781,-1.5272212409866726,1006.4666666666667,-0.7999999999999545,24,4.8,5,1.0,1.0,1.0,1.0,0.0,,,,82.0448813516939
2021-09-21,26.479166666666668,22.5,29.7,24,74.125,74.5,63,87,24,21.414301638258262,,,0,15.620833333333332,22.0,24,-13.751310582955677,1.0022645836682218,1006.0958333333333,-0.6000000000000227,24,6.285714285714286,7,1.0,1.0,1.0,1.0,0.0,,,,94.16863304241713
2021-09-22,26.90416666666667,23.0,32.5,24,66.0,67.5,39,85,24,19.586707883310783,,,0,14.0,25.9,24,-9.961606369105478,1.0108746390382952,1005.3041666666667,0.6000000000000227,24,4.25,8,1.0,1.0,1.0,1.0,0.0,,,,95.79437285243569
2021-09-23,26.287499999999998,20.0,31.0,24,67.0,68.0,50,91,24,19.40849859051872,,,0,13.766666666666667,33.1,24,-7.620738578817945,2.0694957055964527,1007.3666666666667,3.7999999999999545,24,3.375,8,1.0,1.0,1.0,1.0,0.0,,,,105.19290619238728
2021-09-24,27.258333333333336,22.9,32.5,24,62.291666666666664,62.5,44,79,24,19.1225529296273,,,0,8.674999999999999,18.4,24,0.29728974066674674,1.8543703221998677,1008.7708333333334,-1.3999999999999773,24,2.5,8,1.0,1.0,1.0,1.0,0.0,,,,189.10806538527584
2021-09-25,28.1375,23.5,33.4,24,62.708333333333336,63.5,46,77,24,20.072865619165366,,,0,9.2875,22.2,24,2.9639076653128815,1.419962509938901,1006.1166666666667,-2.900000000000091,24,0.875,8,1.0,1.0,1.0,1.0,0.0,,,,244.40163676742765
2021-09-26,28.495833333333334,23.5,33.3,24,63.625,64.0,45,84,24,20.597083389304355,,,0,10.125,22.0,24,1.1943429684111226,1.0298198191486765,1005.6750000000001,0.8999999999999773,24,1.625,8,1.0,1.0,1.0,1.0,0.0,,,,229.230511119394
2021-09-27,28.883333333333336,24.5,33.7,24,63.416666666666664,63.0,42,92,24,20.80647007227844,,,0,10.5875,23.8,24,1.5894833563516535,0.7630106872970864,1006.5708333333333,0.20000000000004547,24,1.625,8,1.0,1.0,1.0,1.0,0.0,,,,244.35727517359015
2021-09-28,29.34166666666667,25.2,34.0,24,62.916666666666664,63.5,47,76,24,21.341706875230997,,,0,9.9875,18.4,24,-1.8296060749019187,1.1490572503974388,1007.375,1.2000000000000455,24,3.142857142857143,7,1.0,1.0,1.0,1.0,0.0,,,,122.13027255866939
2021-09-29,29.025000000000002,25.5,34.0,24,64.16666666666667,64.5,46,77,24,21.37900538414792,,,0,10.387500000000001,16.7,24,-4.850700537612041,3.6735936948914727,1008.6333333333333,0.8999999999999773,24,3.25,8,1.0,1.0,1.0,1.0,0.0,,,,127.13783428259825
2021-09-30,28.28333333333333,25.0,33.0,24,67.45833333333333,68.5,54,77,24,21.56647344530086,,,0,10.670833333333334,16.7,24,-6.25931296009452,1.7071396720203922,1009.4625,0.0,24,4.125,8,1.0,1.0,1.0,1.0,0.0,,,,105.25558150047948
2021-10-01,27.195833333333336,24.6,31.0,24,71.70833333333333,74.0,58,81,24,21.549030251615573,,,0,13.2125,22.0,24,-9.195148572299095,0.48609270259797177,1009.3458333333333,-1.1999999999999318,24,5.285714285714286,7,1.0,1.0,1.0,1.0,0.0,,,,93.02606959032568
2021-10-02,26.116666666666664,20.5,30.0,24,73.20833333333333,73.5,49,96,24,20.727282154033894,,,0,17.775000000000002,33.1,24,-12.304638459632004,0.3237219524414326,1008.3541666666666,-1.3999999999999773,24,6.25,8,1.0,1.0,1.0,1.0,0.0,,,,91.507043386529
2021-10-03,26.7375,23.0,31.5,24,64.95833333333333,65.5,42,82,24,19.225500369567552,,,0,12.733333333333334,22.0,24,-6.1547247669659555,-1.7178460818715395,1006.1708333333332,-3.5,24,4.25,8,1.0,1.0,1.0,1.0,0.0,,,,74.40504312172965
2021-10-04,26.679166666666664,22.6,31.0,24,67.91666666666667,70.0,54,84,24,20.08396894728485,,,0,12.700000000000001,18.4,24,-8.580699817463756,-0.44394609763597453,1005.8375,0.7999999999999545,24,3.4285714285714284,7,1.0,1.0,1.0,1.0,0.0,,,,87.03828606221987
2021-10-05,26.22083333333333,22.8,31.5,24,63.208333333333336,65.0,37,81,24,18.27006806755031,,,0,10.375,25.9,24,-3.317545900680125,0.17227283133726187,1008.85,3.5,24,3.75,8,1.0,1.0,1.0,1.0,0.0,,,,92.97257335895506
2021-10-06,25.9375,20.0,31.8,24,59.125,61.0,36,82,24,16.72158786675004,,,0,10.308333333333334,22.2,24,4.446745036242814,-2.378004507363314,1009.9291666666667,-0.8000000000000682,24,0.375,8,1.0,1.0,1.0,1.0,0.0,,,,298.13672173254116
2021-10-07,25.895833333333332,19.9,32.1,24,57.958333333333336,59.0,36,80,24,16.379549559219715,,,0,9.0375,14.8,24,0.3292946975678205,-0.9727979104625999,1006.875,-2.7999999999999545,24,0.14285714285714285,7,1.0,1.0,1.0,1.0,0.0,,,,341.2989023844168
2021-10-08,26.266666666666666,21.0,31.7,24,59.875,62.0,42,79,24,17.472844512855144,,,0,7.495833333333334,14.8,24,-3.5094132150321315,0.92970401406813,1005.3083333333334,-2.1000000000000227,24,0.0,8,1.0,1.0,1.0,1.0,0.0,,,,104.83779556556044
2021-10-09,26.766666666666666,21.7,32.5,24,60.083333333333336,62.0,42,78,24,18.01537701887321,,,0,9.216666666666667,16.7,24,-0.9034935248394809,-1.5884740084272932,1006.2083333333334,0.10000000000002274,24,0.7142857142857143,7,1.0,1.0,1.0,1.0,0.0,,,,29.630387984916922
2021-10-10,24.65416666666667,21.0,30.5,24,62.291666666666664,64.0,41,75,24,16.718198425177146,,,0,17.116666666666667,29.5,24,-12.479874178394676,-7.902553860523651,1007.1583333333333,1.2999999999999545,24,4.0,7,1.0,1.0,1.0,1.0,0.0,,,,57.65703420959295
2021-10-11,23.704166666666666,19.5,28.5,24,57.916666666666664,54.5,39,78,24,14.587112531557963,,,0,15.445833333333333,38.5,24,-8.825503725901596,-7.599214451558267,1008.2875,-1.2000000000000455,24,4.5,8,1.0,1.0,1.0,1.0,0.0,,,,49.26984997851855
2021-10-12,23.995833333333334,18.7,30.1,24,54.916666666666664,54.5,35,76,24,13.866743213377212,,,0,11.912500000000001,36.7,24,-0.08809348625678183,-6.902947178696547,1008.75,-0.599999999999909,24,2.857142857142857,7,1.0,1.0,1.0,1.0,0.0,,,,0.7311530644745972
2021-10-13,24.15833333333333,18.8,30.6,24,56.041666666666664,59.0,34,78,24,14.256416410556382,,,0,7.816666666666666,18.4,24,3.4960861914325503,-2.4276120175724256,1009.0208333333334,0.09999999999990905,24,0.375,8,1.0,1.0,1.0,1.0,0.0,,,,304.7753367719525
2021-10-14,23.95,18.1,31.1,24,55.958333333333336,60.0,32,78,24,13.831072184426683,,,0,8.829166666666667,20.4,24,2.329576281158537,-3.7331272485317815,1009.0208333333334,-1.7000000000000455,24,0.0,6,1.0,1.0,1.0,1.0,0.0,,,,328.03467823476234
2021-10-15,24.099999999999998,17.9,32.5,24,52.541666666666664,53.5,27,79,24,12.776397857641298,,,0,8.054166666666667,20.4,24,3.1001551300871952,-3.3106597075504958,1006.6999999999999,-2.1000000000000227,24,0.0,8,1.0,1.0,1.0,1.0,0.0,,,,316.88068010997847
2021-10-16,24.525000000000002,18.6,32.0,24,52.041666666666664,53.5,31,73,24,13.380803262842534,,,0,7.1000000000000005,12.6,24,-3.589403374999845,0.9487947484944015,1006.725,1.2000000000000455,24,0.375,8,1.0,1.0,1.0,1.0,0.0,,,,104.80646755239871
2021-10-17,23.691666666666666,20.5,27.9,24,57.625,60.0,45,70,24,14.63187694499841,,,0,11.279166666666667,22.0,24,-7.766734166417724,-0.16279385060658622,1009.0083333333333,1.5,24,6.75,8,1.0,1.0,1.0,1.0,0.0,,,,88.79923340119637
2021-10-18,22.370833333333334,17.0,27.0,24,65.04166666666667,67.0,45,90,24,15.179615121506318,,,0,12.204166666666667,36.7,24,0.19525820107899058,-1.8510249514845043,1008.5083333333333,-0.5,24,3.142857142857143,7,1.0,1.0,1.0,1.0,0.0,,,,353.9783362519557
2021-10-19,22.566666666666666,17.0,29.0,24,61.25,63.0,39,81,24,14.212823952287005,,,0,9.049999999999999,22.0,24,3.260565747569004,-2.1505633883679374,1008.625,1.3999999999999773,24,0.375,8,1.0,1.0,1.0,1.0,0.0,,,,303.4075487013674
2021-10-20,22.53333333333333,17.2,29.5,24,58.708333333333336,63.0,32,81,24,13.302404371889565,,,0,5.566666666666666,12.6,24,0.46683688287933656,-0.8943308274572095,1010.9083333333333,2.3999999999999773,24,0.0,7,1.0,1.0,1.0,1.0,0.0,,,,332.4356328397829
2021-10-21,22.929166666666664,17.2,30.4,24,56.958333333333336,59.5,34,80,24,13.228349565119975,,,0,6.4375,11.1,24,-2.022075148216307,1.3580616829295955,1010.625,-2.2999999999999545,24,0.0,6,1.0,1.0,1.0,1.0,0.0,,,,123.88601258316129
2021-10-22,21.65833333333333,17.0,27.5,24,60.333333333333336,62.0,42,76,24,13.26688224494014,,,0,14.070833333333333,36.7,24,-11.650814660390218,-3.2611043321863367,1009.475,1.2999999999999545,24,5.0,6,1.0,1.0,1.0,1.0,0.0,,,,74.36287832981105
2021-10-23,19.420833333333334,15.5,23.5,24,66.125,70.5,48,82,24,12.68769364979663,,,0,16.770833333333332,25.9,24,-12.320611115013945,3.7566551368295524,1012.6625,3.3999999999999773,24,5.142857142857143,7,1.0,1.0,1.0,1.0,0.0,,,,106.95689271595558
2021-10-24,17.358333333333334,13.5,21.3,24,70.75,73.5,54,80,24,11.862472132711787,,,0,16.783333333333335,29.5,24,-8.71850946318591,0.44480105249579854,1017.7208333333333,6.2999999999999545,24,7.0,7,1.0,1.0,1.0,1.0,0.0,,,,92.92058479767076
2021-10-25,17.441666666666666,11.5,24.1,24,65.95833333333333,70.5,40,88,24,10.545032535675153,,,0,8.9,18.4,24,5.351542224388116,-1.3744340980697451,1018.7333333333332,-2.5,24,1.6666666666666667,6,1.0,1.0,1.0,1.0,0.0,,,,284.4039332004483
2021-10-26,17.929166666666667,11.5,24.1,24,63.75,65.5,44,83,24,10.516455871492262,,,0,4.575,10.8,24,0.7327720008553978,0.07913817072162066,1015.3708333333334,0.0,24,2.5,6,1.0,1.0,1.0,1.0,0.0,,,,263.83604071904153
2021-10-27,19.229166666666668,13.7,26.0,24,61.333333333333336,65.0,37,84,24,10.909210785092649,,,0,6.129166666666666,14.8,24,3.798159951592485,-1.2731019373479764,1017.1708333333332,-0.10000000000002274,24,1.2,5,1.0,1.0,1.0,1.0,0.0,,,,288.53059197349074
2021-10-28,19.045833333333334,13.0,26.7,24,61.125,64.5,34,85,24,10.6565047287171,,,0,3.2875,7.4,24,1.143566093122755,0.9321657067475219,1017.1083333333332,0.7999999999999545,24,0.16666666666666666,6,1.0,1.0,1.0,1.0,0.0,,,,230.81516916634448
2021-10-29,19.345833333333335,13.5,26.6,24,59.458333333333336,64.0,33,84,24,10.525172916326078,,,0,5.566666666666666,10.8,24,1.4188333640495936,-0.5834699275995833,1018.4291666666667,2.300000000000068,24,0.125,8,1.0,1.0,1.0,1.0,0.0,,,,292.3540416018452
2021-10-30,19.491666666666667,13.0,27.7,24,55.0,57.0,28,80,24,9.210396591536105,,,0,8.595833333333333,29.5,24,5.9437570318579676,-2.3327690791244384,1018.0541666666667,-3.2000000000000455,24,0.125,8,1.0,1.0,1.0,1.0,0.0,,,,291.4287079554822
2021-10-31,18.633333333333333,12.0,26.8,24,55.25,57.5,31,77,24,8.759520153256954,,,0,4.120833333333334,10.8,24,-1.7664261680693853,0.7653851497918368,1014.9041666666667,-2.199999999999932,24,1.4,5,1.0,1.0,1.0,1.0,0.0,,,,113.42688526703171
2021-11-01,18.341666666666665,12.9,25.0,24,57.875,60.0,37,77,24,9.430769295891611,,,0,4.979166666666667,14.8,24,-2.4688731576444707,-1.7158550726870698,1014.7291666666666,1.6000000000000227,24,3.6666666666666665,6,1.0,1.0,1.0,1.0,0.0,,,,55.200883703835075
2021-11-02,18.304166666666667,13.7,24.5,24,58.625,61.5,30,79,24,9.5146225474266,,,0,7.741666666666667,18.4,24,-4.399864295342316,0.9722153412991225,1017.375,2.2999999999999545,24,2.0,7,1.0,1.0,1.0,1.0,0.0,,,,102.46013739510153
2021-11-03,18.325,12.8,25.8,24,56.958333333333336,60.0,34,77,24,9.032471454427156,,,0,4.366666666666666,11.2,24,0.8645310312509537,-0.5548668331183343,1017.75,-1.7999999999999545,24,1.1666666666666667,6,1.0,1.0,1.0,1.0,0.0,,,,302.69285534168125
2021-11-04,18.033333333333335,12.8,25.0,24,58.0,61.5,37,77,24,9.162250534310315,,,0,6.1375,11.1,24,-0.7135785073662797,-1.0773797569486003,1015.8333333333334,-1.1000000000000227,24,3.5,4,1.0,1.0,1.0,1.0,0.0,,,,33.517613776258315
2021-11-05,17.349999999999998,14.0,22.1,24,62.0,64.5,46,75,24,9.802059222481327,,,0,9.55,16.7,24,-5.6820007332600655,-6.577790472324146,1015.7291666666666,0.7999999999999545,24,5.833333333333333,6,1.0,1.0,1.0,1.0,0.0,,,,40.82097903819357
2021-11-06,17.775000000000002,12.5,25.0,24,57.875,62.0,31,80,24,8.624120491440497,,,0,9.420833333333333,24.1,24,7.598698128416771,-2.619023376229496,1014.7458333333334,-2.8999999999999773,24,1.875,8,1.0,1.0,1.0,1.0,0.0,,,,289.01740196557876
2021-11-07,17.491666666666667,11.2,26.0,24,55.083333333333336,60.5,27,76,24,7.56273435488155,,,0,5.904166666666668,16.7,24,3.147136296875154,-1.4279151574205142,1013.4791666666666,1.3999999999999773,24,0.0,4,1.0,1.0,1.0,1.0,0.0,,,,294.4046928099904
2021-11-08,17.712500000000002,11.0,26.0,24,52.708333333333336,58.0,27,74,24,7.030780244784011,,,0,7.829166666666667,29.5,24,6.297089473577216,-2.3910214960264664,1015.3291666666668,1.0,24,0.0,6,1.0,1.0,1.0,1.0,0.0,,,,290.7919018412287
2021-11-09,17.845833333333335,11.2,26.5,24,54.166666666666664,57.0,28,78,24,7.627921008294085,,,0,5.229166666666667,11.1,24,1.9465811476111412,-1.834595473891957,1015.7208333333333,0.09999999999990905,24,1.5,6,1.0,1.0,1.0,1.0,0.0,,,,313.30358851486915
2021-11-10,17.929166666666667,11.6,26.2,24,55.041666666666664,57.5,30,75,24,7.981270875703399,,,0,8.424999999999999,83.2,24,1.1331598754696242,-6.184005796474715,1015.2708333333334,-0.6000000000000227,24,0.125,8,1.0,1.0,1.0,1.0,0.0,,,,349.61629219721516
2021-11-11,17.804166666666667,11.5,26.0,24,55.083333333333336,56.0,27,80,24,7.738821987682925,,,0,6.529166666666666,22.2,24,4.814002117514611,-1.8790913261081463,1014.8708333333334,0.6000000000000227,24,0.0,5,1.0,1.0,1.0,1.0,0.0,,,,291.3226257570347
2021-11-12,17.329166666666666,11.0,26.0,24,50.791666666666664,54.5,22,73,24,5.985946394991795,,,0,6.670833333333333,18.4,24,4.021110675483942,-2.1663547913542387,1015.1666666666666,1.2000000000000455,24,0.0,8,1.0,1.0,1.0,1.0,0.0,,,,298.3133616837534
2021-11-13,16.629166666666666,10.3,25.5,24,53.416666666666664,57.0,26,75,24,6.151010082964979,,,0,5.358333333333333,16.7,24,3.3734317877640323,-1.8149476420962198,1015.2624999999999,-0.8999999999999773,24,0.0,4,1.0,1.0,1.0,1.0,0.0,,,,298.2807960187111
2021-11-14,16.208333333333332,9.9,24.2,24,55.041666666666664,56.0,30,77,24,6.415727672442306,,,0,4.183333333333334,10.8,24,-1.024731024603049,-0.4418074163297812,1013.7541666666666,0.5,24,0.0,6,1.0,1.0,1.0,1.0,0.0,,,,66.6769631621338
2021-11-15,15.854166666666666,10.0,24.4,24,53.916666666666664,59.0,29,74,24,5.716640556793158,,,0,6.733333333333333,18.5,24,3.769996093244602,-2.306883024936542,1013.9541666666668,-0.10000000000002274,24,0.0,5,1.0,1.0,1.0,1.0,0.0,,,,301.4627115905905
2021-11-16,15.004166666666668,8.8,23.0,24,55.833333333333336,60.5,27,78,24,5.381244230904387,,,0,4.316666666666666,9.0,24,0.31670473954623224,-1.2793641686575874,1014.6958333333333,2.5,24,1.375,8,1.0,1.0,1.0,1.0,0.0,,,,346.0960283365835
2021-11-17,15.025,8.0,23.5,24,57.791666666666664,59.0,26,80,24,5.960224864077827,,,0,3.8833333333333333,10.8,24,-1.1758587822318078,-0.060817250112692435,1016.9166666666666,1.0,24,2.142857142857143,7,1.0,1.0,1.0,1.0,0.0,,,,87.03921119789038
2021-11-18,15.4,9.9,23.0,24,56.041666666666664,57.0,28,76,24,6.02315340814937,,,0,4.570833333333334,11.1,24,1.3207494182512163,-1.7184803995377755,1015.5041666666666,-2.099999999999909,24,3.5,8,1.0,1.0,1.0,1.0,0.0,,,,322.4556841607756
2021-11-19,15.195833333333333,9.3,23.5,24,55.083333333333336,58.5,26,76,24,5.415579782573396,,,0,4.816666666666667,14.8,24,3.2981369889651737,-1.0859140816566002,1013.6666666666666,-1.6000000000000227,24,0.0,5,1.0,1.0,1.0,1.0,0.0,,,,288.2241683684078
2021-11-20,15.125,8.6,23.5,24,55.333333333333336,57.5,26,78,24,5.385070090964718,,,0,3.716666666666667,9.0,24,0.7149133051435151,-0.5235825485623811,1013.5916666666667,3.6000000000000227,24,0.0,8,1.0,1.0,1.0,1.0,0.0,,,,306.2180063775943
2021-11-21,15.0625,8.8,24.0,24,55.833333333333336,58.0,29,78,24,5.378647807463696,,,0,6.516666666666667,18.5,24,4.875295094897349,-1.6697101157778,1015.9208333333332,2.0,24,0.0,7,1.0,1.0,1.0,1.0,0.0,,,,288.90550681845434
2021-11-22,14.641666666666666,7.9,24.5,24,55.333333333333336,56.5,22,83,24,4.544161104582419,,,0,7.504166666666666,23.8,24,4.732592897725207,-1.9739987036367752,1014.9416666666666,-2.0,24,0.0,7,1.0,1.0,1.0,1.0,0.0,,,,292.64136980740176
2021-11-23,14.741666666666667,7.7,24.0,24,54.666666666666664,58.5,21,80,24,4.648869644409078,,,0,3.725,10.8,24,0.265672443062067,-0.5226375031284988,1012.4916666666667,-4.0,24,0.0,7,1.0,1.0,1.0,1.0,0.0,,,,333.05439279062216
2021-11-24,15.445833333333333,9.1,23.5,24,56.041666666666664,61.5,29,76,24,6.0438218922923275,,,0,3.9499999999999997,7.4,24,-1.9781681057686609,-0.11084823886243012,1014.4375,3.199999999999932,24,4.5,6,1.0,1.0,1.0,1.0,0.0,,,,86.79273910829727
2021-11-25,15.779166666666667,10.0,23.8,24,57.625,63.0,30,79,24,6.731653394905368,,,0,5.641666666666667,14.8,24,2.5479116981484435,-1.6705836215950083,1016.5208333333334,0.7999999999999545,24,0.8571428571428571,7,1.0,1.0,1.0,1.0,0.0,,,,303.2515650221665
2021-11-26,14.716666666666667,9.0,22.4,24,58.541666666666664,64.0,29,79,24,6.039281041892788,,,0,4.195833333333334,14.8,24,-2.777582664347785,0.9682828252605099,1015.9083333333333,1.2000000000000455,24,1.6666666666666667,6,1.0,1.0,1.0,1.0,0.0,,,,109.21887686261272
2021-11-27,14.9125,9.1,23.0,24,61.291666666666664,67.5,34,82,24,6.942566785668574,,,0,2.35,7.4,24,-1.2706257656216622,0.9737964743127426,1017.1666666666666,1.6999999999999318,24,1.0,7,1.0,1.0,1.0,1.0,0.0,,,,127.46623984390425
2021-11-28,14.945833333333333,9.5,22.2,24,62.125,66.5,32,82,24,7.138312815130649,,,0,4.604166666666667,11.2,24,1.6937431901687028,-1.346982719664133,1019.6833333333334,1.2000000000000455,24,1.0,4,1.0,1.0,1.0,1.0,0.0,,,,308.4941682859412
2021-11-29,14.770833333333334,8.9,23.1,24,59.458333333333336,62.5,30,83,24,6.122488268823353,,,0,7.683333333333334,22.2,24,6.013930719842513,-1.8211104554237636,1020.25,-1.0,24,0.3333333333333333,6,1.0,1.0,1.0,1.0,0.0,,,,286.84711731211206
2021-11-30,14.433333333333335,8.0,23.0,24,60.541666666666664,61.5,32,87,24,6.087274927928764,,,0,4.420833333333333,13.0,24,2.133067923027372,0.49710326992596193,1018.2291666666666,0.5,24,0.7142857142857143,7,1.0,1.0,1.0,1.0,0.0,,,,256.88158341260424
2021-12-01,14.179166666666667,8.0,22.6,24,58.666666666666664,64.0,29,78,24,5.503930083398864,,,0,3.420833333333334,10.8,24,-0.540659278848519,0.9797389638454964,1019.1875,0.8999999999999773,24,0.5714285714285714,7,1.0,1.0,1.0,1.0,0.0,,,,151.10832345368112
2021-12-02,14.1625,8.0,22.0,24,60.291666666666664,64.5,29,80,24,5.8649429794151215,,,0,2.6416666666666666,7.2,24,0.5738064481181981,0.27236043068208965,1018.9416666666666,-1.1999999999999318,24,0.0,4,1.0,1.0,1.0,1.0,0.0,,,,244.6083852031062
2021-12-03,14.487499999999999,8.5,22.7,24,59.875,61.0,34,81,24,6.1278317129781,,,0,2.725,7.4,24,-0.6176645702947429,0.5971377458112935,1019.1625,2.1000000000000227,24,1.3333333333333333,6,1.0,1.0,1.0,1.0,0.0,,,,134.03195072895522
2021-12-04,15.112499999999999,9.8,22.5,24,57.791666666666664,61.0,35,75,24,6.347007177687935,,,0,4.7875000000000005,10.8,24,-0.6463635991637906,0.5932904945178886,1018.1374999999999,-3.2999999999999545,24,4.571428571428571,7,1.0,1.0,1.0,1.0,0.0,,,,132.54850239951168
2021-12-05,14.200000000000001,11.7,18.2,24,70.25,72.0,57,79,24,8.778123751017903,,,0,9.604166666666666,14.8,24,-6.787894598394633,-5.193802129585917,1018.5041666666666,2.3999999999999773,24,6.142857142857143,7,1.0,1.0,1.0,1.0,0.0,,,,52.578352901788435
2021-12-06,13.583333333333334,9.4,20.0,24,69.75,75.0,43,89,24,7.799344341992427,,,0,8.225,22.0,24,6.198317491379567,-1.9064336848754182,1020.0,0.5,24,2.4285714285714284,7,1.0,1.0,1.0,1.0,0.0,,,,287.09647213978207
2021-12-07,12.845833333333333,7.2,20.0,24,66.625,68.5,35,88,24,6.190711856000958,,,0,4.029166666666667,11.1,24,1.3896956623339694,-0.6878838941565802,1020.4499999999999,-1.0,24,3.75,8,1.0,1.0,1.0,1.0,0.0,,,,296.3348980866921
2021-12-08,13.1,7.0,22.0,24,61.041666666666664,63.5,26,84,24,5.034395615921334,,,0,3.875,11.1,24,1.5891094382852315,0.21158354729413986,1019.3125,0.7000000000000455,24,0.6666666666666666,6,1.0,1.0,1.0,1.0,0.0,,,,262.4159034531699
2021-12-09,13.191666666666668,6.8,21.6,24,57.041666666666664,60.0,29,79,24,4.039063417173628,,,0,4.829166666666667,16.7,24,3.887319384080668,-0.046204375797836046,1021.9041666666667,2.7999999999999545,24,0.2857142857142857,7,1.0,1.0,1.0,1.0,0.0,,,,270.68098111079325
2021-12-10,12.816666666666668,6.4,22.0,24,56.791666666666664,59.5,26,82,24,3.490842871890162,,,0,5.279166666666667,18.5,24,3.0980312657488334,-0.7982608212076059,1022.1666666666666,-1.8000000000000682,24,0.0,7,1.0,1.0,1.0,1.0,0.0,,,,284.4489450823254
2021-12-11,11.754166666666668,5.1,20.0,24,57.833333333333336,62.5,25,82,24,2.883142703679539,,,0,3.341666666666667,7.2,24,0.11437446515928257,-0.25826257554193344,1020.6999999999999,0.1999999999999318,24,0.16666666666666666,6,1.0,1.0,1.0,1.0,0.0,,,,336.1133073982871
2021-12-12,11.283333333333333,6.1,19.0,24,59.583333333333336,65.0,30,78,24,3.0899792141528426,,,0,2.495833333333333,7.4,24,-0.2783909890267383,0.08729713643374648,1021.1333333333333,0.0,24,3.6666666666666665,6,1.0,1.0,1.0,1.0,0.0,,,,107.41024841798156
2021-12-13,11.166666666666666,5.7,19.0,24,61.791666666666664,62.0,30,81,24,3.5586130870989816,,,0,2.9000000000000004,14.8,24,-0.8940469472483589,1.5810322436814508,1020.1708333333332,-1.900000000000091,24,0.5714285714285714,7,1.0,1.0,1.0,1.0,0.0,,,,150.51257620283536
2021-12-14,10.420833333333333,5.7,16.5,24,66.875,69.0,46,84,24,4.263814326265996,,,0,5.904166666666668,14.8,24,-5.097621291503311,1.248309762108917,1019.9375,2.3999999999999773,24,1.0,7,1.0,1.0,1.0,1.0,0.0,,,,103.75985951884854
2021-12-15,10.408333333333333,6.0,17.0,24,64.875,69.5,38,82,24,3.682717425570057,,,0,7.858333333333333,14.8,24,1.8689246096601446,-2.975431734447678,1020.8249999999999,-2.3999999999999773,24,0.8571428571428571,7,1.0,1.0,1.0,1.0,0.0,,,,327.8662977728141
2021-12-16,9.125,4.5,15.5,24,65.29166666666667,71.0,41,85,24,2.5155385514188535,,,0,6.9750000000000005,44.3,24,-2.624072996278604,-0.3416476196145137,1020.9416666666666,5.7000000000000455,24,2.2857142857142856,7,1.0,1.0,1.0,1.0,0.0,,,,82.581962966111
2021-12-17,8.8125,3.0,16.1,24,60.916666666666664,62.5,32,87,24,0.8248893947514139,,,0,8.887500000000001,24.1,24,6.6708365113163985,-1.619312992363666,1023.4458333333333,-0.5,24,0.625,8,1.0,1.0,1.0,1.0,0.0,,,,283.64435787680645
2021-12-18,8.5875,2.2,16.8,24,59.416666666666664,60.5,29,84,24,0.2503279544407075,,,0,4.525,13.0,24,2.497479449037126,-0.5354305120206423,1022.9083333333333,-0.7000000000000455,24,0.0,5,1.0,1.0,1.0,1.0,0.0,,,,282.1003796819382
2021-12-19,8.341666666666667,2.0,16.5,24,59.791666666666664,60.0,29,84,24,0.1737796652520591,,,0,3.045833333333334,11.1,24,2.390706886475285,-0.41638348276245085,1022.7041666666668,0.09999999999990905,24,2.0,3,1.0,1.0,1.0,1.0,0.0,,,,279.8799585603229
2021-12-20,9.254166666666666,3.4,16.6,24,57.416666666666664,57.5,33,77,24,0.7008844126130797,,,0,2.3666666666666667,9.3,24,-0.7124455500471717,1.1151927424905201,1020.7208333333333,-2.6000000000000227,24,4.5,6,1.0,1.0,1.0,1.0,0.0,,,,147.42735493532382
2021-12-21,11.058333333333332,4.1,23.1,24,55.166666666666664,57.5,23,79,24,1.5476228068388462,,,0,3.1208333333333336,13.0,24,1.9667358443140983,0.8355580856402716,1019.6666666666666,-1.6999999999999318,24,3.1666666666666665,6,1.0,1.0,1.0,1.0,0.0,,,,246.98202573396708
2021-12-22,11.508333333333333,5.6,18.4,24,55.541666666666664,56.0,32,76,24,2.3620669594335806,,,0,3.1833333333333336,10.8,24,-0.11360995396971703,0.7861828844240358,1017.1166666666667,-2.5,24,6.125,8,1.0,1.0,1.0,1.0,0.0,,,,171.77720677216917
2021-12-23,12.466666666666667,7.8,20.0,24,58.5,62.5,35,75,24,4.072692984597288,,,0,4.575,10.8,24,1.4176855939569604,-0.39619410363957286,1016.0749999999999,-6.100000000000023,24,3.142857142857143,7,1.0,1.0,1.0,1.0,0.0,,,,285.61384022779225
2021-12-24,12.220833333333333,6.5,19.5,24,60.125,64.5,34,82,24,4.131022839555221,,,0,3.8000000000000003,14.8,24,0.9860985370461256,-0.11729243266514777,1016.3249999999999,1.0,24,1.2857142857142858,7,1.0,1.0,1.0,1.0,0.0,,,,276.7832310100781
2021-12-25,12.104166666666666,6.7,19.8,24,61.666666666666664,70.0,34,80,24,4.405562324501004,,,0,3.191666666666667,9.3,24,-0.514620808004428,0.3006015888104836,1018.0749999999999,0.8999999999999773,24,3.25,4,1.0,1.0,1.0,1.0,0.0,,,,120.29016146471162
2021-12-26,10.958333333333334,8.0,15.1,24,69.375,69.0,53,81,24,5.452691530340318,,,0,8.762500000000001,18.4,24,-6.027809977182556,-0.6846808716810261,1020.0749999999999,3.6000000000000227,24,6.833333333333333,6,1.0,1.0,1.0,1.0,0.0,,,,83.51971840754061
2021-12-27,10.258333333333333,7.5,14.3,24,74.66666666666667,75.5,60,83,24,5.885285608897719,,,0,10.262500000000001,29.5,24,-5.788085068079333,-6.896892739087343,1023.0791666666668,2.2000000000000455,24,5.714285714285714,7,1.0,1.0,1.0,1.0,0.0,,,,40.00441119803031
2021-12-28,9.966666666666667,4.5,16.5,24,69.91666666666667,72.0,42,93,24,4.2163619720437415,,,0,7.133333333333333,22.0,24,5.200484396169386,-0.9511386464075708,1021.6999999999999,-2.1000000000000227,24,1.4285714285714286,7,1.0,1.0,1.0,1.0,0.0,,,,280.36451587878787
2021-12-29,9.645833333333334,3.2,17.5,24,63.166666666666664,65.5,33,88,24,2.180914188672958,,,0,7.5125,22.0,24,6.526817012899529,-0.8902406818749387,1021.2333333333332,2.099999999999909,24,0.8333333333333334,6,1.0,1.0,1.0,1.0,0.0,,,,277.76706357954123
2021-12-30,9.512500000000001,4.0,17.2,24,60.541666666666664,61.5,29,82,24,1.5595398575804538,,,0,3.2625000000000006,10.8,24,0.7187820191805562,0.07331671464877824,1025.4125000000001,4.399999999999977,24,5.142857142857143,7,1.0,1.0,1.0,1.0,0.0,,,,264.1758976400743
2021-12-31,10.216666666666667,4.5,17.7,24,58.583333333333336,62.0,33,80,24,1.8237893428377303,,,0,3.7291666666666665,11.1,24,2.597062036358609,0.3139313045002123,1025.3416666666667,-3.400000000000091,24,5.0,6,1.0,1.0,1.0,1.0,0.0,,,,263.1075610331348
2022-01-01,9.65,4.8,15.0,24,63.416666666666664,65.0,37,82,24,2.623419543337887,,,0,3.454166666666667,9.3,24,1.9458408604065578,-0.07727337107062338,1024.05,-0.7000000000000455,24,6.166666666666667,6,1.0,1.0,1.0,1.0,0.0,,,,272.274139110041
2022-01-02,10.924999999999999,6.2,19.0,24,61.916666666666664,67.5,34,82,24,3.3830900074851535,,,0,5.916666666666667,18.4,24,4.365948311130196,-0.29645947411959345,1022.7958333333332,-2.0,24,3.75,4,1.0,1.0,1.0,1.0,0.0,,,,273.884572479423
2022-01-03,10.679166666666667,6.6,15.8,24,64.66666666666667,65.5,38,82,24,3.938349159865862,,,0,6.416666666666667,18.4,24,3.027090747406085,-0.7535540483033837,1020.9083333333333,-1.2000000000000455,24,6.333333333333333,6,1.0,1.0,1.0,1.0,0.0,,,,283.97889141303443
2022-01-04,10.487499999999999,9.1,12.4,24,79.66666666666667,79.0,68,100,24,7.0584363958024,,,0,10.05,14.8,24,-5.966506929198901,-2.569141246813039,1020.6916666666666,-0.6999999999999318,24,7.2,5,1.0,1.0,1.0,1.0,0.0,,,,66.70358533006288
2022-01-05,9.729166666666666,9.0,10.5,24,94.20833333333333,94.5,86,100,24,8.821230151052662,,,0,12.15,20.4,24,-8.842373863359292,-6.960096698192259,1018.7624999999999,-2.7999999999999545,24,7.8,5,1.0,1.0,1.0,1.0,0.0,,,,51.79265927401542
2022-01-06,10.375,8.3,13.1,24,89.29166666666667,90.0,77,100,24,8.64995771705777,,,0,5.804166666666667,10.8,24,-1.1956781107385375,-4.136497246768213,1019.2166666666667,0.5,24,7.2,5,1.0,1.0,1.0,1.0,0.0,,,,16.122239255215845
2022-01-07,9.670833333333333,9.0,11.0,24,96.08333333333333,96.5,90,100,24,9.07040758980831,,,0,14.466666666666667,25.9,24,-8.54822812895217,-9.707951010391115,1018.4083333333333,-2.0,24,7.5,6,1.0,1.0,1.0,1.0,0.0,,,,41.365172526632534
2022-01-08,10.424999999999999,8.8,14.5,24,87.41666666666667,93.5,55,100,24,8.241272394617468,,,0,20.491666666666667,40.7,24,-17.503954731176297,-5.398263505708556,1016.8291666666668,2.2999999999999545,24,7.428571428571429,7,1.0,1.0,1.0,1.0,0.0,,,,72.86010633760509
2022-01-09,10.370833333333334,6.6,15.1,24,77.0,78.5,54,94,24,6.314057812717597,,,0,6.504166666666666,18.4,24,0.6355414147643992,-1.0407777870376274,1018.6625,-0.6999999999999318,24,7.0,5,1.0,1.0,1.0,1.0,0.0,,,,328.59005683987425
2022-01-10,9.958333333333334,5.3,15.0,24,74.58333333333333,78.5,36,93,24,5.293164108049003,,,0,5.5874999999999995,23.8,24,-1.0495180274359883,-0.44224405493587254,1019.9,3.2000000000000455,24,3.2,5,1.0,1.0,1.0,1.0,0.0,,,,67.15050125168239
2022-01-11,10.183333333333334,4.8,17.0,24,70.33333333333333,71.0,38,93,24,4.416798516195052,,,0,6.3625,20.4,24,5.532173968354861,-0.6021073636252522,1020.7041666666668,-3.6000000000000227,24,0.5714285714285714,7,1.0,1.0,1.0,1.0,0.0,,,,276.21147380770424
2022-01-12,9.904166666666667,3.9,17.0,24,65.125,66.5,34,88,24,3.0251509494429114,,,0,3.9583333333333335,11.1,24,2.0497729793190955,0.495041781043013,1019.3083333333334,0.2999999999999545,24,4.0,7,1.0,1.0,1.0,1.0,0.0,,,,256.42246083337204
2022-01-13,10.75,5.5,17.6,24,62.041666666666664,63.0,34,86,24,3.1284981997922965,,,0,3.2708333333333335,10.8,24,2.0264922799852987,0.5238983225047753,1018.9375,0.6000000000000227,24,3.2857142857142856,7,1.0,1.0,1.0,1.0,0.0,,,,255.50498799942915
2022-01-14,10.5375,5.1,18.0,24,62.875,67.0,32,86,24,3.1708915911604474,,,0,4.995833333333334,14.8,24,3.3698757853979866,0.3147213560839494,1020.2041666666668,1.099999999999909,24,2.0,7,1.0,1.0,1.0,1.0,0.0,,,,264.66447650510037
2022-01-15,9.9625,4.3,16.6,24,65.375,67.5,41,85,24,3.298503830796822,,,0,3.8083333333333336,13.0,24,2.1154540674140057,0.8138130904485782,1021.4583333333334,1.3999999999999773,24,4.4,5,1.0,1.0,1.0,1.0,0.0,,,,248.95831503772183
2022-01-16,10.329166666666667,5.5,16.2,24,67.79166666666667,73.0,43,85,24,4.355452178565508,,,0,3.8666666666666667,9.3,24,-0.7565042060489456,0.7931530158345899,1021.5208333333334,-0.10000000000002274,24,6.142857142857143,7,1.0,1.0,1.0,1.0,0.0,,,,136.35477107224028
2022-01-17,9.783333333333333,7.3,13.8,24,78.20833333333333,80.0,63,87,24,6.104768272023661,,,0,4.2,14.8,24,-1.915449889706787,2.4053025708351505,1022.725,1.2999999999999545,24,7.0,7,1.0,1.0,1.0,1.0,0.0,,,,141.46812379308767
2022-01-18,10.924999999999999,6.0,18.0,24,76.08333333333333,77.5,47,100,24,6.463020068988118,,,0,7.654166666666666,23.8,24,5.544832314434461,0.13574150527851522,1020.6583333333333,-5.2999999999999545,24,4.166666666666667,6,1.0,1.0,1.0,1.0,0.0,,,,268.5976379823055
2022-01-19,10.700000000000001,8.0,13.5,24,82.375,82.0,75,88,24,7.800162639733419,,,0,8.5375,14.8,24,-1.3203407307776311,-4.063430583751987,1017.3666666666667,-3.7999999999999545,24,7.0,7,1.0,1.0,1.0,1.0,0.0,,,,18.000664472793176
2022-01-20,11.320833333333333,8.0,15.6,24,83.66666666666667,86.5,65,100,24,8.528754637871604,,,0,5.4375,13.0,24,1.2054301938425886,-0.8858248480033896,1013.4291666666667,-2.7999999999999545,24,3.8333333333333335,6,1.0,1.0,1.0,1.0,0.0,,,,306.3107526898836
2022-01-21,10.35,7.4,13.5,24,85.45833333333333,87.5,68,94,24,7.942576364367738,,,0,9.6625,18.5,24,-7.01873811369062,-3.4295991772785785,1013.4250000000001,-1.8999999999999773,24,6.6,5,1.0,1.0,1.0,1.0,0.0,,,,63.958259134945365
2022-01-22,9.391666666666667,8.5,10.0,24,89.58333333333333,89.0,82,97,24,7.756493675106873,,,0,15.420833333333334,20.4,24,-10.801270013613006,-9.072695009348292,1010.1666666666666,-2.0,24,7.4,5,1.0,1.0,1.0,1.0,0.0,,,,49.970897079448946
2022-01-23,9.045833333333333,8.0,10.5,24,91.66666666666667,93.5,81,100,24,7.737597284360086,,,0,10.3625,18.5,24,-7.63913968205452,-6.705758579323689,1011.8708333333334,3.900000000000091,24,8.0,8,1.0,1.0,1.0,1.0,0.0,,,,48.72282301680531
2022-01-24,10.424999999999999,7.1,14.6,24,83.70833333333333,87.0,61,100,24,7.595974821453048,,,0,7.354166666666667,13.0,24,1.885662527879079,-3.8283773524218643,1015.3125,2.8999999999999773,24,5.833333333333333,6,1.0,1.0,1.0,1.0,0.0,,,,333.7775053032966
2022-01-25,10.325000000000001,6.1,16.0,24,77.04166666666667,77.0,53,93,24,6.219152737641839,,,0,7.05,23.8,24,4.713302660534384,-0.8026560143256433,1016.5291666666667,1.3000000000000682,24,1.2857142857142858,7,1.0,1.0,1.0,1.0,0.0,,,,279.6645208968485
2022-01-26,10.266666666666667,5.3,16.4,24,67.70833333333333,69.0,45,87,24,4.168318403910108,,,0,6.441666666666666,16.7,24,3.247381211910397,-0.1715541070171943,1017.0041666666666,2.300000000000068,24,0.16666666666666666,6,1.0,1.0,1.0,1.0,0.0,,,,273.02403595056694
2022-01-27,10.279166666666667,4.5,17.1,24,62.916666666666664,62.5,36,86,24,2.9040585406886255,,,0,9.533333333333333,27.8,24,8.782577991485596,-0.730788921414634,1018.625,1.5,24,0.0,4,1.0,1.0,1.0,1.0,0.0,,,,274.75656301564476
2022-01-28,10.129166666666666,4.7,17.2,24,61.833333333333336,64.0,34,85,24,2.4572404517331186,,,0,6.366666666666667,18.4,24,5.1537175444585515,-0.5602053083478656,1018.8041666666667,-0.09999999999990905,24,0.6666666666666666,6,1.0,1.0,1.0,1.0,0.0,,,,276.20365247594134
2022-01-29,11.241666666666667,5.3,18.6,24,59.666666666666664,61.0,34,86,24,3.076357067178441,,,0,6.529166666666668,18.5,24,5.609366742483087,0.1602843510024716,1018.3708333333334,-0.5,24,0.4,5,1.0,1.0,1.0,1.0,0.0,,,,268.36325221462613
2022-01-30,11.558333333333332,6.0,17.7,24,61.875,64.5,39,86,24,3.9586386647795013,,,0,7.541666666666667,20.4,24,6.02607725453563,0.3213523740881687,1014.6041666666666,-6.199999999999932,24,4.857142857142857,7,1.0,1.0,1.0,1.0,0.0,,,,266.9474816774639
2022-01-31,12.083333333333334,6.5,18.5,24,60.541666666666664,62.0,38,86,24,4.141098914402577,,,0,6.658333333333334,16.7,24,1.312276694685389,1.200744333739082,1012.3958333333334,2.0,24,5.25,8,1.0,1.0,1.0,1.0,0.0,,,,227.54122137041526
2022-02-01,12.4625,7.3,19.6,24,60.0,63.0,33,85,24,4.222403462940613,,,0,12.9375,31.5,24,9.287976037338376,-3.1964650662926335,1013.7708333333334,-2.0,24,1.2,5,1.0,1.0,1.0,1.0,0.0,,,,288.9909464120803
2022-02-02,11.391666666666666,7.2,16.0,24,64.79166666666667,68.5,44,81,24,4.725918298859828,,,0,8.820833333333333,25.6,24,-3.7325312360500296,-2.769165875390172,1011.7541666666666,-0.39999999999997726,24,6.6,5,1.0,1.0,1.0,1.0,0.0,,,,53.42827089028583
2022-02-03,11.054166666666667,8.1,14.7,24,74.125,75.0,50,95,24,6.399682420707833,,,0,12.320833333333333,20.4,24,-7.080745808159311,-1.5026108123233943,1010.9375,-1.3999999999999773,24,6.285714285714286,7,1.0,1.0,1.0,1.0,0.0,,,,78.01895503707385
2022-02-04,10.429166666666667,5.8,15.7,24,70.95833333333333,74.5,47,91,24,5.079831459123343,,,0,7.420833333333333,18.5,24,2.1887702854498063,0.3932842663681466,1011.1208333333334,4.2999999999999545,24,3.0,6,1.0,1.0,1.0,1.0,0.0,,,,259.8136338229887
2022-02-05,11.129166666666668,5.2,16.0,24,70.70833333333333,72.0,50,100,24,5.644952278585428,,,0,7.191666666666666,18.4,24,4.311314971310397,1.1739771524823657,1015.1208333333334,2.8999999999999773,24,2.7142857142857144,7,1.0,1.0,1.0,1.0,0.0,,,,254.76759456319235
2022-02-06,12.137500000000001,8.8,16.0,24,73.83333333333333,75.0,58,86,24,7.471445004606044,,,0,7.0874999999999995,25.9,24,-4.489492633372235,2.9140802715443197,1017.2375000000001,0.3000000000000682,24,7.0,4,1.0,1.0,1.0,1.0,0.0,,,,122.9871587031214
2022-02-07,13.370833333333332,9.2,19.5,24,66.75,66.5,42,86,24,6.935760658279754,,,0,10.291666666666666,22.0,24,2.618483296781778,-4.649351038257521,1017.7291666666666,-0.6999999999999318,24,3.8333333333333335,6,1.0,1.0,1.0,1.0,0.0,,,,330.6120804731003
2022-02-08,12.654166666666667,7.7,18.5,24,62.666666666666664,62.5,40,80,24,5.294791077538117,,,0,6.591666666666668,16.7,24,2.644105973141268,2.490640071182258,1015.7333333333332,-1.6000000000000227,24,3.0,7,1.0,1.0,1.0,1.0,0.0,,,,226.71193115105348
2022-02-09,13.158333333333333,8.5,18.8,24,59.083333333333336,60.0,38,82,24,4.83545960926456,,,0,11.358333333333334,22.2,24,4.9038448357333735,-2.2090851162560288,1016.7708333333334,4.100000000000023,24,4.4,5,1.0,1.0,1.0,1.0,0.0,,,,294.2506225060746
2022-02-10,12.679166666666667,7.0,19.5,24,53.25,53.5,30,75,24,2.689414695274029,,,0,10.9125,33.1,24,9.433341067532698,-0.8800698998518296,1019.6208333333334,0.599999999999909,24,0.5,6,1.0,1.0,1.0,1.0,0.0,,,,275.3298992813297
2022-02-11,12.525,5.8,20.2,24,50.791666666666664,51.0,24,76,24,1.5070822584568166,,,0,11.295833333333334,27.8,24,9.078273859992622,-1.3724338141246333,1018.0958333333333,-2.400000000000091,24,0.6666666666666666,6,1.0,1.0,1.0,1.0,0.0,,,,278.5967543168979
2022-02-12,13.029166666666667,6.2,21.2,24,51.791666666666664,56.5,23,76,24,2.301643889396308,,,0,5.120833333333334,14.8,24,3.126161809948583,-0.5459281297977171,1015.8249999999999,-2.2000000000000455,24,0.7142857142857143,7,1.0,1.0,1.0,1.0,0.0,,,,279.9057901972196
2022-02-13,13.404166666666667,7.0,20.5,24,53.666666666666664,53.5,23,81,24,3.2942798580515067,,,0,4.508333333333334,11.1,24,2.3213438847905423,1.3033299378888026,1014.4958333333334,0.09999999999990905,24,2.6666666666666665,6,1.0,1.0,1.0,1.0,0.0,,,,240.68775337499608
2022-02-14,14.016666666666666,9.0,19.0,24,56.583333333333336,59.5,40,75,24,5.155848183110078,,,0,6.283333333333334,13.0,24,1.5021768038235024,1.1684788963885577,1014.9083333333333,0.1999999999999318,24,4.666666666666667,6,1.0,1.0,1.0,1.0,0.0,,,,232.1221845830292
2022-02-15,14.533333333333333,9.3,21.0,24,59.291666666666664,59.5,40,79,24,6.211577253725338,,,0,7.658333333333334,14.8,24,1.368117275298573,1.0807220746496917,1015.225,3.7000000000000455,24,3.4285714285714284,7,1.0,1.0,1.0,1.0,0.0,,,,231.69360003268883
2022-02-16,14.829166666666666,9.5,21.5,24,56.791666666666664,57.5,34,76,24,5.831750027797038,,,0,9.295833333333333,20.4,24,4.667412393128809,-0.411600972867111,1013.6583333333333,-2.6000000000000227,24,2.375,8,1.0,1.0,1.0,1.0,0.0,,,,275.0396551523279
2022-02-17,14.5,9.0,22.5,24,54.458333333333336,56.0,24,74,24,4.8143997821964035,,,0,8.766666666666667,29.5,24,3.206664587402095,-1.934970192083468,1012.9375,1.8000000000000682,24,4.666666666666667,6,1.0,1.0,1.0,1.0,0.0,,,,301.1076820616051
2022-02-18,14.220833333333333,10.0,19.5,24,57.375,58.5,37,76,24,5.4631003627824155,,,0,11.604166666666666,29.5,24,9.703007704205811,0.10151403532705461,1015.1666666666666,1.7999999999999545,24,6.166666666666667,6,1.0,1.0,1.0,1.0,0.0,,,,269.4005865226222
2022-02-19,14.583333333333334,8.0,21.9,24,51.666666666666664,51.5,25,76,24,3.8379090154845095,,,0,10.391666666666667,27.8,24,8.805369385083516,-1.2321535326521837,1015.9708333333333,0.7000000000000455,24,3.0,8,1.0,1.0,1.0,1.0,0.0,,,,277.9657928676536
2022-02-20,15.170833333333334,7.9,23.1,24,43.958333333333336,39.5,19,72,24,1.4661708804064633,,,0,18.791666666666668,53.6,24,15.81702736398826,-8.868867621598097,1009.9833333333332,-6.699999999999932,24,0.0,6,1.0,1.0,1.0,1.0,0.0,,,,299.2800669773017
2022-02-21,15.987499999999999,8.9,23.0,24,38.375,36.5,18,62,24,0.6925298138828953,,,0,8.9625,20.4,24,4.929255946254526,-0.8349975758611771,1008.3125,2.2999999999999545,24,3.2857142857142856,7,1.0,1.0,1.0,1.0,0.0,,,,279.6144224437842
2022-02-22,15.758333333333333,13.1,20.0,24,47.791666666666664,47.0,35,60,24,4.546606271412519,,,0,17.55,29.6,24,-5.424828470529367,-12.458259979387124,1010.3583333333332,-0.10000000000002274,24,7.0,7,1.0,1.0,1.0,1.0,0.0,,,,23.530250090535844
2022-02-23,13.487499999999999,12.0,15.2,24,72.875,72.5,64,88,24,8.677032854471515,,,0,16.25,25.9,24,-12.583578513003886,-5.596953945684557,1015.3583333333332,8.299999999999955,24,7.0,5,1.0,1.0,1.0,1.0,0.0,,,,66.02134475688354
2022-02-24,13.483333333333334,10.0,18.5,24,75.5,77.0,60,88,24,9.11218549555492,,,0,9.420833333333333,16.7,24,-0.10087349389990204,-0.2567838694772152,1019.0916666666667,-0.7999999999999545,24,6.5,8,1.0,1.0,1.0,1.0,0.0,,,,21.44659908285547
2022-02-25,11.820833333333333,9.0,15.8,24,80.5,82.0,66,89,24,8.499641530922174,,,0,13.070833333333333,22.2,24,-9.310395235400305,-5.891475477317969,1019.5916666666667,-0.10000000000002274,24,7.333333333333333,6,1.0,1.0,1.0,1.0,0.0,,,,57.67499816827876
2022-02-26,11.75,7.5,16.5,24,76.41666666666667,76.0,53,93,24,7.483944824557297,,,0,9.520833333333334,16.7,24,-3.700076629825734,-2.6678255121329872,1020.6708333333332,3.3999999999999773,24,5.666666666666667,6,1.0,1.0,1.0,1.0,0.0,,,,54.20768045938735
2022-02-27,13.241666666666667,7.0,20.0,24,63.25,61.0,34,90,24,5.639553638879534,,,0,8.620833333333334,22.2,24,7.3976690810173755,-0.1502877739723024,1022.6416666666668,-1.1999999999999318,24,0.0,6,1.0,1.0,1.0,1.0,0.0,,,,271.16383562586185
2022-02-28,13.7875,8.5,21.0,24,57.625,58.0,29,80,24,4.929077584150284,,,0,6.195833333333334,14.8,24,1.7949519346731764,-0.3280732359745395,1019.3041666666667,-2.1000000000000227,24,3.2,5,1.0,1.0,1.0,1.0,0.0,,,,280.35793254929126
2022-03-01,15.9125,11.0,21.0,24,56.666666666666664,55.0,41,73,24,7.018760250452762,,,0,8.975,22.0,24,-3.634555070730858,3.250092413192391,1018.5875,0.0,24,4.166666666666667,6,1.0,1.0,1.0,1.0,0.0,,,,131.80372418411002
2022-03-02,16.195833333333333,11.5,21.8,24,58.0,58.0,41,74,24,7.579662384846414,,,0,8.233333333333333,18.4,24,4.71804453472178,0.33614241001203676,1018.975,-3.3999999999999773,24,5.0,6,1.0,1.0,1.0,1.0,0.0,,,,265.9247834684825
2022-03-03,14.504166666666668,12.0,17.8,24,69.91666666666667,69.0,58,89,24,9.009768947917344,,,0,12.229166666666666,25.6,24,-8.50554086077027,-4.900772567403814,1019.0749999999999,2.6000000000000227,24,6.333333333333333,6,1.0,1.0,1.0,1.0,0.0,,,,60.05006105801408
2022-03-04,15.741666666666667,10.0,22.0,24,63.583333333333336,63.0,39,87,24,8.272272247462581,,,0,10.304166666666667,27.7,24,7.488880658956866,0.21336260812874364,1020.1416666666668,-2.2000000000000455,24,1.8333333333333333,6,1.0,1.0,1.0,1.0,0.0,,,,268.3680510551819
2022-03-05,16.787499999999998,10.7,23.1,24,58.958333333333336,57.5,36,81,24,8.132906875227041,,,0,8.845833333333333,55.4,24,1.095883418340236,-1.0900440903380513,1016.3666666666667,-4.199999999999932,24,4.6,5,1.0,1.0,1.0,1.0,0.0,,,,314.8469445795589
2022-03-06,16.295833333333334,13.3,22.5,24,64.875,66.5,43,79,24,9.538073086672485,,,0,12.154166666666667,36.7,24,-2.371694890099267,-6.627963172734826,1014.5583333333334,1.1999999999999318,24,7.0,6,1.0,1.0,1.0,1.0,0.0,,,,19.688816156388782
2022-03-07,15.854166666666666,12.5,21.0,24,75.16666666666667,73.5,51,94,24,11.217877477151378,,,0,16.162499999999998,25.9,24,-7.590123103060779,-6.097828156873583,1018.2666666666668,3.2999999999999545,24,6.166666666666667,6,1.0,1.0,1.0,1.0,0.0,,,,51.22195673905895
2022-03-08,17.425,12.2,24.2,24,62.0,63.0,37,80,24,9.552104177234591,,,0,9.283333333333333,24.1,24,8.334948257108529,-0.023262454871331235,1017.6625,-4.0,24,6.142857142857143,7,1.0,1.0,1.0,1.0,0.0,,,,270.159909453959
2022-03-09,17.7375,12.7,23.1,24,60.5,62.5,38,80,24,9.512811097517057,,,0,12.383333333333333,31.3,24,11.053022656729445,-2.2287090522021584,1015.8833333333333,-1.1999999999999318,24,6.625,8,1.0,1.0,1.0,1.0,0.0,,,,281.4001431902217
2022-03-10,18.7,13.0,25.9,24,55.75,54.0,32,81,24,8.85654204917536,,,0,15.058333333333332,101.5,24,7.563092488671342,-7.04500318954189,1014.5791666666668,-1.1999999999999318,24,3.5,8,1.0,1.0,1.0,1.0,0.0,,,,312.96880480936
2022-03-11,19.8875,13.0,27.5,24,51.333333333333336,49.5,30,73,24,8.707157083626544,,,0,8.450000000000001,23.8,24,6.381003903349241,-0.8995087891469907,1014.4625,-1.8000000000000682,24,2.625,8,1.0,1.0,1.0,1.0,0.0,,,,278.0239238551656
2022-03-12,21.125,13.5,28.2,24,51.208333333333336,49.0,29,78,24,9.870532921647019,,,0,7.216666666666668,22.0,24,5.846027099030714,-1.1940100392673376,1012.4041666666667,-1.3999999999999773,24,5.25,4,1.0,1.0,1.0,1.0,0.0,,,,281.5434956703494
2022-03-13,21.683333333333334,15.0,30.0,24,51.916666666666664,58.5,28,70,24,10.543637835385349,,,0,8.225,34.9,24,6.3400201296720695,-0.28577980493260186,1011.475,-0.8000000000000682,24,3.8333333333333335,6,1.0,1.0,1.0,1.0,0.0,,,,272.58089095735534
2022-03-14,23.704166666666666,16.5,31.5,24,47.333333333333336,47.5,28,67,24,11.081186732839912,,,0,8.420833333333333,18.5,24,2.949828628365261,-0.7061507874789337,1010.8166666666666,-1.5,24,4.0,5,1.0,1.0,1.0,1.0,0.0,,,,283.4625221846678
2022-03-15,24.858333333333334,19.0,31.6,24,47.625,50.0,29,73,24,12.303578705647967,,,0,11.908333333333333,24.1,24,3.4845226014653843,-4.721703760884702,1009.0124999999999,-2.0,24,2.6666666666666665,6,1.0,1.0,1.0,1.0,0.0,,,,323.573418946196
2022-03-16,25.21666666666667,18.5,33.5,24,46.458333333333336,46.0,26,65,24,12.085825808207048,,,0,13.216666666666667,31.3,24,10.19900906863696,-5.67707183664951,1007.2291666666666,-1.7000000000000455,24,0.25,8,1.0,1.0,1.0,1.0,0.0,,,,299.10161356736654
2022-03-17,26.275000000000002,19.0,34.5,24,43.083333333333336,44.5,23,62,24,11.735142927530582,,,0,10.049999999999999,25.9,24,6.398619513368854,-1.9908030441805467,1006.375,0.5,24,0.0,8,1.0,1.0,1.0,1.0,0.0,,,,287.2824896438052
2022-03-18,25.383333333333336,20.0,31.8,24,52.416666666666664,55.0,36,68,24,14.606988162432847,,,0,16.320833333333333,36.7,24,-7.539856133734187,3.151945116458135,1007.4833333333332,1.7000000000000455,24,4.833333333333333,6,1.0,1.0,1.0,1.0,0.0,,,,112.68677276810877
2022-03-19,23.53333333333333,19.0,29.0,24,60.916666666666664,62.5,42,90,24,15.157163423558499,,,0,18.870833333333334,61.2,24,3.80272518338946,-10.68295165885907,1007.8541666666666,-2.8999999999999773,24,3.142857142857143,7,1.0,1.0,1.0,1.0,0.0,,,,340.40620122527355
2022-03-20,23.650000000000002,18.5,29.5,24,56.666666666666664,57.0,31,77,24,13.986758830075209,,,0,12.529166666666667,25.6,24,2.7382292396241095,-5.735829471175869,1006.2916666666666,0.10000000000002274,24,2.2857142857142856,7,1.0,1.0,1.0,1.0,0.0,,,,334.48064411087404
2022-03-21,24.0,17.9,31.0,24,49.958333333333336,48.0,28,76,24,11.925445395337826,,,0,11.15,22.2,24,5.9587637702158345,-3.659130187270542,1008.8791666666666,2.7000000000000455,24,0.7142857142857143,7,1.0,1.0,1.0,1.0,0.0,,,,301.5530618217136
2022-03-22,24.195833333333336,18.0,32.5,24,44.916666666666664,41.5,21,68,24,10.386566507166483,,,0,13.445833333333333,25.6,24,10.503891714165608,-4.638272099604106,1008.3083333333334,-1.8999999999999773,24,0.0,6,1.0,1.0,1.0,1.0,0.0,,,,293.8251280744354
2022-03-23,23.47083333333333,17.0,30.0,24,44.125,45.0,28,61,24,10.034968060128584,,,0,12.512500000000001,22.2,24,-0.5608371067245751,0.6745825046052535,1007.1541666666667,-0.599999999999909,24,2.0,8,1.0,1.0,1.0,1.0,0.0,,,,140.2604064112827
2022-03-24,23.65416666666667,18.5,29.2,24,45.666666666666664,44.0,30,63,24,10.770352104390005,,,0,14.533333333333333,24.1,24,4.275064946431667,-4.087530966011214,1007.5541666666667,1.1000000000000227,24,2.8333333333333335,6,1.0,1.0,1.0,1.0,0.0,,,,313.71533850719885
2022-03-25,23.958333333333332,18.0,30.4,24,39.875,40.0,23,56,24,8.736252926997055,,,0,14.666666666666666,33.1,24,10.019408320925793,-4.530254099727347,1008.2291666666666,2.8999999999999773,24,0.25,8,1.0,1.0,1.0,1.0,0.0,,,,294.33000289848206
2022-03-26,24.400000000000002,17.2,32.4,24,37.708333333333336,37.5,20,56,24,7.863755122531008,,,0,12.6875,29.6,24,10.91986036131469,-3.9296675483576418,1009.4791666666666,4.699999999999932,24,0.0,6,1.0,1.0,1.0,1.0,0.0,,,,289.7919913996181
2022-03-27,25.337500000000002,17.6,33.5,24,39.25,36.5,21,64,24,9.383546773168526,,,0,9.858333333333333,18.5,24,0.13109708778712748,-0.8338585746218318,1008.6,0.6000000000000227,24,0.2857142857142857,7,1.0,1.0,1.0,1.0,0.0,,,,351.06524116317973
2022-03-28,26.34583333333333,18.5,33.8,24,37.416666666666664,37.5,22,55,24,9.967721403395627,,,0,13.095833333333333,20.4,24,-5.567738922010176,4.0051089481761055,1007.3666666666667,0.6000000000000227,24,0.8,5,1.0,1.0,1.0,1.0,0.0,,,,125.72905369649033
2022-03-29,26.133333333333336,18.5,33.5,24,36.75,36.0,21,57,24,9.267747811152937,,,0,12.375,18.5,24,-1.499468214592586,-3.098270932429781,1006.4333333333334,-0.8999999999999773,24,0.0,7,1.0,1.0,1.0,1.0,0.0,,,,25.825559972144276
2022-03-30,25.8875,19.6,32.9,24,37.583333333333336,36.5,22,56,24,9.486335228278515,,,0,13.612499999999999,22.0,24,5.1477978980168695,-4.916837447539406,1006.25,2.1000000000000227,24,0.125,8,1.0,1.0,1.0,1.0,0.0,,,,313.68542311843873
2022-03-31,25.825,19.0,33.8,24,37.083333333333336,34.5,19,61,24,8.784422710261662,,,0,15.841666666666667,34.9,24,9.385203263583728,-9.33113996423995,1008.5875,2.1000000000000227,24,0.0,6,1.0,1.0,1.0,1.0,0.0,,,,314.8344981054228
2022-04-01,26.0,18.0,33.7,24,32.75,33.0,15,55,24,6.961636401536403,,,0,13.158333333333333,27.8,24,10.992503762058915,-4.293740129221664,1006.9,-1.8999999999999773,24,0.0,8,1.0,1.0,1.0,1.0,0.0,,,,291.33592475569645
2022-04-02,25.833333333333332,18.0,32.9,24,36.125,36.0,21,57,24,8.803794328803649,,,0,14.237499999999999,27.8,24,-8.875887207115348,3.9569750529531604,1006.9416666666666,2.199999999999932,24,1.4285714285714286,7,1.0,1.0,1.0,1.0,0.0,,,,114.02787571952018
2022-04-03,26.558333333333334,20.4,34.2,24,36.125,37.0,21,51,24,9.567500312471731,,,0,17.7,27.8,24,-2.309774946591009,-14.001413058541305,1008.9833333333332,1.8999999999999773,24,2.142857142857143,7,1.0,1.0,1.0,1.0,0.0,,,,9.367559729470486
2022-04-04,26.75,20.0,34.7,24,35.708333333333336,34.5,20,55,24,9.311911950338642,,,0,12.545833333333334,29.6,24,7.807682961039245,-3.3183221317590452,1008.4833333333332,1.0,24,0.0,7,1.0,1.0,1.0,1.0,0.0,,,,293.02584551381165
2022-04-05,27.037499999999998,19.0,34.7,24,33.125,32.0,15,56,24,8.091275488898786,,,0,12.4375,29.5,24,6.335297792234147,-3.5569342948699387,1010.1666666666666,1.5,24,0.42857142857142855,7,1.0,1.0,1.0,1.0,0.0,,,,299.31190418190073
2022-04-06,27.650000000000002,20.0,35.5,24,32.291666666666664,31.0,12,55,24,8.310981688924333,,,0,11.779166666666667,25.6,24,7.2896794525596,-2.888900782191198,1010.0041666666666,-0.10000000000002274,24,0.4,5,1.0,1.0,1.0,1.0,0.0,,,,291.618428399778
2022-04-07,28.3,21.0,36.5,24,32.708333333333336,33.5,19,48,24,9.603452419874444,,,0,11.833333333333334,22.3,24,5.125820999840895,-2.975477276051731,1009.1916666666666,-1.2999999999999545,24,1.0,2,1.0,1.0,1.0,1.0,0.0,,,,300.13464830838205
2022-04-08,28.962500000000002,21.0,37.0,24,32.875,32.5,18,47,24,10.246938276465281,,,0,12.058333333333332,22.3,24,3.126175553382685,-4.149341029633416,1006.6958333333333,-3.0,24,1.0,3,1.0,1.0,1.0,1.0,0.0,,,,323.0050837551143
2022-04-09,29.354166666666668,23.9,36.0,24,33.083333333333336,32.5,19,46,24,10.797447976763278,,,0,17.079166666666666,33.5,24,3.8847912829214084,-9.38806904695233,1005.4,0.7000000000000455,24,2.5,6,1.0,1.0,1.0,1.0,0.0,,,,337.5201849191254
2022-04-10,28.287499999999998,20.0,36.7,24,34.75,39.0,18,51,24,10.331479146913152,,,0,16.079166666666666,31.5,24,8.035173869101952,-5.385517627516337,1005.1083333333332,-2.1000000000000227,24,1.5,2,1.0,1.0,1.0,1.0,0.0,,,,303.83168646228455
2022-04-11,29.604166666666668,21.6,37.2,24,34.75,33.5,19,56,24,11.35774591608037,,,0,11.304166666666667,18.5,24,-0.5071059742888784,-2.392558576616769,1003.0583333333334,-1.599999999999909,24,4.0,6,1.0,1.0,1.0,1.0,0.0,,,,11.96681774365777
2022-04-12,29.1375,24.0,35.1,24,36.416666666666664,38.0,24,51,24,12.230981061371983,,,0,20.3875,37.1,24,-13.177791803920021,-11.957549214726127,1002.6083333333332,0.8999999999999773,24,5.8,5,1.0,1.0,1.0,1.0,0.0,,,,47.77934971293928
2022-04-13,27.34166666666667,23.0,33.5,24,40.5,42.5,26,52,24,12.438847526725219,,,0,18.8375,29.5,24,-2.3386857106585297,-13.329751754965335,1004.4375,-1.0,24,5.125,8,1.0,1.0,1.0,1.0,0.0,,,,9.95118034170605
2022-04-14,26.670833333333334,21.4,33.0,24,38.666666666666664,37.5,20,56,24,10.82353024548003,,,0,16.508333333333333,29.5,24,-4.69157842770995,-10.685655800321598,1004.2125,-1.8999999999999773,24,6.166666666666667,6,1.0,1.0,1.0,1.0,0.0,,,,23.70406158333742
2022-04-15,27.233333333333334,20.4,33.2,24,34.833333333333336,35.5,22,52,24,9.699755241956554,,,0,11.987499999999999,24.1,24,1.1790403685998172,-3.8396980375378664,1003.8791666666666,-0.2999999999999545,24,2.857142857142857,7,1.0,1.0,1.0,1.0,0.0,,,,342.93006279652406
2022-04-16,28.25,21.0,35.4,24,34.125,33.0,20,51,24,10.059198780784266,,,0,11.595833333333333,22.2,24,4.037929166776883,-0.8210659770027394,1003.15,-0.2999999999999545,24,2.0,6,1.0,1.0,1.0,1.0,0.0,,,,281.49373221765035
2022-04-17,28.8625,21.5,36.0,24,34.5,34.0,21,52,24,10.932879072341663,,,0,12.583333333333334,22.2,24,4.122404567028085,-2.2630424364313977,1003.5666666666666,1.0,24,5.2,5,1.0,1.0,1.0,1.0,0.0,,,,298.7651021747436
2022-04-18,29.416666666666668,22.5,36.4,24,34.416666666666664,33.0,20,51,24,11.39198747646161,,,0,13.833333333333334,25.9,24,2.652412948260704,-6.767878550605783,1005.3041666666667,2.1000000000000227,24,5.666666666666667,6,1.0,1.0,1.0,1.0,0.0,,,,338.5991901965384
2022-04-19,28.4875,22.5,33.2,24,38.5,40.0,28,52,24,12.677256638258152,,,0,21.625,44.6,24,10.09479581831644,-13.035928540762354,1008.3000000000001,2.7999999999999545,24,6.571428571428571,7,1.0,1.0,1.0,1.0,0.0,,,,322.2464238273347
2022-04-20,27.34583333333333,22.4,34.0,24,41.291666666666664,39.5,25,59,24,12.528182502493422,,,0,15.6875,24.1,24,8.73895527695616,-4.754537216757105,1007.1208333333334,-3.2000000000000455,24,5.0,7,1.0,1.0,1.0,1.0,0.0,,,,298.5489506709757
2022-04-21,25.316666666666666,19.5,31.0,24,47.166666666666664,47.5,31,69,24,12.925996207974057,,,0,23.52916666666667,44.6,24,-12.452305037000528,-13.505316849866075,1007.9,9.699999999999932,24,6.166666666666667,6,1.0,1.0,1.0,1.0,0.0,,,,42.67698019958232
2022-04-22,25.0125,19.0,30.7,24,46.541666666666664,43.5,28,66,24,12.26206883266279,,,0,16.3125,33.5,24,2.987367007314848,-11.71724279510478,1011.0458333333332,0.7999999999999545,24,6.166666666666667,6,1.0,1.0,1.0,1.0,0.0,,,,345.69688114424537
2022-04-23,26.458333333333332,20.5,32.5,24,40.916666666666664,39.5,29,56,24,11.621440300481376,,,0,13.525,29.5,24,7.678204318655965,-2.2058616713128942,1009.9,-1.2000000000000455,24,3.0,7,1.0,1.0,1.0,1.0,0.0,,,,286.0287626725418
2022-04-24,27.474999999999998,20.7,33.8,24,36.166666666666664,34.0,19,55,24,10.312615009781469,,,0,17.224999999999998,37.0,24,7.882716832069211,-10.54728444400236,1007.1333333333333,-2.7999999999999545,24,4.25,8,1.0,1.0,1.0,1.0,0.0,,,,323.2266893148582
2022-04-25,27.870833333333334,20.9,34.0,24,37.375,36.5,19,61,24,10.998408182197524,,,0,15.770833333333334,31.7,24,1.291917292494327,-3.283319886216479,1005.3958333333334,1.0,24,3.8333333333333335,6,1.0,1.0,1.0,1.0,0.0,,,,338.521406189083
2022-04-26,28.891666666666666,21.7,36.5,24,33.583333333333336,33.0,18,54,24,10.127222179463637,,,0,13.145833333333334,24.1,24,4.609648493180672,-6.182762143636744,1006.1,-0.20000000000004547,24,2.0,3,1.0,1.0,1.0,1.0,0.0,,,,323.2930924712289
2022-04-27,30.554166666666664,22.0,38.3,24,30.083333333333332,28.5,15,49,24,10.128273607109596,,,0,13.2125,25.9,24,5.912600407594194,-2.943169928665455,1004.525,1.5,24,2.25,4,1.0,1.0,1.0,1.0,0.0,,,,296.4631701274971
2022-04-28,31.95,24.9,39.0,24,28.666666666666668,28.5,15,41,24,10.816819070962007,,,0,15.120833333333332,40.7,24,-2.2513045995185776,-3.6713454406617587,1003.7166666666667,1.2999999999999545,24,3.5714285714285716,7,1.0,1.0,1.0,1.0,0.0,,,,31.51702919672607
2022-04-29,31.766666666666666,26.0,38.0,24,30.5,31.0,15,44,24,11.740412925991189,,,0,18.2375,37.1,24,0.1273630818972982,-8.02085153853252,1004.9625,-1.6999999999999318,24,4.5,6,1.0,1.0,1.0,1.0,0.0,,,,359.0902769125448
2022-04-30,31.9375,25.1,38.0,24,30.458333333333332,30.0,19,46,24,11.828178936317757,,,0,13.291666666666666,22.2,24,3.8744253282488903,-4.093404098561561,1000.5875,-4.600000000000023,24,1.8571428571428572,7,1.0,1.0,1.0,1.0,0.0,,,,316.5742558308792
2022-05-01,32.645833333333336,25.5,39.9,24,31.0,28.5,14,47,24,12.464802884222138,,,0,11.512500000000001,18.5,24,-2.9355211049318313,-0.4949257345714917,999.3625000000001,-2.300000000000068,24,4.333333333333333,3,1.0,1.0,1.0,1.0,0.0,,,,80.42999297525438
2022-05-02,32.104166666666664,25.5,38.5,24,33.0,32.5,23,40,24,13.57245183109196,,,0,17.841666666666665,29.6,24,-13.411217515915633,7.162644560114157,998.9208333333332,0.39999999999997726,24,3.8,5,1.0,1.0,1.0,1.0,0.0,,,,118.10572203350802
2022-05-03,27.912499999999998,21.0,32.0,24,46.75,47.5,31,74,24,15.193297475217967,,,0,25.641666666666666,64.8,24,-19.25656145575146,-8.20492593509655,1003.2791666666667,4.7000000000000455,24,6.857142857142857,7,1.0,1.0,1.0,1.0,0.0,,,,66.92188871194577
2022-05-04,24.758333333333336,22.0,28.0,24,55.5,56.0,41,71,24,15.16107892655642,,,0,23.22083333333333,40.7,24,-6.245460771011685,-13.14396752426355,1007.5833333333334,4.899999999999977,24,6.125,8,1.0,1.0,1.0,1.0,0.0,,,,25.415101918936386
2022-05-05,26.8125,19.9,33.5,24,46.166666666666664,43.5,24,69,24,13.351899255990327,,,0,11.0375,22.2,24,7.509853475168348,-2.995839494047612,1007.1166666666667,-3.699999999999932,24,1.875,8,1.0,1.0,1.0,1.0,0.0,,,,291.748102845958
2022-05-06,28.958333333333332,21.5,35.6,24,38.416666666666664,37.0,24,55,24,12.681193621915364,,,0,11.8125,29.5,24,4.079694313698554,-2.0817568122874195,1005.3458333333333,-0.1999999999999318,24,2.5,6,1.0,1.0,1.0,1.0,0.0,,,,297.03398168416794
2022-05-07,30.037499999999998,22.9,37.0,24,36.375,34.0,22,56,24,12.74569184532807,,,0,10.595833333333333,18.5,24,1.887654262719055,-1.5542380505926658,1005.1666666666666,-3.1000000000000227,24,1.0,1,1.0,1.0,1.0,1.0,0.0,,,,309.4670198138904
2022-05-08,31.291666666666668,23.0,38.5,24,35.083333333333336,34.0,21,54,24,13.234799957119165,,,0,11.433333333333332,18.5,24,-1.9454324459036192,5.315744181505093,1002.2291666666666,-2.3999999999999773,24,,0,1.0,1.0,1.0,1.0,0.0,,,,159.89860918557167
2022-05-09,31.179166666666664,23.0,38.0,24,38.583333333333336,37.5,26,68,24,14.8026120116019,,,0,20.004166666666666,92.5,24,-9.319979071368774,0.7445495826223144,1001.8249999999999,5.0,24,6.0,3,1.0,1.0,1.0,1.0,0.0,,,,94.56751491876082
2022-05-10,31.233333333333334,23.0,38.9,24,40.666666666666664,37.0,25,68,24,15.392126871017277,,,0,16.379166666666666,20.4,24,-3.8281057321595156,-0.2209534528820464,1002.85,-0.20000000000004547,24,3.2,5,1.0,1.0,1.0,1.0,0.0,,,,86.69662469177905
2022-05-11,32.11666666666667,24.5,38.8,24,36.916666666666664,36.5,22,55,24,14.921573691546888,,,0,12.924999999999999,20.4,24,-0.47895589153140294,0.09750929442234324,1000.4666666666667,-2.1000000000000227,24,1.0,1,1.0,1.0,1.0,1.0,0.0,,,,101.50742245633114
2022-05-12,32.53333333333333,25.5,39.6,24,36.166666666666664,35.5,23,53,24,14.954022334815912,,,0,16.3,37.1,24,-6.180163686660428,4.2228722529833975,998.7791666666667,-1.8999999999999773,24,3.6666666666666665,3,1.0,1.0,1.0,1.0,0.0,,,,124.34458313165499
2022-05-13,33.074999999999996,26.7,39.1,24,29.291666666666668,27.0,17,47,24,11.805338010130567,,,0,18.154166666666665,31.5,24,6.208228140572707,-8.304461742740662,997.1374999999999,-1.5,24,1.5,2,1.0,1.0,1.0,1.0,0.0,,,,323.2190397632097
2022-05-14,33.97083333333333,25.6,42.9,24,23.25,23.0,11,37,24,8.750030356938355,,,0,14.825000000000001,25.9,24,0.7790109436595444,-4.99465418420732,995.8958333333334,0.10000000000002274,24,1.6666666666666667,3,1.0,1.0,1.0,1.0,0.0,,,,351.13506101273225
2022-05-15,33.954166666666666,27.5,41.0,24,23.833333333333332,24.0,11,38,24,9.639753345765053,,,0,22.3875,42.5,24,-4.679148328692341,-9.935230986622123,996.8833333333333,1.6000000000000227,24,5.75,8,1.0,1.0,1.0,1.0,0.0,,,,25.218805012673158
2022-05-16,33.44583333333333,28.0,39.5,24,25.208333333333332,25.0,14,35,24,10.351045232989636,,,0,20.229166666666668,25.9,24,-5.382072501672678,-12.277751099271955,998.2666666666668,1.0,24,5.333333333333333,6,1.0,1.0,1.0,1.0,0.0,,,,23.67071315715657
2022-05-17,30.754166666666666,24.0,38.5,24,32.833333333333336,32.0,16,69,24,11.59059738631096,,,0,20.462500000000002,40.7,24,-15.145630186547836,2.3009304960694172,999.3833333333333,4.600000000000023,24,4.125,8,1.0,1.0,1.0,1.0,0.0,,,,98.63834588399203
2022-05-18,30.729166666666668,22.0,37.2,24,36.458333333333336,34.0,23,60,24,13.372368601534708,,,0,12.608333333333334,20.4,24,-1.6069985793357044,-1.1250597610641244,1001.9208333333332,1.1000000000000227,24,2.5,2,1.0,1.0,1.0,1.0,0.0,,,,55.004133295743486
2022-05-19,31.21666666666667,25.5,38.0,24,35.333333333333336,36.5,23,48,24,13.57663069306483,,,0,17.533333333333335,40.8,24,-7.418555925910671,-5.437287967434774,1001.4416666666666,-0.5,24,4.857142857142857,7,1.0,1.0,1.0,1.0,0.0,,,,53.76116387210311
2022-05-20,27.354166666666668,23.0,32.9,24,44.541666666666664,43.0,30,59,24,13.916429206751529,,,0,27.541666666666668,35.2,24,-7.4453196131158625,-21.864901618231073,1000.6125000000001,-2.7999999999999545,24,5.714285714285714,7,1.0,1.0,1.0,1.0,0.0,,,,18.80446152076007
2022-05-21,29.8875,23.0,37.5,24,34.333333333333336,32.5,20,52,24,11.696481297145056,,,0,16.974999999999998,25.9,24,-3.9807800757151757,-11.040414999103804,997.2291666666666,-3.5,24,3.1666666666666665,6,1.0,1.0,1.0,1.0,0.0,,,,19.827496351337174
2022-05-22,30.4875,22.0,37.1,24,31.833333333333332,33.0,19,52,24,11.194648421853756,,,0,18.841666666666665,44.6,24,0.8640495609872089,0.49840108032027874,994.2333333333332,-2.7999999999999545,24,4.0,5,1.0,1.0,1.0,1.0,0.0,,,,240.0227912475254
2022-05-23,26.266666666666666,23.7,31.0,24,39.041666666666664,41.0,21,48,24,10.944611829322858,,,0,26.929166666666664,40.7,24,-16.565607732515407,-6.955122521482731,997.8833333333333,4.7000000000000455,24,6.666666666666667,6,1.0,1.0,1.0,1.0,0.0,,,,67.22474707211478
2022-05-24,25.25,20.3,31.0,24,46.291666666666664,46.5,32,60,24,12.656197502006803,,,0,19.916666666666668,29.6,24,-16.09336692690849,1.5775769724414255,1004.8958333333334,6.400000000000091,24,3.1666666666666665,6,1.0,1.0,1.0,1.0,0.0,,,,95.59861961848316
2022-05-25,27.766666666666666,20.8,33.5,24,45.083333333333336,43.5,26,65,24,14.234500127842447,,,0,12.366666666666667,20.5,24,-5.347946269179531,4.693010452921238,1005.6875,-4.100000000000023,24,1.8,5,1.0,1.0,1.0,1.0,0.0,,,,131.2680870000969
2022-05-26,30.420833333333334,23.7,36.2,24,42.625,41.5,31,59,24,15.850732604403063,,,0,13.833333333333334,22.3,24,-6.823771492279744,6.860088238635907,1002.2208333333333,-0.09999999999990905,24,2.6,5,1.0,1.0,1.0,1.0,0.0,,,,135.1520617316561
2022-05-27,31.020833333333332,24.5,37.5,24,41.375,40.5,22,66,24,15.700496033220324,0.0,0,7,16.491666666666667,59.4,24,-10.064513687789441,0.46518048929671457,998.3874999999999,-0.8999999999999773,24,4.0,6,1.0,1.0,1.0,1.0,0.2916666666666667,,,,92.64631998739372
2022-05-28,31.125,23.0,37.9,24,35.0,37.0,17,68,24,12.890040024727517,0.0,0,24,11.025,27.7,24,4.048707823952038,-2.3889458388170666,997.3916666666668,-0.1999999999999318,24,3.5714285714285716,7,1.0,1.0,1.0,1.0,1.0,0.0,0,0,300.5427906090805
2022-05-29,30.40416666666667,23.8,38.0,24,34.208333333333336,34.0,19,49,24,12.192912453012296,0.0,0,24,12.549999999999999,44.6,24,1.3751719656089942,0.6036557894820967,998.2583333333333,2.0,24,5.4,5,1.0,1.0,1.0,1.0,1.0,0.0,0,0,246.30008730438976
2022-05-30,30.7,24.0,37.5,24,31.333333333333332,32.5,16,49,24,10.876314620047987,0.0,0,24,10.516666666666667,22.3,24,0.5812442220056477,-0.7191700145659855,999.5375,3.800000000000068,24,6.0,8,1.0,1.0,1.0,1.0,1.0,0.0,0,0,321.05432567431103
2022-05-31,30.0625,24.4,37.5,24,33.666666666666664,34.0,17,54,24,11.43870202591683,0.0,0,24,11.245833333333332,42.5,24,3.0979068757034836,-2.104875812322522,1000.8333333333334,2.199999999999932,24,4.833333333333333,6,1.0,1.0,1.0,1.0,1.0,0.0,0,0,304.19418579551075
2022-06-01,29.77916666666667,22.5,37.0,24,33.291666666666664,35.0,16,56,24,10.965838853720692,0.0,0,24,9.970833333333333,25.9,24,-0.56341952413114,-4.20857585961892,1001.4041666666667,1.1000000000000227,24,4.375,8,1.0,1.0,1.0,1.0,1.0,0.0,0,0,7.6250865820751415
2022-06-02,31.15416666666667,23.6,38.5,24,26.75,24.5,11,50,24,8.369518855624234,0.0,0,24,9.079166666666667,25.9,24,4.951005861163139,-2.2753317669367648,1000.6041666666666,-0.7000000000000455,24,1.8571428571428572,7,1.0,1.0,1.0,1.0,1.0,0.0,0,0,294.6820734093737
2022-06-03,31.72083333333333,24.1,39.1,24,23.666666666666668,22.5,11,42,24,7.140148810607273,0.0,0,24,9.570833333333333,29.5,24,4.456536401311556,-2.7990346611082497,998.9499999999999,-1.0,24,1.3333333333333333,6,1.0,1.0,1.0,1.0,1.0,0.0,0,0,302.13186170990537
2022-06-04,32.59166666666667,25.3,40.0,24,21.0,21.5,11,31,24,6.501194700825114,0.0,0,24,8.283333333333333,25.9,24,0.9740270820756752,-1.3400316551327707,999.1916666666666,0.20000000000004547,24,2.0,5,1.0,1.0,1.0,1.0,1.0,0.0,0,0,323.9877698416114
2022-06-05,33.25,24.0,41.5,24,19.208333333333332,20.0,10,32,24,5.552995662129677,0.0,0,24,8.85,18.4,24,0.5374714342256387,-1.8914640559814124,998.85,-0.6000000000000227,24,2.6,5,1.0,1.0,1.0,1.0,1.0,0.0,0,0,344.13716678702934
2022-06-06,33.8125,25.1,41.6,24,19.333333333333332,19.0,9,32,24,5.868515584742167,0.0,0,24,8.674999999999999,24.1,24,2.899041389797493,-1.380204927614577,997.9166666666666,-1.099999999999909,24,2.0,6,1.0,1.0,1.0,1.0,1.0,0.0,0,0,295.45865716454875
2022-06-07,34.11666666666667,24.9,42.5,24,20.125,20.0,10,31,24,6.8972075599353575,0.0,0,24,9.216666666666667,22.3,24,2.94318266920777,-2.867090342085188,997.025,-1.1999999999999318,24,4.125,8,1.0,1.0,1.0,1.0,1.0,0.0,0,0,314.24968758489047
2022-06-08,33.69583333333333,26.5,42.0,24,21.791666666666668,24.0,11,33,24,7.9974042310105276,0.0,0,24,9.341666666666667,33.5,24,2.082460483280326,-0.7961345503417153,996.6333333333333,-1.5,24,3.4285714285714284,7,1.0,1.0,1.0,1.0,1.0,0.0,0,0,290.9220931137643
2022-06-09,34.37916666666667,25.7,42.3,24,20.375,20.5,10,32,24,7.3805576027054505,0.0,0,24,13.295833333333334,61.2,24,2.0441981142129495,-4.702828624912997,995.5958333333333,2.2000000000000455,24,3.125,8,1.0,1.0,1.0,1.0,1.0,0.0,0,0,336.5066599932636
2022-06-10,34.295833333333334,26.5,41.2,24,22.083333333333332,22.5,11,36,24,8.60242200982618,0.0,0,24,13.041666666666666,55.4,24,1.1701531901955604,-7.387359564006329,996.8416666666667,0.8999999999999773,24,4.285714285714286,7,1.0,1.0,1.0,1.0,1.0,0.0,0,0,350.9991648522382
2022-06-11,34.05416666666667,27.3,41.4,24,24.75,24.5,12,45,24,9.99106284235666,0.0,0,24,10.233333333333333,25.9,24,2.819105386113127,-2.0095533763675397,997.5,-0.39999999999997726,24,4.875,8,1.0,1.0,1.0,1.0,1.0,0.0,0,0,305.4825525575087
2022-06-12,33.295833333333334,26.0,40.5,24,26.083333333333332,25.0,13,57,24,9.902632193503463,0.0,0,24,10.458333333333334,63.0,24,-1.6490435232718788,-0.7241921818530853,998.9083333333333,2.5,24,4.0,7,1.0,1.0,1.0,1.0,1.0,0.0,0,0,66.29089169556465
2022-06-13,33.00416666666667,25.0,40.5,24,27.333333333333332,28.0,15,59,24,10.552116101189878,0.0,0,24,9.512500000000001,25.9,24,3.6565344681342444,-2.3641967479011923,1001.3416666666667,-1.900000000000091,24,4.714285714285714,7,1.0,1.0,1.0,1.0,1.0,0.0,0,0,302.88540001997507
2022-06-14,35.170833333333334,27.5,42.9,24,28.416666666666668,28.0,16,43,24,13.335664549162145,0.0,0,24,13.141666666666666,24.1,24,4.638675774117908,-1.8593243313974686,998.9291666666667,-2.6000000000000227,24,2.6,5,1.0,1.0,1.0,1.0,1.0,0.0,0,0,291.8424355930677
2022-06-15,36.13333333333333,28.5,42.5,24,28.875,29.5,18,39,24,14.736202481317733,0.0,0,24,16.608333333333334,37.1,24,-0.7272909830634794,2.852692203099529,996.5041666666666,-1.8999999999999773,24,3.6,5,1.0,1.0,1.0,1.0,1.0,0.0,0,0,165.69719264525315
2022-06-16,33.300000000000004,24.0,38.4,24,35.625,34.0,21,69,24,15.50232850171033,0.0,0,24,27.325,66.6,24,-22.825727830330532,5.962993759881705,997.9166666666666,2.5,24,6.0,5,1.0,1.0,1.0,1.0,1.0,0.0,0,0,104.64074565206226
2022-06-17,28.02916666666667,23.0,32.0,24,53.0,52.0,40,72,24,17.41497410872969,1.2,3,24,21.995833333333334,29.6,24,-17.07088248338906,4.717149051372346,1000.6875,0.7000000000000455,24,5.25,8,1.0,1.0,1.0,1.0,1.0,1.2,3,1,105.44692343268554
2022-06-18,25.84583333333333,21.0,30.0,24,60.5,61.0,47,91,24,17.463563790370717,3.1,5,24,23.620833333333334,98.3,24,-18.581964176148176,0.5380819553354138,1001.9833333333332,3.2000000000000455,24,6.8,5,1.0,1.0,1.0,1.0,1.0,3.1,5,1,91.65866277472117
2022-06-19,26.616666666666664,21.0,32.0,24,58.541666666666664,55.0,38,83,24,17.355452815369418,0.0,0,24,18.145833333333332,44.6,24,-11.805308012415965,2.2361720537879224,1002.2333333333332,-1.2000000000000455,24,6.428571428571429,7,1.0,1.0,1.0,1.0,1.0,0.0,0,0,100.72593969937384
2022-06-20,25.229166666666668,21.0,30.8,24,61.166666666666664,61.5,44,87,24,16.823197896064162,0.8,2,24,18.825,44.6,24,-13.837429355084895,-1.6327948064232867,1000.6416666666668,-2.2000000000000455,24,6.5,8,1.0,1.0,1.0,1.0,1.0,0.8,2,1,83.27030729992487
2022-06-21,21.1125,17.4,23.5,24,72.66666666666667,68.5,60,100,24,15.8303523580062,37.099999999999994,19,24,22.825,33.5,24,-14.203834655227885,-11.457114306840658,1000.9333333333334,0.09999999999990905,24,7.571428571428571,7,1.0,1.0,1.0,1.0,1.0,37.099999999999994,19,1,51.10961611712344
2022-06-22,23.566666666666666,18.2,29.5,24,65.625,62.0,46,88,24,16.277778953852806,43.400000000000006,10,24,24.520833333333332,40.8,24,-5.34591481325527,-11.658003872493282,1006.0083333333333,4.0,24,4.375,8,1.0,1.0,1.0,1.0,1.0,43.400000000000006,10,1,24.634379822572953
2022-06-23,27.495833333333334,21.0,33.0,24,48.375,43.5,31,70,24,15.021242092743632,0.0,0,24,18.162499999999998,37.1,24,12.88429402100543,-11.337655612034647,1006.3375,-5.599999999999909,24,1.0,7,1.0,1.0,1.0,1.0,1.0,0.0,0,0,311.3464661496302
2022-06-24,29.916666666666668,22.9,36.5,24,43.25,38.5,26,64,24,15.462315520791536,0.0,0,24,8.975,24.1,24,5.265343647962436,0.47178713909884856,1001.8041666666667,-6.5,24,1.0,3,1.0,1.0,1.0,1.0,1.0,0.0,0,0,264.8798371184512
2022-06-25,31.7625,24.5,39.0,24,39.625,39.0,22,55,24,15.828133623171135,0.0,0,24,9.516666666666667,20.4,24,2.2200369323967917,4.120484712618915,998.5958333333333,-2.6000000000000227,24,1.0,1,1.0,1.0,1.0,1.0,1.0,0.0,0,0,208.31492259152793
2022-06-26,33.166666666666664,26.5,39.3,24,42.083333333333336,42.5,29,57,24,18.179413421077744,0.0,0,24,11.116666666666667,20.4,24,-1.6818826148674513,6.10404677815984,999.3375,1.6999999999999318,24,1.0,3,1.0,1.0,1.0,1.0,1.0,0.0,0,0,164.5952189301836
2022-06-27,34.016666666666666,28.0,39.5,24,42.333333333333336,41.5,30,56,24,19.11400789962252,0.0,0,24,11.204166666666666,20.4,24,-0.7480592338989182,2.9307093093751124,1000.2666666666668,-1.7000000000000455,24,,0,1.0,1.0,1.0,1.0,1.0,0.0,0,0,165.68107880228285
2022-06-28,34.887499999999996,29.4,40.6,24,42.583333333333336,42.5,28,57,24,19.868766432808535,0.0,0,24,12.829166666666666,22.2,24,-2.806791286294659,5.284218666126052,996.9875000000001,-5.599999999999909,24,1.0,1,1.0,1.0,1.0,1.0,1.0,0.0,0,0,152.02433003776673
2022-06-29,35.137499999999996,30.0,40.1,24,43.916666666666664,44.0,32,54,24,20.765271387780984,0.0,0,24,15.895833333333334,25.9,24,-10.30459144950534,8.601315306437511,993.1083333333332,-1.1000000000000227,24,2.3333333333333335,3,1.0,1.0,1.0,1.0,1.0,0.0,0,0,129.85199102021534
2022-06-30,32.362500000000004,27.5,35.8,24,59.416666666666664,59.0,51,68,24,23.3705601522684,0.4,2,24,27.016666666666666,37.1,24,-23.63159646441539,10.90199441028138,995.275,5.5,24,5.833333333333333,6,1.0,1.0,1.0,1.0,1.0,0.4,2,1,114.7653532977634
2022-07-01,29.070833333333336,25.5,32.6,24,70.58333333333333,68.5,60,88,24,23.07549289613524,1.5,6,24,20.854166666666668,25.9,24,-17.931474601609008,8.283711818755792,998.9916666666667,2.3999999999999773,24,7.0,6,1.0,1.0,1.0,1.0,1.0,1.5,6,1,114.79527959137931
2022-07-02,31.058333333333334,27.0,34.9,24,66.04166666666667,64.5,53,82,24,23.731226241577176,0.0,0,24,15.450000000000001,24.1,24,-9.280820250480126,9.983639296039632,997.6208333333334,-1.900000000000091,24,5.75,4,1.0,1.0,1.0,1.0,1.0,0.0,0,0,137.08937674065965
2022-07-03,31.2,28.5,34.4,24,65.58333333333333,64.5,54,78,24,23.886925779641903,0.6,2,24,19.683333333333334,29.5,24,-16.262915347516536,8.926415952071324,998.1916666666666,2.2000000000000455,24,6.375,8,1.0,1.0,1.0,1.0,1.0,0.6,2,1,118.76157570744738
2022-07-04,31.2625,28.0,35.0,24,64.79166666666667,64.5,46,78,24,23.66217568974049,3.9000000000000004,3,24,16.366666666666667,22.2,24,-11.445076287910341,8.085449140372772,998.8666666666667,-1.3999999999999773,24,6.5,8,1.0,1.0,1.0,1.0,1.0,3.9000000000000004,3,1,125.23954517238394
2022-07-05,29.945833333333336,23.5,33.5,24,67.45833333333333,66.0,60,88,24,23.15559332705109,1.9000000000000001,3,24,16.208333333333332,40.7,24,-4.69433719282975,6.235112651222895,998.6750000000001,1.5,24,6.857142857142857,7,1.0,1.0,1.0,1.0,1.0,1.9000000000000001,3,1,143.02437336404057
2022-07-06,29.520833333333332,26.0,34.6,24,72.66666666666667,73.5,59,83,24,23.980855719341235,8.5,10,24,16.841666666666665,40.7,24,-11.8438695675383,5.413673609659472,1001.9041666666667,4.600000000000023,24,6.142857142857143,7,1.0,1.0,1.0,1.0,1.0,8.5,10,1,114.56450328585277
2022-07-07,31.025000000000002,26.5,36.0,24,66.125,65.0,49,84,24,23.693086579158038,0.0,0,24,13.762500000000001,25.9,24,-9.16745875533878,5.705274919277033,1003.4958333333334,-2.2999999999999545,24,5.5,6,1.0,1.0,1.0,1.0,1.0,0.0,0,0,121.89565014259517
2022-07-08,31.525000000000002,28.5,35.0,24,67.16666666666667,67.0,58,78,24,24.637208780159686,2.6,3,24,16.308333333333334,24.1,24,-9.586410354538163,10.101791911929224,1000.3458333333333,-2.900000000000091,24,5.857142857142857,7,1.0,1.0,1.0,1.0,1.0,2.6,3,1,136.49949932167726
2022-07-09,29.295833333333334,24.0,32.3,24,72.75,72.0,62,84,24,23.802583261452494,22.6,10,24,21.912499999999998,64.8,24,-14.164061118414004,7.367989785764133,998.4125,1.0,24,6.428571428571429,7,1.0,1.0,1.0,1.0,1.0,22.6,10,1,117.48295814981248
2022-07-10,28.254166666666666,24.5,31.5,24,73.79166666666667,71.5,58,89,24,23.006909933930412,37.1,16,24,19.454166666666666,29.6,24,-15.519157914549979,7.531051354312027,1000.3041666666667,3.800000000000068,24,5.0,4,1.0,1.0,1.0,1.0,1.0,37.1,16,1,115.88611578062398
2022-07-11,28.7625,24.5,33.4,24,71.08333333333333,71.0,55,92,24,22.844247450058162,15.0,12,24,12.6875,18.5,24,-4.704234699656566,1.7137220229113594,1001.4333333333334,-0.40000000000009095,24,5.5,8,1.0,1.0,1.0,1.0,1.0,15.0,12,1,110.01635234588724
2022-07-12,29.3,25.6,33.8,24,71.45833333333333,71.0,56,92,24,23.374530541431962,2.0,6,24,11.9125,18.5,24,-2.6577901306251683,2.109865674795583,1000.2416666666667,-1.8999999999999773,24,5.333333333333333,6,1.0,1.0,1.0,1.0,1.0,2.0,6,1,128.44402560602077
2022-07-13,28.0125,24.0,31.2,24,73.70833333333333,73.0,60,92,24,22.788689443893418,14.2,13,24,14.7875,22.2,24,-13.178420968602103,3.2562757498365147,998.8666666666667,-0.10000000000002274,24,6.428571428571429,7,1.0,1.0,1.0,1.0,1.0,14.2,13,1,103.8792940856344
2022-07-14,26.625,23.0,29.8,24,76.83333333333333,76.5,66,96,24,22.13482800941182,24.1,11,24,15.512500000000001,22.3,24,-9.444818109361675,3.8921212529453135,1000.3791666666666,3.5,24,5.571428571428571,7,1.0,1.0,1.0,1.0,1.0,24.1,11,1,112.39610118612876
2022-07-15,28.270833333333332,23.2,34.5,24,67.04166666666667,67.0,48,84,24,21.262965010196087,7.4,4,24,13.845833333333333,40.7,24,-8.12990868865917,5.034132138251637,1002.9083333333333,1.1999999999999318,24,3.75,8,1.0,1.0,1.0,1.0,1.0,7.4,4,1,121.76626371331412
2022-07-16,30.40416666666667,25.5,35.5,24,59.791666666666664,58.5,39,76,24,21.33587423519123,0.0,0,24,10.908333333333333,22.3,24,-5.282321859647831,3.5268972374610503,1002.1666666666666,-1.1000000000000227,24,4.333333333333333,6,1.0,1.0,1.0,1.0,1.0,0.0,0,0,123.73021825114768
2022-07-17,30.295833333333334,26.7,34.9,24,61.375,61.0,50,75,24,21.879286981420325,0.5,2,24,13.595833333333333,22.3,24,-5.034711262999348,8.467837793434665,1003.4666666666667,2.0,24,6.428571428571429,7,1.0,1.0,1.0,1.0,1.0,0.5,2,1,149.26560866300355
2022-07-18,31.5125,26.5,36.0,24,59.583333333333336,58.5,48,73,24,22.49485707528199,0.0,0,24,10.908333333333333,16.7,24,-0.7407690489819897,6.352765550673648,1001.8625000000001,-2.7999999999999545,24,3.2857142857142856,7,1.0,1.0,1.0,1.0,1.0,0.0,0,0,173.3490178670486
2022-07-19,32.670833333333334,28.0,37.3,24,58.041666666666664,58.0,45,71,24,23.11138366036228,0.0,0,24,12.529166666666667,20.4,24,-1.9939277321100237,6.34147739227777,999.1708333333332,-2.300000000000068,24,3.142857142857143,7,1.0,1.0,1.0,1.0,1.0,0.0,0,0,162.54547723776352
2022-07-20,29.791666666666668,25.0,32.8,24,68.29166666666667,67.5,60,88,24,23.24980233372553,5.6,9,24,19.974999999999998,29.5,24,-16.69850026642283,7.536145179967086,998.15,-0.2999999999999545,24,6.375,8,1.0,1.0,1.0,1.0,1.0,5.6,9,1,114.28997585287271
2022-07-21,26.441666666666666,24.0,29.2,24,83.0,80.0,73,96,24,23.261118055165284,10.1,12,24,17.900000000000002,29.5,24,-15.08026003801077,7.357778494929274,1001.1750000000001,5.899999999999977,24,7.5,8,1.0,1.0,1.0,1.0,1.0,10.1,12,1,116.0081152789923
2022-07-22,28.075,24.8,32.0,24,73.375,73.5,51,88,24,22.6816483054541,1.8,6,24,11.695833333333333,18.5,24,-6.996556286203365,4.664213957361265,1004.3333333333334,-0.39999999999997726,24,6.428571428571429,7,1.0,1.0,1.0,1.0,1.0,1.8,6,1,123.68917798656975
2022-07-23,28.329166666666666,26.0,31.0,24,73.54166666666667,73.5,67,81,24,23.117128552058443,9.299999999999999,7,24,12.854166666666666,22.3,24,-8.473249751434597,2.2618613777355026,1003.7125,0.39999999999997726,24,7.0,8,1.0,1.0,1.0,1.0,1.0,9.299999999999999,7,1,104.94611361347938
2022-07-24,27.520833333333332,25.5,30.7,24,78.0,79.0,67,86,24,23.279198539950837,5.9,8,24,13.129166666666668,20.4,24,0.05009246518214535,2.4975171558533082,1004.5708333333333,0.7000000000000455,24,7.142857142857143,7,1.0,1.0,1.0,1.0,1.0,5.9,8,1,181.1490219666745
2022-07-25,27.025000000000002,24.7,31.1,24,82.41666666666667,85.0,69,100,24,23.6791540391735,22.400000000000002,8,24,12.049999999999999,20.4,24,-9.702205645292997,2.1303474660807598,1005.6416666666668,1.900000000000091,24,7.333333333333333,3,1.0,1.0,1.0,1.0,1.0,22.400000000000002,8,1,102.38410913500189
2022-07-26,28.633333333333336,25.6,32.5,24,76.20833333333333,76.5,59,86,24,23.916817206297964,0.0,0,24,12.820833333333333,22.3,24,-8.213632661414644,3.4297692906149195,1006.0791666666668,-1.1999999999999318,24,7.0,4,1.0,1.0,1.0,1.0,1.0,0.0,0,0,112.66396763815357
2022-07-27,27.754166666666666,25.4,31.1,24,81.125,80.5,71,90,24,24.177869960244834,2.1,4,24,14.516666666666666,20.4,24,-12.842284499853848,5.2745207275108745,1005.6166666666667,0.09999999999990905,24,6.4,5,1.0,1.0,1.0,1.0,1.0,2.1,4,1,112.32869845563448
2022-07-28,26.804166666666664,25.0,28.6,24,83.41666666666667,83.0,75,90,24,23.731162799156042,12.399999999999999,13,24,14.541666666666666,25.9,24,-13.092736663172643,4.979378555866582,1005.8083333333334,1.0,24,7.2,5,1.0,1.0,1.0,1.0,1.0,12.399999999999999,13,1,110.82261532025132
2022-07-29,26.712500000000002,23.5,30.0,24,81.29166666666667,81.0,60,100,24,23.133571164327993,5.4,7,24,13.945833333333333,24.1,24,-11.540572771809991,4.684170335061851,1004.8000000000001,-2.2999999999999545,24,6.25,8,1.0,1.0,1.0,1.0,1.0,5.4,7,1,112.091601996338
2022-07-30,28.28333333333333,25.0,31.3,24,73.875,74.0,66,84,24,23.11022258822382,4.1000000000000005,9,24,12.1625,16.7,24,-8.86632378524293,5.344088560823028,1002.85,-4.899999999999977,24,6.5,8,1.0,1.0,1.0,1.0,1.0,4.1000000000000005,9,1,121.07905381578229
2022-07-31,27.78333333333333,22.5,32.1,24,75.20833333333333,76.0,61,96,24,22.85210407330703,12.399999999999999,13,24,17.075,37.1,24,-11.750344515467683,5.393738595498502,1000.1666666666666,0.20000000000004547,24,6.571428571428571,7,1.0,1.0,1.0,1.0,1.0,12.399999999999999,13,1,114.6564538709926
2022-08-01,26.929166666666664,23.0,31.0,24,72.375,72.5,52,90,24,21.3384682137678,8.4,8,24,15.520833333333334,24.1,24,-9.006288870051504,-1.8202466878263899,1001.3958333333334,0.7000000000000455,24,4.833333333333333,6,1.0,1.0,1.0,1.0,1.0,8.4,8,1,78.57395825588026
2022-08-02,28.808333333333334,24.0,33.8,24,65.16666666666667,63.5,49,83,24,21.309627937413257,0.0,0,24,10.8375,18.4,24,3.664723167258004,2.119337513941961,1000.3791666666666,-1.2999999999999545,24,4.0,8,1.0,1.0,1.0,1.0,1.0,0.0,0,0,239.9588758112136
2022-08-03,30.170833333333334,25.9,34.8,24,59.541666666666664,58.5,45,74,24,21.180734776542213,0.0,0,24,11.908333333333333,18.4,24,1.4266559871534508,1.7703178356712066,1001.1583333333333,0.20000000000004547,24,5.0,8,1.0,1.0,1.0,1.0,1.0,0.0,0,0,218.86449410250555
2022-08-04,30.770833333333332,25.5,35.6,24,60.583333333333336,61.0,47,73,24,22.062040016766684,0.0,0,24,11.829166666666666,18.5,24,-1.420978803994755,6.437538278471681,1001.6458333333334,-0.7999999999999545,24,3.5,8,1.0,1.0,1.0,1.0,1.0,0.0,0,0,167.55251453790459
2022-08-05,29.412499999999998,26.6,32.3,24,68.33333333333333,69.0,56,80,24,22.8832920933047,2.5,6,24,15.995833333333332,22.3,24,-11.231390292179286,7.292541951406747,1001.5166666666668,-1.3999999999999773,24,6.875,8,1.0,1.0,1.0,1.0,1.0,2.5,6,1,122.99566461934529
2022-08-06,29.620833333333334,26.0,33.4,24,68.79166666666667,68.5,59,80,24,23.17765442559181,0.4,1,24,12.604166666666666,18.5,24,-7.3706683929621555,7.2130030564886205,1000.4,-3.7000000000000455,24,6.0,7,1.0,1.0,1.0,1.0,1.0,0.4,1,1,134.3805944912283
2022-08-07,30.425,26.5,34.3,24,65.66666666666667,65.5,50,79,24,23.10551687215767,0.30000000000000004,2,24,13.299999999999999,22.3,24,-6.552134998671778,7.486262731666764,998.8291666666668,0.39999999999997726,24,6.625,8,1.0,1.0,1.0,1.0,1.0,0.30000000000000004,2,1,138.8069012207809
2022-08-08,30.150000000000002,25.0,34.2,24,67.45833333333333,67.0,55,83,24,23.322401082910677,9.5,6,24,14.829166666666666,22.3,24,-8.548521323269233,6.640969696144263,1000.4458333333333,-0.5,24,6.571428571428571,7,1.0,1.0,1.0,1.0,1.0,9.5,6,1,127.84206016930818
2022-08-09,30.9375,27.4,35.5,24,62.958333333333336,62.5,42,78,24,22.76126340545595,1.5,4,24,12.924999999999999,31.7,24,-5.440492761569718,2.032778488844633,1000.1833333333334,-1.1999999999999318,24,6.0,8,1.0,1.0,1.0,1.0,1.0,1.5,4,1,110.48763250425287
2022-08-10,31.849999999999998,27.3,36.8,24,62.083333333333336,63.5,47,74,24,23.467581062301253,0.0,0,24,12.291666666666666,22.3,24,1.5639812240997948,2.042768361869969,997.7833333333333,-3.099999999999909,24,3.4583333333333335,24,1.0,1.0,1.0,1.0,1.0,0.0,0,0,217.43833633830798
2022-08-11,29.229166666666668,25.0,32.0,24,73.75,72.0,67,88,24,24.011087983571638,0.4,3,24,18.154166666666665,40.7,24,-15.956221721321343,6.163046836697807,1000.5124999999999,6.899999999999977,24,5.958333333333333,24,1.0,1.0,1.0,1.0,1.0,0.4,3,1,111.11891685940213
2022-08-12,29.541666666666668,24.8,35.0,24,64.5,63.5,41,87,24,21.718553707065485,0.0,0,24,13.833333333333334,24.1,24,3.8352857718865074,-1.0827268828991896,1001.9208333333332,-3.0,24,5.333333333333333,24,1.0,1.0,1.0,1.0,1.0,0.0,0,0,285.76472889425736
2022-08-13,31.120833333333334,26.5,35.4,24,61.958333333333336,62.0,50,76,24,22.78228336419771,0.0,0,24,12.670833333333334,22.3,24,-7.342618477561822,6.841081244849065,999.6291666666666,-0.1999999999999318,24,4.041666666666667,24,1.0,1.0,1.0,1.0,1.0,0.0,0,0,132.97485848624893
2022-08-14,30.395833333333332,25.0,33.8,24,66.375,64.0,54,92,24,23.309725192421173,1.0,1,24,13.525,18.5,24,-9.833504279951255,5.72124173077752,1001.8958333333334,2.300000000000068,24,5.916666666666667,24,1.0,1.0,1.0,1.0,1.0,1.0,1,1,120.19131889944822
2022-08-15,27.075,24.0,29.5,24,80.16666666666667,79.5,73,96,24,23.325011206793448,23.4,15,24,14.833333333333334,22.3,24,-11.611548946613661,5.964265624356146,1005.0875,3.599999999999909,24,7.041666666666667,24,1.0,1.0,1.0,1.0,1.0,23.4,15,1,117.18727367071978
2022-08-16,28.1875,24.5,34.1,24,76.0,81.5,56,90,24,23.320520057761698,0.0,0,24,12.345833333333333,22.3,24,-0.9211895508070786,-2.5083659996478196,1004.3958333333334,-2.3999999999999773,24,6.166666666666667,24,1.0,1.0,1.0,1.0,1.0,0.0,0,0,20.165601210816988
2022-08-17,26.745833333333334,24.2,29.5,24,80.625,81.5,66,93,24,23.056670009286325,28.100000000000005,11,24,14.225,22.2,24,-7.6901011729612945,-2.106937911796365,1004.7583333333333,1.0,24,6.958333333333333,24,1.0,1.0,1.0,1.0,1.0,28.100000000000005,11,1,74.67806801714539
2022-08-18,28.650000000000002,25.3,33.5,24,68.41666666666667,66.5,44,85,24,22.01295086173691,0.0,0,24,11.070833333333333,16.7,24,-2.422665734837453,3.822120452900718,1003.0583333333334,1.7999999999999545,24,5.708333333333333,24,1.0,1.0,1.0,1.0,1.0,0.0,0,0,147.6312762817878
2022-08-19,30.129166666666666,26.0,35.0,24,64.16666666666667,63.0,46,76,24,22.449241178817463,0.0,0,24,10.741666666666667,27.7,24,0.49180887735759216,2.6654643612603346,1001.2083333333334,-2.0,24,3.875,24,1.0,1.0,1.0,1.0,1.0,0.0,0,0,190.45415405257444
2022-08-20,29.2375,26.5,33.0,24,67.875,69.0,52,77,24,22.618704946466234,8.5,10,24,13.049999999999999,29.5,24,-1.1849888112706441,7.39032212666174,1001.8916666666668,1.8999999999999773,24,5.541666666666667,24,1.0,1.0,1.0,1.0,1.0,8.5,10,1,170.89054412898145
2022-08-21,28.125,23.4,32.7,24,69.0,68.5,54,88,24,21.707605069834457,14.599999999999998,5,24,15.345833333333333,24.1,24,5.243925823271274,-3.07355429006075,1002.6541666666667,-3.6000000000000227,24,5.916666666666667,24,1.0,1.0,1.0,1.0,1.0,14.599999999999998,5,1,300.3752942444651
2022-08-22,29.3875,24.9,34.0,24,60.791666666666664,57.0,36,80,24,20.539850005363736,0.0,0,24,11.35,18.4,24,4.606764158047736,-1.699832311268849,1000.4791666666666,-1.8000000000000682,24,4.958333333333333,24,1.0,1.0,1.0,1.0,1.0,0.0,0,0,290.2533639082903
2022-08-23,30.208333333333332,26.2,35.1,24,57.958333333333336,58.5,41,72,24,20.7360047161326,0.0,0,24,11.591666666666667,22.3,24,0.5637799594079347,-3.129044638817181,1001.9499999999999,1.7000000000000455,24,4.541666666666667,24,1.0,1.0,1.0,1.0,1.0,0.0,0,0,349.78623748563916
2022-08-24,27.166666666666668,25.0,30.8,24,71.25,71.5,64,82,24,21.46678108062332,6.2,6,24,15.295833333333334,22.3,24,-13.116696318425133,-4.7405540327541535,1005.8666666666667,2.2999999999999545,24,6.5,24,1.0,1.0,1.0,1.0,1.0,6.2,6,1,70.12944892342972
2022-08-25,25.391666666666666,23.4,28.0,24,83.79166666666667,84.0,76,93,24,22.415898912178466,18.900000000000002,12,24,16.845833333333335,33.3,24,-9.456375707344462,-9.31527610818545,1006.5083333333333,-0.20000000000004547,24,7.208333333333333,24,1.0,1.0,1.0,1.0,1.0,18.900000000000002,12,1,45.430663180397914
2022-08-26,25.858333333333334,23.4,30.0,24,78.45833333333333,77.5,57,91,24,21.69777582848259,12.100000000000001,5,24,14.829166666666666,24.1,24,3.2184985969836517,-6.390701080953583,1005.2833333333333,-3.0,24,6.416666666666667,24,1.0,1.0,1.0,1.0,1.0,12.100000000000001,5,1,333.2691625145766
2022-08-27,27.65833333333333,23.5,32.5,24,69.54166666666667,68.5,54,86,24,21.387093811207578,0.0,0,24,12.299999999999999,22.3,24,9.376594546165627,-4.283052548181425,1003.4166666666666,-3.0,24,4.791666666666667,24,1.0,1.0,1.0,1.0,1.0,0.0,0,0,294.5500315976686
2022-08-28,28.541666666666668,24.7,33.9,24,68.08333333333333,70.0,49,84,24,21.829197678557616,0.0,0,24,10.5875,22.3,24,1.3354162810188537,-0.589603891553381,1002.8249999999999,0.5,24,4.833333333333333,24,1.0,1.0,1.0,1.0,1.0,0.0,0,0,293.82209047355644
2022-08-29,28.791666666666668,24.5,34.0,24,65.79166666666667,65.5,40,87,24,21.412443568036853,2.0,4,24,11.0,14.8,24,-6.513645468528072,0.9808877142376141,1006.2458333333334,3.7999999999999545,24,3.875,24,1.0,1.0,1.0,1.0,1.0,2.0,4,1,98.56380483874545
2022-08-30,29.5,24.8,34.1,24,62.25,63.0,43,78,24,21.27227078133242,0.0,0,24,9.133333333333333,14.8,24,1.2644867710148293,0.6276561076169679,1007.7416666666667,-3.199999999999932,24,2.5,24,1.0,1.0,1.0,1.0,1.0,0.0,0,0,243.60147511942844
2022-08-31,30.025000000000002,24.8,35.3,24,59.916666666666664,60.0,44,79,24,21.077146619628305,0.0,0,24,10.279166666666667,22.3,24,3.6658258205357317,-0.2846224797423928,1005.0875,-3.6000000000000227,24,2.4583333333333335,24,1.0,1.0,1.0,1.0,1.0,0.0,0,0,274.43965875551226
2022-09-01,30.337500000000002,25.5,35.5,24,58.083333333333336,58.5,41,74,24,20.865056264535294,0.0,0,24,9.133333333333335,14.8,24,1.6532334081828595,1.3689659081747598,1004.1374999999999,-0.10000000000002274,24,2.5833333333333335,24,1.0,1.0,1.0,1.0,1.0,0.0,0,0,230.37342081016814
2022-09-02,30.291666666666668,25.6,35.1,24,61.625,61.0,46,78,24,21.86927151105628,0.0,0,24,10.779166666666667,18.4,24,-2.0287269837222994,2.2412293041686167,1005.4458333333333,-1.0,24,3.1666666666666665,24,1.0,1.0,1.0,1.0,1.0,0.0,0,0,137.84908049394244
2022-09-03,29.804166666666664,26.4,35.0,24,62.958333333333336,62.0,46,76,24,21.833216164596013,2.3,2,24,13.049999999999999,18.4,24,-8.422700288146734,6.404735339426414,1003.1999999999999,-5.7000000000000455,24,4.25,24,1.0,1.0,1.0,1.0,1.0,2.3,2,1,127.24985005410184
2022-09-04,27.866666666666664,25.6,30.6,24,70.25,70.5,55,81,24,21.865729918457074,5.6,7,24,16.141666666666666,24.1,24,-15.038422390073537,1.2487460795417693,1001.975,1.2999999999999545,24,5.375,24,1.0,1.0,1.0,1.0,1.0,5.6,7,1,94.74678199106245
2022-09-05,26.0125,21.5,29.2,24,75.83333333333333,76.5,59,100,24,21.30347943445707,18.2,7,24,14.216666666666667,22.3,24,-11.929869012367625,2.007809073603886,1005.2375000000001,2.199999999999932,24,6.125,24,1.0,1.0,1.0,1.0,1.0,18.2,7,1,99.55340845431567
2022-09-06,27.7375,23.0,32.5,24,66.16666666666667,63.5,45,83,24,20.501170187048686,0.3,1,24,8.825000000000001,13.0,24,0.4704967060436804,2.7997290060656668,1006.3291666666668,0.3000000000000682,24,2.875,24,1.0,1.0,1.0,1.0,1.0,0.3,1,1,189.53946660117
2022-09-07,29.0125,24.0,33.5,24,62.083333333333336,63.0,50,75,24,20.824930209620344,0.0,0,24,8.666666666666666,18.4,24,1.7542323814705012,1.835350037492226,1007.4458333333333,1.2000000000000455,24,2.3333333333333335,24,1.0,1.0,1.0,1.0,1.0,0.0,0,0,223.70544595932978
2022-09-08,29.833333333333332,25.0,34.4,24,63.375,63.0,47,81,24,21.87887836537133,0.0,0,24,8.975,18.4,24,0.959638066533111,0.8790046838579076,1007.9583333333334,-1.3000000000000682,24,2.5833333333333335,24,1.0,1.0,1.0,1.0,1.0,0.0,0,0,227.51108822383077
2022-09-09,29.849999999999998,26.0,34.5,24,66.125,66.0,48,80,24,22.649341267293703,2.0,2,24,9.829166666666667,18.4,24,-2.548172714561224,1.024402813038047,1007.7583333333333,-0.8999999999999773,24,2.875,24,1.0,1.0,1.0,1.0,1.0,2.0,2,1,111.90085072577813
2022-09-10,27.916666666666668,25.5,31.1,24,70.125,70.0,59,80,24,21.901065274113368,13.399999999999999,7,24,12.625,38.9,24,-10.257363940956292,0.710698907581779,1007.4250000000001,-2.300000000000068,24,4.625,24,1.0,1.0,1.0,1.0,1.0,13.399999999999999,7,1,93.96350118147302
2022-09-11,25.9875,21.0,30.6,24,72.08333333333333,70.5,59,91,24,20.467125879349677,6.1000000000000005,9,24,14.695833333333333,46.4,24,-13.307787391791742,-0.43225505866948244,1006.1541666666667,-1.7000000000000455,24,5.0,24,1.0,1.0,1.0,1.0,1.0,6.1000000000000005,9,1,88.13960912655739
2022-09-12,26.8,22.9,32.0,24,65.58333333333333,64.5,45,82,24,19.5078946708534,3.0,3,24,11.0625,22.3,24,2.433935555924351,-4.5650247348553,1004.9041666666667,-1.2000000000000455,24,3.6666666666666665,24,1.0,1.0,1.0,1.0,1.0,3.0,3,1,331.9347865591917
2022-09-13,28.1125,23.0,33.4,24,60.333333333333336,58.0,45,76,24,19.41277402401555,0.4,1,24,11.758333333333333,22.3,24,1.9962742663919926,-1.0874681523091143,1004.0791666666668,-1.5,24,2.625,24,1.0,1.0,1.0,1.0,1.0,0.4,1,1,298.5792893132865
2022-09-14,28.40416666666667,23.0,33.0,24,58.0,59.0,42,76,24,19.032386509420803,0.0,0,24,11.279166666666667,24.1,24,-4.1584468300143875,1.6740118382188183,1004.4375,-0.39999999999997726,24,1.8333333333333333,24,1.0,1.0,1.0,1.0,1.0,0.0,0,0,111.9275951983065
2022-09-15,28.304166666666664,23.5,33.8,24,61.75,62.5,44,79,24,19.97760885543749,0.0,0,24,10.2125,18.4,24,-0.2650768212974075,0.6763233882531029,1002.9458333333333,-3.0,24,1.75,24,1.0,1.0,1.0,1.0,1.0,0.0,0,0,158.59790090442107
2022-09-16,28.108333333333334,24.2,32.1,24,65.45833333333333,66.0,53,78,24,20.86967300660631,0.0,0,24,11.983333333333334,22.3,24,-6.171990946737029,5.410689887390248,999.8166666666666,-2.7999999999999545,24,3.5,24,1.0,1.0,1.0,1.0,1.0,0.0,0,0,131.23949868341515
2022-09-17,26.754166666666666,19.0,31.3,24,66.375,67.5,44,100,24,19.580474285680207,6.1,5,24,14.229166666666666,37.1,24,-7.198469657709421,-1.3667405190626305,1001.9250000000001,5.899999999999977,24,4.5,24,1.0,1.0,1.0,1.0,1.0,6.1,5,1,79.24947488177378
2022-09-18,27.412499999999998,22.0,33.0,24,58.666666666666664,56.0,40,78,24,18.100332759555474,0.0,0,24,11.229166666666666,31.7,24,4.465121071961218,-3.1722179256859486,1005.5708333333333,0.7000000000000455,24,1.375,24,1.0,1.0,1.0,1.0,1.0,0.0,0,0,305.3916569372263
2022-09-19,27.84166666666667,21.5,33.4,24,58.291666666666664,61.0,42,75,24,18.593346019239778,0.0,0,24,9.408333333333333,18.4,24,0.15396804238359105,-1.9351423265238747,1005.65,0.39999999999997726,24,0.6666666666666666,24,1.0,1.0,1.0,1.0,1.0,0.0,0,0,355.45089056656684
2022-09-20,28.479166666666668,23.7,33.5,24,61.875,62.5,46,80,24,20.15426308764989,0.0,0,24,9.674999999999999,14.8,24,-2.1746493451297284,-0.49505403546037646,1005.5083333333333,-0.2999999999999545,24,1.125,24,1.0,1.0,1.0,1.0,1.0,0.0,0,0,77.17530361097886
2022-09-21,28.47083333333333,23.5,33.9,24,61.75,62.0,44,77,24,20.12923911653509,0.2,1,24,10.979166666666666,16.7,24,-4.986750379825632,0.1706488403711451,1005.6416666666668,0.7999999999999545,24,1.7916666666666667,24,1.0,1.0,1.0,1.0,1.0,0.2,1,1,91.95992252899134
2022-09-22,28.575,23.7,33.5,24,60.416666666666664,60.0,43,79,24,19.798576026620747,0.0,0,24,9.75,14.8,24,-2.371528681615988,0.128235892074276,1005.1666666666666,-0.5,24,1.0833333333333333,24,1.0,1.0,1.0,1.0,1.0,0.0,0,0,93.09514575804832
2022-09-23,28.691666666666666,24.0,34.0,24,60.458333333333336,60.5,43,75,24,19.980731279262624,0.0,0,24,9.5875,16.7,24,-3.6178482521325352,1.466867535013696,1004.5541666666667,0.39999999999997726,24,2.0833333333333335,24,1.0,1.0,1.0,1.0,1.0,0.0,0,0,112.07024303350488
2022-09-24,27.266666666666666,18.5,32.1,24,65.625,66.5,49,100,24,20.03347997149337,0.3,1,24,13.4375,40.7,24,-7.535818129428662,2.658874856842669,1004.0,-1.0,24,4.291666666666667,24,1.0,1.0,1.0,1.0,1.0,0.3,1,1,109.43445240722826
2022-09-25,25.829166666666666,21.5,30.1,24,70.83333333333333,72.0,56,87,24,19.979603720635165,4.3,5,24,13.991666666666667,27.7,24,-10.068749474516759,0.9953394559583223,1004.0958333333333,4.699999999999932,24,4.666666666666667,24,1.0,1.0,1.0,1.0,1.0,4.3,5,1,95.64559350419563
2022-09-26,26.1875,22.5,31.4,24,67.5,66.5,49,100,24,19.362388799267247,0.3,1,24,9.779166666666667,13.0,24,-3.269873912316658,2.6668069920614266,1009.0166666666668,-1.2999999999999545,24,3.2083333333333335,24,1.0,1.0,1.0,1.0,1.0,0.3,1,1,129.1996096382561
2022-09-27,26.916666666666668,22.5,31.5,24,60.666666666666664,62.0,42,78,24,18.318707908749246,0.0,0,24,8.416666666666666,14.8,24,-1.8958283426240088,2.174878229945898,1006.9125,-1.5,24,2.4166666666666665,24,1.0,1.0,1.0,1.0,1.0,0.0,0,0,138.921532220308
2022-09-28,27.4375,23.1,32.5,24,63.041666666666664,62.5,47,77,24,19.52517507677273,0.0,0,24,9.508333333333333,16.7,24,-2.699809673552712,2.128401027321197,1006.1,-1.099999999999909,24,2.8333333333333335,24,1.0,1.0,1.0,1.0,1.0,0.0,0,0,128.25055879854074
2022-09-29,27.391666666666666,22.0,32.0,24,59.708333333333336,59.0,42,83,24,18.496952766695568,0.2,1,24,8.745833333333334,14.8,24,-1.669074947319525,0.5526123983475563,1006.1208333333334,-0.2999999999999545,24,2.0,24,1.0,1.0,1.0,1.0,1.0,0.2,1,1,108.31914059472763
2022-09-30,27.504166666666666,22.5,32.4,24,58.208333333333336,59.0,45,70,24,18.35318049636997,0.2,1,24,8.770833333333334,14.8,24,-3.7645290590512257,0.2972933989018202,1006.4416666666666,-0.8999999999999773,24,1.9166666666666667,24,1.0,1.0,1.0,1.0,1.0,0.2,1,1,94.51540627678247
2022-10-01,27.104166666666668,19.5,32.5,24,58.333333333333336,60.0,41,78,24,17.867272094948003,0.0,0,24,11.608333333333334,22.3,24,-5.357993664333418,-2.784790828373904,1005.7666666666668,1.2000000000000455,24,2.8333333333333335,24,1.0,1.0,1.0,1.0,1.0,0.0,0,0,62.537066759673564
2022-10-02,26.516666666666666,20.0,32.2,24,56.0,58.0,39,73,24,16.63632234706095,0.0,0,24,11.8125,20.4,24,-1.595237115894755,-3.9470768431533423,1006.875,1.1000000000000227,24,2.5416666666666665,24,1.0,1.0,1.0,1.0,1.0,0.0,0,0,22.00642083702172
2022-10-03,26.579166666666666,20.5,32.7,24,53.166666666666664,54.0,31,74,24,15.659217742053608,0.0,0,24,8.216666666666667,13.0,24,0.17482470161468314,-1.4710641187615694,1007.4250000000001,1.900000000000091,24,1.4166666666666667,24,1.0,1.0,1.0,1.0,1.0,0.0,0,0,353.22262298869816
2022-10-04,26.45,21.4,32.7,24,50.5,51.5,31,70,24,14.724919519475263,0.0,0,24,11.887500000000001,25.9,24,6.118824701601018,-2.5581061807875254,1009.1833333333334,0.7999999999999545,24,0.4166666666666667,24,1.0,1.0,1.0,1.0,1.0,0.0,0,0,292.68841446833915
2022-10-05,26.108333333333334,20.0,32.6,24,48.833333333333336,51.0,33,65,24,14.014319614134905,0.0,0,24,8.258333333333333,14.8,24,-2.487544750670592,-0.11622445074220511,1008.0291666666667,-2.2000000000000455,24,0.2916666666666667,24,1.0,1.0,1.0,1.0,1.0,0.0,0,0,87.3249401087242
2022-10-06,24.945833333333336,20.0,31.0,24,50.25,54.0,30,65,24,13.428724053484698,0.1,1,24,14.083333333333334,37.1,24,-3.543987460123996,-4.6165998023871575,1008.5375,3.3999999999999773,24,2.5416666666666665,24,1.0,1.0,1.0,1.0,1.0,0.1,1,1,37.51207334899135
2022-10-07,24.650000000000002,19.0,30.6,24,52.291666666666664,54.0,34,69,24,13.717761080655313,0.0,0,24,12.245833333333335,29.5,24,3.112883845289859,-4.930886895733528,1010.4916666666667,1.2000000000000455,24,2.0833333333333335,24,1.0,1.0,1.0,1.0,1.0,0.0,0,0,327.7356580476968
2022-10-08,24.5625,19.4,31.0,24,55.791666666666664,58.5,36,73,24,14.696321569849111,0.0,0,24,10.1625,31.3,24,4.788372911016146,-3.174171699457082,1010.6791666666667,-0.1999999999999318,24,0.4583333333333333,24,1.0,1.0,1.0,1.0,1.0,0.0,0,0,303.54005955211335
2022-10-09,24.52916666666667,19.5,31.4,24,56.541666666666664,59.0,36,74,24,14.827349132651443,0.0,0,24,9.15,18.4,24,-1.7879489349822206,-0.459086124661068,1010.2291666666666,1.400000000000091,24,0.5833333333333334,24,1.0,1.0,1.0,1.0,1.0,0.0,0,0,75.59943289348831
2022-10-10,24.195833333333336,20.1,29.1,24,58.833333333333336,60.5,41,76,24,15.284712870967722,0.0,0,24,11.266666666666666,22.3,24,-8.252914181351661,1.055172385678937,1011.6374999999999,0.6000000000000227,24,2.9583333333333335,24,1.0,1.0,1.0,1.0,1.0,0.0,0,0,97.28599516412078
2022-10-11,23.72083333333333,19.9,28.2,24,61.166666666666664,63.5,46,74,24,15.590297855614063,0.7999999999999999,2,24,12.091666666666667,47.9,24,-6.729939846073588,2.761626635569458,1010.875,-0.10000000000002274,24,3.1666666666666665,24,1.0,1.0,1.0,1.0,1.0,0.7999999999999999,2,1,112.31076423266785
2022-10-12,22.375,14.5,27.6,24,64.5,65.5,40,95,24,14.88601015715229,0.4,1,24,12.0625,40.7,24,0.2305265627801419,-3.330503516442453,1012.5041666666666,1.3999999999999773,24,3.7083333333333335,24,1.0,1.0,1.0,1.0,1.0,0.4,1,1,356.0404887199941
2022-10-13,23.05,18.0,29.7,24,60.875,65.0,39,79,24,14.59756578981534,0.1,1,24,6.300000000000001,22.3,24,0.7097012925893068,-1.4601070421437423,1013.1541666666667,1.0,24,0.7083333333333334,24,1.0,1.0,1.0,1.0,1.0,0.1,1,1,334.07741444616045
2022-10-14,23.40416666666667,18.1,29.7,24,56.0,57.0,32,80,24,13.374235796047095,0.0,0,24,6.4750000000000005,18.4,24,0.7823207778235276,-0.6455889782054505,1012.9208333333332,-0.7000000000000455,24,0.20833333333333334,24,1.0,1.0,1.0,1.0,1.0,0.0,0,0,309.53022767011817
2022-10-15,23.395833333333332,17.5,30.1,24,58.208333333333336,61.0,37,81,24,14.241158117030018,0.0,0,24,6.3,18.4,24,0.4340907171368598,0.05306470757727525,1011.7458333333334,0.2999999999999545,24,0.125,24,1.0,1.0,1.0,1.0,1.0,0.0,0,0,263.0305500116992
2022-10-16,23.662499999999998,18.0,30.4,24,56.458333333333336,60.0,33,76,24,13.91912552508599,0.0,0,24,6.4875,18.4,24,-1.6432351616521679,0.6098418452385997,1013.5541666666667,2.8999999999999773,24,0.16666666666666666,24,1.0,1.0,1.0,1.0,1.0,0.0,0,0,110.36103241856466
2022-10-17,23.587500000000002,17.9,30.2,24,56.541666666666664,58.5,37,79,24,13.911313831078795,0.0,0,24,5.591666666666666,11.1,24,-3.4022332595040403,1.5373486436903476,1013.8291666666668,-1.7999999999999545,24,0.3333333333333333,24,1.0,1.0,1.0,1.0,1.0,0.0,0,0,114.31652452128708
2022-10-18,22.9875,18.5,29.3,24,56.333333333333336,55.5,40,77,24,13.468094447628259,0.2,1,24,9.004166666666666,22.3,24,-6.774399442349871,2.480432283666069,1012.3874999999999,-0.2999999999999545,24,1.6666666666666667,24,1.0,1.0,1.0,1.0,1.0,0.2,1,1,110.11009957179135
2022-10-19,22.354166666666668,17.7,28.1,24,53.625,56.0,36,68,24,12.10157420931825,0.7,2,24,14.262500000000001,33.1,24,-9.718798948309521,-2.718681139576559,1012.5375,-1.0,24,2.625,24,1.0,1.0,1.0,1.0,1.0,0.7,2,1,74.3718727896786
2022-10-20,20.166666666666668,17.0,24.4,24,56.875,60.0,38,80,24,10.9933105783689,0.5,2,24,16.016666666666666,36.7,24,-12.393453897188897,-1.371321749058552,1015.6083333333332,5.7000000000000455,24,4.458333333333333,24,1.0,1.0,1.0,1.0,1.0,0.5,2,1,83.68597069802956
2022-10-21,20.354166666666668,15.8,26.8,24,55.125,59.5,33,73,24,10.486391075441588,0.0,0,24,5.595833333333334,14.8,24,1.8606102279076973,0.31003652220037775,1018.5333333333333,0.8999999999999773,24,0.4583333333333333,24,1.0,1.0,1.0,1.0,1.0,0.0,0,0,260.53963078709575
2022-10-22,20.520833333333332,14.0,28.4,24,53.833333333333336,58.0,30,75,24,10.076617556218194,0.0,0,24,3.3375,7.2,24,-0.21926773500939215,0.01872910757859551,1018.7791666666667,-0.7000000000000455,24,0.25,24,1.0,1.0,1.0,1.0,1.0,0.0,0,0,94.88216110767155
2022-10-23,20.5625,14.0,30.5,24,54.333333333333336,56.0,29,75,24,10.281767699399104,0.0,0,24,3.4375,9.0,24,-1.4728168716545789,0.6669082852701346,1017.6083333333332,-1.7999999999999545,24,0.0,24,1.0,1.0,1.0,1.0,1.0,0.0,0,0,114.36156018489669
2022-10-24,20.695833333333333,14.8,28.3,24,54.0,54.0,30,80,24,10.209625365865586,0.0,0,24,4.595833333333334,9.3,24,1.0094429893729588,0.6092584365357956,1013.5749999999999,-5.800000000000068,24,0.2916666666666667,24,1.0,1.0,1.0,1.0,1.0,0.0,0,0,238.8865393955896
2022-10-25,20.912499999999998,14.7,28.5,24,52.416666666666664,55.5,26,76,24,10.036698409313884,0.0,0,24,8.145833333333334,22.0,24,4.255269617959857,-0.7645920085682999,1010.3625000000001,1.5,24,0.4166666666666667,24,1.0,1.0,1.0,1.0,1.0,0.0,0,0,280.1862808335227
2022-10-26,21.3125,15.4,28.8,24,53.208333333333336,57.0,33,71,24,10.79993643466968,0.0,0,24,5.441666666666666,10.8,24,-1.057207986042351,1.822047793616851,1013.3708333333334,3.3999999999999773,24,0.20833333333333334,24,1.0,1.0,1.0,1.0,1.0,0.0,0,0,149.87637888411587
2022-10-27,21.575,15.9,29.0,24,54.666666666666664,59.0,29,76,24,11.348972114756604,0.0,0,24,7.470833333333334,18.5,24,4.677627762421955,-0.60487278331995,1014.1,-0.39999999999997726,24,0.125,24,1.0,1.0,1.0,1.0,1.0,0.0,0,0,277.36813690228604
2022-10-28,21.270833333333332,15.0,29.0,24,52.958333333333336,56.5,29,74,24,10.553096137240168,0.0,0,24,5.95,22.0,24,2.183397574101885,-1.7157372656588752,1014.8458333333333,0.0,24,0.0,24,1.0,1.0,1.0,1.0,1.0,0.0,0,0,308.16064343206125
2022-10-29,21.041666666666668,15.0,29.0,24,53.708333333333336,57.0,32,74,24,10.674480152038022,0.0,0,24,4.3875,11.1,24,0.6609177149832249,0.6510565103264526,1014.125,-14.5,24,0.20833333333333334,24,1.0,1.0,1.0,1.0,1.0,0.0,0,0,225.43064471636103
2022-10-30,21.095833333333335,14.8,28.0,24,55.833333333333336,60.5,33,78,24,11.313700448490797,0.0,0,24,5.8999999999999995,22.0,24,2.6514900159090757,-0.10432462647823104,1015.4333333333334,-0.7000000000000455,24,1.2083333333333333,24,1.0,1.0,1.0,1.0,1.0,0.0,0,0,272.2531780783245
2022-10-31,21.083333333333332,15.7,27.2,24,58.041666666666664,60.0,39,77,24,12.11751109793115,0.0,0,24,7.8,14.8,24,-0.5476282669852177,-2.1506248210246364,1015.525,-0.39999999999997726,24,3.8333333333333335,24,1.0,1.0,1.0,1.0,1.0,0.0,0,0,14.286011977793692
2022-11-01,20.925,16.8,25.4,24,61.75,64.5,40,74,24,13.098429774524147,0.0,0,24,12.445833333333333,22.3,24,2.1217150450839353,-0.8467592329407735,1016.6041666666666,1.1000000000000227,24,4.625,24,1.0,1.0,1.0,1.0,1.0,0.0,0,0,291.7565404445249
2022-11-02,20.995833333333334,16.2,28.0,24,57.5,59.5,33,76,24,11.65076285884004,0.0,0,24,9.004166666666666,24.1,24,6.668545137687276,-1.4558099037501961,1016.0,-3.6000000000000227,24,3.3333333333333335,24,1.0,1.0,1.0,1.0,1.0,0.0,0,0,282.31502466267693
2022-11-03,21.108333333333334,15.5,28.7,24,51.833333333333336,54.5,30,70,24,10.195617967778398,0.0,0,24,6.920833333333333,16.7,24,3.0998457107692956,-1.260848575271666,1013.1541666666667,-0.39999999999997726,24,3.1666666666666665,24,1.0,1.0,1.0,1.0,1.0,0.0,0,0,292.13381693268377
2022-11-04,20.650000000000002,15.3,27.6,24,58.208333333333336,62.5,38,76,24,11.777999583787613,0.0,0,24,5.295833333333333,10.8,24,0.5907355030532927,-2.331160877396663,1014.4333333333334,1.3999999999999773,24,5.25,24,1.0,1.0,1.0,1.0,1.0,0.0,0,0,345.78011063663604
2022-11-05,19.566666666666666,16.3,24.4,24,66.04166666666667,68.5,52,76,24,12.924719148096479,13.9,10,24,11.866666666666667,36.7,24,-0.9993601945461705,-8.975136358415087,1016.7083333333334,2.7000000000000455,24,6.958333333333333,24,1.0,1.0,1.0,1.0,1.0,13.9,10,1,6.3535778721467295
2022-11-06,17.916666666666668,15.0,22.3,24,71.91666666666667,76.0,54,84,24,12.659068575847103,12.5,13,24,14.954166666666666,29.5,24,-6.16941593879213,-10.117195919989834,1019.1416666666668,3.3999999999999773,24,7.5,24,1.0,1.0,1.0,1.0,1.0,12.5,13,1,31.374631810875428
2022-11-07,17.416666666666668,14.5,22.0,24,71.79166666666667,74.5,55,84,24,12.09673418168535,4.6,4,24,12.987499999999999,33.5,24,-8.911504473661383,-4.215751020206759,1018.6125000000001,-0.10000000000002274,24,5.125,24,1.0,1.0,1.0,1.0,1.0,4.6,4,1,64.68264906465919
2022-11-08,17.662499999999998,12.3,24.6,24,68.58333333333333,70.5,43,89,24,11.315409170069671,0.0,0,24,5.3125,9.3,24,1.9839264594167367,-0.31512303355460375,1017.9208333333332,-2.1000000000000227,24,2.8333333333333335,24,1.0,1.0,1.0,1.0,1.0,0.0,0,0,279.0253527819306
2022-11-09,16.404166666666665,13.4,21.8,24,72.95833333333333,76.0,53,84,24,11.367407290721943,6.5,4,24,8.145833333333334,14.8,24,-1.1979764233953532,-7.270474727303976,1018.4041666666667,1.3999999999999773,24,5.875,24,1.0,1.0,1.0,1.0,1.0,6.5,4,1,9.356711624279114
2022-11-10,16.070833333333333,11.4,22.4,24,71.33333333333333,74.0,46,92,24,10.46406362595596,0.0,0,24,7.158333333333334,18.4,24,5.421720355128248,-2.6545765260388947,1020.1333333333333,1.3000000000000682,24,2.75,24,1.0,1.0,1.0,1.0,1.0,0.0,0,0,296.0872416032962
2022-11-11,16.025000000000002,10.8,23.0,24,63.75,68.0,34,88,24,8.478057981963682,0.0,0,24,6.45,18.5,24,4.5616338034160435,-1.5504136483495434,1019.7624999999999,-0.3000000000000682,24,0.5,24,1.0,1.0,1.0,1.0,1.0,0.0,0,0,288.7719324567113
2022-11-12,15.674999999999999,9.4,24.0,24,61.916666666666664,67.5,33,86,24,7.635032208094867,0.0,0,24,6.616666666666667,20.4,24,4.984815237143388,-2.014121915632859,1018.6125000000001,-1.1999999999999318,24,0.2916666666666667,24,1.0,1.0,1.0,1.0,1.0,0.0,0,0,292.00124331686726
2022-11-13,14.879166666666668,9.6,21.1,24,62.625,65.0,41,83,24,7.388356826487172,3.2,5,24,7.0125,18.5,24,2.8637125564894332,-4.954601483730884,1017.1875,-1.3999999999999773,24,4.958333333333333,24,1.0,1.0,1.0,1.0,1.0,3.2,5,1,329.97249601534804
2022-11-14,13.983333333333334,12.5,17.2,24,77.08333333333333,76.5,62,94,24,9.9541573097711,10.4,15,24,11.791666666666666,18.5,24,-3.2679020437877626,-4.502752385909359,1018.9875000000001,3.2999999999999545,24,6.208333333333333,24,1.0,1.0,1.0,1.0,1.0,10.4,15,1,35.97051441114638
2022-11-15,14.470833333333333,10.1,20.4,24,75.375,79.5,50,95,24,9.784226537116462,0.0,0,24,4.454166666666667,9.3,24,3.1426996551454067,-0.6122770635447367,1019.3666666666667,-2.6000000000000227,24,2.75,24,1.0,1.0,1.0,1.0,1.0,0.0,0,0,281.02455982091095
2022-11-16,14.7125,10.2,20.5,24,72.83333333333333,76.5,49,92,24,9.504740976009513,0.0,0,24,4.1375,11.2,24,1.3836074902365605,-1.2471070097138484,1016.8791666666666,0.6000000000000227,24,2.5416666666666665,24,1.0,1.0,1.0,1.0,1.0,0.0,0,0,312.0297445599463
2022-11-17,15.033333333333333,9.6,22.8,24,65.29166666666667,69.0,34,88,24,7.830882675034213,0.0,0,24,8.479166666666666,27.8,24,6.6302528766371935,-1.932812185337146,1016.6208333333334,-0.8000000000000682,24,0.9166666666666666,24,1.0,1.0,1.0,1.0,1.0,0.0,0,0,286.2521481620587
2022-11-18,14.670833333333334,8.7,21.5,24,65.91666666666667,70.0,38,90,24,7.71454141718553,0.0,0,24,2.9875000000000003,7.6,24,0.04742415946224269,-0.1981970676220953,1017.1875,1.3999999999999773,24,2.9583333333333335,24,1.0,1.0,1.0,1.0,1.0,0.0,0,0,346.5433982000222
2022-11-19,14.791666666666666,10.5,19.7,24,70.41666666666667,74.0,52,85,24,9.212284465179303,0.0,0,24,5.6875,11.1,24,2.0604060274548828,-2.2430892546040315,1018.7583333333333,0.5,24,5.125,24,1.0,1.0,1.0,1.0,1.0,0.0,0,0,317.4307445096399
2022-11-20,14.941666666666665,9.5,22.4,24,66.20833333333333,69.5,39,86,24,8.102851050104013,0.0,0,24,7.220833333333334,22.2,24,5.994887469833095,-1.4821379375119241,1017.9458333333333,-2.0,24,1.125,24,1.0,1.0,1.0,1.0,1.0,0.0,0,0,283.88697024603255
2022-11-21,14.779166666666667,8.8,22.9,24,61.875,62.5,32,87,24,6.731101901412632,0.0,0,24,5.2250000000000005,14.8,24,3.911279238599832,-1.1670807171302537,1016.1625,-1.3000000000000682,24,0.5833333333333334,24,1.0,1.0,1.0,1.0,1.0,0.0,0,0,286.61449793888926
2022-11-22,14.720833333333333,8.3,24.0,24,58.791666666666664,62.0,30,82,24,5.827958751586741,0.0,0,24,7.004166666666666,20.4,24,5.734500878831992,-1.7745023252056598,1015.7833333333333,0.39999999999997726,24,0.125,24,1.0,1.0,1.0,1.0,1.0,0.0,0,0,287.1943265447166
2022-11-23,14.549999999999999,7.8,23.5,24,56.833333333333336,62.5,26,81,24,5.06296252462472,0.0,0,24,5.679166666666667,18.5,24,4.097716630261055,-1.382786547462748,1016.15,-0.1999999999999318,24,0.0,24,1.0,1.0,1.0,1.0,1.0,0.0,0,0,288.6471183958654
2022-11-24,14.895833333333334,8.1,25.0,24,57.166666666666664,61.5,26,81,24,5.46477633057093,0.0,0,24,3.454166666666667,10.8,24,0.839391919473807,-0.034957461078971304,1015.15,0.5,24,0.20833333333333334,24,1.0,1.0,1.0,1.0,1.0,0.0,0,0,272.3847718628226
2022-11-25,15.0,8.5,23.8,24,59.458333333333336,64.5,31,83,24,6.357776709347392,0.0,0,24,2.154166666666667,7.6,24,0.5757595734670758,0.1615367556611697,1018.0749999999999,1.6000000000000227,24,1.2916666666666667,24,1.0,1.0,1.0,1.0,1.0,0.0,0,0,254.32785267921219
2022-11-26,14.870833333333332,8.6,23.0,24,61.041666666666664,65.5,33,80,24,6.76223271388941,0.0,0,24,2.5375,9.3,24,0.7084787271994478,-0.2795556065316002,1015.3583333333332,-4.399999999999977,24,1.2083333333333333,24,1.0,1.0,1.0,1.0,1.0,0.0,0,0,291.53348540726273
2022-11-27,14.470833333333333,8.1,22.5,24,62.833333333333336,68.0,36,83,24,6.824200488757781,0.0,0,24,2.5208333333333335,9.3,24,1.9671250309633173,0.17762502543825012,1013.0416666666666,-1.3999999999999773,24,0.0,24,1.0,1.0,1.0,1.0,1.0,0.0,0,0,264.8403691631301
2022-11-28,14.7125,8.5,22.9,24,63.416666666666664,69.0,37,83,24,7.221013402906478,0.0,0,24,2.279166666666667,7.2,24,1.0791348189763401,0.35912233127847953,1014.4541666666668,3.7000000000000455,24,0.25,24,1.0,1.0,1.0,1.0,1.0,0.0,0,0,251.593214156891
2022-11-29,14.733333333333334,8.8,23.0,24,63.375,68.5,36,83,24,7.18809711157335,0.0,0,24,3.154166666666667,13.0,24,2.1239502453285715,-0.6201910653075547,1016.8416666666667,0.8999999999999773,24,0.5833333333333334,24,1.0,1.0,1.0,1.0,1.0,0.0,0,0,286.27774458097093
2022-11-30,14.454166666666666,8.4,23.3,24,63.458333333333336,67.5,33,86,24,6.831812340522528,0.0,0,24,4.145833333333333,13.0,24,3.3853534925729036,-0.7009547443830534,1017.7541666666666,0.8999999999999773,24,0.8333333333333334,24,1.0,1.0,1.0,1.0,1.0,0.0,0,0,281.69808077686446
2022-12-01,14.133333333333333,8.0,22.2,24,62.041666666666664,64.5,35,87,24,6.2986162486156205,0.0,0,24,3.908333333333333,14.8,24,2.939343785215169,-0.17870273135284553,1016.65,-2.6000000000000227,24,3.1666666666666665,24,1.0,1.0,1.0,1.0,1.0,0.0,0,0,273.4791183828031
2022-12-02,14.195833333333333,8.8,21.5,24,62.125,67.0,38,79,24,6.631386110770017,0.0,0,24,2.8166666666666664,7.6,24,-1.773937263339758,0.8268306174936395,1015.1875,0.7999999999999545,24,4.25,24,1.0,1.0,1.0,1.0,1.0,0.0,0,0,114.99018544415429
2022-12-03,14.3125,8.6,22.0,24,62.75,67.0,38,87,24,6.775774888514622,0.0,0,24,3.379166666666667,11.1,24,2.6107084415853024,-0.0320673561654985,1016.6541666666667,3.099999999999909,24,1.1666666666666667,24,1.0,1.0,1.0,1.0,1.0,0.0,0,0,270.7037292050971
2022-12-04,13.733333333333334,8.0,22.0,24,62.333333333333336,66.5,32,80,24,6.093216780351612,0.0,0,24,3.5250000000000004,11.2,24,2.021439359461268,0.7772416200725303,1017.5416666666666,-0.20000000000004547,24,2.1666666666666665,24,1.0,1.0,1.0,1.0,1.0,0.0,0,0,248.9682930939873
2022-12-05,13.725,7.4,22.4,24,61.083333333333336,65.0,34,80,24,5.680045482479045,0.0,0,24,3.3041666666666667,13.0,24,1.824543781006935,0.1729058648459613,1018.7333333333332,1.6999999999999318,24,1.2083333333333333,24,1.0,1.0,1.0,1.0,1.0,0.0,0,0,264.5864393311081
2022-12-06,13.733333333333334,8.0,21.5,24,59.125,63.0,28,80,24,5.124160195096042,0.0,0,24,5.75,18.5,24,4.923418596759438,-0.37072252829869584,1017.8249999999999,-0.8000000000000682,24,1.4583333333333333,24,1.0,1.0,1.0,1.0,1.0,0.0,0,0,274.3061194936056
2022-12-07,13.2875,6.9,21.4,24,58.541666666666664,60.5,32,80,24,4.572774328869383,0.0,0,24,5.466666666666666,16.7,24,4.800394181907177,-0.563286527646038,1016.9541666666668,-0.8000000000000682,24,1.2916666666666667,24,1.0,1.0,1.0,1.0,1.0,0.0,0,0,276.69258061338337
2022-12-08,12.941666666666668,7.5,19.1,24,57.541666666666664,60.5,30,74,24,4.205953571934657,0.0,0,24,3.283333333333333,10.8,24,-0.5533083795185468,0.41567024961113935,1017.3375,1.6999999999999318,24,5.041666666666667,24,1.0,1.0,1.0,1.0,1.0,0.0,0,0,126.91553000442889
2022-12-09,14.4,9.8,20.6,24,59.458333333333336,62.5,36,76,24,6.200156007826322,0.0,0,24,4.983333333333333,7.6,24,-0.1844639512089392,-1.688391221452152,1017.0749999999999,-1.0,24,5.416666666666667,24,1.0,1.0,1.0,1.0,1.0,0.0,0,0,6.235078739680432
2022-12-10,14.333333333333334,10.3,20.1,24,64.0,67.0,43,80,24,7.328279752141981,0.30000000000000004,2,24,6.925000000000001,16.7,24,3.3457586646897552,-3.5652769160612174,1018.1,2.800000000000068,24,4.166666666666667,24,1.0,1.0,1.0,1.0,1.0,0.30000000000000004,2,1,316.8192992745354
2022-12-11,13.758333333333333,8.7,21.4,24,61.833333333333336,63.5,36,81,24,5.9865500058005745,0.0,0,24,6.516666666666667,18.5,24,5.676067793400338,-0.7910960510853672,1018.9583333333334,-1.2999999999999545,24,3.75,24,1.0,1.0,1.0,1.0,1.0,0.0,0,0,277.93442750544926
2022-12-12,13.620833333333332,7.6,21.4,24,59.041666666666664,59.0,34,79,24,5.194362280799955,0.0,0,24,6.616666666666667,16.7,24,4.963946379651683,-0.5211783984520784,1017.1333333333333,0.10000000000002274,24,2.25,24,1.0,1.0,1.0,1.0,1.0,0.0,0,0,275.99368228054334
2022-12-13,13.775,7.4,21.7,24,57.583333333333336,61.5,31,82,24,4.84554405782669,0.0,0,24,10.870833333333332,27.8,24,8.18186390758492,-2.8004611297857234,1019.1333333333333,1.0,24,1.4166666666666667,24,1.0,1.0,1.0,1.0,1.0,0.0,0,0,288.8948788076385
2022-12-14,13.012500000000001,6.7,21.0,24,57.083333333333336,59.5,30,80,24,3.9518839910046757,0.0,0,24,5.15,16.7,24,3.289472784251764,0.9814623707331306,1017.3541666666666,-0.6000000000000227,24,1.5,24,1.0,1.0,1.0,1.0,1.0,0.0,0,0,253.38675688049665
2022-12-15,12.758333333333333,6.1,22.0,24,56.458333333333336,59.0,26,81,24,3.4100230118739003,0.0,0,24,4.0,18.4,24,3.294998455470399,0.018275967856934316,1016.0833333333334,-2.7999999999999545,24,1.2916666666666667,24,1.0,1.0,1.0,1.0,1.0,0.0,0,0,269.6822077154653
2022-12-16,12.158333333333333,5.8,21.6,24,57.916666666666664,65.5,30,78,24,3.39641582380359,0.0,0,24,2.7624999999999997,9.3,24,0.13235846764097614,1.2215350364334883,1014.5083333333333,1.2999999999999545,24,0.875,24,1.0,1.0,1.0,1.0,1.0,0.0,0,0,186.18411260823203
2022-12-17,12.674999999999999,6.6,21.0,24,56.75,62.0,30,76,24,3.6482951508065256,0.0,0,24,2.6833333333333336,11.2,24,1.37692363585035,0.13388478249127037,1016.8833333333333,1.5,24,0.375,24,1.0,1.0,1.0,1.0,1.0,0.0,0,0,264.4463196730881
2022-12-18,12.7875,6.5,21.4,24,58.666666666666664,65.5,33,78,24,4.263909351357706,0.0,0,24,2.1708333333333334,7.6,24,-0.37333888554324707,0.8153477953732414,1017.3916666666668,-0.6999999999999318,24,0.041666666666666664,24,1.0,1.0,1.0,1.0,1.0,0.0,0,0,155.3974718238287
2022-12-19,12.366666666666667,6.2,20.6,24,60.416666666666664,64.5,31,82,24,4.264423371627706,0.0,0,24,3.5124999999999997,11.1,24,1.3734493934495198,0.3275969435014064,1016.2791666666667,-0.6999999999999318,24,0.20833333333333334,24,1.0,1.0,1.0,1.0,1.0,0.0,0,0,256.5844022055292
2022-12-20,12.079166666666666,5.7,20.2,24,61.125,63.0,34,84,24,4.076507643835378,0.0,0,24,3.466666666666667,11.1,24,1.577609232440591,-0.06853634052289025,1015.1916666666666,-0.6000000000000227,24,0.16666666666666666,24,1.0,1.0,1.0,1.0,1.0,0.0,0,0,272.4875459523369
2022-12-21,11.825000000000001,5.3,20.1,24,60.75,66.5,34,92,24,3.7575029460716265,0.0,0,24,3.9875000000000003,13.0,24,2.3017220109701158,-0.5697703600439029,1016.6416666666668,1.8999999999999773,24,0.08333333333333333,24,1.0,1.0,1.0,1.0,1.0,0.0,0,0,283.9035593973778
2022-12-22,11.091666666666667,5.3,18.9,24,60.833333333333336,64.5,32,86,24,3.1675888757276716,0.0,0,24,2.9958333333333336,9.3,24,1.3852458293239278,0.44797571842743983,1016.8375,-0.900000000000091,24,0.16666666666666666,24,1.0,1.0,1.0,1.0,1.0,0.0,0,0,252.07927132258442
2022-12-23,9.450000000000001,4.9,16.0,24,65.75,72.5,35,86,24,2.885471811679647,0.0,0,24,3.7458333333333336,11.2,24,-2.1222814129281127,2.002979455019037,1015.8791666666666,0.7000000000000455,24,3.2083333333333335,24,1.0,1.0,1.0,1.0,1.0,0.0,0,0,133.3434759137532
2022-12-24,8.383333333333333,2.5,16.8,24,70.33333333333333,78.0,34,92,24,2.6575755550258404,0.0,0,24,5.608333333333333,20.4,24,3.5003717941542463,0.5346858858906974,1019.0541666666667,-0.7999999999999545,24,1.5416666666666667,24,1.0,1.0,1.0,1.0,1.0,0.0,0,0,261.31513518354234
2022-12-25,8.950000000000001,3.8,15.3,24,71.5,76.0,42,93,24,3.5801101649577625,0.0,0,24,3.9125,13.0,24,2.3552711957700994,0.929846687711822,1018.5,-1.7999999999999545,24,4.625,24,1.0,1.0,1.0,1.0,1.0,0.0,0,0,248.45619596016223
2022-12-26,10.4125,5.5,18.5,24,65.75,66.0,29,88,24,3.634142970210753,0.0,0,24,3.7583333333333333,9.3,24,1.9602516276134694,0.3214588237150262,1020.0583333333334,3.1000000000000227,24,4.375,24,1.0,1.0,1.0,1.0,1.0,0.0,0,0,260.68703989845574
2022-12-27,10.841666666666667,4.7,19.1,24,59.208333333333336,60.0,26,85,24,2.2566628302845193,0.0,0,24,7.695833333333334,25.9,24,6.801715560629964,-1.4012568654950153,1020.2624999999999,-2.3999999999999773,24,1.625,24,1.0,1.0,1.0,1.0,1.0,0.0,0,0,281.6409364641411
2022-12-28,10.508333333333333,4.1,20.0,24,57.666666666666664,59.0,25,81,24,1.695019781441878,0.0,0,24,4.7875000000000005,16.7,24,3.9248147351977725,-0.5941340625065247,1019.225,0.10000000000002274,24,3.0833333333333335,24,1.0,1.0,1.0,1.0,1.0,0.0,0,0,278.6080155195921
2022-12-29,9.045833333333333,6.1,13.5,24,70.125,71.5,44,87,24,3.756508380859401,9.3,13,24,8.995833333333334,22.0,24,-0.36792941971992454,-5.217386252262244,1020.2375000000001,2.300000000000068,24,6.208333333333333,24,1.0,1.0,1.0,1.0,1.0,9.3,13,1,4.03381319288917
2022-12-30,10.570833333333333,6.3,16.9,24,74.83333333333333,81.0,43,94,24,5.891454342158358,1.2000000000000002,6,24,9.241666666666667,20.4,24,6.846242244821042,-4.0751355256939625,1022.5416666666666,1.8999999999999773,24,3.2916666666666665,24,1.0,1.0,1.0,1.0,1.0,1.2000000000000002,6,1,300.7626659725202
2022-12-31,10.558333333333334,4.5,18.3,24,70.20833333333333,71.5,38,100,24,4.593204866770902,0.0,0,24,8.625,31.3,24,7.239743179447953,0.16310968566939613,1021.7291666666666,-2.800000000000068,24,0.4583333333333333,24,1.0,1.0,1.0,1.0,1.0,0.0,0,0,268.70935810718225
2023-01-01,10.291666666666666,4.0,18.2,24,64.08333333333333,64.5,32,87,24,3.109705881913992,0.0,0,24,3.8249999999999997,11.1,24,1.1328777962053815,0.23472245161732042,1021.4916666666667,2.2999999999999545,24,1.375,24,1.0,1.0,1.0,1.0,1.0,0.0,0,0,258.294435797482
2023-01-02,9.816666666666666,3.9,17.5,24,63.0,66.0,31,85,24,2.4473059752036104,0.0,0,24,3.295833333333334,13.0,24,2.193840621784329,1.1668779723147455,1022.9583333333334,0.7000000000000455,24,0.20833333333333334,24,1.0,1.0,1.0,1.0,1.0,0.0,0,0,241.99201477162018
2023-01-03,9.737499999999999,3.6,18.0,24,60.416666666666664,62.5,28,84,24,1.6310675797177006,0.0,0,24,5.941666666666666,20.4,24,4.835818032796184,-1.3176166440360249,1024.2458333333334,0.7000000000000455,24,0.041666666666666664,24,1.0,1.0,1.0,1.0,1.0,0.0,0,0,285.2414120611015
2023-01-04,9.7125,3.2,18.0,24,58.5,61.0,27,85,24,1.0969147503978427,0.0,0,24,4.2375,13.0,24,2.5711847624431052,0.010759194679567185,1024.5916666666667,0.2999999999999545,24,0.125,24,1.0,1.0,1.0,1.0,1.0,0.0,0,0,269.7602456046591
2023-01-05,9.924999999999999,3.3,18.3,24,58.541666666666664,63.5,31,81,24,1.3985298428329445,0.0,0,24,3.6166666666666667,11.1,24,1.649965754027168,0.5920042902342879,1025.2375,0.3999999999998636,24,0.041666666666666664,24,1.0,1.0,1.0,1.0,1.0,0.0,0,0,250.26211881729273
2023-01-06,8.695833333333333,4.0,14.0,24,66.16666666666667,68.0,45,84,24,2.4102786102117992,0.0,0,24,3.2083333333333335,9.3,24,-1.2455818540106218,0.24094334970787434,1026.1125,-0.599999999999909,24,5.0,24,1.0,1.0,1.0,1.0,1.0,0.0,0,0,100.94798777299599
2023-01-07,10.279166666666667,5.8,15.7,24,67.20833333333333,68.0,45,81,24,4.224800014777712,0.5,1,24,3.908333333333333,11.2,24,0.6858315579282741,0.5985081209371174,1023.9625000000001,-3.300000000000068,24,6.708333333333333,24,1.0,1.0,1.0,1.0,1.0,0.5,1,1,228.88960658070008
2023-01-08,11.075000000000001,7.0,15.2,24,69.83333333333333,72.0,51,80,24,5.651327295395743,0.0,0,24,4.3374999999999995,10.8,24,-0.853867149197807,1.1280400338043082,1021.2958333333332,-1.1999999999999318,24,6.375,24,1.0,1.0,1.0,1.0,1.0,0.0,0,0,142.8761886902717
2023-01-09,12.345833333333333,7.5,18.6,24,69.54166666666667,73.0,44,93,24,6.546500941137516,0.0,0,24,6.575,14.8,24,3.894728798636546,-0.9499609691752928,1021.475,-0.10000000000002274,24,5.5,24,1.0,1.0,1.0,1.0,1.0,0.0,0,0,283.7073375099226
2023-01-10,12.629166666666668,6.5,19.5,24,67.08333333333333,67.0,42,93,24,6.160012054286837,0.0,0,24,6.158333333333334,25.9,24,5.440668126195669,0.8772916376340909,1020.5583333333334,-3.699999999999932,24,4.458333333333333,24,1.0,1.0,1.0,1.0,1.0,0.0,0,0,260.8400699335109
2023-01-11,11.299999999999999,10.0,12.9,24,79.25,77.5,71,94,24,7.790055368002666,10.2,12,24,11.204166666666666,22.0,24,-8.338320743540923,-4.541876873249809,1016.0333333333333,-1.8000000000000682,24,7.125,24,1.0,1.0,1.0,1.0,1.0,10.2,12,1,61.42290414436707
2023-01-12,10.579166666666667,8.4,13.7,24,79.875,82.0,66,93,24,7.159274398643959,34.9,19,24,9.775,18.5,24,-2.599034565811356,-2.9028605546335875,1014.9041666666667,-2.5,24,5.458333333333333,24,1.0,1.0,1.0,1.0,1.0,34.9,19,1,41.839219259499316
2023-01-13,9.4,7.5,12.6,24,70.54166666666667,71.0,20,93,24,3.707326818408797,6.0,11,24,11.549999999999999,25.6,24,5.8244031513420245,-7.611961817350731,1015.9041666666667,5.600000000000023,24,4.916666666666667,24,1.0,1.0,1.0,1.0,1.0,6.0,11,1,322.5780653089912
2023-01-14,8.629166666666666,3.4,15.5,24,64.29166666666667,71.0,34,85,24,1.6274743400456444,0.0,0,24,10.245833333333334,25.9,24,9.472692649314801,-0.8394479441644723,1019.6875,0.1999999999999318,24,1.2083333333333333,24,1.0,1.0,1.0,1.0,1.0,0.0,0,0,275.0641895719271
2023-01-15,9.045833333333333,3.3,15.4,24,62.25,61.0,31,92,24,1.5087169667024598,0.0,0,24,9.754166666666666,25.9,24,7.854303376624981,-2.5080596094330154,1017.025,-2.5,24,0.8333333333333334,24,1.0,1.0,1.0,1.0,1.0,0.0,0,0,287.70947782239745
2023-01-16,8.616666666666667,2.3,16.0,24,59.083333333333336,58.0,31,89,24,0.1954709715893986,0.0,0,24,9.3125,25.9,24,7.710403673319767,-0.984085408691317,1018.2083333333334,2.7999999999999545,24,0.3333333333333333,24,1.0,1.0,1.0,1.0,1.0,0.0,0,0,277.2733858013236
2023-01-17,8.404166666666667,1.8,15.7,24,58.041666666666664,60.0,31,84,24,-0.17347043032047813,0.0,0,24,8.295833333333333,25.9,24,6.241245283522502,0.45416985447526,1018.8791666666666,1.0,24,0.375,24,1.0,1.0,1.0,1.0,1.0,0.0,0,0,265.83797331873143
2023-01-18,8.541666666666666,2.8,15.2,24,58.083333333333336,60.0,33,79,24,0.16451010041058534,0.0,0,24,5.216666666666667,16.7,24,3.3483907746151087,0.8349763947458503,1021.2875,0.900000000000091,24,4.875,24,1.0,1.0,1.0,1.0,1.0,0.0,0,0,255.99792489071916
2023-01-19,10.9,5.8,16.6,24,54.833333333333336,54.5,33,76,24,1.671367890730604,0.0,0,24,6.2124999999999995,14.8,24,1.8118514573123925,-0.11175679160902896,1021.0166666666668,-1.1000000000000227,24,6.208333333333333,24,1.0,1.0,1.0,1.0,1.0,0.0,0,0,273.52958877586116
2023-01-20,10.804166666666667,7.0,16.0,24,60.5,63.5,40,75,24,3.225503651785185,0.0,0,24,8.137500000000001,22.0,24,-3.495100017878027,1.173916307091713,1020.2291666666666,2.6000000000000227,24,4.666666666666667,24,1.0,1.0,1.0,1.0,1.0,0.0,0,0,108.56590676959553
2023-01-21,10.170833333333333,6.3,15.2,24,68.79166666666667,71.5,48,86,24,4.443681505758248,0.5,3,24,8.508333333333335,18.5,24,4.789602555769185,-3.9279247208956747,1021.0875,-2.199999999999932,24,5.208333333333333,24,1.0,1.0,1.0,1.0,1.0,0.5,3,1,309.3549757605761
2023-01-22,9.858333333333333,5.0,15.3,24,67.0,67.5,42,88,24,3.6365465373118178,0.9,1,24,7.7,13.0,24,3.690400048935165,-0.4407295689880381,1019.5291666666667,0.7999999999999545,24,3.5416666666666665,24,1.0,1.0,1.0,1.0,1.0,0.9,1,1,276.81034804414986
2023-01-23,10.020833333333334,5.5,15.2,24,66.08333333333333,70.0,46,86,24,3.63062313062003,0.0,0,24,8.320833333333333,20.4,24,6.7558664410219835,-2.4473809867381378,1020.2916666666666,-2.0,24,3.875,24,1.0,1.0,1.0,1.0,1.0,0.0,0,0,289.91343190494104
2023-01-24,9.754166666666666,5.8,14.0,24,71.54166666666667,75.0,52,87,24,4.655940939490765,13.6,12,24,10.145833333333334,18.4,24,1.9623761859567217,0.24465745853593027,1017.3041666666667,-1.0,24,5.375,24,1.0,1.0,1.0,1.0,1.0,13.6,12,1,262.89337056667915
2023-01-25,10.25,7.1,15.1,24,75.04166666666667,78.0,52,87,24,5.84109931142902,2.5,8,24,8.4,16.7,24,5.182445376335333,-0.9158910811568299,1018.7125,4.0,24,4.416666666666667,24,1.0,1.0,1.0,1.0,1.0,2.5,8,1,280.0223667747366
2023-01-26,10.004166666666666,4.8,17.0,24,70.54166666666667,72.5,41,93,24,4.288273131036359,0.0,0,24,8.85,25.9,24,7.735811929094294,-2.0552528641807535,1021.3666666666667,-1.0,24,0.8333333333333334,24,1.0,1.0,1.0,1.0,1.0,0.0,0,0,284.87864180409656
2023-01-27,10.904166666666667,4.4,19.5,24,62.75,62.0,28,93,24,3.162326301146667,0.0,0,24,9.858333333333333,25.9,24,8.095627507939936,-0.5707712154728067,1020.7291666666666,0.10000000000002274,24,1.25,24,1.0,1.0,1.0,1.0,1.0,0.0,0,0,274.0328877270756
2023-01-28,10.720833333333333,6.0,16.2,24,61.75,64.5,40,80,24,3.255744320088531,0.0,0,24,6.279166666666666,14.8,24,3.452042281627655,-0.17507115995570768,1018.0583333333334,-4.7000000000000455,24,5.666666666666667,24,1.0,1.0,1.0,1.0,1.0,0.0,0,0,272.9032819176524
2023-01-29,11.012500000000001,6.7,17.3,24,66.66666666666667,70.0,43,87,24,4.72370709908587,10.0,3,24,7.791666666666667,18.4,24,-4.13519688771084,1.081020087546979,1014.8708333333334,4.5,24,6.583333333333333,24,1.0,1.0,1.0,1.0,1.0,10.0,3,1,104.65035814961675
2023-01-30,10.804166666666667,8.9,13.2,24,77.16666666666667,76.0,67,89,24,6.890616338319288,18.9,22,24,12.958333333333334,20.4,24,-11.661674921587108,0.6929543439762919,1020.1625,7.599999999999909,24,6.208333333333333,24,1.0,1.0,1.0,1.0,1.0,18.9,22,1,93.4006031363682
2023-01-31,11.570833333333333,6.7,18.0,24,70.375,70.0,45,93,24,5.824033715660554,0.0,0,24,9.616666666666667,25.6,24,8.066675525841614,-0.891990193893085,1022.7666666666668,-1.8999999999999773,24,2.8333333333333335,24,1.0,1.0,1.0,1.0,1.0,0.0,0,0,276.30997078691007
2023-02-01,12.233333333333334,6.2,19.8,24,62.25,63.5,31,93,24,4.334124573951586,0.0,0,24,7.987500000000001,22.2,24,7.464560708155235,-1.3060483122162452,1020.4083333333333,-1.900000000000091,24,3.4583333333333335,24,1.0,1.0,1.0,1.0,1.0,0.0,0,0,279.924384992548
2023-02-02,13.112499999999999,8.0,19.4,24,60.666666666666664,61.5,38,81,24,5.158230586007101,0.0,0,24,7.841666666666668,25.6,24,5.253661486718457,-1.6456729102597463,1018.475,-1.3000000000000682,24,6.291666666666667,24,1.0,1.0,1.0,1.0,1.0,0.0,0,0,287.39280199418
2023-02-03,13.362499999999999,8.0,19.2,24,59.916666666666664,60.0,40,78,24,5.362637162837022,0.4,1,24,6.325,14.8,24,3.996464533451945,0.23718362813815475,1017.9499999999999,-1.2999999999999545,24,5.5,24,1.0,1.0,1.0,1.0,1.0,0.4,1,1,266.6035731997848
2023-02-04,14.891666666666666,9.3,22.5,24,57.083333333333336,58.5,27,79,24,5.693752013958029,0.0,0,24,10.708333333333334,25.9,24,8.629543531189361,-1.9505852901724452,1015.7583333333333,-2.7000000000000455,24,2.3333333333333335,24,1.0,1.0,1.0,1.0,1.0,0.0,0,0,282.7368551779167
2023-02-05,14.612499999999999,8.7,21.0,24,58.375,59.5,34,87,24,5.934217137967185,0.0,0,24,5.8875,11.1,24,2.279690940888036,0.7038302071835894,1013.6833333333334,-0.8999999999999773,24,4.125,24,1.0,1.0,1.0,1.0,1.0,0.0,0,0,252.84248659972695
2023-02-06,14.454166666666666,11.0,18.8,24,67.91666666666667,68.5,48,88,24,8.34038535286963,8.4,6,24,11.954166666666666,25.9,24,2.822390080166475,-6.27992731166809,1015.1875,3.0,24,4.833333333333333,24,1.0,1.0,1.0,1.0,1.0,8.4,6,1,335.799401562524
2023-02-07,13.441666666666668,7.5,20.0,24,64.125,66.0,38,87,24,6.107096588900414,0.0,0,24,10.316666666666666,29.6,24,8.189939596131444,-0.8460128763273502,1014.6416666666668,-0.8999999999999773,24,0.75,24,1.0,1.0,1.0,1.0,1.0,0.0,0,0,275.8976807855712
2023-02-08,13.858333333333334,8.4,20.0,24,58.625,55.5,35,81,24,5.259383642108243,0.7999999999999999,3,24,6.308333333333334,18.4,24,4.168938588785628,-0.6968351692581423,1015.3708333333334,1.1999999999999318,24,5.041666666666667,24,1.0,1.0,1.0,1.0,1.0,0.7999999999999999,3,1,279.4892256111881
2023-02-09,12.291666666666666,10.0,14.0,24,66.83333333333333,66.0,58,82,24,6.23749234114068,5.3999999999999995,5,24,14.954166666666666,25.9,24,-4.925033742251496,-12.48776237120231,1014.0791666666668,-3.8999999999999773,24,6.375,24,1.0,1.0,1.0,1.0,1.0,5.3999999999999995,5,1,21.523721342329054
2023-02-10,13.200000000000001,8.0,18.2,24,67.25,64.5,36,88,24,6.929244526107888,3.8000000000000003,6,24,15.862499999999999,27.8,24,-1.9433091231293869,-0.845996153727174,1012.8333333333334,4.199999999999932,24,3.8333333333333335,24,1.0,1.0,1.0,1.0,1.0,3.8000000000000003,6,1,66.47468105673244
2023-02-11,12.362499999999999,7.9,17.0,24,53.958333333333336,50.5,26,78,24,2.578688608607243,0.0,0,24,18.116666666666667,40.8,24,12.996958002758523,-7.99371700230569,1016.4708333333333,3.300000000000068,24,2.5833333333333335,24,1.0,1.0,1.0,1.0,1.0,0.0,0,0,301.5933959018056
2023-02-12,11.233333333333334,4.4,17.8,24,46.333333333333336,46.0,19,75,24,-1.0568672650428448,0.0,0,24,15.241666666666667,37.0,24,12.367825494954984,-4.467103224009056,1021.3958333333334,3.800000000000068,24,0.625,24,1.0,1.0,1.0,1.0,1.0,0.0,0,0,289.85908307877116
2023-02-13,12.4375,5.5,20.2,24,42.375,41.5,20,67,24,-1.2241931012785336,0.0,0,24,14.941666666666668,35.2,24,13.929494511584442,-2.474926665717458,1018.975,-3.400000000000091,24,2.125,24,1.0,1.0,1.0,1.0,1.0,0.0,0,0,280.0749044312058
2023-02-14,14.433333333333332,7.3,23.0,24,43.958333333333336,45.0,22,67,24,1.3364732524607223,0.0,0,24,8.233333333333333,20.4,24,7.514817491794626,-0.1281644247368184,1017.6041666666666,-0.8000000000000682,24,3.2083333333333335,24,1.0,1.0,1.0,1.0,1.0,0.0,0,0,270.97707878797104
2023-02-15,16.091666666666665,9.9,24.6,24,51.375,56.0,26,76,24,5.258594763378051,0.0,0,24,9.987499999999999,25.9,24,8.607064331757526,-2.2752256946102887,1015.2958333333332,-2.2999999999999545,24,4.166666666666667,24,1.0,1.0,1.0,1.0,1.0,0.0,0,0,284.8071008685853
2023-02-16,17.670833333333334,11.4,25.3,24,54.375,59.0,31,75,24,7.6799224017006935,0.0,0,24,6.295833333333333,14.8,24,4.408738629592867,-1.5560326800066608,1015.7875,2.400000000000091,24,5.208333333333333,24,1.0,1.0,1.0,1.0,1.0,0.0,0,0,289.44011897409587
2023-02-17,17.8,12.0,24.5,24,56.208333333333336,58.0,33,75,24,8.437419601592552,0.0,0,24,2.904166666666667,9.3,24,1.912808403336301,-0.3232010972996553,1017.4583333333334,0.7999999999999545,24,5.583333333333333,24,1.0,1.0,1.0,1.0,1.0,0.0,0,0,279.59049976740675
2023-02-18,17.970833333333335,11.0,26.5,24,54.958333333333336,54.0,23,76,24,7.901947489760516,0.0,0,24,5.125,10.8,24,2.2828923476239047,-0.5023432712765469,1016.1291666666666,-1.8000000000000682,24,5.291666666666667,24,1.0,1.0,1.0,1.0,1.0,0.0,0,0,282.40997891782877
2023-02-19,18.866666666666667,13.4,25.0,24,55.75,59.0,37,74,24,9.396392760190416,0.0,0,24,8.304166666666667,18.4,24,-5.315054055396468,0.5641681631406147,1014.3791666666666,-1.8999999999999773,24,6.666666666666667,24,1.0,1.0,1.0,1.0,1.0,0.0,0,0,96.05899213973555
2023-02-20,17.766666666666666,13.9,23.0,24,62.666666666666664,63.5,47,76,24,10.398912368704266,4.7,8,24,12.8125,31.7,24,-2.2469447141824195,-9.449579349160194,1012.9125,-0.10000000000002274,24,5.041666666666667,24,1.0,1.0,1.0,1.0,1.0,4.7,8,1,13.375539929260185
2023-02-21,17.775000000000002,11.0,26.0,24,54.583333333333336,54.0,22,79,24,7.503904201314526,0.0,0,24,10.445833333333333,25.9,24,7.382014922921855,-3.40578268372186,1014.1625,0.5,24,0.9583333333333334,24,1.0,1.0,1.0,1.0,1.0,0.0,0,0,294.7668147046533
2023-02-22,17.304166666666667,11.0,24.3,24,51.208333333333336,50.5,29,72,24,6.360189385952647,0.0,0,24,7.220833333333334,16.7,24,4.361500839190557,-1.929694533530576,1014.775,1.7999999999999545,24,2.6666666666666665,24,1.0,1.0,1.0,1.0,1.0,0.0,0,0,293.86642839900935
2023-02-23,17.8,10.9,25.9,24,48.208333333333336,47.0,25,74,24,5.59143585617941,0.0,0,24,12.566666666666665,35.3,24,11.24382348047117,-2.5292300018632417,1015.0708333333333,-1.3999999999999773,24,1.0,24,1.0,1.0,1.0,1.0,1.0,0.0,0,0,282.6773264563436
2023-02-24,18.6125,11.5,27.0,24,42.458333333333336,43.0,14,66,24,4.237137189832391,0.0,0,24,8.0,18.5,24,6.723452001313369,-0.9089176475031951,1015.5375,2.5,24,2.5833333333333335,24,1.0,1.0,1.0,1.0,1.0,0.0,0,0,277.6989226938917
2023-02-25,18.558333333333334,12.5,26.0,24,43.0,44.5,21,62,24,4.889084588290188,1.2,3,24,9.075000000000001,29.5,24,4.102604175979892,-1.8957730144262313,1017.0041666666666,1.3000000000000682,24,4.166666666666667,24,1.0,1.0,1.0,1.0,1.0,1.2,3,1,294.80119400296394
2023-02-26,18.616666666666667,14.2,24.5,24,51.0,53.5,30,66,24,7.925929337274403,0.0,0,24,12.454166666666666,25.9,24,-1.4192241583640375,-5.692605139348448,1019.9625,1.2999999999999545,24,5.166666666666667,24,1.0,1.0,1.0,1.0,1.0,0.0,0,0,13.999036184638726
2023-02-27,18.633333333333333,13.1,25.0,24,50.041666666666664,51.5,28,70,24,7.394735453959014,0.0,0,24,11.583333333333334,25.6,24,7.264653070457279,-1.2541538457259864,1019.7291666666666,-1.8999999999999773,24,3.6666666666666665,24,1.0,1.0,1.0,1.0,1.0,0.0,0,0,279.79487163202873
2023-02-28,16.729166666666668,13.6,22.8,24,56.875,57.0,38,74,24,7.90741209085946,0.0,0,24,10.950000000000001,22.3,24,-2.0094458132120523,-6.428802938091805,1020.4791666666666,1.6999999999999318,24,6.458333333333333,24,1.0,1.0,1.0,1.0,1.0,0.0,0,0,17.357636864547942
2023-03-01,16.245833333333334,13.0,20.5,24,64.58333333333333,67.5,43,78,24,9.377810791052793,1.2,3,24,8.858333333333333,14.8,24,-6.854352419575055,-2.27278714493538,1022.4125,1.5,24,7.125,24,1.0,1.0,1.0,1.0,1.0,1.2,3,1,71.65535350108576
2023-03-02,16.404166666666665,14.0,20.0,24,68.16666666666667,70.0,50,78,24,10.41478511080175,12.2,11,24,10.783333333333333,18.4,24,-4.2687675379891745,-7.341076481776933,1023.0333333333333,0.6999999999999318,24,6.791666666666667,24,1.0,1.0,1.0,1.0,1.0,12.2,11,1,30.177601963785264
2023-03-03,17.179166666666667,11.8,24.0,24,63.5,61.0,36,86,24,9.568595639490832,0.0,0,24,8.016666666666667,18.4,24,5.468380405505603,-2.5011932600910467,1022.7416666666667,-1.5,24,4.666666666666667,24,1.0,1.0,1.0,1.0,1.0,0.0,0,0,294.57897589982286
2023-03-04,18.6125,13.0,25.3,24,56.125,56.5,31,77,24,9.021838574499325,0.0,0,24,5.808333333333334,13.0,24,1.6866130782508073,-0.03282215306535378,1020.7791666666667,-0.1999999999999318,24,4.666666666666667,24,1.0,1.0,1.0,1.0,1.0,0.0,0,0,271.11485765662957
2023-03-05,19.383333333333333,13.5,26.0,24,51.708333333333336,51.5,32,72,24,8.478493841662601,0.0,0,24,9.075000000000001,25.9,24,4.50467067363451,-5.518322530264656,1020.2791666666667,-1.8000000000000682,24,2.2083333333333335,24,1.0,1.0,1.0,1.0,1.0,0.0,0,0,320.7748393954544
2023-03-06,19.912499999999998,13.6,27.5,24,48.25,46.5,22,68,24,7.819599336470163,0.0,0,24,9.154166666666667,25.9,24,6.464849176630378,-2.014614019038025,1017.1583333333333,-3.3999999999999773,24,1.875,24,1.0,1.0,1.0,1.0,1.0,0.0,0,0,287.3083833381477
2023-03-07,20.204166666666666,13.5,27.0,24,44.083333333333336,43.5,21,65,24,6.72401823566164,0.0,0,24,7.8999999999999995,18.5,24,3.7334913593169965,-2.382495908865574,1016.4291666666667,-1.0,24,1.5,24,1.0,1.0,1.0,1.0,1.0,0.0,0,0,302.5436386197044
2023-03-08,20.879166666666666,14.0,28.7,24,40.916666666666664,40.5,21,60,24,6.161027567730368,0.0,0,24,7.620833333333334,22.3,24,4.548412604102244,-1.0624084425940739,1016.7125,-0.3000000000000682,24,0.625,24,1.0,1.0,1.0,1.0,1.0,0.0,0,0,283.1473080566005
2023-03-09,20.870833333333334,14.6,27.5,24,43.958333333333336,45.5,28,60,24,7.6126616000128955,0.0,0,24,7.125,14.8,24,1.7545912785236564,0.8358835434541106,1017.3958333333334,-0.1999999999999318,24,0.5416666666666666,24,1.0,1.0,1.0,1.0,1.0,0.0,0,0,244.5269694930396
2023-03-10,21.2625,14.0,28.7,24,44.333333333333336,43.5,23,64,24,7.858482871975227,0.0,0,24,6.770833333333333,18.4,24,5.205030080055197,-1.1319685875592627,1016.0833333333334,-1.7000000000000455,24,2.1666666666666665,24,1.0,1.0,1.0,1.0,1.0,0.0,0,0,282.26940175095086
2023-03-11,21.9875,15.0,29.2,24,44.041666666666664,44.0,24,63,24,8.444265347707596,0.0,0,24,6.454166666666667,14.8,24,1.544499110422718,1.7674039137860138,1015.1583333333333,0.39999999999997726,24,1.7916666666666667,24,1.0,1.0,1.0,1.0,1.0,0.0,0,0,221.14956347090464
2023-03-12,21.337500000000002,16.9,27.5,24,50.041666666666664,52.5,30,67,24,10.176339025157848,0.0,0,24,11.629166666666668,44.3,24,4.963630274559061,-7.378749069540451,1016.0541666666667,-0.10000000000002274,24,4.583333333333333,24,1.0,1.0,1.0,1.0,1.0,0.0,0,0,326.0715682310961
2023-03-13,21.729166666666668,14.5,28.8,24,48.041666666666664,47.0,27,69,24,9.454611149892536,0.0,0,24,12.420833333333334,25.9,24,9.431442472885644,-2.8209319716758987,1014.7458333333334,-3.7999999999999545,24,3.625,24,1.0,1.0,1.0,1.0,1.0,0.0,0,0,286.651854536124
2023-03-14,22.4375,15.8,29.5,24,43.416666666666664,43.0,25,63,24,8.571313255694054,0.0,0,24,10.0,29.5,24,7.770139675214886,-3.009152122633457,1011.2708333333334,-3.900000000000091,24,2.4583333333333335,24,1.0,1.0,1.0,1.0,1.0,0.0,0,0,291.1699559724118
2023-03-15,22.508333333333336,16.4,29.5,24,44.5,47.0,27,57,24,9.380189125655868,0.0,0,24,11.091666666666667,20.4,24,-2.793998627488812,5.061131472078462,1009.3291666666668,1.1999999999999318,24,3.9583333333333335,24,1.0,1.0,1.0,1.0,1.0,0.0,0,0,151.0990980449833
2023-03-16,19.587500000000002,15.5,24.4,24,59.291666666666664,59.5,42,76,24,11.158492236392462,1.6,3,24,14.116666666666667,33.1,24,-7.865231564392647,-5.638064508419483,1012.1,5.899999999999977,24,6.666666666666667,24,1.0,1.0,1.0,1.0,1.0,1.6,3,1,54.36576333062408
2023-03-17,16.745833333333334,14.5,20.5,24,75.95833333333333,77.0,63,90,24,12.41759345152803,0.6,2,24,13.579166666666666,18.5,24,-7.9344659549494585,-6.386083227310273,1015.6291666666666,1.6000000000000227,24,6.958333333333333,24,1.0,1.0,1.0,1.0,1.0,0.6,2,1,51.17102634286698
2023-03-18,17.441666666666666,12.5,22.0,24,72.70833333333333,72.0,52,89,24,12.250324820891118,1.0,3,24,12.366666666666667,29.5,24,-10.297535156955322,-0.5010363338204722,1014.0208333333334,-1.900000000000091,24,6.125,24,1.0,1.0,1.0,1.0,1.0,1.0,3,1,87.21441635071437
2023-03-19,18.375,14.0,23.2,24,65.04166666666667,68.0,41,83,24,11.308413384005382,1.2,1,24,8.054166666666667,18.5,24,-0.6549462167782668,-2.563191895078247,1011.6041666666666,-3.199999999999932,24,5.75,24,1.0,1.0,1.0,1.0,1.0,1.2,1,1,14.333511017596436
2023-03-20,19.183333333333334,13.4,25.0,24,59.291666666666664,56.5,37,82,24,10.530736120912168,0.5,2,24,9.091666666666667,16.7,24,-0.21426739690870067,2.278821945314606,1009.0416666666666,-0.6999999999999318,24,4.083333333333333,24,1.0,1.0,1.0,1.0,1.0,0.5,2,1,174.62852729703332
2023-03-21,17.545833333333334,14.0,23.0,24,67.04166666666667,66.5,47,94,24,11.171224834047548,8.4,4,24,11.391666666666666,25.6,24,-2.857396426512097,3.660221110495724,1010.3125,3.1000000000000227,24,5.291666666666667,24,1.0,1.0,1.0,1.0,1.0,8.4,4,1,142.02218567831903
2023-03-22,18.491666666666667,13.0,23.5,24,65.29166666666667,64.0,44,90,24,11.402614472462021,0.4,2,24,10.391666666666667,18.5,24,0.23721010010023877,3.488637199389833,1011.7333333333332,-0.39999999999997726,24,4.416666666666667,24,1.0,1.0,1.0,1.0,1.0,0.4,2,1,183.88984273766138
2023-03-23,18.212500000000002,15.0,22.4,24,65.45833333333333,67.5,43,84,24,11.373210481901053,1.1,3,24,14.387500000000001,51.5,24,5.511350922783215,-4.677412500959382,1011.4083333333333,-1.6999999999999318,24,5.666666666666667,24,1.0,1.0,1.0,1.0,1.0,1.1,3,1,310.320837495651
2023-03-24,16.162499999999998,14.0,18.5,24,73.91666666666667,74.5,64,80,24,11.465456628770227,10.0,11,24,17.816666666666666,36.7,24,-14.370170006551378,-1.2784871324120708,1010.8625000000001,1.8999999999999773,24,6.916666666666667,24,1.0,1.0,1.0,1.0,1.0,10.0,11,1,84.91588766455186
2023-03-25,14.575000000000001,12.5,16.6,24,81.58333333333333,81.0,65,92,24,11.411960634703116,30.6,12,24,19.537499999999998,33.1,24,-13.642758163809775,-3.1934198050526152,1015.0,5.0,24,7.458333333333333,24,1.0,1.0,1.0,1.0,1.0,30.6,12,1,76.82571915403781
2023-03-26,16.9375,10.5,23.8,24,67.125,66.5,42,94,24,10.163044174323417,0.0,0,24,9.0625,20.4,24,5.290229752287268,-2.2696428769578536,1014.8166666666666,-4.5,24,2.4166666666666665,24,1.0,1.0,1.0,1.0,1.0,0.0,0,0,293.22056087716277
2023-03-27,19.504166666666666,12.7,26.3,24,56.625,53.0,32,84,24,9.955257932683004,0.0,0,24,7.454166666666667,18.5,24,5.1652751096240435,-0.7354670839539418,1011.8708333333334,-1.3999999999999773,24,1.875,24,1.0,1.0,1.0,1.0,1.0,0.0,0,0,278.1036919076754
2023-03-28,20.529166666666665,14.5,27.0,24,51.666666666666664,51.5,32,73,24,9.65355235378403,0.0,0,24,8.595833333333333,22.0,24,4.589763646262387,0.1536371100036836,1011.125,0.5,24,4.375,24,1.0,1.0,1.0,1.0,1.0,0.0,0,0,268.0828049027409
2023-03-29,19.670833333333334,15.5,23.1,24,55.75,58.0,36,70,24,10.325266997541366,2.5,3,24,11.691666666666668,24.1,24,-2.2160840467084197,-6.204927032565077,1012.6458333333334,1.1000000000000227,24,6.208333333333333,24,1.0,1.0,1.0,1.0,1.0,2.5,3,1,19.65414080480889
2023-03-30,19.125,15.0,24.0,24,62.041666666666664,65.5,40,74,24,11.415358521625256,1.2,3,24,15.166666666666666,36.7,24,2.3212688702887907,-13.061519543729018,1011.5916666666667,-4.5,24,6.708333333333333,24,1.0,1.0,1.0,1.0,1.0,1.2,3,1,349.92271473092154
2023-03-31,16.979166666666668,14.2,20.0,24,73.16666666666667,73.5,62,90,24,12.046732026767074,5.1,10,24,14.870833333333332,29.5,24,-12.086465753304461,-2.000858862147046,1010.4333333333334,1.5,24,7.375,24,1.0,1.0,1.0,1.0,1.0,5.1,10,1,80.60019641114519
2023-04-01,16.7625,14.4,19.9,24,78.25,76.0,64,91,24,12.853669055933793,8.8,12,24,14.570833333333333,22.3,24,-13.37852594802777,-0.7211104965458315,1011.7833333333333,0.5,24,6.541666666666667,24,1.0,1.0,1.0,1.0,1.0,8.8,12,1,86.91470900646783
2023-04-02,18.037499999999998,12.2,24.5,24,66.04166666666667,64.5,44,89,24,11.166039984825495,0.0,0,24,10.541666666666666,25.6,24,3.406647434737533,-1.1513870196109453,1010.8583333333332,-1.599999999999909,24,4.708333333333333,24,1.0,1.0,1.0,1.0,1.0,0.0,0,0,288.67435041000317
2023-04-03,18.041666666666668,15.4,22.0,24,66.5,69.0,48,78,24,11.552742900969939,14.2,16,24,16.241666666666667,25.6,24,-6.375510608529051,-6.08911172792892,1009.8416666666667,1.6000000000000227,24,7.041666666666667,24,1.0,1.0,1.0,1.0,1.0,14.2,16,1,46.31625009197268
2023-04-04,18.7375,14.3,24.0,24,62.25,62.0,42,83,24,10.952711386479281,3.8,5,24,12.154166666666667,20.4,24,1.0909420952200888,-2.221726218370702,1013.0875,1.2000000000000455,24,4.666666666666667,24,1.0,1.0,1.0,1.0,1.0,3.8,5,1,333.8474132036916
2023-04-05,19.6125,14.3,26.0,24,54.875,54.0,31,74,24,9.72366411302214,0.3,1,24,12.0,29.5,24,7.850451337049404,-0.8985555122344588,1012.5,-0.40000000000009095,24,3.75,24,1.0,1.0,1.0,1.0,1.0,0.3,1,1,276.52960715498097
2023-04-06,19.854166666666668,14.4,25.6,24,55.5,55.0,36,78,24,10.209465196179847,0.0,0,24,12.75,22.3,24,7.079089960331718,-3.640750546536023,1015.4708333333333,3.300000000000068,24,4.166666666666667,24,1.0,1.0,1.0,1.0,1.0,0.0,0,0,297.21659615355566
2023-04-07,21.495833333333334,14.5,28.6,24,48.333333333333336,46.0,27,72,24,9.219439769688913,0.0,0,24,10.3125,29.5,24,9.572996923575799,-2.437912666797638,1016.1,-1.8999999999999773,24,0.875,24,1.0,1.0,1.0,1.0,1.0,0.0,0,0,284.28755858942014
2023-04-08,22.925,15.0,30.4,24,43.333333333333336,40.5,25,67,24,8.855011968467592,0.0,0,24,6.75,16.7,24,4.4178032860470315,0.8988954800181091,1015.2291666666666,-0.8999999999999773,24,0.4583333333333333,24,1.0,1.0,1.0,1.0,1.0,0.0,0,0,258.49896331178127
2023-04-09,23.641666666666666,16.6,31.0,24,39.541666666666664,40.0,16,58,24,8.05792996184692,0.0,0,24,7.366666666666667,18.4,24,4.274695384129882,0.957772521048894,1015.0375,-1.900000000000091,24,1.25,24,1.0,1.0,1.0,1.0,1.0,0.0,0,0,257.3710903834858
2023-04-10,24.6375,17.5,31.6,24,39.208333333333336,40.0,23,55,24,9.168928120131223,0.0,0,24,9.295833333333333,25.9,24,4.326112344038362,-2.227412327345261,1013.1625,-0.8999999999999773,24,2.2916666666666665,24,1.0,1.0,1.0,1.0,1.0,0.0,0,0,297.24286130357933
2023-04-11,25.2625,18.1,32.4,24,40.625,39.5,24,60,24,10.181812111871295,0.0,0,24,9.5,24.1,24,6.139271811582148,-1.5208099007636966,1012.3375,-0.39999999999997726,24,2.2916666666666665,24,1.0,1.0,1.0,1.0,1.0,0.0,0,0,283.91313522392824
2023-04-12,25.925,18.5,32.5,24,40.083333333333336,38.5,21,63,24,10.34684532710111,0.0,0,24,10.833333333333334,22.0,24,6.193148176247875,-2.7620555034130923,1011.85,-1.0,24,1.5833333333333333,24,1.0,1.0,1.0,1.0,1.0,0.0,0,0,294.03618787679994
2023-04-13,26.916666666666668,19.2,33.8,24,38.708333333333336,38.0,22,59,24,10.774474194827663,0.0,0,24,11.8375,29.5,24,8.741685123213877,-1.5414568274548357,1009.7583333333333,-2.900000000000091,24,1.0416666666666667,24,1.0,1.0,1.0,1.0,1.0,0.0,0,0,280.00039337237035
2023-04-14,27.858333333333334,20.4,35.9,24,36.583333333333336,35.5,19,59,24,10.553322176921643,0.0,0,24,10.125,22.3,24,0.5152653617656259,0.6055724234867156,1008.4791666666666,-1.1999999999999318,24,0.8333333333333334,24,1.0,1.0,1.0,1.0,1.0,0.0,0,0,220.39357032085738
2023-04-15,28.679166666666664,22.0,35.2,24,36.083333333333336,35.0,23,52,24,11.550662031887045,0.0,0,24,13.5625,22.3,24,-6.669429252576083,2.784395633374004,1007.6666666666666,-1.0,24,2.6666666666666665,24,1.0,1.0,1.0,1.0,1.0,0.0,0,0,112.65986999296587
2023-04-16,26.462500000000002,23.9,30.0,24,40.125,40.5,32,48,24,11.684501667213164,0.5,2,24,20.8625,29.5,24,-5.467675607154767,-15.145422640162993,1008.6958333333333,1.2999999999999545,24,6.791666666666667,24,1.0,1.0,1.0,1.0,1.0,0.5,2,1,19.85017822126889
2023-04-17,26.620833333333334,20.0,34.0,24,41.833333333333336,43.5,23,58,24,12.109146000039571,0.2,1,24,15.195833333333333,25.9,24,4.730538745201193,-9.071919688983456,1008.6958333333333,-0.6999999999999318,24,6.125,24,1.0,1.0,1.0,1.0,1.0,0.2,1,1,332.4602797568074
2023-04-18,23.204166666666666,19.0,28.0,24,58.833333333333336,58.0,41,82,24,14.553348595941143,4.800000000000001,8,24,22.570833333333336,33.1,24,-13.128184999059885,-10.856487927465286,1010.7166666666667,0.6000000000000227,24,7.458333333333333,24,1.0,1.0,1.0,1.0,1.0,4.800000000000001,8,1,50.4106022457849
2023-04-19,20.591666666666665,18.9,26.0,24,67.91666666666667,68.0,47,78,24,14.375481832814984,28.0,20,24,20.2,44.3,24,-10.803972020000218,-2.3530231353681703,1009.6291666666666,-3.2999999999999545,24,7.083333333333333,24,1.0,1.0,1.0,1.0,1.0,28.0,20,1,77.7132833579463
2023-04-20,20.241666666666667,16.5,26.0,24,64.95833333333333,65.0,42,80,24,13.132535923246055,17.5,9,24,18.679166666666667,40.7,24,-6.203418735042214,-6.372952540518106,1006.8375,-1.5,24,6.0,24,1.0,1.0,1.0,1.0,1.0,17.5,9,1,44.22767998752818
2023-04-21,20.104166666666668,14.6,26.5,24,57.333333333333336,57.0,36,78,24,10.937059101903927,0.8,2,24,15.858333333333334,29.5,24,-7.796817793448767,-6.527480067879272,1008.0375,1.3999999999999773,24,5.0,24,1.0,1.0,1.0,1.0,1.0,0.8,2,1,50.06399841921433
2023-04-22,21.458333333333332,15.2,27.9,24,46.375,44.5,25,68,24,8.682417621416525,0.1,1,24,13.183333333333332,31.7,24,-0.6997688856907192,-7.448247016686946,1009.0541666666667,0.2999999999999545,24,3.1666666666666665,24,1.0,1.0,1.0,1.0,1.0,0.1,1,1,5.367230499377797
2023-04-23,23.633333333333336,15.5,31.0,24,41.125,39.5,21,66,24,8.528073323410842,0.0,0,24,6.845833333333334,16.7,24,1.8416086495031028,0.22354610434304337,1008.7041666666668,-0.09999999999990905,24,0.4166666666666667,24,1.0,1.0,1.0,1.0,1.0,0.0,0,0,263.07893651964434
2023-04-24,25.3625,17.5,32.2,24,38.208333333333336,37.0,23,59,24,9.372147293970881,0.0,0,24,7.8374999999999995,18.4,24,0.4269242504922052,3.195434080809355,1009.9375,1.5,24,1.0,24,1.0,1.0,1.0,1.0,1.0,0.0,0,0,187.60990599607484
2023-04-25,25.675,18.5,31.3,24,39.75,38.0,24,55,24,10.476759063744302,0.0,0,24,12.083333333333334,20.4,24,-8.432753339534004,2.655432446890821,1011.0208333333334,-0.6000000000000227,24,3.0416666666666665,24,1.0,1.0,1.0,1.0,1.0,0.0,0,0,107.4789577702104
2023-04-26,24.995833333333334,20.0,30.5,24,44.708333333333336,43.5,29,60,24,11.785526670665952,0.6,2,24,16.091666666666665,29.5,24,-9.631551916517376,-6.64758777624617,1009.2958333333332,-2.1000000000000227,24,5.583333333333333,24,1.0,1.0,1.0,1.0,1.0,0.6,2,1,55.38700267669833
2023-04-27,24.34583333333333,19.0,31.0,24,48.833333333333336,49.5,25,69,24,12.267117918468314,0.7000000000000001,3,24,18.658333333333335,24.1,24,-7.496616311625151,-7.986775430197578,1009.6791666666667,0.20000000000004547,24,5.416666666666667,24,1.0,1.0,1.0,1.0,1.0,0.7000000000000001,3,1,43.186787932946515
2023-04-28,23.233333333333334,16.0,28.7,24,50.25,50.0,34,80,24,11.979180098263178,0.5,2,24,20.879166666666666,47.9,24,-17.434371511513987,-4.839966201160628,1011.8916666666668,-1.400000000000091,24,5.25,24,1.0,1.0,1.0,1.0,1.0,0.5,2,1,74.4847822341008
2023-04-29,25.8625,18.5,32.4,24,42.875,42.5,27,63,24,11.625794279151016,0.0,0,24,9.541666666666666,14.8,24,0.9730777276679873,0.44173851015482696,1008.2041666666668,-3.2999999999999545,24,3.0416666666666665,24,1.0,1.0,1.0,1.0,1.0,0.0,0,0,245.58384450203553
2023-04-30,25.78333333333333,20.5,31.8,24,45.291666666666664,45.5,31,62,24,12.686388889424228,0.0,0,24,13.475,25.6,24,-6.414904547166974,4.079672770403946,1006.3874999999999,-0.6000000000000227,24,3.8333333333333335,24,1.0,1.0,1.0,1.0,1.0,0.0,0,0,122.45504699257276
2023-05-01,22.65416666666667,20.0,27.7,24,60.0,60.5,44,73,24,14.347044662669022,3.1999999999999997,4,24,15.924999999999999,35.3,24,-11.718784409701788,5.422143880572764,1007.8708333333334,3.8999999999999773,24,5.791666666666667,24,1.0,1.0,1.0,1.0,1.0,3.1999999999999997,4,1,114.82942612632439
2023-05-02,20.175,18.0,24.0,24,73.625,75.5,55,79,24,15.25418854604416,12.5,11,24,16.204166666666666,27.7,24,-12.3173083777229,-1.4487538940475242,1011.1999999999999,3.2000000000000455,24,7.0,24,1.0,1.0,1.0,1.0,1.0,12.5,11,1,83.29172871428415
2023-05-03,21.795833333333334,17.6,26.0,24,63.75,62.5,44,80,24,14.348680316433127,0.6,5,24,12.575000000000001,18.5,24,-8.404558077933094,4.213252190966159,1011.8916666666668,-1.1000000000000227,24,5.208333333333333,24,1.0,1.0,1.0,1.0,1.0,0.6,5,1,116.62486509135852
2023-05-04,22.224999999999998,17.2,27.9,24,60.458333333333336,57.0,45,79,24,13.902171932962508,0.1,1,24,12.391666666666666,20.4,24,-6.724562027988334,0.4590038563873838,1011.7416666666667,0.39999999999997726,24,4.708333333333333,24,1.0,1.0,1.0,1.0,1.0,0.1,1,1,93.90482740654494
2023-05-05,23.77916666666667,17.0,29.6,24,52.541666666666664,49.0,32,76,24,12.895610589307665,0.0,0,24,10.487499999999999,18.4,24,4.74146312998563,1.6944266904649605,1009.7458333333334,-3.8999999999999773,24,4.125,24,1.0,1.0,1.0,1.0,1.0,0.0,0,0,250.33495599392066
2023-05-06,23.9875,20.5,31.0,24,52.708333333333336,54.0,34,66,24,13.456685047543678,7.699999999999999,8,24,16.658333333333335,37.1,24,-1.1914878656466803,-8.425708950692613,1007.4291666666667,-1.7000000000000455,24,5.375,24,1.0,1.0,1.0,1.0,1.0,7.699999999999999,8,1,8.048884822144203
2023-05-07,22.670833333333334,17.5,28.0,24,52.458333333333336,52.0,33,71,24,12.115108567389377,1.3,3,24,18.629166666666666,25.9,24,-5.796530090315348,-1.794404279709152,1007.6291666666666,0.2999999999999545,24,5.125,24,1.0,1.0,1.0,1.0,1.0,1.3,3,1,72.79929209052324
2023-05-08,22.599999999999998,17.2,28.0,24,47.0,44.5,25,70,24,10.058697250294093,1.3,2,24,19.054166666666667,33.5,24,-8.93936497050648,-11.82857718129332,1007.6374999999999,1.0,24,4.5,24,1.0,1.0,1.0,1.0,1.0,1.3,2,1,37.07991130331948
2023-05-09,24.2625,17.5,30.7,24,39.833333333333336,38.0,21,81,24,8.60131621099834,0.0,0,24,12.458333333333334,25.9,24,3.3780674553786714,-4.342718598017366,1010.1958333333333,0.3000000000000682,24,0.8333333333333334,24,1.0,1.0,1.0,1.0,1.0,0.0,0,0,322.12174934893517
2023-05-10,26.691666666666666,18.6,34.0,24,34.916666666666664,32.0,15,72,24,8.273865499973326,0.0,0,24,14.450000000000001,42.5,24,11.089191912039722,-1.8524958702165393,1007.3125,-3.8999999999999773,24,0.041666666666666664,24,1.0,1.0,1.0,1.0,1.0,0.0,0,0,279.48392369294083
2023-05-11,28.599999999999998,19.0,37.5,24,28.541666666666668,26.5,10,48,24,7.025491887277237,0.0,0,24,11.091666666666667,22.3,24,3.9658116494615876,-0.5130951057771376,1006.9958333333334,0.599999999999909,24,2.625,24,1.0,1.0,1.0,1.0,1.0,0.0,0,0,277.37195353598156
2023-05-12,28.974999999999998,21.0,36.5,24,28.458333333333332,27.5,15,44,24,7.886142334129154,0.0,0,24,10.570833333333333,20.4,24,-2.0133034600309583,1.3018240550532936,1006.3041666666667,-1.6999999999999318,24,3.625,24,1.0,1.0,1.0,1.0,1.0,0.0,0,0,122.88715100887896
2023-05-13,27.891666666666666,18.5,35.0,24,35.833333333333336,39.0,19,55,24,10.626484918913931,0.0,0,24,21.433333333333334,92.2,24,-5.128412465813259,-10.695597777121712,1006.0749999999999,1.3999999999999773,24,5.708333333333333,24,1.0,1.0,1.0,1.0,1.0,0.0,0,0,25.617166177928027
2023-05-14,27.479166666666668,20.7,34.0,24,39.5,37.0,21,63,24,11.636077922064226,0.0,0,24,16.875,33.3,24,-5.863723555083076,-11.438010996083419,1005.1791666666667,-4.900000000000091,24,4.291666666666667,24,1.0,1.0,1.0,1.0,1.0,0.0,0,0,27.14205375109333
2023-05-15,29.429166666666664,22.5,36.2,24,31.708333333333332,32.0,19,49,24,10.223423329281937,0.0,0,24,11.804166666666667,18.5,24,-0.15746988269189988,-2.6077691877260807,1002.7208333333333,-1.7000000000000455,24,2.125,24,1.0,1.0,1.0,1.0,1.0,0.0,0,0,3.455603918110455
2023-05-16,28.520833333333332,24.0,34.3,24,35.416666666666664,36.5,24,47,24,11.413298402408097,0.0,0,24,16.879166666666666,33.5,24,-1.7594553345193464,-9.697925050059954,1004.3333333333334,2.3999999999999773,24,5.208333333333333,24,1.0,1.0,1.0,1.0,1.0,0.0,0,0,10.283091279764392
2023-05-17,29.333333333333332,21.0,36.4,24,37.333333333333336,35.0,20,74,24,12.318586838393434,0.0,0,24,13.191666666666668,29.5,24,-2.6664291251101533,-0.27665740427305013,1005.5458333333332,5.7000000000000455,24,3.9166666666666665,24,1.0,1.0,1.0,1.0,1.0,0.0,0,0,84.07642792233509
2023-05-18,27.433333333333334,22.0,32.4,24,45.75,43.5,30,69,24,14.218814376924847,0.0,0,24,18.516666666666666,27.8,24,-3.4118645284324884,-10.05768496503617,1010.0958333333333,3.3999999999999773,24,4.5,24,1.0,1.0,1.0,1.0,1.0,0.0,0,0,18.73845759740351
2023-05-19,28.270833333333332,21.3,35.0,24,39.583333333333336,37.0,24,61,24,12.444208722185072,0.0,0,24,14.404166666666667,29.6,24,6.696708857143919,-6.449020253680646,1006.9958333333334,-4.5,24,1.4166666666666667,24,1.0,1.0,1.0,1.0,1.0,0.0,0,0,313.9205747002986
2023-05-20,30.679166666666664,23.0,37.8,24,31.541666666666668,30.0,13,50,24,10.679195171872847,0.0,0,24,13.941666666666668,29.5,24,7.519764176135261,-2.0339546138469276,1003.65,-1.6999999999999318,24,1.0,24,1.0,1.0,1.0,1.0,1.0,0.0,0,0,285.1352678065299
2023-05-21,31.983333333333334,24.5,39.0,24,28.041666666666668,26.5,14,40,24,10.48034575710749,0.0,0,24,11.233333333333334,18.4,24,-1.9864165562515457,2.701260765515116,1003.7291666666666,1.400000000000091,24,3.25,24,1.0,1.0,1.0,1.0,1.0,0.0,0,0,143.6704839318005
2023-05-22,32.84583333333334,25.1,40.0,24,28.208333333333332,27.5,15,44,24,11.254703009384224,0.0,0,24,12.641666666666666,18.5,24,-3.975991050789579,1.8826855880518754,1003.9166666666666,2.6000000000000227,24,4.041666666666667,24,1.0,1.0,1.0,1.0,1.0,0.0,0,0,115.33818862729686
2023-05-23,30.766666666666666,24.0,37.0,24,35.208333333333336,35.5,21,62,24,13.20992622663253,3.0,3,24,20.104166666666668,33.5,24,-9.69795053700606,-13.804964810706315,1005.2125,1.2999999999999545,24,6.958333333333333,24,1.0,1.0,1.0,1.0,1.0,3.0,3,1,35.08793769535754
2023-05-24,26.583333333333332,22.5,32.0,24,52.5,52.0,38,75,24,15.875309013663866,7.2,7,24,20.741666666666667,48.2,24,-19.38984811330835,-2.4000666335656233,1005.35,-2.5,24,6.083333333333333,24,1.0,1.0,1.0,1.0,1.0,7.2,7,1,82.94384491903986
2023-05-25,25.47083333333333,20.0,30.7,24,56.625,56.5,42,78,24,15.9554940749293,9.9,4,24,18.729166666666668,33.1,24,-14.780984285603472,4.62013334625711,1005.3791666666666,-1.6000000000000227,24,4.791666666666667,24,1.0,1.0,1.0,1.0,1.0,9.9,4,1,107.35782353840352
2023-05-26,23.974999999999998,21.0,27.6,24,57.333333333333336,57.0,44,70,24,14.846931928630374,2.7,3,24,23.270833333333332,44.6,24,-19.369617198656,-1.0881679627072012,1006.8208333333333,2.2000000000000455,24,5.541666666666667,24,1.0,1.0,1.0,1.0,1.0,2.7,3,1,86.78455368928542
2023-05-27,26.354166666666668,19.6,33.0,24,43.291666666666664,40.0,24,67,24,12.097506312189639,0.0,0,24,14.479166666666666,22.0,24,-3.821752080786973,2.411064645027121,1006.4416666666666,-1.099999999999909,24,2.3333333333333335,24,1.0,1.0,1.0,1.0,1.0,0.0,0,0,122.24698306541376
2023-05-28,27.858333333333334,21.4,33.3,24,40.5,40.0,29,57,24,12.833539403298412,0.0,0,24,14.1875,22.3,24,0.39888237258419385,1.4019649762375195,1007.1,1.0,24,4.083333333333333,24,1.0,1.0,1.0,1.0,1.0,0.0,0,0,195.88193498487948
2023-05-29,25.40416666666667,21.0,31.5,24,51.083333333333336,50.0,37,71,24,14.26935146400015,0.6,1,24,17.791666666666668,55.4,24,-7.439446347416379,-6.872883173109343,1009.8541666666666,3.7999999999999545,24,6.708333333333333,24,1.0,1.0,1.0,1.0,1.0,0.6,1,1,47.26690829761975
2023-05-30,24.141666666666666,20.1,29.8,24,56.625,56.0,37,74,24,14.641893775302037,1.2000000000000002,3,24,17.495833333333334,27.8,24,-12.064680101243953,-4.7191427492135265,1011.2041666666668,-3.3999999999999773,24,7.083333333333333,24,1.0,1.0,1.0,1.0,1.0,1.2000000000000002,3,1,68.63686967646356
2023-05-31,21.508333333333336,18.8,24.0,24,69.04166666666667,68.0,52,91,24,15.434833631472875,1.7000000000000002,3,24,18.933333333333334,29.5,24,-14.460555895169577,-8.974873386610243,1009.7958333333332,-0.8000000000000682,24,7.458333333333333,24,1.0,1.0,1.0,1.0,1.0,1.7000000000000002,3,1,58.174395664400606
2023-06-01,19.5,17.5,21.8,24,81.04166666666667,80.0,73,95,24,16.125482723305513,36.6,18,24,16.033333333333335,33.3,24,-14.245053258538247,-5.151712429833909,1009.6916666666666,0.10000000000002274,24,7.416666666666667,24,1.0,1.0,1.0,1.0,1.0,36.6,18,1,70.117515501566
2023-06-02,23.145833333333332,17.0,30.1,24,63.75,65.0,41,90,24,15.271085543388523,0.0,0,24,10.549999999999999,18.5,24,-3.3273279409467555,3.012821471660087,1007.5958333333333,-1.3999999999999773,24,3.3333333333333335,24,1.0,1.0,1.0,1.0,1.0,0.0,0,0,132.16014034316134
2023-06-03,26.254166666666666,19.0,32.8,24,52.5,47.5,34,77,24,15.132375953635245,0.0,0,24,10.775,18.5,24,-1.3924336136433846,3.9081215225470562,1007.0916666666667,-0.7999999999999545,24,2.4583333333333335,24,1.0,1.0,1.0,1.0,1.0,0.0,0,0,160.38940799455872
2023-06-04,28.27916666666667,21.8,34.0,24,43.916666666666664,42.0,29,65,24,14.233503921391971,0.0,0,24,10.954166666666666,16.7,24,-0.17123488535483689,-2.256029989877048,1006.5416666666666,-3.2999999999999545,24,2.7083333333333335,24,1.0,1.0,1.0,1.0,1.0,0.0,0,0,4.340483420751809
2023-06-05,28.912499999999998,22.0,35.4,24,40.958333333333336,40.0,26,60,24,13.725741778725974,0.0,0,24,12.245833333333332,25.6,24,-5.216204849258065,1.2020788158600528,1004.3833333333333,-2.300000000000068,24,2.8333333333333335,24,1.0,1.0,1.0,1.0,1.0,0.0,0,0,102.97729578660227
2023-06-06,28.870833333333334,23.0,35.1,24,40.708333333333336,41.0,27,54,24,13.75976752707185,0.0,0,24,14.420833333333334,22.2,24,-10.750556047863464,3.5002587084219616,1004.1208333333334,-0.39999999999997726,24,2.625,24,1.0,1.0,1.0,1.0,1.0,0.0,0,0,108.03465983741808
2023-06-07,28.233333333333334,24.0,33.9,24,44.541666666666664,45.0,32,55,24,14.815986669634846,0.4,1,24,17.720833333333335,36.7,24,-14.811575021098058,7.2079755228168025,1004.6416666666668,0.6999999999999318,24,3.5,24,1.0,1.0,1.0,1.0,1.0,0.4,1,1,115.94962843405199
2023-06-08,30.054166666666664,24.2,35.6,24,44.333333333333336,43.0,32,61,24,16.216554710618663,0.0,0,24,12.245833333333332,20.4,24,-6.382991115873058,4.780294758096958,1003.6708333333332,-2.8999999999999773,24,1.7916666666666667,24,1.0,1.0,1.0,1.0,1.0,0.0,0,0,126.82995826981028
2023-06-09,31.983333333333334,25.5,37.6,24,43.583333333333336,42.5,31,59,24,17.644119062070406,0.0,0,24,13.241666666666667,22.2,24,-7.79172191555967,5.478832809294318,999.7624999999999,-5.2000000000000455,24,1.125,24,1.0,1.0,1.0,1.0,1.0,0.0,0,0,125.1133807759121
2023-06-10,32.395833333333336,26.0,37.4,24,44.333333333333336,42.5,33,64,24,18.339708085284098,0.0,0,24,16.283333333333335,24.1,24,-11.29421502786378,8.302180794813642,998.5708333333333,2.0,24,2.5416666666666665,24,1.0,1.0,1.0,1.0,1.0,0.0,0,0,126.3189584878375
2023-06-11,31.016666666666666,23.5,36.7,24,43.583333333333336,42.5,28,65,24,16.778752337758757,0.0,0,24,14.479166666666666,22.2,24,-4.916691613818208,4.794807422781983,999.2833333333333,-0.20000000000004547,24,3.5833333333333335,24,1.0,1.0,1.0,1.0,1.0,0.0,0,0,134.2809469395205
2023-06-12,31.974999999999998,25.5,38.0,24,40.083333333333336,41.0,23,53,24,16.213237931006965,0.1,1,24,13.554166666666667,22.2,24,-2.6852014161646367,3.903765286477126,998.3916666666668,0.5,24,2.2916666666666665,24,1.0,1.0,1.0,1.0,1.0,0.1,1,1,145.477897221955
2023-06-13,32.637499999999996,26.0,38.5,24,38.791666666666664,40.0,21,54,24,16.217486497473633,1.1,1,24,17.55,40.7,24,-4.710066426371212,-0.27775375777793115,998.475,-2.1000000000000227,24,4.291666666666667,24,1.0,1.0,1.0,1.0,1.0,1.1,1,1,86.62516237337604
2023-06-14,31.316666666666666,24.0,37.1,24,44.75,44.5,32,73,24,17.44294359202428,0.3,1,24,22.325,64.4,24,-18.284339220573504,0.4196322741918266,998.7541666666666,1.900000000000091,24,4.166666666666667,24,1.0,1.0,1.0,1.0,1.0,0.3,1,1,91.31472830220883
2023-06-15,29.008333333333336,23.5,35.0,24,52.25,51.0,38,69,24,17.916490283059613,0.2,1,24,20.270833333333332,51.5,24,-14.474084127427014,6.253961437769855,1000.9833333333332,1.8000000000000682,24,5.541666666666667,24,1.0,1.0,1.0,1.0,1.0,0.2,1,1,113.3682043638915
2023-06-16,29.883333333333336,24.1,35.3,24,51.041666666666664,48.5,36,69,24,18.247466599875132,0.0,0,24,13.9375,25.6,24,0.5380862773366347,5.608363346282449,1000.7791666666667,-1.5,24,4.25,24,1.0,1.0,1.0,1.0,1.0,0.0,0,0,185.48038549663931
2023-06-17,31.816666666666666,25.5,37.6,24,48.166666666666664,45.5,33,67,24,19.012093550441772,0.0,0,24,12.716666666666667,22.0,24,-1.1520987650689982,4.472363257202808,1000.4458333333333,-0.10000000000002274,24,2.5,24,1.0,1.0,1.0,1.0,1.0,0.0,0,0,165.55444558452848
2023-06-18,32.80833333333333,25.5,38.9,24,44.208333333333336,44.0,30,60,24,18.519536440089237,0.0,0,24,15.566666666666668,51.5,24,-0.8082403104441863,6.794519871655954,1000.1958333333333,2.3999999999999773,24,2.4583333333333335,24,1.0,1.0,1.0,1.0,1.0,0.0,0,0,173.21627298025282
2023-06-19,32.300000000000004,24.5,38.0,24,43.916666666666664,42.5,26,63,24,17.83534227346204,0.0,0,24,14.6625,20.4,24,-1.9062913815233606,4.472964263527021,999.8249999999999,-1.2999999999999545,24,2.3333333333333335,24,1.0,1.0,1.0,1.0,1.0,0.0,0,0,156.91722924229396
2023-06-20,34.21666666666667,27.0,40.3,24,42.916666666666664,42.0,30,61,24,19.323541483672113,0.0,0,24,14.049999999999999,20.4,24,-3.2224943715070062,5.0295393558711305,997.9583333333334,-1.1999999999999318,24,1.2916666666666667,24,1.0,1.0,1.0,1.0,1.0,0.0,0,0,147.35175990030484
2023-06-21,34.979166666666664,29.7,40.0,24,44.583333333333336,44.0,32,59,24,20.830690371891826,0.0,0,24,15.329166666666666,22.2,24,-10.064871995647747,6.332017011873313,997.7458333333334,0.6000000000000227,24,1.6666666666666667,24,1.0,1.0,1.0,1.0,1.0,0.0,0,0,122.17483832415962
2023-06-22,35.762499999999996,30.8,40.8,24,49.75,48.5,37,67,24,23.307507027305533,0.0,0,24,17.5,29.5,24,-13.51677705794573,8.894381690856568,997.3833333333333,-1.2999999999999545,24,1.625,24,1.0,1.0,1.0,1.0,1.0,0.0,0,0,123.3459292083653
2023-06-23,35.541666666666664,31.5,40.1,24,52.625,52.0,44,67,24,24.2429142620596,0.0,0,24,20.245833333333334,27.8,24,-16.606732760121425,8.32210974980456,997.5083333333333,-0.5,24,2.9583333333333335,24,1.0,1.0,1.0,1.0,1.0,0.0,0,0,116.61676182182578
2023-06-24,34.045833333333334,26.0,39.0,24,55.375,54.5,38,81,24,23.55194787672431,0.0,0,24,21.4375,33.5,24,-16.405525756359967,10.176890105397527,997.4333333333334,1.5,24,4.0,24,1.0,1.0,1.0,1.0,1.0,0.0,0,0,121.81269531285966
2023-06-25,31.183333333333334,26.2,36.2,24,61.041666666666664,59.5,48,77,24,22.56459407053053,10.8,8,24,24.52916666666667,37.1,24,-21.92528296957413,7.064412956414521,999.1541666666667,1.6000000000000227,24,5.375,24,1.0,1.0,1.0,1.0,1.0,10.8,8,1,107.85914604211303
2023-06-26,27.875,22.5,31.7,24,71.04166666666667,68.0,58,96,24,21.946689705569923,23.5,11,24,20.008333333333333,33.1,24,-14.745191560088402,5.849232355117177,1003.0375,-0.8000000000000682,24,6.708333333333333,24,1.0,1.0,1.0,1.0,1.0,23.5,11,1,111.63760604726605
2023-06-27,30.375,25.4,35.4,24,60.875,59.0,47,81,24,21.69633758044904,0.4,1,24,14.887500000000001,22.3,24,-5.196177362060795,4.804726400971412,1001.2041666666668,-1.6000000000000227,24,4.75,24,1.0,1.0,1.0,1.0,1.0,0.4,1,1,132.75849812542015
2023-06-28,28.75,25.0,32.4,24,66.125,65.0,53,84,24,21.671187610540915,10.600000000000001,10,24,15.641666666666666,18.5,24,-8.504748541489244,4.420881581921056,1002.75,1.0,24,5.625,24,1.0,1.0,1.0,1.0,1.0,10.600000000000001,10,1,117.46601164236921
2023-06-29,30.3,25.5,35.1,24,60.291666666666664,58.5,45,78,24,21.443989207920925,1.2,2,24,15.104166666666666,20.4,24,-6.020211893040687,9.101764438739714,1001.2791666666667,-3.099999999999909,24,4.541666666666667,24,1.0,1.0,1.0,1.0,1.0,1.2,2,1,146.51801461854154
2023-06-30,29.391666666666666,25.2,36.5,24,58.708333333333336,61.0,35,75,24,20.1177745266719,14.0,4,24,17.2,29.5,24,-6.364887619900654,5.659780674637296,999.7666666666668,-0.5,24,4.583333333333333,24,1.0,1.0,1.0,1.0,1.0,14.0,4,1,131.6441117375453
2023-07-01,30.254166666666666,25.0,35.4,24,55.375,55.0,39,73,24,19.91836398614253,3.4,6,24,13.7875,22.2,24,-0.7931172702461483,4.392548032282604,999.8791666666666,1.5,24,3.375,24,1.0,1.0,1.0,1.0,1.0,3.4,6,1,169.76496581791764
2023-07-02,31.77916666666667,26.9,36.2,24,54.458333333333336,52.5,42,68,24,21.19841890281736,0.0,0,24,13.004166666666668,25.9,24,0.5478134339728974,3.276139597678949,1000.0791666666668,-2.1000000000000227,24,3.0833333333333335,24,1.0,1.0,1.0,1.0,1.0,0.0,0,0,189.49278124748233
2023-07-03,31.7625,26.0,37.9,24,58.541666666666664,59.5,42,74,24,22.333434979968597,0.0,0,24,15.858333333333334,29.5,24,-7.732911537090938,5.1928488587467845,999.2875,0.5,24,3.125,24,1.0,1.0,1.0,1.0,1.0,0.0,0,0,123.88237557524621
2023-07-04,29.462500000000002,25.0,33.7,24,60.375,61.0,44,77,24,20.784229685276568,7.5,6,24,19.787499999999998,33.1,24,-17.13829357897242,5.272567101831831,998.6,-0.5,24,5.708333333333333,24,1.0,1.0,1.0,1.0,1.0,7.5,6,1,107.10042622114804
2023-07-05,27.462500000000002,24.6,31.8,24,66.29166666666667,67.0,52,78,24,20.484336032297616,38.3,7,24,22.34583333333333,33.1,24,-18.92481002681623,3.526040517129165,999.275,2.2999999999999545,24,6.375,24,1.0,1.0,1.0,1.0,1.0,38.3,7,1,100.55424044337457
2023-07-06,27.833333333333332,24.0,31.4,24,64.91666666666667,63.0,51,84,24,20.45060424773508,0.6,2,24,15.508333333333333,22.2,24,-13.525898578514656,5.517158147195975,1002.3625000000001,1.5,24,5.375,24,1.0,1.0,1.0,1.0,1.0,0.6,2,1,112.19034448367313
2023-07-07,26.5125,21.0,29.2,24,68.33333333333333,69.0,50,82,24,20.08561620727505,0.6000000000000001,3,24,18.941666666666666,37.0,24,-11.363268778348962,-1.9895616097411972,1003.8958333333334,1.7000000000000455,24,6.375,24,1.0,1.0,1.0,1.0,1.0,0.6000000000000001,3,1,80.06891321194428
2023-07-08,26.941666666666666,24.0,32.5,24,66.08333333333333,67.0,47,76,24,19.90007756281123,4.2,3,24,18.429166666666667,38.9,24,-14.74862397989879,-0.9728168956469743,1004.3249999999999,0.0,24,6.041666666666667,24,1.0,1.0,1.0,1.0,1.0,4.2,3,1,86.2262459714646
2023-07-09,28.25,23.2,33.3,24,60.625,60.0,43,79,24,19.517592556204654,0.0,0,24,14.933333333333332,25.6,24,-6.737884907331318,7.850427942299667,1002.2875,0.0,24,3.75,24,1.0,1.0,1.0,1.0,1.0,0.0,0,0,139.36108495804206
2023-07-10,29.162499999999998,24.4,33.5,24,58.916666666666664,55.5,37,80,24,19.885225559901613,0.1,1,24,15.095833333333333,22.3,24,-3.8108969834322735,3.145593827754831,1002.8458333333333,-0.6000000000000227,24,3.875,24,1.0,1.0,1.0,1.0,1.0,0.1,1,1,129.53697590739756
2023-07-11,31.275000000000002,25.7,36.9,24,50.875,50.5,34,70,24,19.373171111744224,0.0,0,24,14.904166666666667,64.4,24,-0.7762817566593491,0.14758980647048903,1001.1458333333334,-1.900000000000091,24,1.4166666666666667,24,1.0,1.0,1.0,1.0,1.0,0.0,0,0,100.7648250472472
2023-07-12,31.933333333333334,27.4,37.3,24,52.25,52.5,40,65,24,20.69711945288321,0.1,1,24,15.391666666666666,33.1,24,-7.385956617413709,7.880393612935829,1000.025,-1.0,24,2.0,24,1.0,1.0,1.0,1.0,1.0,0.1,1,1,136.85501142498083
2023-07-13,30.662499999999998,26.0,35.3,24,54.5,56.5,38,70,24,20.127937075095108,0.1,1,24,16.091666666666665,22.0,24,-11.81927034800838,8.66720519401133,1000.4375,1.5,24,3.7083333333333335,24,1.0,1.0,1.0,1.0,1.0,0.1,1,1,126.25301896828495
2023-07-14,30.383333333333336,25.0,35.0,24,62.25,61.5,52,77,24,22.2089296245515,0.5,1,24,16.3875,53.6,24,-12.174971087401111,7.671930695359877,1001.4416666666666,0.6999999999999318,24,4.75,24,1.0,1.0,1.0,1.0,1.0,0.5,1,1,122.21665083894345
2023-07-15,29.145833333333332,24.0,33.6,24,68.375,67.5,55,84,24,22.55673072600811,10.1,9,24,14.791666666666666,22.0,24,-9.379387833923102,5.893480296972727,1001.2666666666668,-0.2999999999999545,24,6.166666666666667,24,1.0,1.0,1.0,1.0,1.0,10.1,9,1,122.14294610452379
2023-07-16,29.375,26.2,33.0,24,70.41666666666667,69.5,54,84,24,23.309503247923207,7.3,8,24,16.620833333333334,27.8,24,-13.74811083401243,4.522274466728171,1001.4416666666666,1.1999999999999318,24,5.541666666666667,24,1.0,1.0,1.0,1.0,1.0,7.3,8,1,108.20799403645987
2023-07-17,31.420833333333334,26.5,36.0,24,61.25,59.0,40,77,24,22.71701018574764,0.0,0,24,11.395833333333334,18.5,24,-2.619686256566396,6.97225523332007,1000.5666666666666,-3.1000000000000227,24,3.7083333333333335,24,1.0,1.0,1.0,1.0,1.0,0.0,0,0,159.40728854037945
2023-07-18,30.633333333333336,28.1,34.5,24,69.41666666666667,68.5,57,79,24,24.319257117996056,2.7,2,24,15.1875,22.2,24,-12.475057791421811,7.110295440405042,999.9125,0.10000000000002274,24,5.541666666666667,24,1.0,1.0,1.0,1.0,1.0,2.7,2,1,119.68145020709687
2023-07-19,27.420833333333334,23.0,29.7,24,83.66666666666667,82.5,75,100,24,24.358746275507997,48.0,15,24,17.4875,33.5,24,-14.428130974620581,5.649969301422934,1001.2583333333333,3.0,24,7.291666666666667,24,1.0,1.0,1.0,1.0,1.0,48.0,15,1,111.38501223519597
2023-07-20,29.150000000000002,25.7,32.8,24,75.5,75.0,59,92,24,24.200246397234697,3.7,4,24,12.566666666666668,18.5,24,-6.828662343571583,5.854445319134178,1001.5875,-0.40000000000009095,24,6.333333333333333,24,1.0,1.0,1.0,1.0,1.0,3.7,4,1,130.6076118064397
2023-07-21,29.96666666666667,27.2,32.7,24,73.83333333333333,73.0,66,85,24,24.729011189462142,18.3,7,24,14.033333333333333,22.2,24,-10.17350386185577,6.460190335769827,1002.3125,2.300000000000068,24,5.958333333333333,24,1.0,1.0,1.0,1.0,1.0,18.3,7,1,122.41560907167207
2023-07-22,28.770833333333332,26.4,32.3,24,78.41666666666667,78.5,67,89,24,24.582412318727577,26.5,11,24,17.204166666666666,40.7,24,-13.597983062764008,7.078978550374708,1005.625,3.7000000000000455,24,6.416666666666667,24,1.0,1.0,1.0,1.0,1.0,26.5,11,1,117.50104961945931
2023-07-23,27.879166666666666,23.5,31.4,24,75.83333333333333,74.5,60,96,24,23.091383428416062,0.2,1,24,13.9375,20.4,24,-9.721996944242468,1.1257333355785482,1007.0124999999999,-2.300000000000068,24,5.5,24,1.0,1.0,1.0,1.0,1.0,0.2,1,1,96.60500080804536
2023-07-24,29.679166666666664,25.0,34.0,24,66.41666666666667,65.5,50,81,24,22.557522165207214,0.0,0,24,10.654166666666667,18.4,24,-2.8772997774906703,5.7221554059690485,1003.3666666666667,-2.0,24,5.208333333333333,24,1.0,1.0,1.0,1.0,1.0,0.0,0,0,153.30515129654032
2023-07-25,29.045833333333334,22.0,32.5,24,71.29166666666667,70.5,59,100,24,23.175529333727795,8.0,2,24,14.283333333333333,40.7,24,-7.251497457704249,7.011858921634036,1003.1541666666667,1.5,24,5.916666666666667,24,1.0,1.0,1.0,1.0,1.0,8.0,2,1,134.03746462738764
2023-07-26,28.78333333333333,25.0,33.0,24,73.91666666666667,74.5,60,84,24,23.58794323922872,8.0,6,24,16.5625,55.4,24,-12.299438632527988,6.672102495515692,1003.5124999999999,2.0,24,5.583333333333333,24,1.0,1.0,1.0,1.0,1.0,8.0,6,1,118.47859675272713
2023-07-27,28.229166666666668,25.0,31.2,24,77.54166666666667,78.0,68,88,24,23.862333602576374,8.6,12,24,15.183333333333332,22.2,24,-13.160556157678366,6.13812260988444,1003.3125,-1.2999999999999545,24,6.458333333333333,24,1.0,1.0,1.0,1.0,1.0,8.6,12,1,115.00448590900976
2023-07-28,28.166666666666668,23.5,31.7,24,74.25,74.5,63,92,24,23.023048241599653,2.8,6,24,12.729166666666666,18.5,24,-9.351127329965433,6.555964871161295,1001.025,-2.5,24,6.25,24,1.0,1.0,1.0,1.0,1.0,2.8,6,1,125.0338433119718
2023-07-29,27.15833333333333,21.5,31.7,24,72.5,69.0,52,100,24,21.5530275888208,15.6,10,24,15.65,33.5,24,-12.475921151166162,-0.9631748099993693,1000.4041666666667,1.2999999999999545,24,5.208333333333333,24,1.0,1.0,1.0,1.0,1.0,15.6,10,1,85.58536795086127
2023-07-30,29.708333333333332,24.7,34.4,24,63.75,61.5,50,79,24,21.85809932169754,0.0,0,24,10.416666666666666,22.3,24,-0.07965428022046894,5.591759728539132,999.8000000000001,-3.1000000000000227,24,4.041666666666667,24,1.0,1.0,1.0,1.0,1.0,0.0,0,0,179.18388027393996
2023-07-31,30.583333333333332,26.5,34.7,24,64.5,64.5,53,78,24,22.971173099354527,0.8,1,24,11.083333333333334,22.3,24,-2.6242284664263327,6.015139684471812,998.6583333333333,-0.6999999999999318,24,3.9583333333333335,24,1.0,1.0,1.0,1.0,1.0,0.8,1,1,156.42977294677553
2023-08-01,31.1375,25.0,35.9,24,63.75,61.5,48,83,24,23.163696334263175,0.0,0,24,11.0,16.7,24,-3.5814124107286918,5.689070363047843,997.7791666666667,-1.8999999999999773,24,3.375,24,1.0,1.0,1.0,1.0,1.0,0.0,0,0,147.80855641398534
2023-08-02,31.075,26.0,35.3,24,66.54166666666667,67.0,56,77,24,24.001054226500216,3.2,2,24,14.408333333333333,33.5,24,-8.636383873037994,6.748941235937688,997.2583333333333,0.6000000000000227,24,4.375,24,1.0,1.0,1.0,1.0,1.0,3.2,2,1,128.00600856512506
2023-08-03,30.212500000000002,25.0,34.1,24,64.625,65.5,38,81,24,22.48044512454629,3.9999999999999996,3,24,12.325000000000001,16.7,24,-5.940099168941379,6.345268150682872,998.2624999999999,0.2999999999999545,24,5.166666666666667,24,1.0,1.0,1.0,1.0,1.0,3.9999999999999996,3,1,136.88891882406062
2023-08-04,30.287499999999998,26.5,34.7,24,65.95833333333333,64.0,55,78,24,23.114922860384045,4.5,4,24,13.979166666666666,22.3,24,-9.695925738996205,6.075230093980918,999.9,3.300000000000068,24,5.458333333333333,24,1.0,1.0,1.0,1.0,1.0,4.5,4,1,122.07025259266595
2023-08-05,28.629166666666666,24.0,32.4,24,74.20833333333333,74.5,62,96,24,23.490630044299394,8.2,8,24,13.245833333333332,18.5,24,-10.856127080569664,5.410326742543293,1002.3125,-0.5,24,5.916666666666667,24,1.0,1.0,1.0,1.0,1.0,8.2,8,1,116.49011412910198
2023-08-06,29.770833333333332,25.0,33.6,24,71.83333333333333,71.5,57,92,24,23.990222336183468,5.0,7,24,13.9625,20.4,24,-10.58619501714905,5.967098771532377,999.0541666666667,-4.300000000000068,24,5.5,24,1.0,1.0,1.0,1.0,1.0,5.0,7,1,119.40856218817908
2023-08-07,29.079166666666666,24.3,34.0,24,69.08333333333333,69.5,51,89,24,22.512643759558387,3.7,5,24,13.491666666666667,18.5,24,-4.162126824414979,0.35647033932618816,996.75,-0.39999999999997726,24,4.833333333333333,24,1.0,1.0,1.0,1.0,1.0,3.7,5,1,94.8952197617698
2023-08-08,30.53333333333333,25.5,35.7,24,64.20833333333333,63.0,48,81,24,22.704412606830115,0.0,0,24,11.174999999999999,22.0,24,-1.076265333592892,3.491206940511862,997.3000000000001,2.0,24,2.75,24,1.0,1.0,1.0,1.0,1.0,0.0,0,0,162.86657510307032
2023-08-09,31.520833333333332,27.5,36.0,24,63.833333333333336,66.0,52,74,24,23.712386144849166,0.0,0,24,11.320833333333333,22.3,24,-5.656223064443718,5.249216063770776,1000.3041666666667,1.599999999999909,24,3.7916666666666665,24,1.0,1.0,1.0,1.0,1.0,0.0,0,0,132.86262938856748
2023-08-10,30.34583333333333,25.0,34.2,24,70.79166666666667,70.5,60,82,24,24.35386863309199,10.6,8,24,17.320833333333333,36.7,24,-11.5269318493704,4.800928659605172,1002.4333333333334,2.2999999999999545,24,5.583333333333333,24,1.0,1.0,1.0,1.0,1.0,10.6,8,1,112.6115648969527
2023-08-11,30.008333333333336,24.9,34.5,24,66.75,65.5,48,84,24,22.87407752464551,16.9,9,24,13.075000000000001,18.4,24,-5.42262514673676,4.253519969759509,1003.025,-2.0,24,4.75,24,1.0,1.0,1.0,1.0,1.0,16.9,9,1,128.11072101132697
2023-08-12,32.05833333333333,27.5,36.4,24,63.166666666666664,64.5,50,77,24,23.979269268527514,4.0,7,24,11.095833333333333,18.5,24,-1.6056860814310117,6.445612839686994,1000.0500000000001,-4.7000000000000455,24,4.166666666666667,24,1.0,1.0,1.0,1.0,1.0,4.0,7,1,166.0115972818205
2023-08-13,32.291666666666664,28.5,36.6,24,64.875,64.5,53,82,24,24.687327525125827,0.0,0,24,13.7875,25.6,24,-6.527678736287503,7.559155515690024,996.9083333333333,-0.6000000000000227,24,4.166666666666667,24,1.0,1.0,1.0,1.0,1.0,0.0,0,0,139.1878808188033
2023-08-14,28.90833333333333,23.0,33.5,24,72.33333333333333,70.5,57,87,24,23.265177872645737,15.399999999999999,9,24,16.316666666666666,25.9,24,-13.125016886989277,5.479873078906287,1001.3083333333334,6.899999999999977,24,5.958333333333333,24,1.0,1.0,1.0,1.0,1.0,15.399999999999999,9,1,112.66119996416472
2023-08-15,28.099999999999998,23.5,32.8,24,72.04166666666667,71.5,54,89,24,22.303629543344673,6.8,4,24,12.854166666666666,18.4,24,-5.684269740494589,4.593461219093455,1004.3375,-0.39999999999997726,24,4.666666666666667,24,1.0,1.0,1.0,1.0,1.0,6.8,4,1,128.94169482490997
2023-08-16,30.375,25.7,34.9,24,69.41666666666667,69.5,55,88,24,23.935001865144056,0.0,0,24,10.154166666666667,18.4,24,-1.5646436793108787,2.8876761859644553,1003.6291666666666,-2.5,24,3.75,24,1.0,1.0,1.0,1.0,1.0,0.0,0,0,151.54962031126365
2023-08-17,28.916666666666668,22.0,34.4,24,71.08333333333333,70.0,57,94,24,22.99181432912387,2.7,3,24,11.716666666666667,29.5,24,-1.4553857842615496,4.14610893940553,1002.8249999999999,-0.1999999999999318,24,3.875,24,1.0,1.0,1.0,1.0,1.0,2.7,3,1,160.65767733805592
2023-08-18,30.162499999999998,25.5,34.9,24,67.54166666666667,69.5,54,84,24,23.314106022685106,0.1,1,24,11.316666666666668,18.4,24,-2.9464120448256534,4.117592806718312,1003.2624999999999,-0.10000000000002274,24,4.166666666666667,24,1.0,1.0,1.0,1.0,1.0,0.1,1,1,144.41375452271745
2023-08-19,30.858333333333334,26.7,36.0,24,67.45833333333333,68.5,49,83,24,23.881764791617666,0.6000000000000001,2,24,10.845833333333333,14.8,24,-2.82281886190176,2.554497579502548,1003.9416666666666,0.8999999999999773,24,4.166666666666667,24,1.0,1.0,1.0,1.0,1.0,0.6000000000000001,2,1,132.14338245205408
2023-08-20,31.495833333333334,26.5,35.8,24,64.66666666666667,62.5,52,81,24,23.811322396335147,0.0,0,24,10.637500000000001,13.0,24,-2.63491296954453,3.2527882006174575,1004.5583333333334,-1.5,24,3.7083333333333335,24,1.0,1.0,1.0,1.0,1.0,0.0,0,0,140.99088392900285
2023-08-21,32.420833333333334,27.5,36.5,24,64.70833333333333,63.5,49,85,24,24.632094395388588,0.0,0,24,11.941666666666668,22.0,24,0.14547866503239767,0.3582190010660427,1001.9666666666667,-3.099999999999909,24,4.083333333333333,24,1.0,1.0,1.0,1.0,1.0,0.0,0,0,202.1028850877923
2023-08-22,33.24166666666667,28.6,37.7,24,60.0,60.0,45,79,24,24.10818096511788,0.0,0,24,11.304166666666667,22.0,24,-0.4507396133562898,3.8946235018162185,999.0166666666668,-3.099999999999909,24,2.8333333333333335,24,1.0,1.0,1.0,1.0,1.0,0.0,0,0,173.39831166753106
2023-08-23,31.7,25.0,36.0,24,67.04166666666667,68.0,56,78,24,24.720635652415556,13.000000000000002,6,24,18.704166666666666,33.1,24,-14.75291045837691,6.5710231932463765,997.3000000000001,0.6999999999999318,24,4.708333333333333,24,1.0,1.0,1.0,1.0,1.0,13.000000000000002,6,1,114.0084403800368
2023-08-24,27.900000000000002,23.8,32.6,24,74.0,74.5,57,86,24,22.68691515682787,18.1,11,24,16.412499999999998,33.1,24,-12.171854566037654,1.110793671151623,998.9708333333333,-1.0,24,6.166666666666667,24,1.0,1.0,1.0,1.0,1.0,18.1,11,1,95.21432344546935
2023-08-25,26.995833333333334,22.0,32.0,24,73.375,75.5,51,96,24,21.622550045687017,11.5,6,24,15.866666666666667,44.6,24,-10.321294550100964,3.4400116237693488,999.6458333333334,2.0,24,6.0,24,1.0,1.0,1.0,1.0,1.0,11.5,6,1,108.43285097098493
2023-08-26,26.97083333333333,23.3,31.0,24,69.95833333333333,69.0,52,84,24,20.80066639534774,4.6,6,24,11.695833333333333,16.7,24,-8.972886228641775,1.3042551819545525,1001.9666666666667,1.0,24,5.791666666666667,24,1.0,1.0,1.0,1.0,1.0,4.6,6,1,98.2703155386913
2023-08-27,28.84583333333333,24.2,33.8,24,63.208333333333336,62.0,46,80,24,20.835210897185597,0.0,0,24,10.458333333333334,18.4,24,-2.579977219039574,2.5145514629160366,1001.2208333333333,-2.2999999999999545,24,3.6666666666666665,24,1.0,1.0,1.0,1.0,1.0,0.0,0,0,134.26422759200204
2023-08-28,27.933333333333334,22.5,33.3,24,63.083333333333336,63.5,45,87,24,19.944699827594068,3.4000000000000004,2,24,14.158333333333333,51.8,24,-8.736529188851515,2.2308630449697375,1001.2583333333333,1.0,24,3.7083333333333335,24,1.0,1.0,1.0,1.0,1.0,3.4000000000000004,2,1,104.32431980683111
2023-08-29,28.8875,24.2,33.7,24,58.958333333333336,59.5,44,76,24,19.789912961915196,0.1,1,24,10.779166666666667,18.4,24,-1.60208459229519,-0.06942204251730211,1003.8166666666666,1.400000000000091,24,3.25,24,1.0,1.0,1.0,1.0,1.0,0.1,1,1,87.51879313911292
2023-08-30,30.291666666666668,24.0,35.6,24,56.916666666666664,56.0,41,80,24,20.36863546385714,0.0,0,24,8.450000000000001,14.8,24,-0.2210131348421176,2.3638307214084135,1004.5458333333332,0.7000000000000455,24,1.0416666666666667,24,1.0,1.0,1.0,1.0,1.0,0.0,0,0,174.65849548049164
2023-08-31,31.075,25.0,36.2,24,55.375,56.5,45,73,24,20.919146915556883,0.0,0,24,9.0625,16.7,24,-2.441224830054368,3.676427835226059,1004.7666666666668,1.1000000000000227,24,1.625,24,1.0,1.0,1.0,1.0,1.0,0.0,0,0,146.41500943703232
2023-09-01,31.366666666666664,26.7,36.0,24,62.041666666666664,62.5,48,78,24,22.99400827122051,0.0,0,24,11.091666666666667,18.4,24,-4.1643081615368525,3.5105710655496267,1005.0041666666666,-1.0,24,2.75,24,1.0,1.0,1.0,1.0,1.0,0.0,0,0,130.13136554329128
2023-09-02,30.891666666666666,26.5,35.5,24,63.458333333333336,64.5,50,78,24,22.94094126844303,0.1,1,24,11.700000000000001,18.4,24,-3.488312400505052,4.264649371926983,1004.1166666666667,-1.7000000000000455,24,3.8333333333333335,24,1.0,1.0,1.0,1.0,1.0,0.1,1,1,140.71820853707732
2023-09-03,30.037499999999998,26.0,34.5,24,62.0,62.0,45,77,24,21.700238079007537,0.1,1,24,11.220833333333333,18.4,24,-7.641017622128129,1.8048393006875092,1003.4083333333333,-2.3999999999999773,24,3.5416666666666665,24,1.0,1.0,1.0,1.0,1.0,0.1,1,1,103.2899101456527
2023-09-04,30.7,25.9,35.8,24,60.291666666666664,58.0,45,78,24,21.766789676410408,0.0,0,24,10.154166666666667,14.8,24,-3.9611768927425146,3.072047435666716,1002.4875000000001,-1.6000000000000227,24,2.4583333333333335,24,1.0,1.0,1.0,1.0,1.0,0.0,0,0,127.79497568391031
2023-09-05,28.445833333333336,23.5,33.7,24,58.5,58.5,40,76,24,19.190142951176554,2.8,3,24,14.5,70.2,24,-3.827835729534917,-3.862710526546774,1004.7791666666667,1.3000000000000682,24,3.9583333333333335,24,1.0,1.0,1.0,1.0,1.0,2.8,3,1,44.74017905661117
2023-09-06,29.329166666666666,23.5,35.0,24,56.083333333333336,56.0,37,80,24,19.162730943382204,0.4,1,24,10.195833333333335,22.0,24,2.1068015637497104,-2.188796330879753,1005.0958333333333,0.7000000000000455,24,1.75,24,1.0,1.0,1.0,1.0,1.0,0.4,1,1,316.09353430276565
2023-09-07,30.483333333333334,25.0,36.0,24,55.041666666666664,52.0,35,78,24,19.760976014891373,0.0,0,24,11.125,23.8,24,4.726648830063641,-4.302295296696747,1004.2541666666666,-2.2999999999999545,24,1.2916666666666667,24,1.0,1.0,1.0,1.0,1.0,0.0,0,0,312.309121925436
2023-09-08,30.52916666666667,25.5,35.8,24,55.75,56.0,40,77,24,20.336026091061473,0.0,0,24,9.15,14.8,24,-0.7341669481247663,-1.44568582487603,1003.3958333333334,-0.1999999999999318,24,1.375,24,1.0,1.0,1.0,1.0,1.0,0.0,0,0,26.922962695615013
2023-09-09,30.416666666666668,26.4,34.9,24,59.916666666666664,60.5,44,75,24,21.51519770585617,0.0,0,24,11.604166666666666,22.0,24,-5.187913613642255,5.991274361824616,1002.5916666666667,-1.2000000000000455,24,2.3333333333333335,24,1.0,1.0,1.0,1.0,1.0,0.0,0,0,139.1103334877364
2023-09-10,29.59166666666667,22.0,34.0,24,63.833333333333336,65.5,50,87,24,21.78655223757632,0.0,0,24,12.641666666666666,18.4,24,-6.735559860865275,3.6560205035335827,1001.0875,0.599999999999909,24,3.25,24,1.0,1.0,1.0,1.0,1.0,0.0,0,0,118.49283779074295
2023-09-11,30.2,26.3,34.5,24,65.70833333333333,67.0,50,82,24,22.835897602560966,0.0,0,24,12.545833333333334,18.4,24,-5.210179493682285,6.633868339580147,1001.1916666666666,0.7000000000000455,24,4.0,24,1.0,1.0,1.0,1.0,1.0,0.0,0,0,141.8542331778599
2023-09-12,30.787499999999998,27.0,35.0,24,65.875,65.0,48,89,24,23.39781637107816,0.0,0,24,11.933333333333332,18.4,24,-2.5967278754959504,6.433451524831514,1001.1791666666667,0.7000000000000455,24,2.75,24,1.0,1.0,1.0,1.0,1.0,0.0,0,0,158.0195661715219
2023-09-13,30.541666666666668,26.0,36.0,24,68.45833333333333,72.0,47,81,24,23.86726497302955,0.0,0,24,12.495833333333332,18.4,24,-5.797461195724705,5.827474822739798,1001.65,0.7999999999999545,24,2.7083333333333335,24,1.0,1.0,1.0,1.0,1.0,0.0,0,0,135.14792772468945
2023-09-14,31.004166666666666,27.5,36.0,24,69.08333333333333,69.5,53,81,24,24.520527216975818,0.4,1,24,13.154166666666667,16.7,24,-7.514855660808583,6.278631797752923,1002.7208333333333,1.1000000000000227,24,3.5833333333333335,24,1.0,1.0,1.0,1.0,1.0,0.4,1,1,129.87862134288594
2023-09-15,30.370833333333334,26.5,35.0,24,66.45833333333333,69.0,44,88,24,23.147883244514507,0.4,1,24,15.716666666666667,29.5,24,-11.533874170109629,5.564748808964765,1004.0208333333334,2.3999999999999773,24,4.916666666666667,24,1.0,1.0,1.0,1.0,1.0,0.4,1,1,115.75591708682884
2023-09-16,27.95,21.5,32.0,24,71.625,69.5,51,100,24,22.060058234788922,14.299999999999999,11,24,14.950000000000001,29.5,24,-8.321311966578167,2.1372525912354,1005.5458333333332,1.8000000000000682,24,5.625,24,1.0,1.0,1.0,1.0,1.0,14.299999999999999,11,1,104.40453981557226
2023-09-17,27.712500000000002,23.5,31.8,24,70.33333333333333,70.5,55,92,24,21.60925667441379,5.1000000000000005,2,24,12.533333333333333,18.4,24,-2.436091118554274,3.7253049080847673,1004.6666666666666,-0.6000000000000227,24,5.125,24,1.0,1.0,1.0,1.0,1.0,5.1000000000000005,2,1,146.81809644142254
2023-09-18,27.083333333333332,23.5,31.5,24,68.75,69.5,55,84,24,20.691766256355198,0.1,1,24,11.479166666666666,22.3,24,-7.828310662489831,3.7263294915047784,1005.025,2.8999999999999773,24,4.416666666666667,24,1.0,1.0,1.0,1.0,1.0,0.1,1,1,115.45476813154983
2023-09-19,27.941666666666666,24.0,32.1,24,65.08333333333333,66.5,52,77,24,20.574712061613436,0.0,0,24,9.154166666666667,25.6,24,-4.327165091363713,4.082771869888529,1006.9499999999999,1.099999999999909,24,2.75,24,1.0,1.0,1.0,1.0,1.0,0.0,0,0,133.33545001651134
2023-09-20,28.104166666666668,24.0,33.0,24,67.0,70.0,50,84,24,21.15148423044383,0.0,0,24,9.954166666666667,18.4,24,-1.6019947533806163,4.093583694249908,1006.6833333333334,-1.0,24,2.5416666666666665,24,1.0,1.0,1.0,1.0,1.0,0.0,0,0,158.62746414192247
2023-09-21,28.6875,24.6,33.2,24,58.791666666666664,59.0,42,76,24,19.475555199888504,5.199999999999999,4,24,12.629166666666668,29.5,24,-0.26537544776995986,-0.7589014326225169,1005.4499999999999,-0.10000000000002274,24,3.375,24,1.0,1.0,1.0,1.0,1.0,5.199999999999999,4,1,19.273898839970457
2023-09-22,26.858333333333334,23.0,30.6,24,67.29166666666667,68.5,51,84,24,20.11698136484505,4.6000000000000005,4,24,13.608333333333334,18.5,24,-10.526834551438684,0.04664501218746105,1005.8000000000001,1.3999999999999773,24,4.625,24,1.0,1.0,1.0,1.0,1.0,4.6000000000000005,4,1,90.25387924827277
2023-09-23,26.629166666666666,20.5,30.8,24,68.79166666666667,68.0,52,91,24,20.163927594872675,4.8999999999999995,4,24,13.9375,22.2,24,-11.34562381953001,1.9917312465608124,1007.1,3.2999999999999545,24,4.708333333333333,24,1.0,1.0,1.0,1.0,1.0,4.8999999999999995,4,1,99.95685314875738
2023-09-24,26.27916666666667,22.0,30.6,24,66.66666666666667,67.0,49,84,24,19.281908565952666,2.6,2,24,14.6625,40.7,24,-11.587793720016876,-0.10794813372194767,1006.4291666666667,1.2999999999999545,24,4.208333333333333,24,1.0,1.0,1.0,1.0,1.0,2.6,2,1,89.46626651173301
2023-09-25,24.925,19.0,29.9,24,64.29166666666667,68.0,42,82,24,17.398615284914523,2.8,1,24,13.954166666666666,25.9,24,-5.9428920187056065,-2.07716000157714,1008.1291666666666,2.1000000000000227,24,4.166666666666667,24,1.0,1.0,1.0,1.0,1.0,2.8,1,1,70.73445479966404
2023-09-26,25.616666666666664,20.0,31.3,24,59.041666666666664,59.5,35,82,24,16.348257163843325,0.0,0,24,8.470833333333333,16.7,24,2.9449296246903636,-2.0033869574479315,1008.7125,0.6000000000000227,24,1.0416666666666667,24,1.0,1.0,1.0,1.0,1.0,0.0,0,0,304.2268069981664
2023-09-27,25.849999999999998,20.2,32.0,24,55.416666666666664,55.0,35,78,24,15.565314813890893,0.0,0,24,9.083333333333334,22.0,24,3.8338117935384317,-1.404502011799951,1008.1541666666667,-1.2999999999999545,24,0.7083333333333334,24,1.0,1.0,1.0,1.0,1.0,0.0,0,0,290.120111516847
2023-09-28,26.008333333333336,20.0,32.0,24,55.791666666666664,56.5,36,79,24,15.874701811493864,0.0,0,24,9.379166666666666,18.4,24,0.3529182163141089,-0.6795133650302887,1007.1125000000001,-0.7999999999999545,24,1.7083333333333333,24,1.0,1.0,1.0,1.0,1.0,0.0,0,0,332.5540315723612
2023-09-29,24.7375,21.8,29.5,24,54.375,52.5,32,73,24,14.479417819518032,0.3,1,24,18.254166666666666,70.2,24,3.3445985860656946,-12.497127239566614,1008.3791666666666,1.900000000000091,24,4.958333333333333,24,1.0,1.0,1.0,1.0,1.0,0.3,1,1,345.017097068064
2023-09-30,24.4375,18.0,30.5,24,52.5,56.5,32,72,24,13.450900206408457,0.0,0,24,11.458333333333334,22.3,24,8.096659641402463,-4.966086027754979,1008.7833333333333,-1.7000000000000455,24,1.8333333333333333,24,1.0,1.0,1.0,1.0,1.0,0.0,0,0,301.52287030183896
2023-10-01,24.7625,18.6,31.5,24,51.916666666666664,51.0,30,77,24,13.522894186334012,0.0,0,24,7.308333333333334,14.8,24,1.0030822009340423,1.445278790127486,1006.9875000000001,-1.2000000000000455,24,0.875,24,1.0,1.0,1.0,1.0,1.0,0.0,0,0,214.76221913091902
2023-10-02,24.958333333333332,18.7,32.0,24,50.125,50.5,29,70,24,13.189346452114442,0.0,0,24,7.45,14.8,24,-0.1443580686425171,-1.6713010185208887,1007.5541666666667,2.199999999999932,24,0.9166666666666666,24,1.0,1.0,1.0,1.0,1.0,0.0,0,0,4.936651429514882
2023-10-03,25.233333333333334,19.5,31.5,24,47.583333333333336,48.0,28,68,24,12.613039785813855,0.0,0,24,10.7125,33.5,24,3.1611295990025003,-4.270792013553846,1008.8208333333333,0.39999999999997726,24,0.5416666666666666,24,1.0,1.0,1.0,1.0,1.0,0.0,0,0,323.49211413727477
2023-10-04,25.241666666666664,19.3,32.1,24,44.75,45.5,26,66,24,11.510502482434854,0.0,0,24,8.141666666666667,13.0,24,-0.526372187708815,-1.813254776255538,1008.7083333333334,1.2999999999999545,24,0.4583333333333333,24,1.0,1.0,1.0,1.0,1.0,0.0,0,0,16.18755627226392
2023-10-05,25.400000000000002,18.5,32.3,24,46.666666666666664,48.0,26,68,24,12.366247116106535,0.0,0,24,8.383333333333335,14.8,24,-0.5353077630201977,-1.748335150668379,1007.5500000000001,-1.6000000000000227,24,0.08333333333333333,24,1.0,1.0,1.0,1.0,1.0,0.0,0,0,17.023615568460457
2023-10-06,25.870833333333334,19.0,33.0,24,46.0,46.5,26,69,24,12.46982497908377,0.0,0,24,10.166666666666666,14.8,24,-4.400032928213477,-0.13310194214961177,1005.7958333333332,0.2999999999999545,24,0.8333333333333334,24,1.0,1.0,1.0,1.0,1.0,0.0,0,0,88.26731873279385
2023-10-07,26.495833333333334,21.0,32.0,24,47.083333333333336,46.5,29,66,24,13.75946812516216,0.0,0,24,9.395833333333334,13.0,24,-4.745583473836377,-0.8938993370032339,1007.1999999999999,3.0,24,2.0833333333333335,24,1.0,1.0,1.0,1.0,1.0,0.0,0,0,79.33250366467297
2023-10-08,26.650000000000002,21.8,32.5,24,49.958333333333336,52.0,32,64,24,14.941231375177507,0.0,0,24,10.704166666666666,18.4,24,1.7206948698808746,-3.2921001486286543,1008.3375,0.8999999999999773,24,1.75,24,1.0,1.0,1.0,1.0,1.0,0.0,0,0,332.4051053197879
2023-10-09,24.558333333333334,20.0,32.0,24,58.375,61.5,38,78,24,15.463931122772022,0.2,1,24,12.762500000000001,25.9,24,-3.669179879490518,-4.558613379729713,1009.6791666666667,1.7000000000000455,24,3.4583333333333335,24,1.0,1.0,1.0,1.0,1.0,0.2,1,1,38.83022181300532
2023-10-10,23.391666666666666,17.0,29.8,24,57.958333333333336,59.5,34,86,24,13.938165169130988,0.0,0,24,9.058333333333334,14.8,24,3.4063937250012266,-1.7600491405959258,1012.3083333333334,2.7000000000000455,24,1.5833333333333333,24,1.0,1.0,1.0,1.0,1.0,0.0,0,0,297.3249407577074
2023-10-11,23.729166666666668,18.0,30.8,24,56.583333333333336,60.5,36,86,24,13.987990501209424,0.0,0,24,7.433333333333334,11.2,24,-1.8392578992608273,2.6142228211586676,1011.6041666666666,0.2999999999999545,24,0.5,24,1.0,1.0,1.0,1.0,1.0,0.0,0,0,144.8713830500526
2023-10-12,24.270833333333332,18.5,31.2,24,54.541666666666664,55.5,33,77,24,13.908985571668381,0.0,0,24,7.625,18.4,24,-3.315706903836374,2.9181379444897177,1012.2291666666666,2.2000000000000455,24,0.5,24,1.0,1.0,1.0,1.0,1.0,0.0,0,0,131.35085318627932
2023-10-13,24.670833333333334,19.5,31.2,24,56.958333333333336,61.5,35,74,24,15.075385525807773,1.0,1,24,10.091666666666667,18.5,24,-6.39717795192264,0.741105486638844,1012.6125000000001,0.09999999999990905,24,2.1666666666666665,24,1.0,1.0,1.0,1.0,1.0,1.0,1,1,96.60819051327007
2023-10-14,22.291666666666668,19.0,26.6,24,65.5,68.0,48,82,24,15.315771626038808,7.0,7,24,17.25,27.7,24,-14.140843201428652,1.4099489485551737,1014.0958333333333,2.199999999999932,24,6.208333333333333,24,1.0,1.0,1.0,1.0,1.0,7.0,7,1,95.69400288276677
2023-10-15,21.662499999999998,17.0,26.5,24,67.375,67.5,44,90,24,15.031251986557423,0.7,2,24,9.629166666666666,18.4,24,-2.6276538214149183,-1.1248140596346088,1012.3375,-2.400000000000091,24,5.083333333333333,24,1.0,1.0,1.0,1.0,1.0,0.7,2,1,66.82579082564206
2023-10-16,18.491666666666667,16.5,21.0,24,76.04166666666667,76.5,62,85,24,14.121999953026757,13.3,12,24,24.304166666666664,40.7,24,-9.08299981566767,-6.088592061742472,1013.5083333333333,4.900000000000091,24,7.666666666666667,24,1.0,1.0,1.0,1.0,1.0,13.3,12,1,56.16493332091238
2023-10-17,17.537499999999998,15.9,21.4,24,75.625,78.0,59,85,24,13.098731403299631,6.800000000000001,7,24,17.941666666666666,37.0,24,-15.122461526095867,-6.074202831104249,1017.9958333333334,3.5,24,6.458333333333333,24,1.0,1.0,1.0,1.0,1.0,6.800000000000001,7,1,68.11627027247471
2023-10-18,18.408333333333335,12.0,24.4,24,66.79166666666667,66.0,42,94,24,11.562226394207373,0.0,0,24,5.370833333333334,11.2,24,3.5626469491086876,0.22806675924609096,1018.1541666666667,-2.199999999999932,24,2.1666666666666665,24,1.0,1.0,1.0,1.0,1.0,0.0,0,0,266.3371457922369
2023-10-19,19.745833333333334,14.1,27.0,24,62.208333333333336,63.5,37,84,24,11.718330956879138,0.0,0,24,5.233333333333333,11.2,24,2.918177866656333,-0.16995606652948367,1016.1,0.0,24,0.75,24,1.0,1.0,1.0,1.0,1.0,0.0,0,0,273.33316819546997
2023-10-20,20.420833333333334,14.3,27.1,24,59.875,60.0,36,82,24,11.804059577886868,0.0,0,24,4.983333333333333,10.8,24,1.4357649002224209,-0.7587569629661836,1016.5833333333334,1.5,24,1.25,24,1.0,1.0,1.0,1.0,1.0,0.0,0,0,297.85505469096097
2023-10-21,20.966666666666665,15.1,27.0,24,60.333333333333336,64.5,37,82,24,12.519720222508083,0.0,0,24,5.591666666666668,10.8,24,-1.5635698701930103,1.383496528069573,1016.9208333333332,0.7999999999999545,24,2.2916666666666665,24,1.0,1.0,1.0,1.0,1.0,0.0,0,0,131.503427592293
2023-10-22,20.25,16.5,25.3,24,68.33333333333333,70.5,48,82,24,14.061653244456423,0.8,1,24,9.741666666666667,29.5,24,-4.638681790630707,-2.2754531206563113,1018.3416666666667,2.0,24,5.041666666666667,24,1.0,1.0,1.0,1.0,1.0,0.8,1,1,63.87026013117219
2023-10-23,20.058333333333334,14.5,27.0,24,61.625,65.5,32,84,24,11.840171926940082,0.0,0,24,5.595833333333334,11.2,24,2.471402987507093,0.9784799743388644,1016.7541666666666,-2.800000000000068,24,1.2083333333333333,24,1.0,1.0,1.0,1.0,1.0,0.0,0,0,248.4003545286763
2023-10-24,21.004166666666666,15.5,28.5,24,58.291666666666664,59.5,31,80,24,11.85902001510084,0.0,0,24,5.6000000000000005,14.8,24,2.433130740540386,-1.2251447811840255,1015.3916666666668,0.39999999999997726,24,1.2083333333333333,24,1.0,1.0,1.0,1.0,1.0,0.0,0,0,296.7264466627007
2023-10-25,21.183333333333334,15.0,28.5,24,54.458333333333336,55.0,31,80,24,10.858663425797191,0.0,0,24,6.370833333333334,14.8,24,4.775061478993545,0.17486570471973595,1016.1625,0.5,24,0.5416666666666666,24,1.0,1.0,1.0,1.0,1.0,0.0,0,0,267.9027303102247
2023-10-26,20.916666666666668,15.0,28.5,24,53.5,59.0,28,80,24,10.304089558093905,0.0,0,24,6.304166666666667,14.8,24,3.267411794513464,-0.2328470355445207,1015.5333333333333,0.1999999999999318,24,0.875,24,1.0,1.0,1.0,1.0,1.0,0.0,0,0,274.07620390658116
2023-10-27,21.091666666666665,15.5,28.0,24,54.291666666666664,55.0,32,75,24,10.906351200821815,0.0,0,24,4.3,9.3,24,0.8957309858873487,-0.3376062537233035,1014.5041666666666,-0.39999999999997726,24,1.4583333333333333,24,1.0,1.0,1.0,1.0,1.0,0.0,0,0,290.6517199670201
2023-10-28,21.295833333333334,16.0,28.2,24,55.458333333333336,60.0,32,75,24,11.49666107465638,0.0,0,24,5.058333333333334,11.2,24,1.972267397524168,0.42616601507926344,1014.7125,0.7999999999999545,24,2.0,24,1.0,1.0,1.0,1.0,1.0,0.0,0,0,257.80702983379445
2023-10-29,21.208333333333332,15.7,27.5,24,58.625,63.5,37,76,24,12.305466843102694,0.0,0,24,4.441666666666667,11.1,24,2.0144761288228135,0.1400570679145555,1014.9916666666667,0.2999999999999545,24,1.7916666666666667,24,1.0,1.0,1.0,1.0,1.0,0.0,0,0,266.02289333366787
2023-10-30,21.608333333333334,16.4,28.0,24,63.875,69.0,42,80,24,14.100504971557243,0.0,0,24,4.658333333333333,10.8,24,0.1939816004211757,1.9323662420424323,1015.7083333333334,1.7000000000000455,24,1.2083333333333333,24,1.0,1.0,1.0,1.0,1.0,0.0,0,0,185.73246257571122
2023-10-31,21.804166666666664,16.9,28.0,24,65.79166666666667,70.0,46,82,24,14.77610002554352,0.0,0,24,4.991666666666666,14.8,24,1.3952396346364528,0.6670886388012306,1016.9625,1.2000000000000455,24,0.625,24,1.0,1.0,1.0,1.0,1.0,0.0,0,0,244.44671541000372
2023-11-01,21.5625,16.8,27.5,24,65.54166666666667,66.0,47,82,24,14.568446364769075,0.0,0,24,7.004166666666666,48.2,24,4.450787532453735,-1.8319758088408473,1018.0208333333334,-0.2999999999999545,24,3.8333333333333335,24,1.0,1.0,1.0,1.0,1.0,0.0,0,0,292.37241423582213
2023-11-02,21.01666666666667,16.0,27.2,24,60.541666666666664,61.0,40,78,24,12.700952278752665,0.0,0,24,6.104166666666667,18.5,24,3.123768848242859,-1.4163191974672273,1016.5749999999999,-2.300000000000068,24,3.3333333333333335,24,1.0,1.0,1.0,1.0,1.0,0.0,0,0,294.3895761090545
2023-11-03,20.254166666666666,14.9,27.5,24,59.375,59.5,37,79,24,11.538428856472414,0.0,0,24,4.9125000000000005,14.8,24,3.472305269663533,0.0836053595878184,1013.8583333333332,-1.3999999999999773,24,0.75,24,1.0,1.0,1.0,1.0,1.0,0.0,0,0,268.62071203309137
2023-11-04,19.854166666666668,14.4,27.2,24,56.75,58.0,33,75,24,10.35682700587642,0.0,0,24,4.670833333333333,14.8,24,2.4113688698527533,-0.2624212719462346,1014.1833333333334,1.5,24,0.5416666666666666,24,1.0,1.0,1.0,1.0,1.0,0.0,0,0,276.2108675612041
2023-11-05,19.229166666666668,13.0,27.0,24,55.875,58.0,29,82,24,9.347035419547032,0.0,0,24,4.520833333333333,13.0,24,2.712547612562776,-0.3245605438059913,1015.4291666666667,1.5,24,1.0416666666666667,24,1.0,1.0,1.0,1.0,1.0,0.0,0,0,276.82309166321954
2023-11-06,19.158333333333335,13.5,26.5,24,55.375,59.0,28,77,24,9.308258538885749,0.0,0,24,3.7624999999999997,7.6,24,1.5956813312446076,-0.1330555780480305,1016.9666666666667,0.8000000000000682,24,3.375,24,1.0,1.0,1.0,1.0,1.0,0.0,0,0,274.7665704987523
2023-11-07,18.991666666666667,14.4,24.9,24,59.541666666666664,63.0,39,75,24,10.64564415390676,0.1,1,24,5.2375,11.1,24,3.421508204765608,-0.834206600052615,1016.7958333333332,-1.3000000000000682,24,5.416666666666667,24,1.0,1.0,1.0,1.0,1.0,0.1,1,1,283.7020991844986
2023-11-08,19.345833333333335,15.0,25.5,24,60.958333333333336,64.0,41,77,24,11.275129933876725,2.6,2,24,4.429166666666666,7.6,24,2.2529106409599384,-1.0543150352698498,1015.4458333333333,-0.20000000000004547,24,4.875,24,1.0,1.0,1.0,1.0,1.0,2.6,2,1,295.07861045726054
2023-11-09,18.599999999999998,13.0,25.0,24,66.20833333333333,71.0,43,94,24,11.826263802895694,10.8,7,24,8.2875,25.9,24,-1.354974286869855,-2.756362082560857,1015.2875,0.7999999999999545,24,5.125,24,1.0,1.0,1.0,1.0,1.0,10.8,7,1,26.177838823351976
2023-11-10,16.175,13.0,20.5,24,75.79166666666667,76.5,53,100,24,11.72397499752425,17.2,11,24,12.620833333333332,36.7,24,-6.963032114308664,-4.98250768931637,1018.5708333333333,5.7999999999999545,24,5.916666666666667,24,1.0,1.0,1.0,1.0,1.0,17.2,11,1,54.41378606957517
2023-11-11,16.608333333333334,11.5,23.2,24,69.25,74.0,41,94,24,10.39048423324586,0.0,0,24,5.304166666666666,14.8,24,4.566020282264799,-0.711190889077845,1020.4666666666667,0.7999999999999545,24,1.1666666666666667,24,1.0,1.0,1.0,1.0,1.0,0.0,0,0,278.8530989782704
2023-11-12,16.979166666666668,11.3,24.0,24,68.20833333333333,73.0,39,94,24,10.494658196758172,0.0,0,24,3.7541666666666664,11.1,24,3.2063136325528223,0.06334143346084989,1019.8541666666666,-0.900000000000091,24,0.9583333333333334,24,1.0,1.0,1.0,1.0,1.0,0.0,0,0,268.86825644297517
2023-11-13,16.833333333333332,11.3,23.4,24,68.25,71.0,42,91,24,10.381468954682413,0.0,0,24,5.533333333333334,74.2,24,0.9462909659991662,-2.2352454808540645,1019.4083333333333,0.599999999999909,24,0.5416666666666666,24,1.0,1.0,1.0,1.0,1.0,0.0,0,0,337.05463462472983
2023-11-14,17.25,11.4,24.0,24,66.125,69.5,42,88,24,10.309511674450794,0.0,0,24,3.8249999999999997,13.0,24,3.2586412310600283,-0.38165281295901504,1019.4541666666668,0.5,24,0.20833333333333334,24,1.0,1.0,1.0,1.0,1.0,0.0,0,0,276.6800620481044
2023-11-15,17.070833333333333,11.3,25.0,24,64.91666666666667,71.5,34,89,24,9.759594503210367,0.0,0,24,3.9875000000000003,11.1,24,2.7800406564027074,-0.7100225727583068,1019.0625,-0.6000000000000227,24,1.0833333333333333,24,1.0,1.0,1.0,1.0,1.0,0.0,0,0,284.32707248023246
2023-11-16,17.033333333333335,11.3,24.5,24,62.208333333333336,66.5,33,83,24,9.113074767241319,0.0,0,24,1.9666666666666668,7.2,24,0.44828497076791174,-0.2884836821506421,1019.975,2.800000000000068,24,2.2916666666666665,24,1.0,1.0,1.0,1.0,1.0,0.0,0,0,302.76239301157
2023-11-17,17.033333333333335,11.5,25.0,24,60.458333333333336,65.0,31,83,24,8.569069893897613,0.0,0,24,4.008333333333334,11.2,24,2.9536769499381386,-0.3461357404987113,1020.5124999999999,-2.0,24,2.7083333333333335,24,1.0,1.0,1.0,1.0,1.0,0.0,0,0,276.68389707683497
2023-11-18,16.3125,11.3,22.1,24,60.958333333333336,66.0,29,79,24,8.220286444386183,0.0,0,24,3.1875,7.2,24,1.6340248761077723,-0.6561076278487842,1018.3708333333334,-0.6000000000000227,24,5.583333333333333,24,1.0,1.0,1.0,1.0,1.0,0.0,0,0,291.8768688648805
2023-11-19,16.483333333333334,11.5,24.0,24,61.5,62.5,31,80,24,8.54394406576223,0.0,0,24,3.2624999999999997,7.2,24,-0.005288330442272134,-0.142450791845719,1018.975,2.0,24,4.833333333333333,24,1.0,1.0,1.0,1.0,1.0,0.0,0,0,2.1260670430344817
2023-11-20,16.087500000000002,11.2,23.4,24,61.25,65.5,37,79,24,8.110490671003156,0.0,0,24,3.9916666666666667,11.2,24,3.1380331405748922,-0.47297523981765544,1019.5166666666668,-0.20000000000004547,24,1.7083333333333333,24,1.0,1.0,1.0,1.0,1.0,0.0,0,0,278.5713008635845
2023-11-21,15.779166666666667,10.4,23.0,24,61.5,65.0,34,88,24,7.733206279999039,0.0,0,24,5.441666666666666,18.4,24,4.497603413338463,-1.3470291994512082,1018.3249999999999,-2.8999999999999773,24,1.0833333333333333,24,1.0,1.0,1.0,1.0,1.0,0.0,0,0,286.67292281215094
2023-11-22,15.545833333333334,9.8,23.0,24,63.625,69.0,32,88,24,8.016721890704016,0.0,0,24,3.516666666666667,9.4,24,0.004196143321072062,0.464047796078962,1015.0875,-1.5,24,1.1666666666666667,24,1.0,1.0,1.0,1.0,1.0,0.0,0,0,180.51808187019242
2023-11-23,15.504166666666668,10.3,22.2,24,65.79166666666667,71.0,40,88,24,8.67462312385534,0.0,0,24,3.7541666666666664,11.2,24,-2.839651495218277,-0.36936850138784694,1015.1416666666668,2.1000000000000227,24,2.0416666666666665,24,1.0,1.0,1.0,1.0,1.0,0.0,0,0,82.58884561328472
2023-11-24,15.858333333333334,10.8,23.6,24,64.33333333333333,66.5,36,88,24,8.490567104731378,0.0,0,24,5.2250000000000005,16.7,24,4.705788331230482,-0.6594258521384675,1018.2708333333334,2.2999999999999545,24,2.0416666666666665,24,1.0,1.0,1.0,1.0,1.0,0.0,0,0,277.9769601115273
2023-11-25,15.266666666666666,10.1,22.5,24,61.291666666666664,64.0,33,82,24,7.307831702585297,0.0,0,24,2.129166666666667,5.5,24,-0.02839123532176019,0.12296332713837423,1018.7916666666666,0.7999999999999545,24,5.166666666666667,24,1.0,1.0,1.0,1.0,1.0,0.0,0,0,166.9987107315195
2023-11-26,15.354166666666666,11.2,22.0,24,63.375,65.0,35,83,24,8.051303147174847,0.0,0,24,2.891666666666667,7.4,24,-0.9663827385645002,-0.3170714937460919,1020.0333333333333,-0.2999999999999545,24,6.541666666666667,24,1.0,1.0,1.0,1.0,1.0,0.0,0,0,71.83526613828468
2023-11-27,15.766666666666666,12.3,22.0,24,64.625,68.0,39,76,24,8.874723852121106,0.0,0,24,4.425,7.6,24,0.045677028146261955,-0.7571677627810703,1018.2291666666666,-0.599999999999909,24,6.708333333333333,24,1.0,1.0,1.0,1.0,1.0,0.0,0,0,356.5477491014046
2023-11-28,16.454166666666666,12.0,24.0,24,63.125,68.0,36,79,24,9.007168243494075,0.0,0,24,4.5874999999999995,18.4,24,1.627447838274141,-0.24305628510997343,1017.6750000000001,-0.3000000000000682,24,2.8333333333333335,24,1.0,1.0,1.0,1.0,1.0,0.0,0,0,278.49423437730263
2023-11-29,15.895833333333334,11.4,21.0,24,63.5,67.0,44,77,24,8.689431920492504,0.0,0,24,3.1291666666666664,7.2,24,-0.5621381642917792,0.596047128201829,1017.2833333333333,0.6000000000000227,24,5.25,24,1.0,1.0,1.0,1.0,1.0,0.0,0,0,136.67700772501996
2023-11-30,15.0375,12.7,19.0,24,75.66666666666667,75.5,56,85,24,10.702745927471959,1.0999999999999999,3,24,10.850000000000001,22.3,24,-5.827412693699201,-3.436900677434395,1019.1416666666668,3.5,24,6.75,24,1.0,1.0,1.0,1.0,1.0,1.0999999999999999,3,1,59.468679050671085
2023-12-01,14.9375,10.5,22.0,24,69.58333333333333,72.0,39,88,24,9.043529818437912,0.0,0,24,8.829166666666667,22.3,24,2.511736516049132,-2.8045072483674187,1020.5875,-1.8000000000000682,24,2.9166666666666665,24,1.0,1.0,1.0,1.0,1.0,0.0,0,0,318.1521504398324
2023-12-02,14.85,9.5,22.0,24,65.16666666666667,67.5,32,88,24,7.749320742115986,0.0,0,24,5.970833333333334,14.8,24,3.1819082672924517,-1.2407958313245422,1019.6083333333332,-0.5,24,1.5833333333333333,24,1.0,1.0,1.0,1.0,1.0,0.0,0,0,291.30346427559596
2023-12-03,14.708333333333334,10.0,21.1,24,64.16666666666667,69.0,39,82,24,7.554184016295391,0.0,0,24,3.7624999999999997,9.3,24,-1.233463808335364,0.535826399922371,1019.35,-1.1000000000000227,24,4.833333333333333,24,1.0,1.0,1.0,1.0,1.0,0.0,0,0,113.48050631677836
2023-12-04,14.4,9.2,21.5,24,63.75,65.0,37,88,24,7.007960568304071,0.0,0,24,4.291666666666667,9.3,24,1.8987724041447995,0.24967307691647644,1018.4666666666667,0.0,24,1.2916666666666667,24,1.0,1.0,1.0,1.0,1.0,0.0,0,0,262.50904837062626
2023-12-05,13.674999999999999,8.3,21.0,24,64.08333333333333,68.0,34,100,24,6.382316470219535,0.0,0,24,4.054166666666666,11.1,24,2.171935119479895,0.15337124900338248,1018.6833333333334,1.0,24,0.25,24,1.0,1.0,1.0,1.0,1.0,0.0,0,0,265.96076215364565
2023-12-06,13.495833333333332,7.8,21.0,24,63.416666666666664,68.5,37,87,24,6.038809821572265,0.0,0,24,3.9791666666666665,10.8,24,1.6789492280532918,0.1814738050768375,1019.1750000000001,0.6000000000000227,24,0.2916666666666667,24,1.0,1.0,1.0,1.0,1.0,0.0,0,0,263.83097919337735
2023-12-07,13.5,7.5,21.0,24,61.5,60.5,30,85,24,5.420493668906882,0.0,0,24,3.4375,11.2,24,2.142431455048,0.536573266668969,1018.475,-2.400000000000091,24,0.75,24,1.0,1.0,1.0,1.0,1.0,0.0,0,0,255.9394597202707
2023-12-08,13.25,7.6,21.0,24,59.958333333333336,64.5,30,87,24,4.904132848351837,0.0,0,24,2.7375000000000003,10.8,24,-0.9334634373821897,2.2788560959200064,1017.2333333333332,0.3000000000000682,24,1.5833333333333333,24,1.0,1.0,1.0,1.0,1.0,0.0,0,0,157.72504685564024
2023-12-09,12.9625,7.5,20.3,24,59.083333333333336,63.5,35,80,24,4.516795973566192,0.0,0,24,4.525,13.0,24,3.1762574748446544,0.27693688431754704,1018.25,0.20000000000004547,24,0.3333333333333333,24,1.0,1.0,1.0,1.0,1.0,0.0,0,0,265.0170006039846
2023-12-10,12.579166666666667,6.9,21.3,24,57.791666666666664,60.0,27,86,24,3.630589211685697,0.0,0,24,6.995833333333334,29.5,24,6.033595398839111,-1.3398337465914734,1016.1083333333332,-1.8999999999999773,24,1.9583333333333333,24,1.0,1.0,1.0,1.0,1.0,0.0,0,0,282.52007279822607
2023-12-11,12.104166666666666,6.7,19.0,24,59.541666666666664,65.0,36,77,24,3.9349004264404583,0.0,0,24,3.1125000000000003,10.8,24,-2.244488556558887,1.4556500636041163,1016.3125,1.7999999999999545,24,2.3333333333333335,24,1.0,1.0,1.0,1.0,1.0,0.0,0,0,122.9651920077219
2023-12-12,12.525,7.8,18.5,24,63.625,68.0,40,87,24,5.35872158519867,0.0,0,24,2.5875,7.4,24,0.06135867419652638,0.1953074611723423,1016.5541666666667,1.2000000000000455,24,1.9583333333333333,24,1.0,1.0,1.0,1.0,1.0,0.0,0,0,197.44086835490148
2023-12-13,12.095833333333333,6.8,19.0,24,62.958333333333336,67.5,39,86,24,4.743490447045006,0.0,0,24,3.9791666666666665,11.2,24,3.2346044251695276,0.23473580770244065,1018.6875,2.7999999999999545,24,1.4166666666666667,24,1.0,1.0,1.0,1.0,1.0,0.0,0,0,265.84931151263777
2023-12-14,11.745833333333332,6.5,19.0,24,62.583333333333336,65.0,30,86,24,4.19244990857912,0.0,0,24,3.2916666666666665,11.1,24,2.294329724709193,1.3034768876663942,1019.2624999999999,0.7999999999999545,24,3.4166666666666665,24,1.0,1.0,1.0,1.0,1.0,0.0,0,0,240.39780614377537
2023-12-15,11.783333333333333,6.0,19.5,24,60.041666666666664,59.5,34,86,24,3.5120958680993852,0.0,0,24,3.5416666666666665,14.8,24,-1.9290317177151641,2.573225989441077,1020.025,0.3000000000000682,24,3.1666666666666665,24,1.0,1.0,1.0,1.0,1.0,0.0,0,0,143.14275551990147
2023-12-16,11.645833333333334,7.9,16.6,24,62.416666666666664,66.5,45,80,24,4.429635947737836,0.6000000000000001,3,24,4.995833333333334,14.8,24,0.009554544836282633,-1.7163944267357387,1018.9708333333333,0.0,24,4.791666666666667,24,1.0,1.0,1.0,1.0,1.0,0.6000000000000001,3,1,359.6810584843864
2023-12-17,11.5,7.2,18.0,24,64.125,68.5,43,81,24,4.565199940156417,0.0,0,24,7.6125,22.3,24,6.437906065707406,-1.2410144375564205,1020.7208333333333,2.6000000000000227,24,1.3333333333333333,24,1.0,1.0,1.0,1.0,1.0,0.0,0,0,280.9108907314764
2023-12-18,11.725,6.0,20.5,24,61.5,61.5,30,86,24,3.7239358948978154,0.0,0,24,7.6875,25.9,24,6.427944232150913,-1.9521962981322936,1022.1583333333333,-0.10000000000002274,24,0.3333333333333333,24,1.0,1.0,1.0,1.0,1.0,0.0,0,0,286.8937777374324
2023-12-19,11.725,5.5,21.0,24,56.125,56.0,24,85,24,2.173287826317944,0.0,0,24,5.995833333333334,18.5,24,5.177297855256294,-0.39531480897764637,1021.8375,-0.2999999999999545,24,0.7083333333333334,24,1.0,1.0,1.0,1.0,1.0,0.0,0,0,274.36637155326497
2023-12-20,11.691666666666668,5.6,20.0,24,57.083333333333336,59.5,30,86,24,2.6043365485500414,0.0,0,24,3.6041666666666665,14.8,24,3.052249470477303,-0.13716292671984406,1020.7541666666666,-1.7999999999999545,24,4.125,24,1.0,1.0,1.0,1.0,1.0,0.0,0,0,272.57304427110677
2023-12-21,11.991666666666667,6.2,20.0,24,59.333333333333336,62.0,31,86,24,3.492323009329913,0.0,0,24,3.908333333333333,11.2,24,0.5871437482535838,0.6676794812704127,1019.5875,-0.5,24,3.2916666666666665,24,1.0,1.0,1.0,1.0,1.0,0.0,0,0,221.32773979884416
2023-12-22,11.5875,6.8,17.9,24,63.041666666666664,70.0,37,86,24,4.330338701300549,0.0,0,24,4.0625,10.8,24,-3.0141313967605434,0.44511463567614556,1019.2333333333332,0.6000000000000227,24,5.458333333333333,24,1.0,1.0,1.0,1.0,1.0,0.0,0,0,98.40049177507615
2023-12-23,14.6625,10.2,23.0,24,61.0,62.5,37,78,24,6.860427999640435,0.2,1,24,7.604166666666667,14.8,24,3.062514217570424,-0.17046849503170214,1021.7125,4.7000000000000455,24,3.4583333333333335,24,1.0,1.0,1.0,1.0,1.0,0.2,1,1,273.1859628929034
2023-12-24,13.433333333333332,9.0,19.5,24,65.95833333333333,69.5,44,87,24,6.826204798118198,0.0,0,24,3.608333333333334,7.6,24,1.539137495867908,-0.27692112569138144,1023.4791666666666,-0.6000000000000227,24,4.166666666666667,24,1.0,1.0,1.0,1.0,1.0,0.0,0,0,280.19951608614406
2023-12-25,13.229166666666666,7.3,21.4,24,64.875,67.5,35,88,24,6.031419306720571,0.0,0,24,3.295833333333334,9.3,24,2.635999714334806,0.6472494430219133,1020.7291666666666,-1.8999999999999773,24,1.125,24,1.0,1.0,1.0,1.0,1.0,0.0,0,0,256.2043907324353
2023-12-26,13.0625,7.3,20.9,24,61.333333333333336,65.0,34,81,24,5.167065634998669,0.0,0,24,1.2916666666666667,3.7,24,-0.12187210027283679,0.7429723096390566,1020.1333333333333,1.5,24,1.5,24,1.0,1.0,1.0,1.0,1.0,0.0,0,0,170.68455059430448
2023-12-27,13.3375,7.5,22.0,24,60.083333333333336,60.5,32,81,24,4.969829080347208,0.0,0,24,5.541666666666667,18.4,24,5.00101502686739,-0.9669373753479866,1022.0708333333333,0.6999999999999318,24,0.2916666666666667,24,1.0,1.0,1.0,1.0,1.0,0.0,0,0,280.9430078572518
2023-12-28,12.862499999999999,6.8,20.5,24,62.166666666666664,65.0,33,87,24,5.046560495198224,0.0,0,24,2.9,7.6,24,-1.2205836333334446,1.0375243072708449,1019.7833333333333,0.10000000000002274,24,0.20833333333333334,24,1.0,1.0,1.0,1.0,1.0,0.0,0,0,130.365305582343
2023-12-29,12.091666666666667,6.8,20.0,24,67.375,71.5,43,86,24,5.777684609987342,0.0,0,24,5.141666666666667,46.1,24,-2.281440190448568,-1.7142490551186107,1020.8958333333334,1.0,24,2.0416666666666665,24,1.0,1.0,1.0,1.0,1.0,0.0,0,0,53.07920277794801
2023-12-30,12.429166666666667,7.9,19.5,24,67.29166666666667,69.0,38,86,24,6.094525426859476,0.0,0,24,3.129166666666667,11.2,24,1.549287990325441,1.0533010367304085,1020.1916666666666,-0.8999999999999773,24,5.083333333333333,24,1.0,1.0,1.0,1.0,1.0,0.0,0,0,235.78973011924896
2023-12-31,11.795833333333334,6.4,18.5,24,67.875,73.0,40,87,24,5.5436532055705605,0.0,0,24,2.441666666666667,7.4,24,0.2365192323923111,1.7535129742075999,1019.5083333333333,0.5,24,0.9583333333333334,24,1.0,1.0,1.0,1.0,1.0,0.0,0,0,187.6818686015357
2024-01-01,11.245833333333332,6.3,18.0,24,70.08333333333333,74.5,39,93,24,5.503562236933096,0.0,0,24,3.3708333333333336,10.8,24,0.15653260594731103,1.5842453440030415,1019.9125,0.599999999999909,24,0.5833333333333334,24,1.0,1.0,1.0,1.0,1.0,0.0,0,0,185.64283917818128
2024-01-02,9.095833333333333,5.4,14.9,24,80.375,81.5,52,100,24,5.587588402019684,0.0,0,24,4.345833333333333,10.8,24,-2.691386295738315,2.8172010614108007,1019.6833333333334,0.39999999999997726,24,2.2083333333333335,24,1.0,1.0,1.0,1.0,1.0,0.0,0,0,136.308393880896
2024-01-03,8.549999999999999,5.2,15.3,24,83.75,86.0,52,100,24,5.684950335178274,0.0,0,24,3.216666666666667,7.6,24,-0.48141250206002345,2.6142717555165293,1020.0583333333334,1.2999999999999545,24,3.0416666666666665,24,1.0,1.0,1.0,1.0,1.0,0.0,0,0,169.565998363012
2024-01-04,9.308333333333334,4.8,16.0,24,78.58333333333333,82.5,47,100,24,5.403848045352439,0.0,0,24,3.1374999999999997,7.6,24,-0.5167238145989056,2.2411821807424226,1019.7958333333332,-0.1999999999999318,24,3.375,24,1.0,1.0,1.0,1.0,1.0,0.0,0,0,167.01684207345295
2024-01-05,9.970833333333333,6.0,15.6,24,74.41666666666667,77.0,51,93,24,5.289390091956602,0.0,0,24,2.0541666666666667,7.2,24,0.011192875381106646,1.910399570253988,1019.4833333333332,2.400000000000091,24,3.5416666666666665,24,1.0,1.0,1.0,1.0,1.0,0.0,0,0,180.33568746145338
2024-01-06,9.883333333333333,4.5,16.7,24,72.25,77.0,44,93,24,4.678690411111693,0.0,0,24,2.225,7.6,24,0.8649302680013204,1.525556799066554,1021.25,1.7999999999999545,24,0.875,24,1.0,1.0,1.0,1.0,1.0,0.0,0,0,209.5515189781425
2024-01-07,9.75,5.0,16.5,24,70.66666666666667,75.5,36,89,24,4.21082096425604,0.0,0,24,2.8333333333333335,11.2,24,-1.125687632554521,2.290769241377711,1021.9375,0.5,24,2.7083333333333335,24,1.0,1.0,1.0,1.0,1.0,0.0,0,0,153.83042513450619
2024-01-08,9.741666666666667,5.0,17.0,24,69.16666666666667,70.0,34,88,24,3.8990788988762666,0.0,0,24,2.983333333333334,7.4,24,0.1987091271206737,2.157279109209776,1021.5416666666666,-0.5,24,3.7916666666666665,24,1.0,1.0,1.0,1.0,1.0,0.0,0,0,185.26272109666826
2024-01-09,10.745833333333332,5.8,18.0,24,64.83333333333333,67.0,36,86,24,3.780498198815652,0.0,0,24,4.375,13.0,24,3.5183083653915674,0.4735556861385703,1021.3874999999999,1.3999999999999773,24,2.0,24,1.0,1.0,1.0,1.0,1.0,0.0,0,0,262.3341994009097
2024-01-10,10.579166666666667,4.5,17.7,24,61.708333333333336,62.5,30,85,24,2.799343241396832,0.0,0,24,5.841666666666668,22.3,24,4.889369489314656,1.1766905406286174,1020.3916666666668,-2.800000000000068,24,0.7083333333333334,24,1.0,1.0,1.0,1.0,1.0,0.0,0,0,256.4683515746885
2024-01-11,10.070833333333333,4.8,17.0,24,63.75,66.5,34,86,24,2.8808284598484764,0.0,0,24,2.6750000000000003,7.6,24,-1.210402241597573,1.5217076744884253,1019.8125,1.2999999999999545,24,0.8333333333333334,24,1.0,1.0,1.0,1.0,1.0,0.0,0,0,141.50043118438225
2024-01-12,9.987499999999999,4.5,17.0,24,67.75,69.0,41,89,24,3.7914098329876196,0.0,0,24,3.045833333333333,7.6,24,-0.00985778052384813,1.834502762121459,1019.0708333333333,-2.8999999999999773,24,4.208333333333333,24,1.0,1.0,1.0,1.0,1.0,0.0,0,0,179.6921215956412
2024-01-13,11.254166666666668,6.5,18.5,24,66.375,70.5,40,86,24,4.757494060581351,0.0,0,24,4.825,13.0,24,-1.8283828019474944,1.125937871120023,1018.0625,1.400000000000091,24,2.4166666666666665,24,1.0,1.0,1.0,1.0,1.0,0.0,0,0,121.62521009723446
2024-01-14,10.354166666666666,4.5,18.1,24,67.91666666666667,72.5,38,93,24,4.098595388630758,0.0,0,24,3.295833333333334,9.3,24,1.4557265638245145,1.9462700661892693,1018.7958333333332,0.7999999999999545,24,0.6666666666666666,24,1.0,1.0,1.0,1.0,1.0,0.0,0,0,216.79491337871863
2024-01-15,10.729166666666666,4.5,18.5,24,66.16666666666667,67.0,36,93,24,3.8311004742915284,0.0,0,24,3.358333333333333,7.6,24,1.1693941050775791,2.3077328855792683,1017.5500000000001,-2.099999999999909,24,0.7916666666666666,24,1.0,1.0,1.0,1.0,1.0,0.0,0,0,206.87263372440836
2024-01-16,10.041666666666666,2.5,16.1,24,67.66666666666667,67.5,42,100,24,3.855803509366097,0.0,0,24,3.295833333333333,11.2,24,-1.0530299464149773,2.5796258127444953,1016.3791666666666,-1.1999999999999318,24,1.75,24,1.0,1.0,1.0,1.0,1.0,0.0,0,0,157.79420918805044
2024-01-17,10.829166666666666,5.0,19.0,24,62.708333333333336,65.0,30,85,24,3.342642739275179,0.0,0,24,3.670833333333334,14.8,24,-0.42825010064989333,2.1030548034235834,1016.6958333333333,2.5,24,0.9583333333333334,24,1.0,1.0,1.0,1.0,1.0,0.0,0,0,168.49009140443127
2024-01-18,11.270833333333334,5.5,18.5,24,59.083333333333336,62.0,32,81,24,2.879164087621676,0.0,0,24,3.691666666666667,11.1,24,1.9537276463583113,0.7870940782788366,1018.1583333333333,1.7999999999999545,24,0.2916666666666667,24,1.0,1.0,1.0,1.0,1.0,0.0,0,0,248.05707872478405
2024-01-19,10.995833333333332,5.5,18.5,24,61.291666666666664,67.5,29,85,24,3.1405069332240854,0.0,0,24,3.829166666666667,9.3,24,-0.1576584005728364,1.7417756539074647,1018.9916666666667,0.39999999999997726,24,0.875,24,1.0,1.0,1.0,1.0,1.0,0.0,0,0,174.82791509047217
2024-01-20,9.520833333333334,6.0,14.4,24,74.29166666666667,76.0,52,100,24,4.878759641505009,0.0,0,24,4.245833333333334,10.8,24,-1.4385493441154698,2.0694863625373405,1020.3958333333334,3.5,24,1.7083333333333333,24,1.0,1.0,1.0,1.0,1.0,0.0,0,0,145.1959145938655
2024-01-21,8.508333333333333,4.8,14.5,24,80.70833333333333,83.0,51,100,24,4.989747275178587,0.0,0,24,4.508333333333334,11.1,24,1.8461584844316048,2.140344714994232,1020.0833333333334,-0.5,24,0.9583333333333334,24,1.0,1.0,1.0,1.0,1.0,0.0,0,0,220.77947620402273
2024-01-22,7.995833333333334,4.4,12.8,24,82.0,84.5,58,100,24,4.857021224392493,0.0,0,24,3.9583333333333335,10.8,24,-1.6764688417551998,3.3519394789511963,1020.15,3.5,24,3.8333333333333335,24,1.0,1.0,1.0,1.0,1.0,0.0,0,0,153.4281241768059
2024-01-23,8.15,4.1,13.5,24,82.91666666666667,87.0,56,100,24,5.101709770983777,0.0,0,24,4.433333333333334,10.8,24,2.0519324066042954,2.2063974394433363,1020.9375,-2.300000000000068,24,2.1666666666666665,24,1.0,1.0,1.0,1.0,1.0,0.0,0,0,222.92258556226662
2024-01-24,8.5625,3.0,14.3,24,77.875,79.0,52,100,24,4.545141716823173,0.0,0,24,3.2916666666666665,10.8,24,1.328546029701829,2.670800934980313,1020.2708333333334,2.800000000000068,24,1.2916666666666667,24,1.0,1.0,1.0,1.0,1.0,0.0,0,0,206.44729372727636
2024-01-25,9.716666666666667,4.0,15.5,24,71.45833333333333,71.0,43,91,24,4.439191844376504,0.2,1,24,3.0583333333333336,7.6,24,0.04493649505157721,1.9415961949775618,1021.6708333333332,2.2999999999999545,24,5.25,24,1.0,1.0,1.0,1.0,1.0,0.2,1,1,181.32582251648896
2024-01-26,12.045833333333334,8.0,17.5,24,63.958333333333336,64.5,38,83,24,4.993296048312728,0.5,1,24,6.295833333333333,13.0,24,2.7898930607518806,-0.48930043013145524,1023.1708333333332,2.099999999999909,24,4.625,24,1.0,1.0,1.0,1.0,1.0,0.5,1,1,279.9475485931058
2024-01-27,12.6,7.0,18.6,24,57.625,56.5,35,80,24,3.84534539100029,0.0,0,24,8.4625,22.3,24,7.415527455229313,0.08456977211074078,1021.5458333333332,-4.5,24,4.291666666666667,24,1.0,1.0,1.0,1.0,1.0,0.0,0,0,269.34660332760035
2024-01-28,13.200000000000001,10.1,19.0,24,62.041666666666664,64.0,37,75,24,5.851106597991048,2.0999999999999996,3,24,7.679166666666667,14.8,24,1.6224784234464222,-1.3746257632066585,1019.0833333333334,0.20000000000004547,24,6.416666666666667,24,1.0,1.0,1.0,1.0,1.0,2.0999999999999996,3,1,310.27254642636575
2024-01-29,13.4625,10.2,18.0,24,67.625,70.0,47,83,24,7.364210768269822,1.2,3,24,7.8374999999999995,14.8,24,2.353150717324267,-0.8299661792723835,1020.2333333333332,0.39999999999997726,24,4.625,24,1.0,1.0,1.0,1.0,1.0,1.2,3,1,289.42796099953046
2024-01-30,12.25,8.5,16.7,24,72.08333333333333,74.5,54,88,24,7.1966007837631985,3.2,7,24,9.0875,24.1,24,-2.4570828322631617,-2.6179824510589245,1018.6333333333333,-0.10000000000002274,24,5.208333333333333,24,1.0,1.0,1.0,1.0,1.0,3.2,7,1,43.18410568605793
2024-01-31,11.595833333333333,10.0,15.0,24,82.08333333333333,81.5,70,92,24,8.599789134448146,24.200000000000003,19,24,14.466666666666667,25.6,24,-8.571575736782256,-4.853304573365797,1016.4125,-3.199999999999932,24,6.916666666666667,24,1.0,1.0,1.0,1.0,1.0,24.200000000000003,19,1,60.481064047834025
2024-02-01,10.625,6.0,15.0,24,71.75,70.0,38,93,24,5.279124583800385,6.700000000000001,6,24,12.391666666666666,20.4,24,0.028872861309597653,-7.047772836126387,1016.0291666666667,8.100000000000023,24,4.458333333333333,24,1.0,1.0,1.0,1.0,1.0,6.700000000000001,6,1,359.765275658103
2024-02-02,10.512500000000001,5.0,16.7,24,55.875,55.0,31,78,24,1.4219941365550655,0.0,0,24,10.866666666666667,22.3,24,7.8702205596491694,-2.2344486576815448,1022.7333333333332,1.7999999999999545,24,3.0,24,1.0,1.0,1.0,1.0,1.0,0.0,0,0,285.84987116917364
2024-02-03,10.6,8.4,13.4,24,62.541666666666664,63.5,51,74,24,3.6625371666869726,4.0,8,24,9.641666666666667,16.7,24,0.35797150119518245,-5.6699655918758465,1020.8208333333333,-0.900000000000091,24,6.791666666666667,24,1.0,1.0,1.0,1.0,1.0,4.0,8,1,356.38744368988876
2024-02-04,10.799999999999999,8.7,14.6,24,67.83333333333333,71.0,49,87,24,4.931502447534674,0.3,1,24,9.625,16.7,24,1.1335153277032077,-4.060745448122422,1018.0375,0.7000000000000455,24,5.208333333333333,24,1.0,1.0,1.0,1.0,1.0,0.3,1,1,344.4034709878777
2024-02-05,10.404166666666667,6.0,16.0,24,65.125,64.0,40,86,24,3.6806722863408208,0.0,0,24,6.204166666666667,14.8,24,2.916254581784998,1.0320342385210097,1020.1333333333333,2.900000000000091,24,1.6666666666666667,24,1.0,1.0,1.0,1.0,1.0,0.0,0,0,250.51162200889456
2024-02-06,10.85,5.5,17.1,24,59.666666666666664,61.0,37,79,24,2.760507452097714,0.0,0,24,7.754166666666666,18.5,24,5.9710703639003135,0.5046384197602157,1021.4666666666667,2.1000000000000227,24,1.125,24,1.0,1.0,1.0,1.0,1.0,0.0,0,0,265.16919013551876
2024-02-07,11.079166666666666,5.7,17.4,24,55.083333333333336,54.0,30,79,24,1.6690183470831383,0.0,0,24,13.520833333333334,33.3,24,8.087149556178263,-4.786830836744841,1022.6041666666666,1.1000000000000227,24,1.7083333333333333,24,1.0,1.0,1.0,1.0,1.0,0.0,0,0,300.6215365268866
2024-02-08,12.1,4.5,21.0,24,46.75,46.0,14,78,24,-0.6186702443101515,0.0,0,24,15.470833333333333,42.5,24,12.121163110993804,-3.3433830622867955,1020.75,-5.699999999999932,24,0.4166666666666667,24,1.0,1.0,1.0,1.0,1.0,0.0,0,0,285.42046542999356
2024-02-09,12.441666666666668,5.8,21.0,24,47.208333333333336,47.5,20,72,24,0.4712706744566824,0.0,0,24,5.575,11.1,24,-0.946696309578062,1.7250035143767795,1019.4541666666668,5.2999999999999545,24,0.4583333333333333,24,1.0,1.0,1.0,1.0,1.0,0.0,0,0,151.24165280686373
2024-02-10,13.137500000000001,6.7,21.5,24,48.5,52.5,19,73,24,1.461837409540479,0.0,0,24,7.129166666666666,22.3,24,3.7735647681021356,1.1014868203110286,1023.3583333333332,1.1000000000000227,24,0.375,24,1.0,1.0,1.0,1.0,1.0,0.0,0,0,253.727709332212
2024-02-11,13.666666666666666,6.8,21.8,24,48.791666666666664,48.5,22,74,24,1.9879597234585165,0.0,0,24,5.2125,13.0,24,1.9087320446036757,1.072852651681751,1022.8083333333334,-0.6999999999999318,24,0.9166666666666666,24,1.0,1.0,1.0,1.0,1.0,0.0,0,0,240.66070005946153
2024-02-12,13.641666666666666,7.7,20.5,24,48.875,51.0,26,69,24,2.3503628259297256,0.0,0,24,3.7750000000000004,9.3,24,0.3622910484982034,1.5166403749957682,1021.7166666666667,-1.8000000000000682,24,4.541666666666667,24,1.0,1.0,1.0,1.0,1.0,0.0,0,0,193.4348984529583
2024-02-13,14.841666666666667,8.0,22.5,24,48.833333333333336,48.5,24,71,24,3.2563003221788964,0.0,0,24,5.366666666666667,13.0,24,3.0126041365166505,-0.10694283869354598,1020.8666666666667,0.0,24,2.0833333333333335,24,1.0,1.0,1.0,1.0,1.0,0.0,0,0,272.0330588379363
2024-02-14,14.766666666666666,8.0,23.5,24,46.416666666666664,45.5,23,68,24,2.3669789866998063,0.0,0,24,8.454166666666667,25.9,24,5.95343725134929,1.2277019838492076,1020.4583333333334,-0.6999999999999318,24,0.375,24,1.0,1.0,1.0,1.0,1.0,0.0,0,0,258.3479544436032
2024-02-15,15.095833333333333,8.0,23.5,24,44.375,44.0,17,65,24,2.0535386432153495,0.0,0,24,5.3125,11.2,24,0.6185624983161687,1.276738908017675,1020.3291666666668,1.2000000000000455,24,0.6666666666666666,24,1.0,1.0,1.0,1.0,1.0,0.0,0,0,205.84955209051483
2024-02-16,15.091666666666667,9.0,23.5,24,46.416666666666664,50.0,26,65,24,2.928612946254558,0.0,0,24,4.229166666666667,14.8,24,3.06862079349036,1.7806463029235602,1020.6291666666666,-1.2999999999999545,24,1.125,24,1.0,1.0,1.0,1.0,1.0,0.0,0,0,239.87444498676277
2024-02-17,16.470833333333335,10.9,23.0,24,48.208333333333336,48.5,28,66,24,4.830263917613294,0.0,0,24,4.458333333333333,14.8,24,2.386899297932784,1.4773368613173563,1015.8291666666668,-6.100000000000023,24,4.583333333333333,24,1.0,1.0,1.0,1.0,1.0,0.0,0,0,238.2451617278677
2024-02-18,14.054166666666667,12.5,15.3,24,67.625,66.5,57,78,24,8.099750648727193,13.600000000000001,14,24,18.316666666666666,40.7,24,-13.77938775932269,-10.197759997968872,1013.2541666666666,-1.599999999999909,24,7.625,24,1.0,1.0,1.0,1.0,1.0,13.600000000000001,14,1,53.495837104588304
2024-02-19,12.924999999999999,10.9,15.0,24,77.45833333333333,77.0,71,88,24,9.049945058189705,37.900000000000006,21,24,27.129166666666666,42.6,24,-21.76531510311179,-7.063583823115235,1008.2083333333334,-2.1000000000000227,24,7.333333333333333,24,1.0,1.0,1.0,1.0,1.0,37.900000000000006,21,1,72.01999304620904
2024-02-20,12.512500000000001,8.0,17.5,24,72.16666666666667,72.0,38,93,24,7.315858667407023,9.2,6,24,13.270833333333334,22.3,24,-0.42904403197268676,-9.286380219548237,1012.1333333333333,3.1000000000000227,24,4.583333333333333,24,1.0,1.0,1.0,1.0,1.0,9.2,6,1,2.645265762074871
2024-02-21,12.645833333333334,7.5,18.5,24,57.291666666666664,54.5,31,79,24,3.899490899502846,0.7,3,24,9.762500000000001,22.3,24,2.5327441235693793,-1.8047155629843472,1014.0166666666668,0.7000000000000455,24,2.625,24,1.0,1.0,1.0,1.0,1.0,0.7,3,1,305.4719033842673
2024-02-22,13.029166666666667,7.6,19.0,24,50.666666666666664,51.0,30,72,24,2.3347643770829376,0.0,0,24,11.2875,25.9,24,6.867915394234782,-2.928692508057899,1016.1999999999999,3.5,24,1.8333333333333333,24,1.0,1.0,1.0,1.0,1.0,0.0,0,0,293.0949060857873
2024-02-23,12.6,6.0,18.7,24,47.666666666666664,46.5,24,72,24,1.038138599509557,0.0,0,24,7.8999999999999995,22.3,24,4.269341460987925,0.7480110724693105,1017.7875,-0.10000000000002274,24,2.9583333333333335,24,1.0,1.0,1.0,1.0,1.0,0.0,0,0,260.0623439306274
2024-02-24,12.654166666666667,6.5,19.0,24,47.375,48.5,26,72,24,1.0999480543015074,0.0,0,24,7.816666666666666,18.5,24,2.359791332035862,2.384838472617169,1018.0833333333334,2.8999999999999773,24,2.6666666666666665,24,1.0,1.0,1.0,1.0,1.0,0.0,0,0,224.6975354933411
2024-02-25,13.391666666666666,8.0,19.3,24,46.958333333333336,49.0,26,65,24,1.7398278432886334,0.0,0,24,8.008333333333333,18.4,24,3.411035395350918,-0.8549955801180932,1021.3208333333333,2.3999999999999773,24,4.5,24,1.0,1.0,1.0,1.0,1.0,0.0,0,0,284.07159874309247
2024-02-26,12.820833333333333,7.5,17.3,24,52.458333333333336,53.0,34,73,24,3.011949046869915,0.0,0,24,11.379166666666668,33.1,24,8.121427399540941,-2.6382067935659825,1021.8708333333334,1.1000000000000227,24,6.208333333333333,24,1.0,1.0,1.0,1.0,1.0,0.0,0,0,287.9961397307527
2024-02-27,14.216666666666667,10.0,19.5,24,53.791666666666664,56.0,34,70,24,4.560068114511402,0.0,0,24,12.691666666666668,29.5,24,11.06442560441792,-1.6488937673232889,1020.8166666666666,-2.5,24,5.25,24,1.0,1.0,1.0,1.0,1.0,0.0,0,0,278.47621357039304
2024-02-28,15.554166666666667,9.0,21.7,24,54.333333333333336,53.5,31,75,24,5.786342446473751,0.0,0,24,12.154166666666667,29.5,24,10.738287639493743,-1.8371476837673144,1018.3583333333332,-3.0,24,3.7083333333333335,24,1.0,1.0,1.0,1.0,1.0,0.0,0,0,279.70839071362855
2024-02-29,14.891666666666666,10.0,19.5,24,58.5,60.5,43,76,24,6.584739288650593,0.0,0,24,7.3999999999999995,13.0,24,4.330241050141953,0.060702856257557815,1016.4916666666667,-0.2999999999999545,24,5.75,24,1.0,1.0,1.0,1.0,1.0,0.0,0,0,269.1968600297675
2024-03-01,12.908333333333333,11.5,14.0,24,81.58333333333333,80.0,68,94,24,9.746451670481989,14.3,16,24,17.504166666666666,25.9,24,-12.230653239538272,-6.571687388614422,1015.875,-5.599999999999909,24,7.916666666666667,24,1.0,1.0,1.0,1.0,1.0,14.3,16,1,61.75028954865968
2024-03-02,12.395833333333334,10.0,16.0,24,89.41666666666667,89.0,79,96,24,10.680151366773886,75.4,22,24,29.670833333333334,48.2,24,-23.268178563316663,6.177254548544685,1007.1999999999999,-5.0,24,7.833333333333333,24,1.0,1.0,1.0,1.0,1.0,75.4,22,1,104.86796394173012
2024-03-03,11.083333333333334,8.0,16.0,24,77.04166666666667,77.5,35,94,24,6.910979616771087,4.0,10,24,17.629166666666666,46.1,24,-5.268482289654196,7.505272326478734,1012.2708333333334,10.799999999999955,24,5.875,24,1.0,1.0,1.0,1.0,1.0,4.0,10,1,144.93226432159838
2024-03-04,11.233333333333334,5.5,16.4,24,61.333333333333336,60.5,40,85,24,3.5781053365350703,0.0,0,24,11.237499999999999,22.3,24,9.252562290181716,-1.4256498531510857,1019.5666666666666,2.3999999999999773,24,3.0833333333333335,24,1.0,1.0,1.0,1.0,1.0,0.0,0,0,278.75934147834727
2024-03-05,12.854166666666666,7.0,18.7,24,56.375,54.0,32,86,24,3.708973748767981,0.0,0,24,9.2125,20.4,24,8.172522802402575,-0.41874321312636115,1019.4333333333334,-3.3999999999999773,24,3.0833333333333335,24,1.0,1.0,1.0,1.0,1.0,0.0,0,0,272.9331525407136
2024-03-06,14.179166666666667,8.4,20.0,24,55.958333333333336,54.5,35,77,24,5.032713075163509,0.0,0,24,6.758333333333333,14.8,24,3.9227458073447146,2.145136344623526,1016.1791666666667,-2.5,24,4.916666666666667,24,1.0,1.0,1.0,1.0,1.0,0.0,0,0,241.32814954391966
2024-03-07,15.012500000000001,11.5,19.6,24,56.666666666666664,57.5,39,72,24,6.139768404008975,0.0,0,24,8.583333333333334,14.8,24,0.7598004608104626,-1.0805024751151604,1016.9458333333333,3.1000000000000227,24,5.166666666666667,24,1.0,1.0,1.0,1.0,1.0,0.0,0,0,324.88542843074134
2024-03-08,15.4125,9.0,21.5,24,53.5,51.5,30,75,24,5.3144050442074136,0.0,0,24,9.379166666666666,25.6,24,7.761530262914796,-2.1849288444810857,1017.8583333333332,-0.20000000000004547,24,2.0833333333333335,24,1.0,1.0,1.0,1.0,1.0,0.0,0,0,285.7223081539342
2024-03-09,16.870833333333334,10.0,24.0,24,48.166666666666664,49.0,24,76,24,4.916034010506621,0.0,0,24,11.616666666666667,33.1,24,10.291938817873598,-3.415203692140475,1017.1208333333334,-1.900000000000091,24,1.4583333333333333,24,1.0,1.0,1.0,1.0,1.0,0.0,0,0,288.3575413140951
2024-03-10,17.154166666666665,11.6,23.5,24,52.083333333333336,53.0,32,72,24,6.583360193603834,0.0,0,24,7.066666666666666,18.4,24,3.2075267187009255,0.09972473040725445,1015.9458333333333,0.900000000000091,24,5.041666666666667,24,1.0,1.0,1.0,1.0,1.0,0.0,0,0,268.21919919392064
2024-03-11,17.145833333333332,13.5,22.0,24,56.083333333333336,58.0,37,73,24,7.9176291501242195,0.0,0,24,10.545833333333333,22.0,24,2.0119442105914156,-2.7387157678630474,1018.0458333333332,1.3000000000000682,24,6.416666666666667,24,1.0,1.0,1.0,1.0,1.0,0.0,0,0,323.69786021619956
2024-03-12,18.608333333333334,12.7,25.0,24,51.375,49.5,28,73,24,7.629941224354297,0.0,0,24,9.429166666666667,18.5,24,3.8397539648227395,1.500241045405467,1016.4,-5.2999999999999545,24,3.6666666666666665,24,1.0,1.0,1.0,1.0,1.0,0.0,0,0,248.65877596041116
2024-03-13,15.133333333333333,12.9,19.0,24,66.66666666666667,63.5,53,94,24,8.807244442696065,16.6,14,24,14.325000000000001,29.5,24,-10.126071145713407,-2.8090379315720786,1013.2583333333333,1.3999999999999773,24,6.916666666666667,24,1.0,1.0,1.0,1.0,1.0,16.6,14,1,74.49563983899145
2024-03-14,15.970833333333333,10.0,21.4,24,63.625,60.0,44,88,24,8.616045386025334,5.0,6,24,9.0625,22.3,24,4.341590317287456,-0.31481138295068223,1018.6750000000001,6.2999999999999545,24,2.625,24,1.0,1.0,1.0,1.0,1.0,5.0,6,1,274.1472938265217
2024-03-15,17.229166666666668,10.0,23.7,24,52.833333333333336,50.0,26,80,24,6.484460180609804,0.0,0,24,12.241666666666667,29.5,24,10.801423906783263,-0.6049787991932571,1015.8541666666666,-1.6000000000000227,24,1.5416666666666667,24,1.0,1.0,1.0,1.0,1.0,0.0,0,0,273.20573975058284
2024-03-16,18.099999999999998,11.0,25.5,24,48.125,47.5,23,76,24,5.811076062619837,0.0,0,24,5.9875,18.5,24,5.006327459557602,0.541676810884274,1016.7583333333333,2.5,24,0.5833333333333334,24,1.0,1.0,1.0,1.0,1.0,0.0,0,0,263.8247092262444
2024-03-17,19.170833333333334,12.0,26.5,24,44.916666666666664,46.0,23,66,24,6.043332557558277,0.0,0,24,8.454166666666667,22.3,24,6.742729130511482,-1.9595266279454033,1016.7583333333333,-1.0,24,3.7916666666666665,24,1.0,1.0,1.0,1.0,1.0,0.0,0,0,286.2045661565097
2024-03-18,19.129166666666666,13.5,27.0,24,46.083333333333336,43.0,20,67,24,6.448546346478896,0.0,0,24,8.441666666666666,22.0,24,5.973365679282753,-2.1180290847431333,1014.0208333333334,-1.599999999999909,24,3.0833333333333335,24,1.0,1.0,1.0,1.0,1.0,0.0,0,0,289.5234296004109
2024-03-19,21.0625,13.6,28.3,24,39.916666666666664,40.0,22,58,24,5.959161708802189,0.0,0,24,9.983333333333333,29.5,24,7.3539656125009065,-2.1811303879475257,1013.6625,1.3000000000000682,24,1.0416666666666667,24,1.0,1.0,1.0,1.0,1.0,0.0,0,0,286.5199569504251
2024-03-20,21.8,14.0,28.5,24,41.375,39.5,22,68,24,7.212849422794257,0.0,0,24,7.758333333333334,22.3,24,4.20949489028001,-0.6799516095121234,1013.9833333333332,-1.8999999999999773,24,2.625,24,1.0,1.0,1.0,1.0,1.0,0.0,0,0,279.1756234107114
2024-03-21,20.525000000000002,18.3,24.0,24,50.458333333333336,51.0,38,65,24,9.75069198883099,0.1,1,24,14.245833333333332,25.9,24,-9.208934216803186,-4.061688907506565,1012.7458333333334,0.7000000000000455,24,6.625,24,1.0,1.0,1.0,1.0,1.0,0.1,1,1,66.19966159440378
2024-03-22,19.883333333333333,16.0,24.5,24,60.375,59.5,39,76,24,11.654036551634654,27.3,8,24,13.450000000000001,25.6,24,-3.769245021717339,-6.931169647264208,1012.6208333333334,-1.2000000000000455,24,4.875,24,1.0,1.0,1.0,1.0,1.0,27.3,8,1,28.537825884694996
2024-03-23,21.05,15.0,27.1,24,52.041666666666664,46.5,24,80,24,9.83281764438688,0.0,0,24,11.854166666666666,25.6,24,9.783723472182949,-1.0691389291547237,1010.4958333333334,-2.0,24,4.125,24,1.0,1.0,1.0,1.0,1.0,0.0,0,0,276.23638292117323
2024-03-24,22.695833333333336,17.9,28.1,24,48.041666666666664,48.0,30,67,24,10.552169298020194,1.8000000000000003,3,24,12.4375,22.3,24,7.578621331850687,-2.4490959704207342,1011.4499999999999,3.5,24,4.125,24,1.0,1.0,1.0,1.0,1.0,1.8000000000000003,3,1,287.9086801318937
2024-03-25,23.504166666666666,16.5,30.7,24,43.458333333333336,44.0,23,66,24,9.362023405602228,0.0,0,24,12.862499999999999,29.6,24,11.310124477985063,-3.3732471003841216,1012.8833333333333,-0.6000000000000227,24,0.9583333333333334,24,1.0,1.0,1.0,1.0,1.0,0.0,0,0,286.60722286156357
2024-03-26,22.879166666666666,17.5,29.0,24,47.875,51.0,29,71,24,10.63635270547893,0.0,0,24,9.15,22.0,24,5.159593878313899,-1.9438246821363767,1011.5541666666667,2.3999999999999773,24,5.25,24,1.0,1.0,1.0,1.0,1.0,0.0,0,0,290.6433917565719
2024-03-27,20.408333333333335,17.5,25.2,24,65.70833333333333,62.5,43,90,24,13.429909087772964,0.8999999999999999,4,24,15.879166666666665,29.5,24,7.882885951548815,-6.250846001754204,1016.0708333333333,2.5,24,7.291666666666667,24,1.0,1.0,1.0,1.0,1.0,0.8999999999999999,4,1,308.4131557970662
2024-03-28,21.3875,16.5,27.2,24,64.70833333333333,66.0,42,87,24,13.952158557604193,0.9000000000000001,4,24,14.6,24.1,24,7.814643948742499,-5.15439452684174,1014.4,-3.0,24,7.208333333333333,24,1.0,1.0,1.0,1.0,1.0,0.9000000000000001,4,1,303.40810508743175
2024-03-29,20.954166666666666,17.6,25.1,24,66.25,66.0,46,82,24,14.17595723456364,5.800000000000001,5,24,17.525000000000002,24.1,24,-12.8635336826245,-8.534314241492723,1012.2083333333334,-1.0,24,7.0,24,1.0,1.0,1.0,1.0,1.0,5.800000000000001,5,1,56.43770654347952
2024-03-30,18.908333333333335,16.7,21.5,24,71.875,73.0,59,84,24,13.623076229920876,12.8,11,24,20.133333333333333,22.2,24,-18.656887996941805,-5.3015709876667705,1013.0416666666666,2.1000000000000227,24,6.916666666666667,24,1.0,1.0,1.0,1.0,1.0,12.8,11,1,74.1368864343969
2024-03-31,19.616666666666667,13.5,26.5,24,58.583333333333336,56.5,33,82,24,10.576227491799408,0.8999999999999999,3,24,11.183333333333332,20.4,24,4.795632044350107,2.699819373953609,1015.6125000000001,0.0,24,3.375,24,1.0,1.0,1.0,1.0,1.0,0.8999999999999999,3,1,240.6215908676566
2024-04-01,20.912499999999998,13.9,27.7,24,49.0,46.0,27,75,24,8.79834792112474,0.0,0,24,11.008333333333333,25.9,24,10.010159602761268,-1.5906313344060132,1010.5375,-4.100000000000023,24,1.7083333333333333,24,1.0,1.0,1.0,1.0,1.0,0.0,0,0,279.0289089751656
2024-04-02,21.84583333333333,15.2,28.6,24,46.0,46.0,27,68,24,8.989481758514106,0.0,0,24,9.791666666666666,22.2,24,8.280020171279709,-0.390728539224922,1008.2875,-0.7000000000000455,24,3.6666666666666665,24,1.0,1.0,1.0,1.0,1.0,0.0,0,0,272.70174474245385
2024-04-03,20.770833333333332,17.2,27.5,24,50.25,53.0,35,65,24,9.810600420200593,1.8,4,24,16.658333333333335,33.5,24,0.839495415985584,-10.192611817310704,1010.975,4.0,24,5.375,24,1.0,1.0,1.0,1.0,1.0,1.8,4,1,355.2915678906082
2024-04-04,21.53333333333333,15.5,28.0,24,46.166666666666664,45.5,27,66,24,8.72599404658071,0.0,0,24,12.941666666666668,27.7,24,9.106822503927757,-2.48422491334428,1012.225,-1.0,24,4.625,24,1.0,1.0,1.0,1.0,1.0,0.0,0,0,285.2583162909799
2024-04-05,22.4875,16.0,29.1,24,42.625,41.0,24,65,24,8.251579565496224,0.0,0,24,12.391666666666666,29.5,24,9.738459661308054,-4.442753902201852,1010.4208333333332,-0.7000000000000455,24,2.75,24,1.0,1.0,1.0,1.0,1.0,0.0,0,0,294.5228057485673
2024-04-06,23.65833333333333,16.0,29.6,24,36.5,33.0,20,57,24,6.96026401538617,0.0,0,24,13.541666666666666,29.5,24,10.307356962983413,-3.0194416886303235,1009.6333333333333,-1.2999999999999545,24,1.2083333333333333,24,1.0,1.0,1.0,1.0,1.0,0.0,0,0,286.3274417400895
2024-04-07,23.84166666666667,16.3,30.6,24,37.708333333333336,37.0,18,59,24,7.552914947278345,0.0,0,24,10.841666666666667,29.5,24,7.70136672227333,-4.480784943098199,1008.7916666666666,0.5,24,1.2083333333333333,24,1.0,1.0,1.0,1.0,1.0,0.0,0,0,300.1915660409053
2024-04-08,24.379166666666666,16.9,31.2,24,36.0,34.0,14,56,24,7.167133168650717,0.0,0,24,8.916666666666666,22.2,24,6.269218217333158,-2.4180512882338925,1009.5458333333332,0.5,24,0.2916666666666667,24,1.0,1.0,1.0,1.0,1.0,0.0,0,0,291.091736956978
2024-04-09,24.883333333333336,17.2,32.0,24,34.291666666666664,34.0,18,53,24,7.156944712080996,0.0,0,24,8.3125,20.4,24,4.514270866910617,-1.105441353958343,1010.3916666666668,0.6999999999999318,24,1.75,24,1.0,1.0,1.0,1.0,1.0,0.0,0,0,283.75965513695314
2024-04-10,23.879166666666666,19.5,31.0,24,42.083333333333336,42.5,25,52,24,9.94137354249539,0.6000000000000001,2,24,16.495833333333334,37.1,24,-4.260620429273695,-8.781088332831859,1011.1666666666666,4.199999999999932,24,5.708333333333333,24,1.0,1.0,1.0,1.0,1.0,0.6000000000000001,2,1,25.882853566379197
2024-04-11,23.837500000000002,17.9,30.0,24,45.625,44.5,26,64,24,10.813888506401758,0.2,2,24,16.6375,27.8,24,-6.348239896568459,-4.993893122368951,1013.5875,1.5,24,5.041666666666667,24,1.0,1.0,1.0,1.0,1.0,0.2,2,1,51.80936014389192
2024-04-12,24.670833333333334,20.0,30.5,24,45.5,48.0,29,59,24,11.772333155382563,1.0,2,24,17.099999999999998,33.5,24,-9.421686633718016,-9.654729922115804,1011.8083333333334,-3.099999999999909,24,5.791666666666667,24,1.0,1.0,1.0,1.0,1.0,1.0,2,1,44.30009220228453
2024-04-13,20.675,17.0,23.9,24,66.29166666666667,63.5,44,91,24,13.925304529124224,10.7,10,24,23.791666666666668,47.9,24,4.68231306347696,-14.799797525907989,1012.5041666666666,4.199999999999932,24,7.625,24,1.0,1.0,1.0,1.0,1.0,10.7,10,1,342.4438352802191
2024-04-14,18.75,16.5,20.5,24,78.33333333333333,77.5,70,90,24,14.87390324238421,15.799999999999999,10,24,15.583333333333334,33.5,24,-10.70104374124979,-7.74739408227407,1015.525,0.8999999999999773,24,7.25,24,1.0,1.0,1.0,1.0,1.0,15.799999999999999,10,1,54.09602922516075
2024-04-15,18.462500000000002,16.0,21.5,24,79.70833333333333,81.0,65,90,24,14.839702390976223,40.0,20,24,16.245833333333334,25.9,24,-13.069138638313419,-6.649402521314129,1014.4791666666666,0.5,24,7.333333333333333,24,1.0,1.0,1.0,1.0,1.0,40.0,20,1,63.0336181848387
2024-04-16,21.212500000000002,14.0,27.1,24,63.833333333333336,59.0,40,94,24,13.316143108214488,6.8,4,24,11.200000000000001,22.3,24,7.478909994413455,0.03852673598508427,1013.7624999999999,-2.8999999999999773,24,3.125,24,1.0,1.0,1.0,1.0,1.0,6.8,4,1,269.70485005884495
2024-04-17,23.616666666666664,16.5,30.1,24,51.666666666666664,50.5,29,85,24,12.2747152245763,0.0,0,24,9.170833333333333,18.5,24,3.616477244254202,-0.4920288151521051,1009.4,-3.2999999999999545,24,4.791666666666667,24,1.0,1.0,1.0,1.0,1.0,0.0,0,0,277.7476335159877
2024-04-18,21.770833333333332,18.0,25.0,24,62.0,60.0,49,76,24,14.074527320527956,9.0,10,24,16.3,25.9,24,-12.809974656254054,-6.448631000270446,1008.6750000000001,0.5,24,7.375,24,1.0,1.0,1.0,1.0,1.0,9.0,10,1,63.27899604818117
2024-04-19,17.791666666666668,16.5,19.5,24,82.125,81.5,76,91,24,14.677223935299354,43.400000000000006,23,24,24.958333333333332,37.1,24,-16.457290970389547,-13.856683114791911,1007.7624999999999,-0.20000000000004547,24,7.791666666666667,24,1.0,1.0,1.0,1.0,1.0,43.400000000000006,23,1,49.903346395482686
2024-04-20,20.3875,15.0,26.5,24,68.625,63.5,45,91,24,13.98919392207047,4.0,4,24,14.233333333333334,22.2,24,-0.06293212027425787,-5.971002183954957,1008.1875,0.1999999999999318,24,5.75,24,1.0,1.0,1.0,1.0,1.0,4.0,4,1,0.6038536366594371
2024-04-21,22.133333333333336,16.0,29.0,24,56.416666666666664,58.5,31,80,24,12.429830583151869,0.0,0,24,7.45,16.7,24,1.565516991365364,0.31747397935581106,1007.7333333333332,0.5,24,2.7083333333333335,24,1.0,1.0,1.0,1.0,1.0,0.0,0,0,258.53634534227973
2024-04-22,23.40833333333333,18.0,30.0,24,49.708333333333336,48.5,28,68,24,11.752449025313815,0.0,0,24,12.854166666666666,37.1,24,-4.933319670086106,0.8242553832568015,1008.3208333333333,1.2999999999999545,24,4.0,24,1.0,1.0,1.0,1.0,1.0,0.0,0,0,99.4853214224214
2024-04-23,23.445833333333336,17.0,29.5,24,48.666666666666664,48.0,30,67,24,11.488178371592843,0.0,0,24,11.533333333333333,33.5,24,-5.881838338822127,2.5462341475843764,1008.1750000000001,0.10000000000002274,24,4.0,24,1.0,1.0,1.0,1.0,1.0,0.0,0,0,113.40767432123596
2024-04-24,24.849999999999998,18.4,31.0,24,44.833333333333336,43.0,27,68,24,11.255374649884095,0.0,0,24,9.091666666666667,16.7,24,2.173818914530178,-1.9379730328724563,1007.4333333333334,0.5,24,2.7083333333333335,24,1.0,1.0,1.0,1.0,1.0,0.0,0,0,311.71720169276574
2024-04-25,26.229166666666668,19.6,32.5,24,42.375,42.5,25,60,24,11.758129747059845,0.0,0,24,12.704166666666666,27.8,24,7.129109278072914,-4.902821781533093,1007.6,-2.0,24,3.7916666666666665,24,1.0,1.0,1.0,1.0,1.0,0.0,0,0,304.51703104344824
2024-04-26,24.429166666666664,21.0,29.2,24,52.791666666666664,54.0,41,66,24,13.986380106837208,6.9,6,24,17.087500000000002,44.3,24,2.5899719865915056,-9.243391153682024,1006.8916666666668,-0.3000000000000682,24,6.666666666666667,24,1.0,1.0,1.0,1.0,1.0,6.9,6,1,344.34727868734535
2024-04-27,20.291666666666668,17.5,23.0,24,68.33333333333333,67.0,57,86,24,14.204918075950486,17.1,15,24,19.7,25.9,24,-9.71442434078393,-11.084127523203124,1009.3208333333333,2.0,24,7.625,24,1.0,1.0,1.0,1.0,1.0,17.1,15,1,41.23218704208608
2024-04-28,20.179166666666667,17.0,25.0,24,70.0,70.0,56,85,24,14.40971254232061,59.2,15,24,22.416666666666668,33.1,24,-13.877397503952183,-11.335424364959849,1009.9625,-0.5,24,6.791666666666667,24,1.0,1.0,1.0,1.0,1.0,59.2,15,1,50.7571436960925
2024-04-29,18.154166666666665,14.0,22.5,24,70.25,68.5,59,81,24,12.573358951347407,23.8,16,24,24.287499999999998,42.5,24,-11.41366515023013,-15.401177730904955,1010.3333333333334,5.100000000000023,24,6.541666666666667,24,1.0,1.0,1.0,1.0,1.0,23.8,16,1,36.541789685409924
2024-04-30,18.404166666666665,11.5,23.5,24,58.541666666666664,54.0,40,80,24,9.705827482626072,0.4,2,24,18.720833333333335,37.1,24,8.672911931325991,-8.792942480777597,1010.1958333333333,-5.7999999999999545,24,4.875,24,1.0,1.0,1.0,1.0,1.0,0.4,2,1,315.3937474497251
2024-05-01,21.508333333333336,14.4,28.0,24,45.5,43.0,25,69,24,8.299080975591297,0.0,0,24,16.054166666666667,31.5,24,12.715210726608833,-4.506870823819191,1005.4666666666667,-0.5,24,2.7083333333333335,24,1.0,1.0,1.0,1.0,1.0,0.0,0,0,289.51672911838045
2024-05-02,24.05,16.0,31.0,24,40.75,40.0,22,66,24,8.938137735637577,0.0,0,24,9.858333333333333,27.7,24,7.6755552083253855,-3.0395496813535416,1006.0333333333333,0.6000000000000227,24,0.875,24,1.0,1.0,1.0,1.0,1.0,0.0,0,0,291.6037581451739
2024-05-03,23.679166666666664,17.5,29.8,24,47.291666666666664,50.0,30,66,24,11.302303662897954,0.1,1,24,12.245833333333332,25.9,24,3.8112092548949144,-8.041674215735785,1006.6,3.3999999999999773,24,5.333333333333333,24,1.0,1.0,1.0,1.0,1.0,0.1,1,1,334.64221503853344
2024-05-04,24.741666666666664,20.3,31.0,24,49.0,48.0,30,65,24,12.880945222221294,4.3,3,24,15.174999999999999,22.2,24,8.70322157090485,-8.075812851246198,1009.0791666666668,-1.2999999999999545,24,5.125,24,1.0,1.0,1.0,1.0,1.0,4.3,3,1,312.8585697614842
2024-05-05,26.75,20.2,32.8,24,42.5,41.5,24,64,24,12.115156722028019,0.0,0,24,18.191666666666666,33.5,24,14.878597713261842,-8.212721195030301,1004.0875,-3.8999999999999773,24,2.0,24,1.0,1.0,1.0,1.0,1.0,0.0,0,0,298.8979161963843
2024-05-06,28.554166666666664,21.0,35.2,24,41.375,38.5,24,64,24,13.287759503446388,0.0,0,24,9.370833333333334,29.5,24,4.975340332866957,-2.278606720563645,1003.7291666666666,1.8000000000000682,24,0.9583333333333334,24,1.0,1.0,1.0,1.0,1.0,0.0,0,0,294.6068358871119
2024-05-07,29.599999999999998,22.0,36.3,24,36.208333333333336,35.0,18,60,24,11.9993017711119,0.0,0,24,11.008333333333333,25.6,24,6.22427317678618,-3.30811284638424,1005.0541666666667,1.3999999999999773,24,0.375,24,1.0,1.0,1.0,1.0,1.0,0.0,0,0,297.99001025736084
2024-05-08,29.84583333333333,22.5,36.9,24,36.75,36.0,22,56,24,12.739810705077112,0.0,0,24,8.645833333333334,18.4,24,-0.1688312119493883,-0.5450772472044997,1004.7833333333333,-1.2999999999999545,24,1.1666666666666667,24,1.0,1.0,1.0,1.0,1.0,0.0,0,0,17.209747053959802
2024-05-09,30.287499999999998,23.5,36.5,24,39.041666666666664,38.0,27,51,24,14.452319841808638,0.0,0,24,13.541666666666666,29.5,24,-7.124168360952793,4.831272955996689,1003.8416666666667,-0.39999999999997726,24,1.5416666666666667,24,1.0,1.0,1.0,1.0,1.0,0.0,0,0,124.14325826183517
2024-05-10,28.395833333333332,25.0,33.6,24,49.416666666666664,49.5,37,62,24,16.589710275605864,0.4,1,24,17.320833333333333,25.6,24,-3.932840461656452,-7.432395358026574,1006.2416666666667,5.800000000000068,24,5.791666666666667,24,1.0,1.0,1.0,1.0,1.0,0.4,1,1,27.88548558568783
2024-05-11,28.0125,21.5,33.8,24,46.25,45.0,30,63,24,15.078468505571443,0.1,1,24,13.470833333333333,22.2,24,1.414504228314953,2.06485138622423,1007.4625,0.6000000000000227,24,4.833333333333333,24,1.0,1.0,1.0,1.0,1.0,0.1,1,1,214.41267368445205
2024-05-12,26.058333333333334,22.3,30.0,24,50.0,49.0,38,63,24,14.648580133658896,0.4,2,24,19.195833333333333,47.9,24,-9.981074162062388,-8.667127821819546,1009.775,2.300000000000068,24,5.041666666666667,24,1.0,1.0,1.0,1.0,1.0,0.4,2,1,49.03038138544656
2024-05-13,27.041666666666668,19.5,33.8,24,39.708333333333336,37.0,24,61,24,11.348011230517871,0.0,0,24,13.979166666666666,27.8,24,4.815442259702832,-5.626894755036834,1010.3666666666667,-1.1000000000000227,24,1.2916666666666667,24,1.0,1.0,1.0,1.0,1.0,0.0,0,0,319.4434074635766
2024-05-14,28.983333333333334,21.2,36.0,24,34.916666666666664,33.0,18,55,24,10.977168932345093,0.0,0,24,7.383333333333334,16.7,24,5.065342812488477,-1.2587657836731523,1008.625,-1.8999999999999773,24,0.2916666666666667,24,1.0,1.0,1.0,1.0,1.0,0.0,0,0,283.9556261096301
2024-05-15,30.304166666666664,22.5,37.0,24,35.125,33.0,21,54,24,12.421613077129185,0.0,0,24,7.858333333333333,18.4,24,-2.487661583907902,0.6700614267982914,1007.5083333333333,1.1000000000000227,24,1.2083333333333333,24,1.0,1.0,1.0,1.0,1.0,0.0,0,0,105.0750676771932
2024-05-16,31.483333333333334,25.3,37.6,24,35.375,33.5,23,51,24,13.880544837284889,0.0,0,24,11.754166666666668,25.9,24,0.8577229799081879,-2.668325497830908,1007.1583333333333,-2.1000000000000227,24,4.125,24,1.0,1.0,1.0,1.0,1.0,0.0,0,0,342.1801978039746
2024-05-17,31.662499999999998,25.5,38.2,24,33.75,32.0,21,49,24,13.065774129761143,0.0,0,24,13.25,22.2,24,7.529544977231969,-3.763422053807622,1004.6583333333333,-0.8999999999999773,24,3.3333333333333335,24,1.0,1.0,1.0,1.0,1.0,0.0,0,0,296.5568297224218
2024-05-18,31.566666666666666,26.3,37.0,24,33.791666666666664,34.0,24,45,24,13.309748910748391,0.5,2,24,19.329166666666666,31.3,24,11.982262537834986,-10.445820907293625,1002.6166666666667,-2.800000000000068,24,5.208333333333333,24,1.0,1.0,1.0,1.0,1.0,0.5,2,1,311.08106070891347
2024-05-19,31.2625,25.9,37.0,24,35.958333333333336,34.0,24,50,24,13.96057544230605,0.0,0,24,13.879166666666668,24.1,24,7.552931168794232,-4.49334966593851,1000.4708333333333,-1.6000000000000227,24,3.7916666666666665,24,1.0,1.0,1.0,1.0,1.0,0.0,0,0,300.74903529166477
2024-05-20,32.55416666666667,26.2,39.0,24,32.0,29.0,18,46,24,13.04221982014439,0.0,0,24,13.183333333333332,25.9,24,4.909059636324295,-4.800019113540544,1001.0124999999999,1.0,24,2.7916666666666665,24,1.0,1.0,1.0,1.0,1.0,0.0,0,0,314.35655078477964
2024-05-21,32.96666666666666,26.4,39.0,24,29.25,28.5,17,43,24,12.049519399718418,0.0,0,24,13.629166666666668,25.6,24,7.473354434587066,-4.68348513416325,1001.3583333333332,-0.6000000000000227,24,1.75,24,1.0,1.0,1.0,1.0,1.0,0.0,0,0,302.07500837308135
2024-05-22,33.27916666666667,25.5,40.0,24,30.75,29.0,18,48,24,13.037561458568979,0.0,0,24,9.229166666666666,22.0,24,0.13948337870339558,0.6181770745975276,1000.9541666666668,-0.20000000000004547,24,0.4583333333333333,24,1.0,1.0,1.0,1.0,1.0,0.0,0,0,192.71509617856375
2024-05-23,33.40833333333333,26.0,39.5,24,31.75,32.5,22,42,24,13.977440705305325,0.0,0,24,13.070833333333333,33.1,24,-8.42729950233673,5.532692239939322,1000.1125000000001,0.39999999999997726,24,0.875,24,1.0,1.0,1.0,1.0,1.0,0.0,0,0,123.28570717085404
2024-05-24,33.00833333333333,27.0,38.7,24,34.416666666666664,34.0,23,51,24,14.758658169928866,0.0,0,24,15.7875,37.1,24,-0.6623832732361432,-2.606610073397557,1000.7583333333333,3.1000000000000227,24,2.8333333333333335,24,1.0,1.0,1.0,1.0,1.0,0.0,0,0,14.258024937023038
2024-05-25,32.75,25.4,39.2,24,32.5,30.0,18,55,24,13.097213589004555,0.0,0,24,19.429166666666667,36.7,24,11.940342783307036,-7.084605067889232,999.9166666666666,-2.0,24,2.375,24,1.0,1.0,1.0,1.0,1.0,0.0,0,0,300.68207461041163
2024-05-26,33.425000000000004,26.0,40.1,24,27.875,27.0,16,44,24,11.392935967221014,0.0,0,24,16.158333333333335,31.5,24,7.879248521841752,-7.3941918600138825,997.5416666666666,-2.0,24,0.625,24,1.0,1.0,1.0,1.0,1.0,0.0,0,0,313.18100171928586
2024-05-27,33.75833333333333,25.7,40.5,24,25.041666666666668,23.5,12,43,24,9.778759235674055,0.0,0,24,15.091666666666667,33.5,24,8.76514252986138,-6.638531240331499,994.9,-2.2000000000000455,24,0.5,24,1.0,1.0,1.0,1.0,1.0,0.0,0,0,307.1395082758905
2024-05-28,33.81666666666667,26.0,41.0,24,20.625,19.0,12,32,24,7.247927979737689,0.0,0,24,17.583333333333332,40.7,24,10.447681437774252,-9.518355760971705,992.8583333333332,-1.1999999999999318,24,0.7916666666666666,24,1.0,1.0,1.0,1.0,1.0,0.0,0,0,312.335072742337
2024-05-29,33.520833333333336,25.5,39.5,24,20.916666666666668,20.5,13,32,24,7.648411699780643,0.0,0,24,16.179166666666667,22.3,24,6.425827378810694,-8.587872159543137,993.9125,2.800000000000068,24,1.2916666666666667,24,1.0,1.0,1.0,1.0,1.0,0.0,0,0,323.1945326978847
2024-05-30,34.03333333333333,28.0,40.4,24,20.833333333333332,20.0,11,30,24,7.885805194791246,0.0,0,24,13.950000000000001,22.3,24,1.176398023962974,-5.230299221662183,997.2291666666666,3.5,24,1.0416666666666667,24,1.0,1.0,1.0,1.0,1.0,0.0,0,0,347.3239885230241
2024-05-31,33.108333333333334,26.0,39.5,24,21.416666666666668,20.0,12,32,24,7.437879139993277,0.0,0,24,17.191666666666666,29.6,24,-5.614029392961644,-13.145312000314396,999.3041666666667,1.1000000000000227,24,2.8333333333333335,24,1.0,1.0,1.0,1.0,1.0,0.0,0,0,23.12609914309644
2024-06-01,33.645833333333336,27.7,40.1,24,21.791666666666668,22.0,12,32,24,8.10718287297319,0.0,0,24,17.508333333333333,24.1,24,0.9733454073468839,-9.805689966631979,1000.3958333333334,0.6000000000000227,24,2.75,24,1.0,1.0,1.0,1.0,1.0,0.0,0,0,354.3312002668333
2024-06-02,33.59583333333333,26.5,40.0,24,23.291666666666668,23.5,15,34,24,9.160379034325105,0.0,0,24,13.4,22.0,24,-2.984135630695823,1.9210684402535356,1001.0791666666668,0.8999999999999773,24,1.1666666666666667,24,1.0,1.0,1.0,1.0,1.0,0.0,0,0,122.77183181517819
2024-06-03,34.333333333333336,27.8,41.2,24,26.125,26.0,16,37,24,11.522790508052617,0.0,0,24,14.637500000000001,29.5,24,-0.30521244211127657,0.19889019634574642,999.7541666666666,0.7999999999999545,24,2.3333333333333335,24,1.0,1.0,1.0,1.0,1.0,0.0,0,0,123.090079991977
2024-06-04,32.56666666666667,26.0,39.4,24,30.625,31.0,20,44,24,12.548368500146807,0.0,0,24,18.883333333333333,35.2,24,-12.312525081127083,1.5273653666799267,999.6041666666666,0.8999999999999773,24,3.2916666666666665,24,1.0,1.0,1.0,1.0,1.0,0.0,0,0,97.07140106399481
2024-06-05,29.650000000000002,22.0,35.5,24,38.291666666666664,36.5,23,64,24,13.096743923117325,0.2,1,24,24.34166666666667,55.4,24,-17.576862985392413,-6.910574163722586,1002.3958333333334,6.100000000000023,24,5.916666666666667,24,1.0,1.0,1.0,1.0,1.0,0.2,1,1,68.5370783657932
2024-06-06,27.695833333333336,22.0,34.0,24,44.958333333333336,44.5,25,65,24,14.025020391132571,0.30000000000000004,3,24,20.516666666666666,40.7,24,0.06428584383755931,-10.67539479206715,1006.3166666666666,1.6000000000000227,24,5.958333333333333,24,1.0,1.0,1.0,1.0,1.0,0.30000000000000004,3,1,359.65497641215705
2024-06-07,28.420833333333334,22.9,34.0,24,38.291666666666664,35.0,22,57,24,12.235792814995904,0.0,0,24,17.241666666666667,37.1,24,8.605623666483364,-10.235823014893485,1004.3833333333333,-3.2000000000000455,24,4.833333333333333,24,1.0,1.0,1.0,1.0,1.0,0.0,0,0,319.94502947036233
2024-06-08,29.9875,23.5,36.0,24,32.666666666666664,30.5,20,48,24,11.06853931682628,0.0,0,24,16.966666666666665,33.1,24,5.073611442760201,-6.3798974008920295,1002.4833333333332,-2.1000000000000227,24,2.9166666666666665,24,1.0,1.0,1.0,1.0,1.0,0.0,0,0,321.506535639499
2024-06-09,31.020833333333332,24.0,37.4,24,28.208333333333332,27.5,16,42,24,9.618347599088352,0.0,0,24,15.383333333333333,29.5,24,6.894708339249093,-8.5515894562006,1001.4416666666666,-1.3000000000000682,24,1.625,24,1.0,1.0,1.0,1.0,1.0,0.0,0,0,321.12254694588717
2024-06-10,32.2125,24.5,39.0,24,26.833333333333332,28.0,15,45,24,9.860510893896944,0.0,0,24,13.258333333333333,33.5,24,2.201291662454605,-5.339658530877423,1000.7083333333334,-0.39999999999997726,24,1.875,24,1.0,1.0,1.0,1.0,1.0,0.0,0,0,337.5959347645033
2024-06-11,33.44583333333333,25.5,40.3,24,24.583333333333332,25.0,12,36,24,9.50782266506162,0.0,0,24,12.391666666666666,22.3,24,4.411267118155956,-1.526150904239018,999.7791666666667,-1.599999999999909,24,1.3333333333333333,24,1.0,1.0,1.0,1.0,1.0,0.0,0,0,289.0839088712446
2024-06-12,34.80833333333333,27.0,41.5,24,24.291666666666668,24.0,14,37,24,10.659491687575619,0.0,0,24,14.241666666666667,25.9,24,1.0854328081889955,-2.0424680263607233,998.9291666666667,-0.6000000000000227,24,1.75,24,1.0,1.0,1.0,1.0,1.0,0.0,0,0,332.01239494017113
2024-06-13,34.80833333333333,28.9,42.0,24,24.625,25.0,15,33,24,11.154359700438564,0.0,0,24,16.508333333333333,25.9,24,-4.95084947993358,1.1789029815932732,998.2083333333334,-1.3000000000000682,24,3.0833333333333335,24,1.0,1.0,1.0,1.0,1.0,0.0,0,0,103.39391380105951
2024-06-14,34.045833333333334,27.0,40.0,24,28.666666666666668,29.5,15,51,24,12.595561056936413,0.0,0,24,17.7125,44.3,24,-1.0640323463335146,-1.4528769658641199,998.1083333333332,0.0,24,3.875,24,1.0,1.0,1.0,1.0,1.0,0.0,0,0,36.21764219852571
2024-06-15,34.82083333333333,28.4,41.5,24,27.166666666666668,26.5,16,39,24,12.554068075333392,0.0,0,24,14.3125,25.6,24,-2.704387216231165,-1.2559235411385696,997.8666666666667,-1.3999999999999773,24,2.75,24,1.0,1.0,1.0,1.0,1.0,0.0,0,0,65.0897379206628
2024-06-16,35.612500000000004,28.5,42.4,24,26.583333333333332,27.0,13,42,24,12.647434753248952,0.0,0,24,14.924999999999999,42.5,24,1.7251540720462792,-3.8516974994214253,997.6625,-0.8999999999999773,24,1.9166666666666667,24,1.0,1.0,1.0,1.0,1.0,0.0,0,0,335.8726555682779
2024-06-17,36.041666666666664,29.5,43.0,24,25.583333333333332,26.5,14,35,24,12.745522444126179,0.0,0,24,16.495833333333334,33.5,24,-1.8208584857794146,-1.3951668864476598,997.2041666666668,-1.2000000000000455,24,2.5833333333333335,24,1.0,1.0,1.0,1.0,1.0,0.0,0,0,52.540166201323416
2024-06-18,33.7875,26.0,40.0,24,34.083333333333336,33.5,20,58,24,15.249222488171569,0.0,0,24,19.695833333333333,47.9,24,1.2740908559884792,-8.778193485970322,996.2791666666667,-3.5,24,4.791666666666667,24,1.0,1.0,1.0,1.0,1.0,0.0,0,0,351.7416042148833
2024-06-19,33.824999999999996,27.0,41.0,24,32.5,33.5,16,51,24,14.240118447666292,0.0,0,24,17.229166666666668,44.3,24,-8.874373230089745,4.997786008636542,993.75,0.20000000000004547,24,3.5833333333333335,24,1.0,1.0,1.0,1.0,1.0,0.0,0,0,119.38693220402831
2024-06-20,31.90833333333333,25.0,37.5,24,37.625,36.0,25,66,24,15.118837377453398,0.0,0,24,19.974999999999998,29.5,24,-14.668020493891538,8.503240381429594,995.9208333333332,3.8999999999999773,24,4.75,24,1.0,1.0,1.0,1.0,1.0,0.0,0,0,120.10142178914873
2024-06-21,29.8875,24.5,35.0,24,45.666666666666664,44.0,28,66,24,16.33640245443238,0.0,0,24,17.029166666666665,25.9,24,-8.073103049149116,0.8349938784415522,999.6041666666666,1.1000000000000227,24,5.541666666666667,24,1.0,1.0,1.0,1.0,1.0,0.0,0,0,95.90505472205803
2024-06-22,31.46666666666667,25.5,38.0,24,37.625,36.0,21,55,24,14.567276359953526,0.0,0,24,13.5375,20.4,24,-0.7994004502271613,0.869455854146452,999.1583333333333,-1.1000000000000227,24,4.333333333333333,24,1.0,1.0,1.0,1.0,1.0,0.0,0,0,137.40375624701733
2024-06-23,32.329166666666666,27.9,38.0,24,35.75,34.0,25,51,24,14.821324095530207,0.0,0,24,14.158333333333333,27.8,24,0.4145604791119693,-2.896067003317937,999.5375,-1.2999999999999545,24,4.208333333333333,24,1.0,1.0,1.0,1.0,1.0,0.0,0,0,351.85367761985907
2024-06-24,33.583333333333336,26.5,40.0,24,35.208333333333336,33.0,20,55,24,15.260196127060803,0.0,0,24,12.299999999999999,22.2,24,0.5166693227986493,2.6737127181891576,997.4499999999999,-3.6000000000000227,24,2.5,24,1.0,1.0,1.0,1.0,1.0,0.0,0,0,190.93705264431637
2024-06-25,34.55833333333333,29.0,41.0,24,33.333333333333336,33.5,23,43,24,15.725297654367386,0.0,0,24,13.670833333333334,24.1,24,1.31622975155085,1.9955162290906563,995.8291666666668,-1.5,24,2.4166666666666665,24,1.0,1.0,1.0,1.0,1.0,0.0,0,0,213.4085888126707
2024-06-26,35.625,29.6,42.0,24,32.166666666666664,32.0,22,43,24,16.02590925836856,0.0,0,24,14.475,25.9,24,-2.9744633685176574,1.096550321221946,995.4125,1.5,24,2.7916666666666665,24,1.0,1.0,1.0,1.0,1.0,0.0,0,0,110.23665276484229
2024-06-27,32.516666666666666,24.5,37.7,24,45.875,41.5,33,73,24,18.956034421401064,0.0,0,24,23.5,74.2,24,-16.68233957067132,12.187433821512064,998.9291666666667,5.5,24,3.7916666666666665,24,1.0,1.0,1.0,1.0,1.0,0.0,0,0,126.15033367036341
2024-06-28,32.15416666666667,26.0,37.0,24,51.708333333333336,50.0,40,67,24,20.672876336677216,0.0,0,24,17.183333333333334,22.2,24,-6.560632015123239,8.765713187916148,998.5791666666668,-3.2000000000000455,24,5.416666666666667,24,1.0,1.0,1.0,1.0,1.0,0.0,0,0,143.18725866010732
2024-06-29,32.175000000000004,26.0,37.0,24,54.166666666666664,56.0,40,78,24,21.439547247918924,1.8,3,24,17.9375,44.6,24,-12.212799282459606,6.43696606142912,996.6083333333332,-0.7000000000000455,24,5.375,24,1.0,1.0,1.0,1.0,1.0,1.8,3,1,117.79224435339057
2024-06-30,32.862500000000004,28.1,38.0,24,54.083333333333336,53.0,42,68,24,22.06725757880922,3.0,5,24,15.479166666666666,25.9,24,-4.373263568330299,9.025528782924326,995.5083333333333,-0.6000000000000227,24,5.416666666666667,24,1.0,1.0,1.0,1.0,1.0,3.0,5,1,154.1477816406341
2024-07-01,32.59166666666667,27.8,37.5,24,59.0,61.0,45,73,24,23.279669008966366,2.8,2,24,20.795833333333334,33.1,24,-16.40126242066423,11.064387458205843,993.4166666666666,-1.8999999999999773,24,5.375,24,1.0,1.0,1.0,1.0,1.0,2.8,2,1,124.00383248205765
2024-07-02,33.03333333333333,26.0,37.9,24,57.708333333333336,54.5,43,78,24,23.192904795546525,8.600000000000001,5,24,19.320833333333333,27.8,24,-14.311189299014707,10.020481513068079,991.6333333333333,0.8999999999999773,24,5.166666666666667,24,1.0,1.0,1.0,1.0,1.0,8.600000000000001,5,1,124.9991373375172
2024-07-03,33.708333333333336,29.0,39.2,24,56.625,56.5,44,70,24,23.689641607481537,2.5,3,24,19.166666666666668,33.1,24,-15.154094917948049,7.36568089354435,993.375,3.8999999999999773,24,4.833333333333333,24,1.0,1.0,1.0,1.0,1.0,2.5,3,1,115.92217038629406
2024-07-04,29.133333333333336,23.0,33.1,24,72.20833333333333,67.0,57,100,24,23.36001617785665,14.299999999999999,11,24,24.349999999999998,40.7,24,-13.589580320815244,3.625510045653208,998.3249999999999,3.3999999999999773,24,6.291666666666667,24,1.0,1.0,1.0,1.0,1.0,14.299999999999999,11,1,104.93780141988418
2024-07-05,28.791666666666668,22.0,32.5,24,71.91666666666667,69.5,59,96,24,23.02508952864571,15.5,14,24,22.866666666666664,51.8,24,-18.782396905620892,9.151493069933107,995.8833333333333,-2.3999999999999773,24,6.458333333333333,24,1.0,1.0,1.0,1.0,1.0,15.5,14,1,115.97709243337215
2024-07-06,27.045833333333334,22.0,31.0,24,72.16666666666667,68.5,57,100,24,21.281382430606154,24.5,14,24,20.4,36.7,24,-17.333009954324666,6.022512910407678,995.2083333333334,1.7999999999999545,24,6.333333333333333,24,1.0,1.0,1.0,1.0,1.0,24.5,14,1,109.16025099135129
2024-07-07,29.004166666666666,25.0,33.5,24,60.791666666666664,60.5,44,74,24,20.432236027966926,6.1,4,24,16.158333333333335,42.5,24,-11.001147538175184,4.835232639494297,998.0958333333333,3.300000000000068,24,5.125,24,1.0,1.0,1.0,1.0,1.0,6.1,4,1,113.72648533168535
2024-07-08,31.370833333333334,25.5,37.0,24,52.541666666666664,49.5,37,69,24,20.132353855704377,0.0,0,24,10.612499999999999,18.4,24,0.36913717070628627,4.404262268190742,1000.5958333333333,8.100000000000023,24,3.0833333333333335,24,1.0,1.0,1.0,1.0,1.0,0.0,0,0,184.7909693043384
2024-07-09,32.1875,27.9,37.5,24,54.458333333333336,54.0,44,70,24,21.670151531428143,1.2999999999999998,2,24,14.612499999999999,22.0,24,0.0414616010772683,3.9438493879502303,1001.2458333333334,-0.599999999999909,24,4.208333333333333,24,1.0,1.0,1.0,1.0,1.0,1.2999999999999998,2,1,180.6023270686578
2024-07-10,30.162499999999998,24.0,33.9,24,64.625,66.0,52,84,24,22.632235877572978,8.100000000000001,3,24,14.695833333333333,36.7,24,-4.467276672149698,3.070359844795759,1001.6875,0.10000000000002274,24,5.208333333333333,24,1.0,1.0,1.0,1.0,1.0,8.100000000000001,3,1,124.5007460997411
2024-07-11,31.308333333333334,26.5,36.0,24,58.125,54.0,42,79,24,21.676423617061342,2.2,2,24,11.1625,16.7,24,-2.119816514539222,5.6474486910427615,997.4833333333332,-5.5,24,4.0,24,1.0,1.0,1.0,1.0,1.0,2.2,2,1,159.42596081025806
2024-07-12,29.825,26.9,33.7,24,59.583333333333336,58.5,49,85,24,20.975431148158552,1.9000000000000001,5,24,15.383333333333333,29.5,24,-7.754183638623605,7.467515516793355,994.9291666666667,0.7000000000000455,24,5.75,24,1.0,1.0,1.0,1.0,1.0,1.9000000000000001,5,1,133.92108417675013
2024-07-13,29.150000000000002,24.0,32.9,24,53.625,50.5,41,67,24,18.489523970359098,0.0,0,24,12.4,22.0,24,-3.561804768083654,6.91296555159303,996.9708333333333,0.7999999999999545,24,4.166666666666667,24,1.0,1.0,1.0,1.0,1.0,0.0,0,0,152.74087220390095
2024-07-14,30.02916666666667,26.0,35.0,24,50.583333333333336,49.5,37,64,24,18.418008837453822,7.1,1,24,12.75,33.5,24,-3.653097328792016,4.338835258455947,996.8125,2.1000000000000227,24,5.083333333333333,24,1.0,1.0,1.0,1.0,1.0,7.1,1,1,139.90418198015738
2024-07-15,31.808333333333334,25.0,37.4,24,45.416666666666664,42.0,33,62,24,18.109384281787463,0.2,1,24,9.470833333333333,16.7,24,-0.49031020714901397,2.4978086346449953,999.1999999999999,1.6000000000000227,24,2.125,24,1.0,1.0,1.0,1.0,1.0,0.2,1,1,168.89426521506755
2024-07-16,33.13333333333333,28.5,38.0,24,49.75,50.0,38,65,24,20.947213511629396,0.0,0,24,11.666666666666666,36.7,24,4.462729226921995,-1.6544441298892103,999.7666666666668,-0.6999999999999318,24,3.6666666666666665,24,1.0,1.0,1.0,1.0,1.0,0.0,0,0,290.34098942314876
2024-07-17,32.75416666666667,28.5,37.2,24,52.625,53.5,41,62,24,21.62374967431931,0.0,0,24,15.237499999999999,40.7,24,0.11432878634351103,6.150521938301002,999.1041666666666,-1.5,24,3.6666666666666665,24,1.0,1.0,1.0,1.0,1.0,0.0,0,0,181.06491817808802
2024-07-18,30.78333333333333,26.0,34.2,24,61.125,60.5,47,81,24,22.224074255181886,13.2,5,24,15.295833333333334,29.5,24,2.4249848535633642,3.657312955637462,998.525,-1.0,24,4.708333333333333,24,1.0,1.0,1.0,1.0,1.0,13.2,5,1,213.546406210905
2024-07-19,31.829166666666666,27.5,36.4,24,55.208333333333336,53.5,42,70,24,21.457134601517975,1.0,2,24,14.004166666666668,31.3,24,4.039566386661803,1.741105458859007,996.6833333333334,0.20000000000004547,24,3.75,24,1.0,1.0,1.0,1.0,1.0,1.0,2,1,246.68333165014064
2024-07-20,31.729166666666668,28.0,38.0,24,55.791666666666664,57.0,40,73,24,21.609806499611903,0.8,1,24,10.625,18.4,24,2.389678263540069,1.6096300748991441,997.0124999999999,0.39999999999997726,24,3.75,24,1.0,1.0,1.0,1.0,1.0,0.8,1,1,236.0367355418024
2024-07-21,33.375,29.7,38.0,24,52.083333333333336,54.5,38,63,24,21.957302065836675,0.0,0,24,15.9375,29.5,24,-1.2020934936900938,9.42490652680448,996.6458333333334,-0.6000000000000227,24,4.166666666666667,24,1.0,1.0,1.0,1.0,1.0,0.0,0,0,172.7314916435414
2024-07-22,32.199999999999996,26.0,36.7,24,59.333333333333336,58.5,49,77,24,23.128033351282387,1.0,3,24,16.400000000000002,25.9,24,-7.644423683049779,7.278180137214561,996.9416666666666,0.5,24,5.583333333333333,24,1.0,1.0,1.0,1.0,1.0,1.0,3,1,133.594079295558
2024-07-23,28.433333333333334,23.5,31.3,24,70.5,70.0,57,92,24,22.43621925130702,15.4,6,24,17.720833333333335,37.1,24,-14.512822254747151,3.0082482470665126,997.3041666666667,0.1999999999999318,24,6.166666666666667,24,1.0,1.0,1.0,1.0,1.0,15.4,6,1,101.71055095669749
2024-07-24,30.804166666666664,25.5,35.9,24,63.791666666666664,62.5,48,79,24,22.831242556507956,6.199999999999999,5,24,10.2375,16.7,24,-1.9705564535533389,5.142273022544881,993.7333333333332,-2.699999999999932,24,4.333333333333333,24,1.0,1.0,1.0,1.0,1.0,6.199999999999999,5,1,159.03280389995666
2024-07-25,31.708333333333332,27.0,36.5,24,63.916666666666664,64.0,45,88,24,23.69056596132047,5.3999999999999995,3,24,15.633333333333333,48.2,24,-7.348258201808979,9.360815728486825,992.1999999999999,1.400000000000091,24,5.0,24,1.0,1.0,1.0,1.0,1.0,5.3999999999999995,3,1,141.86801870593843
2024-07-26,30.65833333333333,24.5,35.0,24,69.25,66.0,53,96,24,24.032197206291965,5.8999999999999995,3,24,14.341666666666667,22.3,24,-10.302513980368774,5.915804587615033,993.7875,2.5,24,5.166666666666667,24,1.0,1.0,1.0,1.0,1.0,5.8999999999999995,3,1,119.86486516133311
2024-07-27,31.108333333333334,27.0,34.1,24,64.16666666666667,64.5,52,78,24,23.40279761778603,5.0,6,24,17.650000000000002,25.9,24,-14.495926963786284,6.7857297467222795,995.8375,3.0,24,4.75,24,1.0,1.0,1.0,1.0,1.0,5.0,6,1,115.0848980966972
2024-07-28,29.587500000000002,27.0,32.3,24,73.58333333333333,70.5,64,92,24,24.25853200889334,4.6,6,24,14.241666666666667,22.0,24,-9.705751765154297,6.299608892226989,997.8666666666667,0.2999999999999545,24,6.291666666666667,24,1.0,1.0,1.0,1.0,1.0,4.6,6,1,122.98596338904235
2024-07-29,29.070833333333336,26.5,32.1,24,76.5,72.0,67,96,24,24.38500680234522,5.6000000000000005,9,24,12.762500000000001,18.5,24,-6.07439624319474,8.246851365912763,998.7083333333334,3.0,24,6.958333333333333,24,1.0,1.0,1.0,1.0,1.0,5.6000000000000005,9,1,143.62569567318178
2024-07-30,29.0,26.2,32.0,24,79.54166666666667,78.5,59,94,24,24.960471738610934,24.6,13,24,12.279166666666667,22.3,24,1.326412112280716,3.685858774751518,999.9625,0.599999999999909,24,6.416666666666667,24,1.0,1.0,1.0,1.0,1.0,24.6,13,1,199.7920360560236
2024-07-31,31.370833333333334,27.7,36.0,24,68.125,68.0,49,85,24,24.529807309523562,0.0,0,24,9.091666666666667,18.4,24,-2.385610422181587,4.495325872115791,997.7333333333332,-4.600000000000023,24,4.208333333333333,24,1.0,1.0,1.0,1.0,1.0,0.0,0,0,152.04569466587293
2024-08-01,28.708333333333332,26.9,31.5,24,78.125,78.5,69,88,24,24.468561949139,6.2,5,24,18.483333333333334,38.9,24,-12.870795980969747,9.434443028849945,997.7791666666667,3.800000000000068,24,6.375,24,1.0,1.0,1.0,1.0,1.0,6.2,5,1,126.24184928718932
2024-08-02,29.758333333333336,25.8,33.5,24,71.58333333333333,66.5,55,89,24,23.809005545132013,0.8,4,24,12.804166666666667,22.0,24,-7.277219607681036,6.648356243964287,997.7916666666666,-0.8999999999999773,24,5.166666666666667,24,1.0,1.0,1.0,1.0,1.0,0.8,4,1,132.4143436629888
2024-08-03,29.3,27.0,32.0,24,69.29166666666667,68.0,56,81,24,23.01545354246899,6.7,11,24,16.479166666666668,33.1,24,-8.810654046403226,12.197787985516092,999.4125,4.100000000000023,24,5.708333333333333,24,1.0,1.0,1.0,1.0,1.0,6.7,11,1,144.15882645000113
2024-08-04,28.445833333333336,26.0,31.0,24,71.75,71.0,63,81,24,22.809404466906027,14.899999999999999,7,24,17.962500000000002,25.9,24,-13.873419421892239,7.983032590895891,1001.9458333333333,0.39999999999997726,24,6.625,24,1.0,1.0,1.0,1.0,1.0,14.899999999999999,7,1,119.91695115491007
2024-08-05,29.625,25.8,33.5,24,67.79166666666667,65.5,52,86,24,22.81859583539382,2.4000000000000004,6,24,13.174999999999999,27.7,24,-6.020422436115542,9.204725168350462,1001.3874999999999,-2.300000000000068,24,5.333333333333333,24,1.0,1.0,1.0,1.0,1.0,2.4000000000000004,6,1,146.81299375601196
2024-08-06,29.71666666666667,26.9,33.0,24,68.75,68.5,52,81,24,23.261705493331604,4.5,10,24,16.504166666666666,22.3,24,-9.923240554164753,10.735987405230603,998.7958333333332,-2.199999999999932,24,6.166666666666667,24,1.0,1.0,1.0,1.0,1.0,4.5,10,1,137.25288975458045
2024-08-07,28.554166666666664,25.5,31.5,24,75.45833333333333,74.0,55,93,24,23.665318776091976,38.5,19,24,17.795833333333334,25.9,24,-13.369088655461868,8.920415722352313,999.475,3.6000000000000227,24,6.208333333333333,24,1.0,1.0,1.0,1.0,1.0,38.5,19,1,123.71287768506397
2024-08-08,27.808333333333334,23.0,30.7,24,72.54166666666667,74.0,58,86,24,22.28590998846978,0.9000000000000001,5,24,16.383333333333333,22.3,24,-12.56435590906031,9.435081708276023,1002.2666666666668,1.7999999999999545,24,5.708333333333333,24,1.0,1.0,1.0,1.0,1.0,0.9000000000000001,5,1,126.90436372278685
2024-08-09,29.775000000000002,26.4,33.7,24,69.625,69.5,55,83,24,23.44909835424765,0.6,4,24,11.458333333333334,22.3,24,-6.850650009220746,7.481354305520654,1002.8249999999999,0.3000000000000682,24,4.583333333333333,24,1.0,1.0,1.0,1.0,1.0,0.6,4,1,137.5197727583285
2024-08-10,29.329166666666666,26.0,32.2,24,77.58333333333333,76.5,67,100,24,24.91296347812603,6.3,11,24,12.854166666666666,22.0,24,-9.060139749199152,6.673176578183969,1001.525,-1.8999999999999773,24,6.0,24,1.0,1.0,1.0,1.0,1.0,6.3,11,1,126.37321885541371
2024-08-11,25.72083333333333,23.5,29.1,24,87.41666666666667,88.0,74,100,24,23.40197372246161,7.1,13,24,17.958333333333332,42.5,24,-11.177673999736504,-0.03914492931216961,1001.35,3.0,24,6.458333333333333,24,1.0,1.0,1.0,1.0,1.0,7.1,13,1,89.7993473355923
2024-08-12,28.491666666666664,24.3,32.5,24,75.25,71.5,57,95,24,23.390579186657874,0.0,0,24,10.883333333333333,16.7,24,-7.238641998078674,7.114339163899422,1002.35,0.2999999999999545,24,5.125,24,1.0,1.0,1.0,1.0,1.0,0.0,0,0,134.5038069338949
2024-08-13,30.620833333333334,26.0,34.5,24,68.04166666666667,67.5,47,92,24,23.638804091637457,0.0,0,24,9.237499999999999,18.4,24,-3.9425168542812266,6.865940698466347,1002.7083333333334,1.7999999999999545,24,3.2083333333333335,24,1.0,1.0,1.0,1.0,1.0,0.0,0,0,150.1349694399446
2024-08-14,31.25,27.5,36.0,24,69.54166666666667,68.5,49,89,24,24.77105023914828,0.2,1,24,11.333333333333334,18.4,24,-3.5131659325833127,5.35153138995831,1002.5375,0.2999999999999545,24,4.416666666666667,24,1.0,1.0,1.0,1.0,1.0,0.2,1,1,146.71595718314086
2024-08-15,28.27916666666667,26.0,30.1,24,79.91666666666667,80.5,71,85,24,24.45187457010023,11.8,12,24,14.25,27.7,24,-8.87012061290443,6.880657784485568,1002.7458333333334,1.0,24,6.25,24,1.0,1.0,1.0,1.0,1.0,11.8,12,1,127.8011572817407
2024-08-16,28.6125,25.7,33.0,24,73.625,73.0,54,89,24,23.23220534975972,9.299999999999999,3,24,10.5375,22.3,24,-4.778160463255346,4.544822793888549,1002.2624999999999,0.5,24,6.833333333333333,24,1.0,1.0,1.0,1.0,1.0,9.299999999999999,3,1,133.5662879808391
2024-08-17,27.295833333333334,24.5,30.8,24,78.91666666666667,79.5,64,96,24,23.21580926858293,13.600000000000001,10,24,13.879166666666668,22.3,24,-8.814695713172357,1.5627484097146247,1004.7416666666667,2.8999999999999773,24,6.958333333333333,24,1.0,1.0,1.0,1.0,1.0,13.600000000000001,10,1,100.0534476505211
2024-08-18,28.195833333333336,25.4,32.0,24,77.91666666666667,78.5,62,92,24,23.860765338863995,0.8,3,24,7.229166666666667,13.0,24,1.4620888277888298,3.3207806319346496,1004.6291666666666,-1.8999999999999773,24,5.75,24,1.0,1.0,1.0,1.0,1.0,0.8,3,1,203.76315826345248
2024-08-19,29.395833333333332,25.4,34.0,24,73.66666666666667,73.5,52,90,24,23.9768371798824,2.1,2,24,10.633333333333333,22.0,24,-3.423192577300617,5.780154524165593,1002.6666666666666,-2.199999999999932,24,4.541666666666667,24,1.0,1.0,1.0,1.0,1.0,2.1,2,1,149.36462452267347
2024-08-20,28.354166666666668,25.8,31.0,24,69.58333333333333,71.5,50,84,24,22.0293257643312,9.8,8,24,11.595833333333333,22.3,24,-6.327628407627344,1.5519347051934649,1003.0583333333334,2.6000000000000227,24,5.5,24,1.0,1.0,1.0,1.0,1.0,9.8,8,1,103.78052881230207
2024-08-21,27.712500000000002,24.0,31.5,24,69.54166666666667,66.0,45,88,24,21.34827082121034,6.0,6,24,12.466666666666667,18.4,24,-0.40504127287616304,-0.6029193323455905,1004.8791666666666,-0.10000000000002274,24,5.083333333333333,24,1.0,1.0,1.0,1.0,1.0,6.0,6,1,33.8932100598048
2024-08-22,29.15833333333333,24.0,34.2,24,61.458333333333336,61.5,47,84,24,20.700669647458728,0.0,0,24,10.283333333333333,18.4,24,5.6892657985289885,1.9511411330041788,1003.3249999999999,-0.8999999999999773,24,2.875,24,1.0,1.0,1.0,1.0,1.0,0.0,0,0,251.07052809358282
2024-08-23,30.120833333333334,26.0,35.0,24,60.333333333333336,59.0,44,77,24,21.340192415582113,0.0,0,24,9.841666666666667,18.4,24,1.892666897177696,4.542756597528396,1003.4291666666667,1.599999999999909,24,3.125,24,1.0,1.0,1.0,1.0,1.0,0.0,0,0,202.61827062330033
2024-08-24,30.129166666666666,26.0,34.0,24,60.166666666666664,57.5,40,80,24,21.18721711996189,0.0,0,24,10.362499999999999,25.6,24,1.4320002719449498,2.8877891890704634,1003.9041666666667,-0.7000000000000455,24,3.5,24,1.0,1.0,1.0,1.0,1.0,0.0,0,0,206.3759468902959
2024-08-25,30.037499999999998,25.5,34.0,24,62.083333333333336,62.0,49,81,24,21.79424152351901,0.0,0,24,10.066666666666666,18.4,24,1.608978361605356,1.9261870465112991,1002.2916666666666,-1.8999999999999773,24,3.0416666666666665,24,1.0,1.0,1.0,1.0,1.0,0.0,0,0,219.87260882075324
2024-08-26,29.8875,26.6,35.0,24,62.416666666666664,64.5,51,78,24,21.789318084893228,0.30000000000000004,2,24,11.233333333333334,37.1,24,-3.1349548825373255,4.145709120683993,1001.775,1.8999999999999773,24,4.25,24,1.0,1.0,1.0,1.0,1.0,0.30000000000000004,2,1,142.903695363915
2024-08-27,27.258333333333336,23.0,31.1,24,71.29166666666667,70.0,56,96,24,21.42411189649059,2.9,2,24,14.383333333333333,25.6,24,-9.864657733527217,0.6366761331217617,1005.4083333333333,2.2999999999999545,24,6.25,24,1.0,1.0,1.0,1.0,1.0,2.9,2,1,93.69281235729414
2024-08-28,26.55,24.0,29.9,24,74.75,76.0,61,92,24,21.595639281357492,,,0,10.095833333333333,16.7,24,-7.471948945025603,4.155141128117914,1006.1166666666667,-2.8999999999999773,24,6.791666666666667,24,1.0,1.0,1.0,1.0,0.0,,,,119.07837909985255
2024-08-29,26.075,23.5,28.9,24,75.20833333333333,75.0,62,96,24,21.24442156430681,,,0,12.016666666666666,18.4,24,-2.0423728523775937,3.10320404592591,1004.7291666666666,0.0,24,6.375,24,1.0,1.0,1.0,1.0,0.0,,,,146.64909786655664
2024-08-30,25.508333333333336,22.0,28.7,24,76.83333333333333,77.5,61,100,24,20.94451006237504,,,0,12.487499999999999,22.3,24,1.8121008943300694,-2.0289585846878118,1007.0208333333334,4.0,24,6.166666666666667,24,1.0,1.0,1.0,1.0,0.0,,,,318.231362116349
2024-08-31,27.979166666666668,21.5,32.5,24,66.5,64.5,44,100,24,20.76540923499321,,,0,9.866666666666667,22.3,24,4.280278173492601,1.137729146925817,1006.1291666666666,-1.1000000000000227,24,3.7916666666666665,24,1.0,1.0,1.0,1.0,0.0,,,,255.1145622842258
2024-09-01,28.96666666666667,25.0,33.5,24,66.625,67.0,53,92,24,21.896320163134963,,,0,9.679166666666667,16.7,24,-1.2112803551625186,5.017501048243297,1004.7291666666666,-1.2000000000000455,24,4.166666666666667,24,1.0,1.0,1.0,1.0,0.0,,,,166.4278454885665
2024-09-02,27.77916666666667,25.0,31.5,24,71.95833333333333,72.0,55,92,24,22.083516513952258,,,0,13.345833333333333,29.5,24,-9.853366391981641,5.437229527286031,1004.7958333333332,2.1000000000000227,24,5.5,24,1.0,1.0,1.0,1.0,0.0,,,,118.8905466630348
2024-09-03,27.46666666666667,24.0,31.2,24,72.0,72.0,56,92,24,21.74543157336841,,,0,12.066666666666668,18.4,24,-5.708564300338427,5.862952441037311,1005.4250000000001,3.0,24,5.416666666666667,24,1.0,1.0,1.0,1.0,0.0,,,,135.76439971004118
2024-09-04,28.129166666666666,24.1,32.0,24,72.08333333333333,70.0,56,94,24,22.33643070919709,0.0,0,19,9.0,14.8,24,0.6563572621392941,4.946544590464218,1004.2083333333334,-3.0,24,3.7083333333333335,24,1.0,1.0,1.0,1.0,0.7916666666666666,0.0,0,0,187.55842684817864
2024-09-05,28.620833333333334,24.9,33.0,24,71.5,68.5,60,92,24,22.815671408846637,0.8999999999999999,5,24,8.370833333333334,13.0,24,-1.7024974859940512,4.272531196661293,1001.3416666666667,-0.40000000000009095,24,3.0,24,1.0,1.0,1.0,1.0,1.0,0.8999999999999999,5,1,158.27394714900595
2024-09-06,27.629166666666666,24.7,31.6,24,68.33333333333333,68.5,58,79,24,21.193438177191343,7.800000000000001,10,24,13.783333333333333,22.3,24,-10.18600436122312,4.788807336970543,1003.3916666666668,3.6000000000000227,24,4.875,24,1.0,1.0,1.0,1.0,1.0,7.800000000000001,10,1,115.17990650928539
2024-09-07,26.625,20.0,31.1,24,70.5,65.5,47,100,24,20.355525963697513,3.2,3,24,10.779166666666667,36.7,24,-1.222162611117129,2.973606368945911,1005.4833333333332,1.1000000000000227,24,4.541666666666667,24,1.0,1.0,1.0,1.0,1.0,3.2,3,1,157.65716633404918
2024-09-08,28.608333333333334,24.2,33.0,24,65.75,64.0,46,88,24,21.143857485993227,0.0,0,24,10.520833333333334,22.0,24,3.507822685688734,-3.2219598874797395,1004.875,-1.8000000000000682,24,2.625,24,1.0,1.0,1.0,1.0,1.0,0.0,0,0,312.567693827653
2024-09-09,29.425,24.3,34.1,24,66.04166666666667,64.0,46,87,24,22.032586252269937,0.0,0,24,8.608333333333333,22.3,24,3.854448581735293,-1.720641041127965,1001.9708333333333,-2.199999999999932,24,2.0,24,1.0,1.0,1.0,1.0,1.0,0.0,0,0,294.05617278281176
2024-09-10,28.854166666666668,25.0,34.5,24,64.75,64.5,48,84,24,21.33278591862006,0.1,1,24,10.9375,18.5,24,-4.506972952683767,3.879851311755677,1001.6916666666666,2.0,24,2.7916666666666665,24,1.0,1.0,1.0,1.0,1.0,0.1,1,1,130.72368768261185
2024-09-11,29.075,24.5,34.5,24,56.958333333333336,56.5,30,80,24,18.987705896776838,0.0,0,24,11.929166666666667,33.1,24,1.2977571812768773,1.305207212199457,1002.1999999999999,-0.5,24,2.4583333333333335,24,1.0,1.0,1.0,1.0,1.0,0.0,0,0,224.83601229251957
2024-09-12,29.2375,24.0,34.3,24,55.75,56.0,34,73,24,19.04229127359174,0.0,0,24,10.55,16.7,24,-1.909315941172342,4.51777694435635,999.9666666666667,-2.1000000000000227,24,1.375,24,1.0,1.0,1.0,1.0,1.0,0.0,0,0,157.08996796080487
2024-09-13,28.820833333333336,23.7,34.0,24,64.5,66.0,48,80,24,21.178808819696368,0.3,1,24,13.016666666666666,18.5,24,1.8409773029386993,1.704359939089045,999.225,-0.3000000000000682,24,4.041666666666667,24,1.0,1.0,1.0,1.0,1.0,0.3,1,1,227.20676535832075
2024-09-14,26.770833333333332,22.9,30.7,24,63.041666666666664,66.0,43,76,24,18.943534590874844,21.5,8,24,17.008333333333333,33.1,24,-3.482518887209396,-5.73037587950627,1002.2375000000001,3.8999999999999773,24,5.041666666666667,24,1.0,1.0,1.0,1.0,1.0,21.5,8,1,31.288287481370332
2024-09-15,27.308333333333334,22.7,32.5,24,61.291666666666664,59.5,38,87,24,18.588773268793865,3.6,2,24,10.299999999999999,22.0,24,4.854385320438693,-3.555927877527926,1003.1916666666666,-0.39999999999997726,24,1.7083333333333333,24,1.0,1.0,1.0,1.0,1.0,3.6,2,1,306.2234725439828
2024-09-16,27.925,22.9,33.0,24,55.333333333333336,54.5,37,76,24,17.63424406520289,0.0,0,24,10.554166666666667,22.0,24,3.5304297768821318,-1.211694761129125,1004.5041666666666,2.099999999999909,24,0.75,24,1.0,1.0,1.0,1.0,1.0,0.0,0,0,288.9429647914967
2024-09-17,28.337500000000002,23.5,33.5,24,54.75,53.5,39,76,24,17.93920705747666,0.0,0,24,11.308333333333332,22.2,24,2.619613737473264,-4.187333617157639,1005.8625000000001,0.39999999999997726,24,2.4583333333333335,24,1.0,1.0,1.0,1.0,1.0,0.0,0,0,327.9697272717926
2024-09-18,28.354166666666668,23.2,34.0,24,56.958333333333336,61.0,35,75,24,18.550043663270397,0.0,0,24,8.9,16.7,24,-1.1759609171350907,1.193809114579114,1006.0208333333334,1.599999999999909,24,1.125,24,1.0,1.0,1.0,1.0,1.0,0.0,0,0,135.43152163973303
2024-09-19,29.020833333333332,24.0,36.0,24,53.416666666666664,51.5,28,73,24,17.92486986617423,0.0,0,24,8.675,14.8,24,-6.480581066509088,1.9370333182315032,1006.6541666666667,-0.10000000000002274,24,1.4166666666666667,24,1.0,1.0,1.0,1.0,1.0,0.0,0,0,106.64130497878307
2024-09-20,28.766666666666666,23.5,34.0,24,54.416666666666664,54.0,34,72,24,18.296435375513827,0.0,0,24,8.620833333333334,18.4,24,-4.617026533931494,4.269341096076496,1005.6041666666666,-1.3000000000000682,24,1.625,24,1.0,1.0,1.0,1.0,1.0,0.0,0,0,132.75940482918872
2024-09-21,29.575,25.0,34.5,24,57.916666666666664,58.0,41,77,24,20.16378594527801,0.0,0,24,9.825000000000001,14.8,24,-6.739057591557503,0.494225836448374,1005.8125,1.1000000000000227,24,0.7083333333333334,24,1.0,1.0,1.0,1.0,1.0,0.0,0,0,94.19442193783323
2024-09-22,30.054166666666664,26.0,34.5,24,62.041666666666664,64.0,43,77,24,21.72107205359626,0.0,0,24,9.833333333333334,18.5,24,-1.5206119257079618,4.089822407030769,1005.4166666666666,0.6999999999999318,24,0.875,24,1.0,1.0,1.0,1.0,1.0,0.0,0,0,159.60466940660558
2024-09-23,30.5,26.0,35.0,24,59.458333333333336,60.5,41,75,24,21.328644320171826,0.0,0,24,8.4,16.7,24,0.5855792050560314,1.4321998995850453,1005.1291666666666,-1.0,24,0.9583333333333334,24,1.0,1.0,1.0,1.0,1.0,0.0,0,0,202.23803051396433
2024-09-24,30.537499999999998,25.5,35.5,24,59.0,61.0,37,80,24,21.209178245589186,0.0,0,24,8.604166666666666,13.0,24,-5.0936211388558155,0.027354602190721094,1003.6708333333332,-1.6000000000000227,24,0.7083333333333334,24,1.0,1.0,1.0,1.0,1.0,0.0,0,0,90.30769626281352
2024-09-25,30.520833333333332,26.3,35.0,24,60.458333333333336,62.5,43,71,24,21.78130022948771,0.0,0,24,10.320833333333335,16.7,24,-6.639755325324434,3.4977486647445954,1003.4208333333332,0.39999999999997726,24,2.3333333333333335,24,1.0,1.0,1.0,1.0,1.0,0.0,0,0,117.77975860940677
2024-09-26,27.837500000000002,25.0,31.8,24,68.75,70.0,57,76,24,21.51193136772658,4.5,6,24,15.195833333333333,29.5,24,-12.594768961519003,2.934156206343323,1004.5083333333333,1.2000000000000455,24,5.416666666666667,24,1.0,1.0,1.0,1.0,1.0,4.5,6,1,103.11407481169067
2024-09-27,25.420833333333334,20.0,29.5,24,72.66666666666667,76.5,48,96,24,19.842266633790526,19.4,8,24,17.091666666666665,25.9,24,-9.94632002711296,-4.238815690013504,1005.225,0.7000000000000455,24,5.375,24,1.0,1.0,1.0,1.0,1.0,19.4,8,1,66.91778840738141
2024-09-28,25.545833333333334,21.3,29.8,24,68.625,67.5,46,89,24,18.92689844256984,14.0,3,24,14.637500000000001,24.1,24,-4.574362066077689,0.9408386904435854,1006.8375,3.5,24,3.9166666666666665,24,1.0,1.0,1.0,1.0,1.0,14.0,3,1,101.62231757486342
2024-09-29,26.375,22.0,31.0,24,65.91666666666667,65.5,47,84,24,19.130369227265316,0.1,1,24,9.525,13.0,24,-0.28070524699601895,0.3368327281748254,1009.6458333333334,7.400000000000091,24,2.0416666666666665,24,1.0,1.0,1.0,1.0,1.0,0.1,1,1,140.19329385643852
2024-09-30,27.166666666666668,22.9,32.9,24,65.70833333333333,65.0,42,90,24,19.610894224950616,0.0,0,24,10.575000000000001,24.1,24,5.449737551591048,-2.9909287274156537,1008.3666666666667,-2.3999999999999773,24,0.6666666666666666,24,1.0,1.0,1.0,1.0,1.0,0.0,0,0,298.7588911787466
2024-10-01,27.2625,21.8,33.5,24,52.416666666666664,52.0,32,72,24,16.12990067732277,0.0,0,24,10.666666666666666,33.1,24,1.0394880607724188,-3.1046354899945867,1005.0416666666666,-0.7999999999999545,24,0.125,24,1.0,1.0,1.0,1.0,1.0,0.0,0,0,341.4885231134802
2024-10-02,26.925,21.5,33.0,24,50.875,54.0,35,69,24,15.503504430875978,0.0,0,24,8.858333333333333,13.0,24,0.23025762337412523,-0.06920450963079942,1004.9291666666667,-0.2999999999999545,24,0.08333333333333333,24,1.0,1.0,1.0,1.0,1.0,0.0,0,0,286.7282831480493
2024-10-03,26.849999999999998,21.2,32.0,24,56.041666666666664,58.0,40,72,24,16.945540566437604,0.0,0,24,8.233333333333333,13.0,24,-1.2816718376707288,-0.17281808757319225,1004.0708333333333,0.10000000000002274,24,0.041666666666666664,24,1.0,1.0,1.0,1.0,1.0,0.0,0,0,82.3206673145894
2024-10-04,27.15833333333333,22.5,32.5,24,58.708333333333336,61.5,43,73,24,18.060895884809536,0.5,2,24,8.516666666666667,13.0,24,-5.037827007169519,1.3402759714595351,1005.2875,2.1000000000000227,24,0.9583333333333334,24,1.0,1.0,1.0,1.0,1.0,0.5,2,1,104.89802284989003
2024-10-05,26.295833333333334,20.5,32.0,24,64.83333333333333,68.0,49,77,24,18.98966201045806,0.9,1,24,12.483333333333334,22.3,24,-8.837904707094033,0.6409255096816987,1007.6916666666666,6.2999999999999545,24,2.8333333333333335,24,1.0,1.0,1.0,1.0,1.0,0.9,1,1,94.1478330066401
2024-10-06,24.745833333333334,18.5,30.5,24,59.208333333333336,59.5,33,86,24,15.62326260371732,0.0,0,24,9.220833333333333,18.4,24,2.9019577484577894,-1.435968149107486,1012.4458333333333,4.099999999999909,24,2.125,24,1.0,1.0,1.0,1.0,1.0,0.0,0,0,296.32746551700814
2024-10-07,24.929166666666664,19.5,31.4,24,58.791666666666664,58.0,38,86,24,15.755198288676091,0.0,0,24,8.766666666666667,25.6,24,2.174312856607139,0.724435412707153,1013.65,1.8999999999999773,24,2.25,24,1.0,1.0,1.0,1.0,1.0,0.0,0,0,251.573009230654
2024-10-08,24.316666666666666,21.0,29.1,24,59.333333333333336,60.0,45,74,24,15.684892435020574,0.6,1,24,13.112499999999999,25.9,24,7.727545420062245,-1.386349854995121,1014.1541666666667,0.3000000000000682,24,5.625,24,1.0,1.0,1.0,1.0,1.0,0.6,1,1,280.1708742649459
2024-10-09,23.741666666666664,19.0,29.0,24,54.916666666666664,53.5,37,73,24,13.673343510699056,0.0,0,24,12.295833333333334,22.3,24,4.938262846902944,-1.981504246859106,1012.2125,-1.3999999999999773,24,2.6666666666666665,24,1.0,1.0,1.0,1.0,1.0,0.0,0,0,291.8633866259956
2024-10-10,23.954166666666666,19.0,29.7,24,50.208333333333336,53.0,31,67,24,12.341624335085394,0.0,0,24,9.145833333333334,18.5,24,2.284322432078024,-1.4949798235359293,1011.025,0.1999999999999318,24,0.6666666666666666,24,1.0,1.0,1.0,1.0,1.0,0.0,0,0,303.20282931008086
2024-10-11,24.195833333333336,18.0,31.1,24,49.708333333333336,48.5,28,76,24,12.180198008387144,0.0,0,24,8.291666666666666,22.3,24,4.817159072444748,-2.0979732857010327,1010.8208333333333,-0.10000000000002274,24,0.08333333333333333,24,1.0,1.0,1.0,1.0,1.0,0.0,0,0,293.53413024084523
2024-10-12,24.212500000000002,18.0,30.5,24,51.041666666666664,53.5,31,74,24,12.774725445217838,0.0,0,24,5.987500000000001,11.2,24,-0.6759045604616404,-0.975712949870653,1010.6458333333334,1.5,24,0.0,24,1.0,1.0,1.0,1.0,1.0,0.0,0,0,34.711464588128194
2024-10-13,24.6375,19.7,32.0,24,52.583333333333336,55.5,33,70,24,13.76983380210406,0.0,0,24,6.300000000000001,11.2,24,-0.4339499788979689,1.0752497755264272,1011.4291666666667,1.0,24,0.375,24,1.0,1.0,1.0,1.0,1.0,0.0,0,0,158.02195155647007
2024-10-14,23.233333333333334,16.4,30.8,24,54.666666666666664,56.5,31,76,24,13.135009760835628,0.3,1,24,9.237499999999999,22.3,24,3.2816516882537905,-3.6614584992366503,1012.3625000000001,0.39999999999997726,24,0.3333333333333333,24,1.0,1.0,1.0,1.0,1.0,0.3,1,1,318.13111264488236
2024-10-15,23.879166666666666,18.0,31.0,24,52.125,51.0,32,75,24,12.832273135480941,0.0,0,24,7.895833333333333,14.8,24,0.2071945518255233,-0.33849942876206485,1011.2375000000001,-0.7999999999999545,24,0.0,24,1.0,1.0,1.0,1.0,1.0,0.0,0,0,328.529316366671
2024-10-16,24.395833333333332,18.5,30.8,24,51.458333333333336,55.0,31,69,24,13.114841137774349,0.0,0,24,7.295833333333333,14.8,24,-3.3019959992108245,0.31128449720175316,1009.6541666666667,0.8000000000000682,24,0.6666666666666666,24,1.0,1.0,1.0,1.0,1.0,0.0,0,0,95.38544958590785
2024-10-17,24.8125,20.4,30.5,24,51.458333333333336,54.0,31,69,24,13.520165567786256,0.0,0,24,8.391666666666667,11.2,24,-1.5985518697649244,-0.507826653596616,1010.8583333333332,1.0,24,0.7916666666666666,24,1.0,1.0,1.0,1.0,1.0,0.0,0,0,72.37603084695252
2024-10-18,24.366666666666664,19.6,30.5,24,55.583333333333336,58.0,34,74,24,14.410300425212972,0.0,0,24,7.825,11.2,24,-1.0904408084849517,-1.4864841178798216,1011.2125,1.0,24,1.4166666666666667,24,1.0,1.0,1.0,1.0,1.0,0.0,0,0,36.26267105426086
2024-10-19,24.204166666666666,19.0,30.8,24,56.416666666666664,59.5,34,73,24,14.511865754239215,0.0,0,24,5.625,9.3,24,-0.3171681502213081,1.4366419188678263,1011.4625,0.0,24,0.5833333333333334,24,1.0,1.0,1.0,1.0,1.0,0.0,0,0,167.55048010574762
2024-10-20,23.9875,19.0,29.8,24,59.083333333333336,65.5,40,74,24,15.127929926382954,0.0,0,24,6.670833333333333,10.8,24,-4.416178885482562,2.7712779773555014,1012.5833333333334,2.5,24,0.7916666666666666,24,1.0,1.0,1.0,1.0,1.0,0.0,0,0,122.10944147908782
2024-10-21,23.920833333333334,18.6,29.5,24,61.125,62.5,44,76,24,15.683659362392055,0.0,0,24,6.2749999999999995,11.2,24,-1.4243737700084846,0.2012674865130557,1013.3000000000001,-0.2999999999999545,24,1.0416666666666667,24,1.0,1.0,1.0,1.0,1.0,0.0,0,0,98.04278695800957
2024-10-22,24.0625,19.5,29.5,24,59.541666666666664,56.5,43,77,24,15.345014271101398,0.0,0,24,7.054166666666667,22.0,24,-0.41910409872264925,-2.1885905121375497,1014.4499999999999,1.2999999999999545,24,1.625,24,1.0,1.0,1.0,1.0,1.0,0.0,0,0,10.840616032531557
2024-10-23,23.266666666666666,19.4,28.0,24,61.083333333333336,63.0,44,78,24,15.044645705383742,0.0,0,24,8.9,14.8,24,4.30957673676312,-1.8099591475016341,1014.85,0.39999999999997726,24,2.4583333333333335,24,1.0,1.0,1.0,1.0,1.0,0.0,0,0,292.7816928112979
2024-10-24,23.09583333333333,18.3,29.5,24,59.583333333333336,63.5,39,83,24,14.392967174591043,0.0,0,24,10.075000000000001,25.9,24,4.149340432626196,-3.0108766553718453,1013.8125,-1.6999999999999318,24,2.25,24,1.0,1.0,1.0,1.0,1.0,0.0,0,0,305.96568121779086
2024-10-25,22.883333333333336,17.1,30.5,24,56.375,60.0,34,73,24,13.141380473906134,0.0,0,24,7.370833333333334,18.5,24,5.38871215780576,-1.6455698545245327,1012.1208333333334,-0.7000000000000455,24,0.7083333333333334,24,1.0,1.0,1.0,1.0,1.0,0.0,0,0,286.98128214784845
2024-10-26,23.258333333333336,16.5,32.0,24,56.5,59.5,35,75,24,13.502079382744261,0.0,0,24,6.045833333333333,11.2,24,-0.06952212341129775,-1.0231443667163451,1011.1708333333332,-0.6000000000000227,24,0.08333333333333333,24,1.0,1.0,1.0,1.0,1.0,0.0,0,0,3.8872428962444587
2024-10-27,22.995833333333334,17.0,29.5,24,59.375,61.5,39,77,24,14.214211417342783,0.0,0,24,7.220833333333334,13.0,24,-5.308235894516111,0.11091536297462885,1010.4916666666667,-0.8000000000000682,24,1.9583333333333333,24,1.0,1.0,1.0,1.0,1.0,0.0,0,0,91.19701868755135
2024-10-28,23.041666666666668,18.5,28.5,24,63.375,68.5,44,76,24,15.474097289798245,0.0,0,24,10.0,16.7,24,-7.087351138144732,-2.5419651499638953,1009.3958333333334,0.3000000000000682,24,4.208333333333333,24,1.0,1.0,1.0,1.0,1.0,0.0,0,0,70.269007272581
2024-10-29,22.883333333333336,19.2,28.0,24,67.125,70.0,52,78,24,16.299014306908163,29.099999999999998,15,24,12.633333333333333,29.5,24,-5.272504717189829,-4.952933593209436,1010.9458333333333,1.5,24,5.583333333333333,24,1.0,1.0,1.0,1.0,1.0,29.099999999999998,15,1,46.79005714041767
2024-10-30,22.275000000000002,18.0,28.0,24,65.91666666666667,65.0,44,87,24,15.152119212586053,0.0,0,24,11.3125,29.5,24,1.42946525712808,-4.9102748777717355,1012.8416666666667,2.2999999999999545,24,3.5833333333333335,24,1.0,1.0,1.0,1.0,1.0,0.0,0,0,343.76881582687383
2024-10-31,21.791666666666668,16.5,30.5,24,60.166666666666664,62.5,36,82,24,13.099644601702684,0.0,0,24,10.387500000000001,29.5,24,8.088138435408473,-4.934358795256009,1013.775,-1.1999999999999318,24,0.5416666666666666,24,1.0,1.0,1.0,1.0,1.0,0.0,0,0,301.38625948565254
2024-11-01,21.1375,15.0,30.0,24,59.5,63.0,36,80,24,12.362267381221365,0.0,0,24,7.858333333333333,18.4,24,2.565461057711703,-3.6969821929000317,1013.4291666666667,1.900000000000091,24,2.0,24,1.0,1.0,1.0,1.0,1.0,0.0,0,0,325.241910438956
2024-11-02,20.941666666666666,14.4,29.0,24,59.083333333333336,62.5,37,78,24,12.076703554331806,0.0,0,24,5.516666666666667,11.2,24,-0.3702240541887781,0.0012586909902840967,1014.0875,2.199999999999932,24,1.6666666666666667,24,1.0,1.0,1.0,1.0,1.0,0.0,0,0,90.19479394377049
2024-11-03,20.991666666666667,15.1,29.0,24,58.0,61.0,34,77,24,11.814398330440376,0.0,0,24,6.2,14.8,24,0.5505837592917183,-0.5882310818311134,1015.7333333333332,1.5,24,0.9583333333333334,24,1.0,1.0,1.0,1.0,1.0,0.0,0,0,316.89341353384793
2024-11-04,20.995833333333334,15.2,29.0,24,57.75,60.5,29,76,24,11.809852329834952,0.0,0,24,5.970833333333334,22.0,24,3.0450612165033815,-1.0584032962719598,1013.6666666666666,-2.1000000000000227,24,0.5833333333333334,24,1.0,1.0,1.0,1.0,1.0,0.0,0,0,289.1664444696189
2024-11-05,21.108333333333334,15.9,28.0,24,59.916666666666664,62.5,42,75,24,12.737596335590533,0.0,0,24,5.275,10.8,24,-3.1989461414748805,1.2644565431401136,1015.8416666666667,3.7999999999999545,24,1.5416666666666667,24,1.0,1.0,1.0,1.0,1.0,0.0,0,0,111.56754162084871
2024-11-06,21.416666666666668,16.3,28.0,24,62.625,65.0,43,77,24,13.689751550645127,0.0,0,24,5.291666666666667,7.6,24,0.4017483702550331,1.404599637988334,1015.9625,-1.2999999999999545,24,1.8333333333333333,24,1.0,1.0,1.0,1.0,1.0,0.0,0,0,195.9617690647538
2024-11-07,20.912499999999998,16.2,27.2,24,62.916666666666664,67.5,44,77,24,13.283922396283424,0.0,0,24,5.1375,9.3,24,-3.471147049963474,0.7185024540876315,1015.4333333333334,0.7000000000000455,24,2.1666666666666665,24,1.0,1.0,1.0,1.0,1.0,0.0,0,0,101.6946574354875
2024-11-08,20.925,16.6,26.0,24,66.16666666666667,65.5,51,86,24,14.170183747711393,0.0,0,24,3.7125000000000004,7.2,24,-0.7921401401725467,0.4276617418353756,1015.3291666666668,-0.2999999999999545,24,2.5,24,1.0,1.0,1.0,1.0,1.0,0.0,0,0,118.36378568135882
2024-11-09,20.616666666666667,15.9,26.0,24,65.58333333333333,70.5,47,77,24,13.723647912652227,0.0,0,24,3.516666666666667,7.6,24,-1.3374519078290659,0.9410430730100968,1015.5416666666666,0.8000000000000682,24,2.0833333333333335,24,1.0,1.0,1.0,1.0,1.0,0.0,0,0,125.13056024257372
2024-11-10,20.474999999999998,16.9,26.0,24,70.33333333333333,75.5,49,85,24,14.66381813531541,0.0,0,24,5.279166666666667,7.6,24,-2.2448822104992967,-0.005871793677014847,1015.7458333333334,0.3000000000000682,24,2.8333333333333335,24,1.0,1.0,1.0,1.0,1.0,0.0,0,0,89.8501354649868
2024-11-11,18.8,16.4,22.6,24,74.25,73.0,61,86,24,14.036911433002922,7.999999999999999,4,24,9.995833333333334,22.0,24,-0.6656008642295502,-5.388260609031994,1015.8666666666667,0.10000000000002274,24,4.375,24,1.0,1.0,1.0,1.0,1.0,7.999999999999999,4,1,7.0419574874185855
2024-11-12,18.662499999999998,14.3,24.0,24,69.70833333333333,73.0,49,85,24,12.75200526352287,0.0,0,24,6.5375000000000005,14.8,24,5.426982144763072,-1.4704604957413798,1016.1208333333334,-0.39999999999997726,24,1.9583333333333333,24,1.0,1.0,1.0,1.0,1.0,0.0,0,0,285.160489166656
2024-11-13,18.25,13.3,24.5,24,64.75,66.0,35,84,24,11.000646409582394,0.0,0,24,4.016666666666667,7.4,24,0.9781010325934268,0.030498303410907607,1013.9958333333334,-0.20000000000004547,24,2.875,24,1.0,1.0,1.0,1.0,1.0,0.0,0,0,268.21403104498063
2024-11-14,18.054166666666667,14.8,22.5,24,66.45833333333333,71.0,50,80,24,11.522921364695668,0.2,1,24,4.754166666666667,11.1,24,0.01638777082165066,-1.4343439247459173,1016.3291666666668,2.7999999999999545,24,4.708333333333333,24,1.0,1.0,1.0,1.0,1.0,0.2,1,1,359.3454085628678
2024-11-15,17.783333333333335,14.5,23.5,24,68.08333333333333,69.0,48,84,24,11.595097795321811,0.4,1,24,10.404166666666667,29.5,24,7.726197091241677,-4.680210615659707,1016.2583333333333,-2.300000000000068,24,6.041666666666667,24,1.0,1.0,1.0,1.0,1.0,0.4,1,1,301.2057473303041
2024-11-16,17.020833333333332,14.0,21.1,24,67.16666666666667,70.0,50,84,24,10.673655268719168,0.0,0,24,9.683333333333334,14.8,24,7.859631047397852,-4.501902162205974,1015.4875000000001,0.3000000000000682,24,3.4166666666666665,24,1.0,1.0,1.0,1.0,1.0,0.0,0,0,299.8035626049891
2024-11-17,16.479166666666668,11.5,24.0,24,62.083333333333336,63.0,38,83,24,8.640494365228902,0.0,0,24,6.895833333333333,18.4,24,6.053865330666304,-2.6123744067580748,1016.2375000000001,0.0,24,0.75,24,1.0,1.0,1.0,1.0,1.0,0.0,0,0,293.34124706334217
2024-11-18,15.512500000000001,10.1,22.3,24,58.5,61.0,34,79,24,6.753910540634021,0.0,0,24,4.920833333333333,14.8,24,4.188590397375326,-0.9786325390248661,1016.7916666666666,1.2000000000000455,24,2.2083333333333335,24,1.0,1.0,1.0,1.0,1.0,0.0,0,0,283.15081797042023
2024-11-19,15.2875,9.6,23.0,24,55.75,56.5,31,76,24,5.831157849686794,0.0,0,24,4.991666666666667,14.8,24,3.3094809462626777,-1.4664844066370277,1018.1583333333333,0.8999999999999773,24,0.7916666666666666,24,1.0,1.0,1.0,1.0,1.0,0.0,0,0,293.89890479607675
2024-11-20,15.2875,9.3,23.0,24,53.5,56.5,26,73,24,5.12391990630744,0.0,0,24,4.683333333333334,13.0,24,2.804927071556449,-1.2596942772312711,1016.7916666666666,-1.5,24,0.9583333333333334,24,1.0,1.0,1.0,1.0,1.0,0.0,0,0,294.1848743795324
2024-11-21,15.791666666666666,10.6,23.0,24,54.041666666666664,57.5,30,70,24,5.8937021330503585,0.0,0,24,4.916666666666667,11.1,24,2.87204311604922,-1.108535248284828,1016.35,-0.5,24,0.625,24,1.0,1.0,1.0,1.0,1.0,0.0,0,0,291.10531396231613
2024-11-22,15.9375,10.5,23.0,24,56.375,60.0,35,76,24,6.7466791388861225,0.0,0,24,3.579166666666667,10.8,24,-0.6162830349132365,0.715771676103274,1015.8041666666667,0.1999999999999318,24,1.25,24,1.0,1.0,1.0,1.0,1.0,0.0,0,0,139.27138256698646
2024-11-23,16.224999999999998,11.5,22.0,24,61.458333333333336,64.5,41,77,24,8.528888258826607,6.3,7,24,7.358333333333333,22.0,24,-2.1858839601511137,-1.1457820902888973,1016.8249999999999,1.6000000000000227,24,4.333333333333333,24,1.0,1.0,1.0,1.0,1.0,6.3,7,1,62.33767008151676
2024-11-24,16.958333333333332,12.6,23.5,24,60.875,63.0,35,80,24,8.859374604540365,0.5,1,24,9.375,18.4,24,4.016614558074314,-4.505453549787355,1017.75,-1.0,24,2.25,24,1.0,1.0,1.0,1.0,1.0,0.5,1,1,318.28297686752126
2024-11-25,15.854166666666666,10.9,23.5,24,58.708333333333336,62.5,32,83,24,7.121491743386205,0.0,0,24,5.1000000000000005,14.8,24,2.343219033877055,-1.0568530067136288,1016.9,-0.5,24,0.75,24,1.0,1.0,1.0,1.0,1.0,0.0,0,0,294.27661865900427
2024-11-26,14.966666666666667,9.6,22.5,24,58.875,63.5,30,82,24,6.183289561041693,0.0,0,24,5.3625,13.0,24,1.0886256906474903,-2.1220593644926944,1016.5375,0.40000000000009095,24,0.2916666666666667,24,1.0,1.0,1.0,1.0,1.0,0.0,0,0,332.84197896069077
2024-11-27,14.533333333333333,9.0,22.0,24,55.166666666666664,60.0,26,75,24,4.783024520847408,0.0,0,24,3.7458333333333336,10.8,24,-1.2805780036374927,-1.8449028190225363,1016.2291666666666,1.0,24,0.125,24,1.0,1.0,1.0,1.0,1.0,0.0,0,0,34.76516369975707
2024-11-28,14.204166666666666,8.7,21.2,24,56.375,60.0,32,76,24,4.945204447704275,0.0,0,24,5.558333333333334,36.7,24,-2.0683898536380023,-2.354524958878756,1018.1374999999999,1.7999999999999545,24,2.2083333333333335,24,1.0,1.0,1.0,1.0,1.0,0.0,0,0,41.29847731648715
2024-11-29,14.375,10.3,21.0,24,57.625,57.0,34,76,24,5.746695576635354,0.0,0,24,6.3625,29.5,24,4.2288122036183875,-2.7144137091934675,1019.3333333333334,-0.10000000000002274,24,5.416666666666667,24,1.0,1.0,1.0,1.0,1.0,0.0,0,0,302.69582162436535
2024-11-30,15.120833333333332,10.5,22.5,24,56.166666666666664,59.0,27,75,24,5.93880592484629,0.0,0,24,6.820833333333333,18.4,24,3.7473301371249055,-1.0920980228191677,1017.4041666666667,-2.699999999999932,24,3.0416666666666665,24,1.0,1.0,1.0,1.0,1.0,0.0,0,0,286.2478986922554
2024-12-01,14.754166666666668,9.2,21.0,24,58.625,60.5,37,77,24,6.193656111379139,0.0,0,24,3.829166666666667,7.4,24,0.9608026509483656,-0.30135814951111883,1015.4125,-1.2999999999999545,24,1.9166666666666667,24,1.0,1.0,1.0,1.0,1.0,0.0,0,0,287.414163196002
2024-12-02,15.645833333333334,10.5,23.0,24,56.458333333333336,58.5,28,82,24,6.382427193798506,0.0,0,24,5.520833333333333,10.8,24,2.2680274388139363,-1.4050476574649415,1015.8958333333334,2.7999999999999545,24,3.5416666666666665,24,1.0,1.0,1.0,1.0,1.0,0.0,0,0,301.7782998859724
2024-12-03,16.091666666666665,11.7,22.0,24,52.333333333333336,51.5,29,70,24,5.795522710203116,0.0,0,24,10.629166666666666,22.3,24,7.849435443446661,-4.4271499675388135,1018.7125,1.6000000000000227,24,3.2083333333333335,24,1.0,1.0,1.0,1.0,1.0,0.0,0,0,299.423376940605
2024-12-04,14.858333333333334,9.5,22.0,24,50.291666666666664,49.5,26,75,24,3.6998789605904743,0.0,0,24,9.616666666666667,22.3,24,6.063870779921611,-4.047733347307888,1017.3916666666668,-3.199999999999932,24,0.375,24,1.0,1.0,1.0,1.0,1.0,0.0,0,0,303.72376110135315
2024-12-05,13.404166666666667,7.8,21.1,24,50.208333333333336,49.0,23,74,24,2.324337855523546,0.0,0,24,6.891666666666667,20.4,24,4.73792073726654,-0.5442979910284615,1015.725,0.10000000000002274,24,0.5833333333333334,24,1.0,1.0,1.0,1.0,1.0,0.0,0,0,276.55347807213957
2024-12-06,12.629166666666668,6.7,20.5,24,48.625,48.5,20,80,24,0.8645590026949366,0.0,0,24,10.137500000000001,29.5,24,7.01262265066148,-3.8977161976043138,1015.2291666666666,-1.6999999999999318,24,0.5416666666666666,24,1.0,1.0,1.0,1.0,1.0,0.0,0,0,299.0659329125752
2024-12-07,12.066666666666668,6.5,19.0,24,50.875,55.0,26,73,24,1.5243497556186771,0.0,0,24,5.1875,10.8,24,-3.4670374317715567,0.29822208768614816,1013.7833333333333,0.20000000000004547,24,2.5416666666666665,24,1.0,1.0,1.0,1.0,1.0,0.0,0,0,94.91627578793674
2024-12-08,11.058333333333332,7.9,17.0,24,57.166666666666664,59.5,38,71,24,2.6298227826702663,0.0,0,24,9.558333333333334,18.4,24,-1.3238878726648788,-5.831209573571486,1014.9083333333333,0.0,24,5.208333333333333,24,1.0,1.0,1.0,1.0,1.0,0.0,0,0,12.791306218559782
2024-12-09,9.629166666666666,5.0,16.5,24,58.083333333333336,62.0,27,78,24,1.1858203245957666,0.0,0,24,5.829166666666667,11.1,24,1.4348920580709226,-3.675102756607036,1018.275,8.100000000000023,24,1.375,24,1.0,1.0,1.0,1.0,1.0,0.0,0,0,338.67254149870803
2024-12-10,9.433333333333334,4.0,15.8,24,54.416666666666664,56.0,28,74,24,0.05478593554003391,0.0,0,24,6.2250000000000005,18.4,24,5.051942031511019,-1.2700390452208616,1020.8541666666666,-1.7000000000000455,24,2.7916666666666665,24,1.0,1.0,1.0,1.0,1.0,0.0,0,0,284.11150956650124
2024-12-11,9.958333333333334,5.1,16.4,24,55.166666666666664,59.0,31,75,24,0.7979426174696171,0.0,0,6,5.2124999999999995,11.1,24,2.7067866503679863,-1.4881493260152638,1019.85,-2.3999999999999773,24,3.375,24,1.0,1.0,1.0,1.0,0.25,,,,298.80131292164776
2024-12-12,10.370833333333334,5.0,17.5,24,52.916666666666664,56.5,27,78,24,0.4726042825571825,,,0,6.458333333333333,20.4,24,4.83379985584567,0.053646774411878644,1019.5875,0.39999999999997726,24,1.4583333333333333,24,1.0,1.0,1.0,1.0,0.0,,,,269.36414256680564
2024-12-13,10.674999999999999,4.7,18.5,24,51.208333333333336,54.0,22,77,24,-0.01658171657182797,0.0,0,3,8.216666666666667,33.5,24,5.53630912422976,-2.123320728276546,1021.3874999999999,0.2999999999999545,24,1.7916666666666667,24,1.0,1.0,1.0,1.0,0.125,,,,290.98313765845745
2024-12-14,10.441666666666666,5.0,19.0,24,51.458333333333336,56.0,23,71,24,-0.032761814482662625,0.0,0,24,3.8125,7.6,24,2.459259594595007,-1.4192685160549416,1020.2875,0.1999999999999318,24,3.2916666666666665,24,1.0,1.0,1.0,1.0,1.0,0.0,0,0,299.989765198427
2024-12-15,10.420833333333333,5.0,18.0,24,54.25,58.5,28,73,24,0.8161711303289989,0.0,0,24,3.8083333333333336,7.6,24,-0.7669669857140273,-0.5301083843918576,1020.775,0.8999999999999773,24,5.458333333333333,24,1.0,1.0,1.0,1.0,1.0,0.0,0,0,55.34874221721452
2024-12-16,10.595833333333333,5.0,19.0,24,53.291666666666664,56.0,23,73,24,0.6388094836299457,0.0,0,24,3.4375,9.3,24,1.1655943179611474,-0.04815175628414714,1019.75,-2.099999999999909,24,2.2916666666666665,24,1.0,1.0,1.0,1.0,1.0,0.0,0,0,272.3655954222347
2024-12-17,10.466666666666667,4.5,19.5,24,51.166666666666664,54.5,21,71,24,-0.09412667676187016,0.0,0,24,4.025,9.3,24,1.5428497613205623,-0.5814408515964383,1019.0041666666666,2.2999999999999545,24,0.7083333333333334,24,1.0,1.0,1.0,1.0,1.0,0.0,0,0,290.64950038973933
2024-12-18,10.091666666666667,5.0,17.3,24,53.958333333333336,58.5,29,73,24,0.5332703357058185,0.0,0,24,2.5083333333333333,7.2,24,0.7574531603402505,-0.6708315695325533,1018.3083333333334,-3.1000000000000227,24,4.291666666666667,24,1.0,1.0,1.0,1.0,1.0,0.0,0,0,311.52941741782945
2024-12-19,9.729166666666666,1.5,18.0,24,56.166666666666664,57.5,28,83,24,0.5192322897852186,0.0,0,24,4.366666666666666,10.8,24,-0.2570081696939249,-0.9566723511898045,1017.7958333333332,2.5,24,0.9166666666666666,24,1.0,1.0,1.0,1.0,1.0,0.0,0,0,15.037353230051963
2024-12-20,9.833333333333334,3.0,17.0,24,57.5,63.5,34,84,24,1.1244202191776538,0.0,0,24,4.104166666666667,7.4,24,-0.047743856906890904,-0.5744002230465413,1019.6791666666667,0.0,24,0.20833333333333334,24,1.0,1.0,1.0,1.0,1.0,0.0,0,0,4.7514739818913085
2024-12-21,9.754166666666666,2.5,17.0,24,57.791666666666664,57.5,33,83,24,1.073635628874291,0.0,0,24,4.283333333333333,10.8,24,1.2112384230331097,-0.08107421739647779,1018.3208333333333,0.7000000000000455,24,2.625,24,1.0,1.0,1.0,1.0,1.0,0.0,0,0,273.82937965509666
2024-12-22,10.479166666666666,5.5,17.0,24,56.25,60.0,26,78,24,1.6190973553778791,0.0,0,24,3.5833333333333335,7.6,24,-1.1185454606280616,0.8089405955125889,1017.0833333333334,-1.6000000000000227,24,5.375,24,1.0,1.0,1.0,1.0,1.0,0.0,0,0,125.87474042542044
2024-12-23,10.158333333333333,5.5,15.0,24,60.458333333333336,64.0,38,77,24,2.460876976774011,0.0,0,24,6.533333333333334,22.3,24,-4.934940339500706,-1.6457019998331024,1019.0833333333334,5.099999999999909,24,5.208333333333333,24,1.0,1.0,1.0,1.0,1.0,0.0,0,0,71.55750836661991
2024-12-24,10.079166666666667,4.5,16.1,24,61.166666666666664,62.0,38,85,24,2.4628512362858808,0.0,0,24,5.591666666666666,14.8,24,4.100867130855719,-1.0094084109762838,1020.8333333333334,1.7999999999999545,24,0.9166666666666666,24,1.0,1.0,1.0,1.0,1.0,0.0,0,0,283.8281792856479
2024-12-25,10.5375,4.5,19.0,24,57.458333333333336,58.5,25,85,24,1.4640339228191392,0.0,0,24,6.291666666666667,22.0,24,3.9558729184123735,-2.5676595450962116,1022.2875,2.0,24,0.9583333333333334,24,1.0,1.0,1.0,1.0,1.0,0.0,0,0,302.98660800499357
2024-12-26,10.729166666666666,4.0,19.0,24,52.916666666666664,54.5,23,77,24,0.6004731886941804,0.0,0,24,4.066666666666667,14.8,24,1.035594622433175,0.00029273866240227725,1023.1208333333334,-0.09999999999990905,24,1.0416666666666667,24,1.0,1.0,1.0,1.0,1.0,0.0,0,0,269.9838038079323
2024-12-27,10.808333333333332,5.5,17.1,24,56.041666666666664,62.0,35,72,24,1.8957724021229974,0.0,0,24,6.4624999999999995,22.3,24,-3.3989972824702765,0.9539710442069916,1021.875,-1.5,24,2.0,24,1.0,1.0,1.0,1.0,1.0,0.0,0,0,105.67743878428229
2024-12-28,10.466666666666667,5.5,16.0,24,67.08333333333333,71.0,44,86,24,4.2657604475841415,0.0,0,24,5.370833333333334,9.3,24,1.2035182137352727,1.7930243477225305,1021.8208333333333,2.900000000000091,24,2.2083333333333335,24,1.0,1.0,1.0,1.0,1.0,0.0,0,0,213.87039926085401
2024-12-29,10.299999999999999,5.0,19.0,24,64.33333333333333,63.0,30,93,24,3.2452424946251086,0.0,0,24,5.220833333333333,18.4,24,3.9391175436476864,0.9648915377445517,1024.0375000000001,-0.09999999999990905,24,1.1666666666666667,24,1.0,1.0,1.0,1.0,1.0,0.0,0,0,256.23633748245663
2024-12-30,10.2875,4.5,18.5,24,59.041666666666664,59.5,25,85,24,1.7974913410081133,0.0,0,24,4.2124999999999995,9.3,24,0.3391266143205707,0.08925266017516457,1021.4166666666666,0.10000000000002274,24,1.375,24,1.0,1.0,1.0,1.0,1.0,0.0,0,0,255.25504443724856
2024-12-31,10.237499999999999,4.7,18.0,24,58.083333333333336,57.0,24,79,24,1.6350607676232622,0.0,0,24,4.2749999999999995,10.8,24,1.029831225326453,0.4694462370497005,1021.8458333333333,0.5,24,2.875,24,1.0,1.0,1.0,1.0,1.0,0.0,0,0,245.49423670708268
2025-01-01,10.229166666666666,4.0,17.0,24,63.875,62.5,30,86,24,3.0715502265232093,0.5,2,24,5.6000000000000005,13.0,24,3.212943646746377,0.3842369604307933,1020.7041666666668,1.2999999999999545,24,5.041666666666667,24,1.0,1.0,1.0,1.0,1.0,0.5,2,1,263.18036740286226
2025-01-02,12.166666666666666,8.6,18.0,24,61.125,64.0,39,75,24,4.591939188924245,0.30000000000000004,2,24,7.383333333333334,10.8,24,4.191078140213718,-0.0474364738625647,1019.7458333333334,0.1999999999999318,24,6.083333333333333,24,1.0,1.0,1.0,1.0,1.0,0.30000000000000004,2,1,270.6484712534825
2025-01-03,13.233333333333334,5.5,22.0,24,60.083333333333336,64.0,26,86,24,4.749459073510786,0.0,0,24,3.8958333333333335,7.6,24,0.7433636834224066,-1.5843140440446073,1019.8249999999999,-0.8999999999999773,24,4.25,24,1.0,1.0,1.0,1.0,1.0,0.0,0,0,334.8639255988497
2025-01-04,13.658333333333333,7.5,21.5,24,54.5,59.0,25,75,24,3.804917704068322,1.2,4,24,7.854166666666667,18.4,24,-2.8203537452345624,2.5025116242468353,1016.4458333333333,-0.5,24,3.0,24,1.0,1.0,1.0,1.0,1.0,1.2,4,1,131.58277776195837
2025-01-05,12.325000000000001,8.0,18.5,24,60.5,61.5,40,77,24,4.591572517297524,3.0,4,24,5.520833333333333,14.8,24,2.1380489856959453,2.110585024526399,1017.3541666666666,2.5,24,3.375,24,1.0,1.0,1.0,1.0,1.0,3.0,4,1,225.37036542637625
2025-01-06,12.083333333333334,8.0,19.0,24,57.5,57.5,34,78,24,3.531226218565749,7.2,7,24,7.8374999999999995,18.4,24,-0.07921177701403709,-5.008411029845392,1019.9958333333334,1.2999999999999545,24,3.3333333333333335,24,1.0,1.0,1.0,1.0,1.0,7.2,7,1,0.9061001829334145
2025-01-07,11.529166666666667,6.2,18.5,24,54.916666666666664,54.0,29,79,24,1.9197311352993782,0.0,0,24,9.770833333333334,36.7,24,7.930470207768182,-2.1605864936682346,1019.8791666666666,-2.7999999999999545,24,0.5833333333333334,24,1.0,1.0,1.0,1.0,1.0,0.0,0,0,285.23985938592534
2025-01-08,11.3375,4.5,20.0,24,49.25,49.0,21,78,24,-0.19250487367468863,0.0,0,24,9.487499999999999,29.5,24,6.608195447176695,-4.005373101277898,1016.6708333333332,-0.8999999999999773,24,0.8333333333333334,24,1.0,1.0,1.0,1.0,1.0,0.0,0,0,301.2209782675683
2025-01-09,11.391666666666666,4.8,21.0,24,47.458333333333336,47.0,18,73,24,-0.48388985246089344,0.0,0,24,6.054166666666667,14.8,24,4.202994700645408,-0.18530121323763635,1019.0625,4.2000000000000455,24,0.7083333333333334,24,1.0,1.0,1.0,1.0,1.0,0.0,0,0,272.52441588257335
2025-01-10,11.141666666666666,4.0,20.5,24,46.291666666666664,49.5,15,69,24,-1.394241916479352,0.0,0,24,4.829166666666667,10.8,24,0.9004806734000642,-0.044330530895692534,1020.9458333333333,-0.7000000000000455,24,2.1666666666666665,24,1.0,1.0,1.0,1.0,1.0,0.0,0,0,272.8183873935167
2025-01-11,10.608333333333333,5.9,17.0,24,56.375,56.5,38,76,24,1.9807753541575013,0.0,0,24,5.354166666666667,11.2,24,-2.169530264839588,3.1421477556073416,1020.7791666666667,1.2000000000000455,24,6.041666666666667,24,1.0,1.0,1.0,1.0,1.0,0.0,0,0,145.37643696506802
2025-01-12,11.362499999999999,0.9,18.5,24,61.083333333333336,57.0,29,100,24,3.2102278342001873,0.0,0,24,7.2,18.4,24,4.397216682782565,-0.6999804660622234,1022.5958333333333,2.800000000000068,24,2.9583333333333335,24,1.0,1.0,1.0,1.0,1.0,0.0,0,0,279.0448617476409
2025-01-13,10.504166666666666,4.0,18.0,24,55.125,57.5,28,77,24,1.1657396919774634,0.0,0,24,7.745833333333334,20.4,24,3.985828093326003,-1.0829020775023557,1021.9041666666667,-2.5,24,0.75,24,1.0,1.0,1.0,1.0,1.0,0.0,0,0,285.1996861137605
2025-01-14,10.308333333333334,5.0,18.0,24,55.75,54.0,28,79,24,1.1117999632428561,0.0,0,24,4.3,11.2,24,1.502991712698713,0.29880238041097296,1020.4875000000001,2.5,24,4.833333333333333,24,1.0,1.0,1.0,1.0,1.0,0.0,0,0,258.755913541478
2025-01-15,11.279166666666667,5.0,20.0,24,50.125,51.5,19,78,24,0.06360148661997536,0.0,0,24,3.8125,10.8,24,1.1599930578842759,0.4946513576433063,1021.5291666666667,-1.7000000000000455,24,1.5416666666666667,24,1.0,1.0,1.0,1.0,1.0,0.0,0,0,246.9053330919973
2025-01-16,10.825000000000001,6.0,16.5,24,56.75,58.0,40,72,24,2.34962324527979,0.2,1,24,8.225,37.1,24,-5.834236444067263,2.412484754220682,1022.5166666666668,7.900000000000091,24,4.083333333333333,24,1.0,1.0,1.0,1.0,1.0,0.2,1,1,112.46532912201417
2025-01-17,10.533333333333333,4.0,17.0,24,56.833333333333336,57.0,30,78,24,1.7120538521200774,0.0,0,24,7.5125,18.5,24,5.8813837259495365,-1.0487419880502113,1023.8583333333332,-6.399999999999977,24,4.541666666666667,24,1.0,1.0,1.0,1.0,1.0,0.0,0,0,280.1104615620122
2025-01-18,11.520833333333334,7.7,17.1,24,55.0,58.0,32,74,24,2.3614104943790752,0.0,0,24,4.216666666666667,9.3,24,-1.4372958874950807,1.0911189701408148,1019.6374999999999,-0.09999999999990905,24,6.375,24,1.0,1.0,1.0,1.0,1.0,0.0,0,0,127.2038444806517
2025-01-19,10.795833333333334,6.5,14.8,24,57.5,60.0,36,76,24,2.3708530859197228,1.2999999999999998,5,24,4.608333333333333,9.3,24,1.8688138125178346,-2.123710611418737,1019.6750000000001,0.8999999999999773,24,6.166666666666667,24,1.0,1.0,1.0,1.0,1.0,1.2999999999999998,5,1,318.6530062162004
2025-01-20,11.6625,7.0,16.4,24,58.166666666666664,58.5,40,80,24,3.281892819689634,1.1,4,24,10.454166666666667,36.7,24,8.62921892469207,-0.714706414049946,1018.9166666666666,-0.7999999999999545,24,5.166666666666667,24,1.0,1.0,1.0,1.0,1.0,1.1,4,1,274.73465898738755
2025-01-21,12.495833333333332,7.0,19.0,24,57.708333333333336,58.0,35,80,24,3.9066488655249914,0.0,0,24,9.770833333333334,25.9,24,8.65678064880519,-2.1834259077321954,1016.9208333333332,-0.5,24,2.875,24,1.0,1.0,1.0,1.0,1.0,0.0,0,0,284.1559742512775
2025-01-22,11.670833333333334,6.0,19.0,24,56.625,63.0,30,79,24,2.5628339943824074,0.0,0,24,9.295833333333333,18.5,24,5.8001152445872615,-3.169563039951026,1016.2833333333333,-0.10000000000002274,24,2.75,24,1.0,1.0,1.0,1.0,1.0,0.0,0,0,298.6550835543849
2025-01-23,12.295833333333334,6.0,20.0,24,49.5,47.0,29,73,24,1.224977717578233,0.0,0,24,11.241666666666667,29.5,24,8.916532425830761,-4.256961692854972,1017.9499999999999,2.199999999999932,24,0.9583333333333334,24,1.0,1.0,1.0,1.0,1.0,0.0,0,0,295.5209037185702
2025-01-24,13.133333333333333,6.0,22.0,24,39.708333333333336,34.5,11,68,24,-2.535647711469425,0.0,0,24,13.7125,29.6,24,9.821013416931963,-4.848547237606589,1017.5708333333333,-2.0,24,0.375,24,1.0,1.0,1.0,1.0,1.0,0.0,0,0,296.2751448747491
2025-01-25,12.5625,5.0,22.0,24,35.208333333333336,34.0,11,64,24,-4.232069981258992,0.0,0,24,10.545833333333333,29.5,24,8.283196487696841,-2.180874683060338,1016.5124999999999,-1.0,24,0.2916666666666667,24,1.0,1.0,1.0,1.0,1.0,0.0,0,0,284.75058892834414
2025-01-26,12.341666666666667,5.0,23.5,24,37.083333333333336,35.5,9,63,24,-3.5359289212706515,0.0,0,24,7.516666666666667,22.3,24,5.06315287935237,-1.5213939410323896,1015.8041666666667,-0.8000000000000682,24,0.5416666666666666,24,1.0,1.0,1.0,1.0,1.0,0.0,0,0,286.7246564412551
2025-01-27,12.433333333333332,5.5,21.1,24,36.875,32.5,13,60,24,-3.39810282946821,0.0,0,24,8.1,25.9,24,5.773287849376598,-1.1880330377893389,1014.6083333333332,-1.7999999999999545,24,0.5,24,1.0,1.0,1.0,1.0,1.0,0.0,0,0,281.62806379588574
2025-01-28,12.895833333333334,5.6,22.0,24,37.916666666666664,37.5,11,59,24,-2.318051728815888,0.0,0,24,5.383333333333333,7.6,24,-1.0309633129586777,1.4555869725358734,1013.4791666666666,-0.10000000000002274,24,2.9583333333333335,24,1.0,1.0,1.0,1.0,1.0,0.0,0,0,144.69081692977193
2025-01-29,13.991666666666667,10.9,18.1,24,47.833333333333336,47.5,36,59,24,2.921759854712958,0.8,4,24,10.416666666666666,16.7,24,-5.565265388165911,-4.0423749375376605,1015.3874999999999,2.7000000000000455,24,5.958333333333333,24,1.0,1.0,1.0,1.0,1.0,0.8,4,1,54.006921182546876
2025-01-30,13.679166666666667,8.0,21.0,24,48.708333333333336,49.5,24,71,24,2.1930777039932385,0.0,0,24,10.237499999999999,22.3,24,7.233522991339366,-6.043072967777255,1014.5625,-3.400000000000091,24,3.375,24,1.0,1.0,1.0,1.0,1.0,0.0,0,0,309.8762585488713
2025-01-31,14.270833333333334,8.7,21.5,24,45.0,44.5,22,69,24,1.5571351711903125,0.0,0,24,11.141666666666666,29.5,24,5.666308296263668,-7.951714996547758,1012.35,0.10000000000002274,24,3.6666666666666665,24,1.0,1.0,1.0,1.0,1.0,0.0,0,0,324.52672820519894
2025-02-01,13.108333333333334,9.8,18.0,24,56.75,58.0,36,70,24,4.484645988907732,0.0,0,24,13.404166666666667,36.7,24,-6.088709477086862,-9.664749440302453,1015.9833333333332,4.100000000000023,24,4.583333333333333,24,1.0,1.0,1.0,1.0,1.0,0.0,0,0,32.21057687654718
2025-02-02,13.170833333333334,6.0,21.0,24,54.375,52.5,27,80,24,3.319078503247258,0.0,0,24,8.604166666666666,22.2,24,6.9172588730851805,-2.8942069932818413,1018.2375000000001,-1.2999999999999545,24,1.0,24,1.0,1.0,1.0,1.0,1.0,0.0,0,0,292.70461673694206
2025-02-03,13.629166666666668,7.0,22.0,24,49.5,49.0,26,72,24,2.3767002173506957,0.0,0,24,8.841666666666667,22.3,24,-1.621675134004971,3.5170075462766435,1015.2333333333332,-0.20000000000004547,24,0.625,24,1.0,1.0,1.0,1.0,1.0,0.0,0,0,155.24580221626297
2025-02-04,13.520833333333334,9.0,20.0,24,50.833333333333336,49.0,25,75,24,2.856964914165966,0.0,0,24,10.908333333333333,22.3,24,3.525210373196751,-4.88418092859591,1016.85,0.6000000000000227,24,1.4166666666666667,24,1.0,1.0,1.0,1.0,1.0,0.0,0,0,324.1797253284409
2025-02-05,12.433333333333332,7.5,19.0,24,52.125,49.0,26,73,24,2.2463090090266493,0.1,1,24,9.379166666666666,25.9,24,3.9652685704898345,-1.3088323620458444,1017.5083333333333,3.2000000000000455,24,1.625,24,1.0,1.0,1.0,1.0,1.0,0.1,1,1,288.2667173255787
2025-02-06,12.658333333333333,6.5,19.0,24,46.041666666666664,44.0,23,72,24,0.3717128373013092,0.0,0,24,12.6875,33.1,24,8.501759968698025,-5.54347786566553,1020.5291666666667,-0.10000000000002274,24,1.0416666666666667,24,1.0,1.0,1.0,1.0,1.0,0.0,0,0,303.10591267298884
2025-02-07,13.091666666666667,6.7,20.0,24,43.083333333333336,40.5,18,72,24,-0.4217768560361123,0.0,0,24,12.162500000000001,33.1,24,7.962464296941956,-5.062533704536654,1018.8625000000001,-2.199999999999932,24,2.8333333333333335,24,1.0,1.0,1.0,1.0,1.0,0.0,0,0,302.4481950904158
2025-02-08,14.35,8.0,22.0,24,38.0,35.5,11,61,24,-1.5126010619705033,0.0,0,24,6.075,13.0,24,2.7554013224521725,0.0804865590222743,1016.8833333333333,0.0,24,5.0,24,1.0,1.0,1.0,1.0,1.0,0.0,0,0,268.3268392985008
2025-02-09,16.079166666666666,8.0,24.0,24,36.25,35.0,15,57,24,-0.13689363191949414,0.0,0,24,6.0625,9.3,24,2.5265608563506716,-1.1760933065786958,1015.9000000000001,-2.300000000000068,24,4.458333333333333,24,1.0,1.0,1.0,1.0,1.0,0.0,0,0,294.9615907508009
2025-02-10,16.325,13.0,22.0,24,38.541666666666664,39.5,20,50,24,1.7813913375356896,0.0,0,24,8.012500000000001,14.8,24,-2.1900022577804825,-2.0461460049574574,1015.1750000000001,1.2999999999999545,24,5.708333333333333,24,1.0,1.0,1.0,1.0,1.0,0.0,0,0,46.94497203218458
2025-02-11,15.508333333333333,11.7,20.2,24,46.916666666666664,50.0,30,64,24,3.734174442205909,0.6,3,24,13.487499999999999,29.5,24,3.612019554556658,-7.863991596525771,1016.5041666666666,0.39999999999997726,24,3.7083333333333335,24,1.0,1.0,1.0,1.0,1.0,0.6,3,1,335.33015036749276
2025-02-12,14.25,8.9,20.0,24,47.833333333333336,50.5,28,68,24,2.5317585917427827,0.0,0,24,12.2125,33.1,24,2.6889905775897205,-1.233048036787659,1017.5666666666666,2.300000000000068,24,1.0,24,1.0,1.0,1.0,1.0,1.0,0.0,0,0,294.63402376509566
2025-02-13,13.450000000000001,7.0,20.4,24,41.875,38.0,23,66,24,-0.24678303538522037,0.0,0,24,12.770833333333334,29.5,24,7.589171905753513,-3.6384038189736505,1017.3416666666667,-2.199999999999932,24,2.3333333333333335,24,1.0,1.0,1.0,1.0,1.0,0.0,0,0,295.6140095379993
2025-02-14,14.362499999999999,8.0,22.0,24,34.5,32.5,17,53,24,-2.102831745988016,0.0,0,24,10.1625,24.1,24,6.963730057681263,-4.713895567794907,1015.4125,-0.7000000000000455,24,3.9166666666666665,24,1.0,1.0,1.0,1.0,1.0,0.0,0,0,304.094898907685
2025-02-15,16.108333333333334,10.6,23.0,24,36.75,38.0,16,55,24,0.4280812009665161,0.0,0,24,8.591666666666667,22.3,24,4.597388087647657,-1.6301733385125263,1012.1625,0.39999999999997726,24,3.2083333333333335,24,1.0,1.0,1.0,1.0,1.0,0.0,0,0,289.52383694562144
2025-02-16,16.270833333333332,11.2,24.0,24,40.958333333333336,39.0,21,59,24,2.4123851922594173,0.7999999999999999,3,24,9.295833333333333,22.0,24,-3.45046715047955,-1.7620162299021127,1012.8583333333332,3.2999999999999545,24,4.333333333333333,24,1.0,1.0,1.0,1.0,1.0,0.7999999999999999,3,1,62.948407844336145
2025-02-17,16.458333333333332,11.0,24.0,24,45.833333333333336,44.0,26,65,24,4.198988570718858,1.1,2,24,8.770833333333334,14.8,24,2.2506296504444134,-3.8486543408402087,1017.6166666666667,2.5,24,2.25,24,1.0,1.0,1.0,1.0,1.0,1.1,2,1,329.6816074733051
2025-02-18,16.650000000000002,10.8,23.3,24,38.208333333333336,33.5,14,63,24,0.965942193034904,0.0,0,24,10.458333333333334,22.3,24,7.031245715678643,-2.8301158495402583,1016.875,-2.599999999999909,24,4.291666666666667,24,1.0,1.0,1.0,1.0,1.0,0.0,0,0,291.925061861718
2025-02-19,16.745833333333334,11.0,23.0,24,36.75,37.5,23,50,24,1.4305797290915863,0.6,1,24,10.208333333333334,22.0,24,7.049219549686561,-2.48308586123774,1013.5625,-3.7999999999999545,24,5.875,24,1.0,1.0,1.0,1.0,1.0,0.6,1,1,289.40479985039497
2025-02-20,13.066666666666668,11.0,15.1,24,63.125,62.0,46,83,24,6.078086812746211,25.799999999999997,18,24,17.554166666666667,33.1,24,-13.356965186446905,-0.2923596262330081,1015.2291666666666,8.599999999999909,24,6.625,24,1.0,1.0,1.0,1.0,1.0,25.799999999999997,18,1,88.74610002117663
2025-02-21,13.5375,8.0,20.0,24,64.33333333333333,65.5,39,87,24,6.37970761577749,0.0,0,24,8.908333333333333,18.5,24,5.752638325343529,-0.6238338131675057,1020.5666666666666,-1.0,24,4.583333333333333,24,1.0,1.0,1.0,1.0,1.0,0.0,0,0,276.1891451240212
2025-02-22,15.525,10.0,21.5,24,56.416666666666664,55.5,30,82,24,6.1212812598290105,0.0,0,24,11.520833333333334,33.1,24,8.5739826840187,-2.6335516597057422,1017.7583333333333,0.10000000000002274,24,3.0416666666666665,24,1.0,1.0,1.0,1.0,1.0,0.0,0,0,287.07466290218116
2025-02-23,16.341666666666665,10.0,23.0,24,50.125,47.5,25,76,24,4.891757261131357,0.0,0,24,8.508333333333333,18.5,24,4.2292810278486375,-3.808605090901255,1018.3874999999999,1.1999999999999318,24,1.6666666666666667,24,1.0,1.0,1.0,1.0,1.0,0.0,0,0,312.0040649395864
2025-02-24,17.333333333333332,10.5,25.0,24,44.916666666666664,42.0,20,70,24,4.149495436658742,0.0,0,24,11.216666666666667,25.6,24,6.549423812593012,-3.3299536781193653,1019.2041666666668,-0.8000000000000682,24,3.5416666666666665,24,1.0,1.0,1.0,1.0,1.0,0.0,0,0,296.95035897968785
2025-02-25,14.883333333333333,13.0,16.8,24,64.16666666666667,61.5,49,89,24,8.011179753100057,6.2,9,24,12.866666666666667,20.4,24,-7.455495401409766,-6.675042206964766,1020.6083333333332,1.7000000000000455,24,7.25,24,1.0,1.0,1.0,1.0,1.0,6.2,9,1,48.16132963010085
2025-02-26,15.595833333333333,12.9,20.0,24,76.125,74.5,60,94,24,11.271334490118457,25.5,14,24,17.458333333333332,24.1,24,-11.939815445337496,-0.39859414911233304,1019.3208333333333,-1.1999999999999318,24,7.291666666666667,24,1.0,1.0,1.0,1.0,1.0,25.5,14,1,88.08797009551631
2025-02-27,13.779166666666667,12.0,16.0,24,86.04166666666667,85.0,78,94,24,11.463337190085882,14.299999999999999,19,24,15.945833333333333,25.6,24,-7.747403413787495,-9.559132673879914,1016.2125,-5.100000000000023,24,7.5,24,1.0,1.0,1.0,1.0,1.0,14.299999999999999,19,1,39.02377690735722
2025-02-28,14.054166666666667,12.0,17.3,24,76.625,77.0,60,90,24,9.870837067218718,9.5,11,24,12.945833333333333,18.5,24,-11.272009802112976,-2.1649958402384337,1012.5958333333333,1.7999999999999545,24,6.333333333333333,24,1.0,1.0,1.0,1.0,1.0,9.5,11,1,79.12770014486426
2025-03-01,14.762500000000001,10.0,20.6,24,64.125,60.5,35,94,24,7.2803977545987735,0.1,1,24,9.987499999999999,22.2,24,5.85492146582365,-3.546598602924496,1017.0291666666667,1.8000000000000682,24,1.9583333333333333,24,1.0,1.0,1.0,1.0,1.0,0.1,1,1,301.2052416082493
2025-03-02,15.954166666666666,10.0,23.0,24,52.083333333333336,47.0,23,88,24,5.065758366373975,0.3,1,24,7.466666666666666,18.4,24,5.385161431382099,0.5117717666597271,1014.7791666666667,-4.899999999999977,24,2.0833333333333335,24,1.0,1.0,1.0,1.0,1.0,0.3,1,1,264.5712744293808
2025-03-03,13.104166666666666,10.0,14.9,24,74.45833333333333,72.0,53,94,24,8.533759210584686,44.1,21,24,20.400000000000002,33.1,24,-16.32692651591608,-1.7029806853272025,1013.5583333333334,1.8000000000000682,24,7.208333333333333,24,1.0,1.0,1.0,1.0,1.0,44.1,21,1,84.04529408493863
2025-03-04,12.933333333333332,8.0,18.1,24,63.583333333333336,62.0,41,87,24,5.66098437366639,0.0,0,24,13.770833333333334,29.5,24,6.629113835593064,-4.865451255052661,1016.8708333333334,7.099999999999909,24,3.0,24,1.0,1.0,1.0,1.0,1.0,0.0,0,0,306.27688114766283
2025-03-05,14.879166666666668,8.2,21.0,24,46.083333333333336,41.0,23,75,24,1.9964463060232296,0.0,0,24,18.770833333333332,37.1,24,15.912202794353169,-7.621994309358531,1017.1166666666667,-5.100000000000023,24,0.8333333333333334,24,1.0,1.0,1.0,1.0,1.0,0.0,0,0,295.5945648798572
2025-03-06,16.433333333333334,10.0,23.5,24,41.5,38.0,15,70,24,1.7007213193163884,0.0,0,24,10.454166666666667,22.3,24,8.262413797775904,-1.6865921356781948,1012.9708333333333,0.8999999999999773,24,1.2083333333333333,24,1.0,1.0,1.0,1.0,1.0,0.0,0,0,281.53718525286655
2025-03-07,17.420833333333334,11.0,25.0,24,40.625,40.5,17,65,24,2.7912937529997706,0.0,0,24,12.012500000000001,29.5,24,9.33861280333498,-4.6171929842353885,1011.9583333333334,-2.0,24,1.375,24,1.0,1.0,1.0,1.0,1.0,0.0,0,0,296.308692862052
2025-03-08,18.775000000000002,11.0,25.3,24,37.916666666666664,36.0,19,65,24,2.881761158068564,0.0,0,24,15.775,42.5,24,12.18606377542019,-8.899496534094215,1010.9041666666667,-1.2000000000000455,24,0.9583333333333334,24,1.0,1.0,1.0,1.0,1.0,0.0,0,0,306.14069917019134
2025-03-09,19.537499999999998,13.0,26.0,24,41.291666666666664,45.0,22,68,24,5.1785535537734315,0.0,0,24,8.137500000000001,14.8,24,-6.179429348309835,-0.35826106183140444,1013.4958333333334,5.0,24,4.541666666666667,24,1.0,1.0,1.0,1.0,1.0,0.0,0,0,86.68191135238163
2025-03-10,17.816666666666666,16.0,21.0,24,58.625,59.0,44,80,24,9.500475199140038,10.6,13,24,17.2625,24.1,24,-5.895477898108463,-8.668869348357555,1018.5083333333333,5.899999999999977,24,6.958333333333333,24,1.0,1.0,1.0,1.0,1.0,10.6,13,1,34.21862500227451
2025-03-11,18.816666666666666,14.3,24.5,24,61.791666666666664,60.0,39,85,24,10.793457814043043,0.0,0,24,9.533333333333333,16.7,24,5.9156545967740755,-1.5394643646363866,1017.475,-5.2999999999999545,24,5.291666666666667,24,1.0,1.0,1.0,1.0,1.0,0.0,0,0,284.58686361671994
2025-03-12,19.466666666666665,15.0,25.0,24,59.416666666666664,63.0,37,74,24,11.016828752588085,2.6000000000000005,4,24,11.716666666666667,16.7,24,1.4099226091677943,-2.5021862618625166,1012.3208333333333,-5.400000000000091,24,5.5,24,1.0,1.0,1.0,1.0,1.0,2.6000000000000005,4,1,330.5997721490351
2025-03-13,18.125,14.5,25.5,24,60.875,61.5,35,84,24,10.104376308767247,4.5,5,24,15.329166666666666,29.5,24,-9.930383678983954,-4.620673455471324,1009.7208333333333,0.7000000000000455,24,5.208333333333333,24,1.0,1.0,1.0,1.0,1.0,4.5,5,1,65.04712841257361
2025-03-14,16.766666666666666,14.0,20.5,24,59.375,59.5,40,72,24,8.608916496930489,2.3000000000000003,3,24,14.924999999999999,25.9,24,-9.700624772610647,-7.09353583224243,1012.4708333333333,2.2999999999999545,24,6.125,24,1.0,1.0,1.0,1.0,1.0,2.3000000000000003,3,1,53.824039100572634
2025-03-15,16.166666666666668,13.1,20.2,24,64.66666666666667,67.0,46,80,24,9.2578884109691,,,0,12.416666666666666,22.0,24,-9.415397201726835,-0.2224938636504531,1015.0625,3.199999999999932,24,5.333333333333333,24,1.0,1.0,1.0,1.0,0.0,,,,88.64630381670179
2025-03-16,18.158333333333335,12.2,24.5,24,55.75,53.0,27,84,24,8.284609718903148,,,0,10.541666666666666,22.3,24,4.035307405330241,-2.143130757140224,1014.6875,-3.0,24,2.5833333333333335,24,1.0,1.0,1.0,1.0,0.0,,,,297.9725386465955
2025-03-17,19.162499999999998,13.5,26.0,24,48.25,48.0,25,70,24,7.200979187820835,,,0,9.454166666666667,18.5,24,4.005621776729822,-0.4430925422257186,1013.8958333333334,1.7999999999999545,24,1.6666666666666667,24,1.0,1.0,1.0,1.0,0.0,,,,276.3122628446872
2025-03-18,20.108333333333334,14.0,27.0,24,43.458333333333336,43.5,20,64,24,6.2991141470856045,,,0,10.825000000000001,22.2,24,7.09754686690867,-2.0190409401702913,1013.4083333333333,0.1999999999999318,24,1.4583333333333333,24,1.0,1.0,1.0,1.0,0.0,,,,285.8794758070526
2025-03-19,20.529166666666665,14.9,28.0,24,42.958333333333336,45.0,23,62,24,6.73056028947963,,,0,11.541666666666666,36.7,24,2.752754870730986,-1.8741289156526302,1013.3125,6.899999999999977,24,2.3333333333333335,24,1.0,1.0,1.0,1.0,0.0,,,,304.24779335036146
2025-03-20,20.583333333333332,14.0,26.5,24,41.791666666666664,40.0,25,68,24,6.427182468834733,,,0,10.6,29.5,24,5.572330384971521,-3.831693599156879,1015.2041666666668,3.800000000000068,24,0.9583333333333334,24,1.0,1.0,1.0,1.0,0.0,,,,304.5135250599142
2025-03-21,21.354166666666668,15.0,28.5,24,36.916666666666664,35.0,12,59,24,4.544696043070199,0.0,0,4,10.529166666666667,22.3,24,6.867051709019552,-3.528988325238774,1015.1,-0.5,24,0.5,24,1.0,1.0,1.0,1.0,0.16666666666666666,,,,297.1987005561637
2025-03-22,22.099999999999998,13.9,30.5,24,32.75,30.5,8,60,24,2.5959123742248047,0.0,0,24,8.433333333333334,16.7,24,3.904068990051746,-0.4963211970403791,1013.1750000000001,0.6999999999999318,24,1.1666666666666667,24,1.0,1.0,1.0,1.0,1.0,0.0,0,0,277.24510247157133
2025-03-23,22.766666666666666,15.0,30.5,24,34.666666666666664,36.0,13,56,24,5.099737425955603,0.0,0,24,6.45,11.2,24,-0.9199565281173857,3.080809524469078,1014.1666666666666,2.7000000000000455,24,2.0416666666666665,24,1.0,1.0,1.0,1.0,1.0,0.0,0,0,163.37391731806179
2025-03-24,23.208333333333332,17.3,30.0,24,39.833333333333336,40.0,22,57,24,8.059400711441741,0.0,0,24,8.691666666666666,18.5,24,1.520153574645519,1.8273365722167216,1013.8874999999999,-1.5,24,3.8333333333333335,24,1.0,1.0,1.0,1.0,1.0,0.0,0,0,219.7569272686523
2025-03-25,22.875,18.4,27.7,24,47.375,51.0,32,63,24,10.719397517167499,0.0,0,24,12.629166666666668,20.4,24,-6.521340546391898,-0.9791714805110172,1010.9333333333334,-3.199999999999932,24,5.958333333333333,24,1.0,1.0,1.0,1.0,1.0,0.0,0,0,81.4608963669798
2025-03-26,23.041666666666668,18.0,30.0,24,43.833333333333336,42.0,21,64,24,9.172246437929678,5.3,7,24,20.400000000000002,37.1,24,-12.186828532752891,-2.2203059736098614,1007.0,-4.399999999999977,24,6.291666666666667,24,1.0,1.0,1.0,1.0,1.0,5.3,7,1,79.67458903092734
2025-03-27,21.775000000000002,18.2,28.0,24,47.541666666666664,48.5,22,66,24,9.752394193707714,0.30000000000000004,2,24,19.795833333333334,27.8,24,1.1685288346372544,-1.357579870951173,1006.3333333333334,1.2000000000000455,24,5.208333333333333,24,1.0,1.0,1.0,1.0,1.0,0.30000000000000004,2,1,319.2799708789023
2025-03-28,18.108333333333334,13.8,22.7,24,41.25,36.5,19,64,24,3.727989041560075,0.9,2,24,18.4875,33.5,24,10.472470019043733,-6.217409421140879,1011.1583333333333,8.600000000000023,24,2.375,24,1.0,1.0,1.0,1.0,1.0,0.9,2,1,300.69721596086873
2025-03-29,18.683333333333334,11.8,25.7,24,34.083333333333336,32.5,16,53,24,1.4733276565366973,0.0,0,24,21.650000000000002,36.7,24,17.726831676810978,-10.08122258161505,1012.8416666666667,-3.400000000000091,24,1.0833333333333333,24,1.0,1.0,1.0,1.0,1.0,0.0,0,0,299.6268248196891
2025-03-30,20.520833333333332,13.0,27.9,24,31.708333333333332,29.0,9,52,24,1.6105659548859144,0.0,0,24,15.458333333333334,36.7,24,12.51394839907686,-6.811475413217746,1011.4499999999999,2.099999999999909,24,0.6666666666666666,24,1.0,1.0,1.0,1.0,1.0,0.0,0,0,298.5599234555583
2025-03-31,21.84583333333333,14.5,29.1,24,27.708333333333332,24.5,9,50,24,1.0452948920445644,0.0,0,24,15.041666666666666,31.5,24,11.998603190682816,-6.5538916141415635,1012.0333333333333,-1.099999999999909,24,0.25,24,1.0,1.0,1.0,1.0,1.0,0.0,0,0,298.6443032705383
2025-04-01,22.46666666666667,15.0,29.2,24,28.25,27.5,15,46,24,2.1618464265290447,0.0,0,24,12.612499999999999,27.8,24,9.088879040349275,-6.290226406631324,1010.5458333333332,0.3000000000000682,24,0.041666666666666664,24,1.0,1.0,1.0,1.0,1.0,0.0,0,0,304.6863123148431
2025-04-02,23.358333333333334,15.5,30.5,24,27.666666666666668,25.5,10,47,24,2.1752001600032007,0.0,0,24,8.754166666666666,16.7,24,4.127360365726054,-3.2210894217670365,1011.0,1.3000000000000682,24,0.75,24,1.0,1.0,1.0,1.0,1.0,0.0,0,0,307.9693174963783
2025-04-03,21.304166666666667,18.0,25.5,24,35.041666666666664,35.0,21,45,24,4.971918594919319,0.0,0,24,17.55,29.5,24,6.300105794581274,-13.278713289896645,1014.4833333333332,4.899999999999977,24,5.875,24,1.0,1.0,1.0,1.0,1.0,0.0,0,0,334.6179274822141
2025-04-04,22.766666666666666,15.5,29.8,24,34.541666666666664,37.0,19,56,24,5.5096008548226685,0.0,0,24,15.179166666666667,27.8,24,13.204541959861913,-5.175885701805999,1013.8708333333334,-3.5,24,1.8333333333333333,24,1.0,1.0,1.0,1.0,1.0,0.0,0,0,291.40407083785817
2025-04-05,24.829166666666666,16.5,32.0,24,34.166666666666664,31.5,14,62,24,6.627695687348371,0.0,0,24,13.241666666666667,29.6,24,12.047716769327721,-2.3707672312375543,1009.15,-2.900000000000091,24,1.3333333333333333,24,1.0,1.0,1.0,1.0,1.0,0.0,0,0,281.1325068153399
2025-04-06,26.575,16.5,33.7,24,32.75,32.0,16,62,24,7.478113525276285,0.0,0,24,13.645833333333334,29.6,24,8.116433268257728,-7.160754289726416,1006.5833333333334,-1.3000000000000682,24,2.5833333333333335,24,1.0,1.0,1.0,1.0,1.0,0.0,0,0,311.42047242009073
2025-04-07,28.03333333333333,21.0,34.9,24,34.541666666666664,34.0,22,48,24,10.292885823955691,0.0,0,24,8.645833333333334,14.8,24,-0.9154579617393513,0.8922623377945175,1007.4291666666667,2.6000000000000227,24,3.4583333333333335,24,1.0,1.0,1.0,1.0,1.0,0.0,0,0,134.26485395765292
2025-04-08,26.708333333333332,19.0,34.0,24,45.833333333333336,44.5,29,77,24,13.69071229681567,0.3,1,24,17.020833333333332,55.4,24,-15.049426240722338,-1.3785646329141656,1011.1374999999999,7.2000000000000455,24,4.833333333333333,24,1.0,1.0,1.0,1.0,1.0,0.3,1,1,84.76617143812024
2025-04-09,26.016666666666666,21.0,33.0,24,47.75,47.0,24,66,24,13.612452502242112,1.2,2,24,17.3,25.9,24,-7.000225600117941,-10.617428035355518,1010.4291666666667,-6.0,24,5.916666666666667,24,1.0,1.0,1.0,1.0,1.0,1.2,2,1,33.397448839337414
2025-04-10,27.5,22.5,33.0,24,39.666666666666664,35.0,24,59,24,11.828717386141511,0.6000000000000001,2,24,17.470833333333335,25.6,24,4.160377137684552,-7.316332694143057,1005.15,-5.199999999999932,24,5.083333333333333,24,1.0,1.0,1.0,1.0,1.0,0.6000000000000001,2,1,330.3756030948058
2025-04-11,24.508333333333336,22.0,29.0,24,44.75,44.5,34,56,24,11.58666664689879,0.2,1,24,22.020833333333332,37.1,24,-18.590844032665093,-2.6902453078007382,1004.5833333333334,4.699999999999932,24,5.083333333333333,24,1.0,1.0,1.0,1.0,1.0,0.2,1,1,81.76599492947929
2025-04-12,24.775000000000002,18.0,30.7,24,41.875,38.0,24,64,24,9.93696442149016,0.0,0,24,8.916666666666666,18.4,24,-3.11617588835458,3.4848877717430393,1006.9458333333333,2.2999999999999545,24,1.4583333333333333,24,1.0,1.0,1.0,1.0,1.0,0.0,0,0,138.19701591292085
2025-04-13,26.633333333333336,20.1,33.4,24,38.458333333333336,38.0,24,53,24,10.705749902490863,0.0,0,24,10.145833333333334,16.7,24,-1.2530742986310581,1.8798066595052816,1008.35,0.900000000000091,24,0.875,24,1.0,1.0,1.0,1.0,1.0,0.0,0,0,146.31267870304345
2025-04-14,28.083333333333332,21.5,34.9,24,40.625,39.5,23,60,24,12.688218285255731,0.0,0,24,9.4625,18.4,24,-2.0755453685919445,3.4114151615028576,1007.0583333333334,0.6000000000000227,24,0.625,24,1.0,1.0,1.0,1.0,1.0,0.0,0,0,148.68317380913902
2025-04-15,29.004166666666666,23.4,35.4,24,41.291666666666664,41.5,27,58,24,14.069644939030448,0.0,0,24,11.504166666666668,25.6,24,-7.8187748993436506,5.189568670196235,1007.4208333333332,4.0,24,0.625,24,1.0,1.0,1.0,1.0,1.0,0.0,0,0,123.57349004120618
2025-04-16,27.0,22.0,32.4,24,47.416666666666664,50.5,32,68,24,14.443623193798084,0.2,1,24,19.087500000000002,83.5,24,-6.489311608920495,-0.19027960174539693,1006.7041666666668,0.7000000000000455,24,3.5833333333333335,24,1.0,1.0,1.0,1.0,1.0,0.2,1,1,88.32045432967061
2025-04-17,27.770833333333332,19.0,34.4,24,44.166666666666664,43.0,26,69,24,13.643070789713642,0.0,0,18,11.966666666666667,18.5,24,3.6922787059098483,-3.6610898088781316,1005.6666666666666,-2.5,24,3.0,24,1.0,1.0,1.0,1.0,0.75,0.0,0,0,314.75698464612447
2025-04-18,28.037499999999998,23.4,35.5,24,42.541666666666664,43.0,24,58,24,13.626904872744511,,,0,20.279166666666665,40.7,24,-6.515717013914475,-11.068424193924516,1002.2791666666667,-1.2000000000000455,24,5.75,24,1.0,1.0,1.0,1.0,0.0,,,,30.484305865028375
2025-04-19,25.808333333333334,21.0,32.0,24,49.458333333333336,48.5,32,66,24,14.001924994864046,0.0,0,3,21.633333333333336,36.7,24,-13.490471258759499,-6.84645025494198,1002.0500000000001,-0.8999999999999773,24,5.125,24,1.0,1.0,1.0,1.0,0.125,,,,63.09208458348064
2025-04-20,25.037499999999998,21.1,30.5,24,48.541666666666664,49.0,32,71,24,12.965233401872823,0.0,0,21,22.491666666666664,36.7,24,-3.8056948195129965,-5.898247443999697,1004.7333333333332,3.0,24,4.583333333333333,24,1.0,1.0,1.0,1.0,0.875,0.0,0,0,32.83110623869857
2025-04-21,25.974999999999998,19.7,33.5,24,40.0,36.5,24,66,24,10.471743737358347,0.0,0,24,14.179166666666667,18.5,24,2.00502024864157,-4.078917729522241,1009.1291666666666,1.2000000000000455,24,2.5833333333333335,24,1.0,1.0,1.0,1.0,1.0,0.0,0,0,333.82325644085563
2025-04-22,26.608333333333334,20.0,34.0,24,33.5,32.0,14,54,24,8.146403997213886,0.0,0,24,13.391666666666666,22.3,24,5.919410002107422,-5.618049729923207,1009.7833333333333,-1.2999999999999545,24,1.6666666666666667,24,1.0,1.0,1.0,1.0,1.0,0.0,0,0,313.5037653942103
2025-04-23,27.258333333333336,20.7,34.0,24,26.875,25.5,10,41,24,5.4559067994116335,0.0,0,24,12.85,22.2,24,4.224503541986147,-4.625273419863533,1006.7875,-3.900000000000091,24,2.4166666666666665,24,1.0,1.0,1.0,1.0,1.0,0.0,0,0,317.59291785015233
2025-04-24,27.520833333333332,20.0,34.0,24,25.291666666666668,24.0,12,40,24,4.972232536719765,0.0,0,24,13.237499999999999,20.4,24,3.2395695088431236,-5.43468913367639,1004.1916666666666,-0.8000000000000682,24,2.9583333333333335,24,1.0,1.0,1.0,1.0,1.0,0.0,0,0,329.201208968362
2025-04-25,28.3,21.8,35.0,24,22.041666666666668,21.5,8,35,24,3.2844138405869514,0.0,0,24,11.375,18.5,24,0.7978667244315144,-3.6467442408595048,1005.625,1.5,24,1.1666666666666667,24,1.0,1.0,1.0,1.0,1.0,0.0,0,0,347.65879226095194
2025-04-26,28.375,22.7,33.3,24,22.625,20.0,16,34,24,4.466454542058804,0.0,0,24,14.3375,22.2,24,-8.833299891836942,-5.190990279649692,1005.8333333333334,0.7000000000000455,24,2.875,24,1.0,1.0,1.0,1.0,1.0,0.0,0,0,59.55888570386247
2025-04-27,29.045833333333334,21.3,36.5,24,23.375,22.5,9,43,24,4.3301718960743285,0.0,0,24,9.058333333333334,20.4,24,2.073733233908812,-1.0171363616402862,1006.15,-0.6000000000000227,24,0.20833333333333334,24,1.0,1.0,1.0,1.0,1.0,0.0,0,0,296.12728726833586
2025-04-28,30.491666666666664,21.7,38.0,24,22.75,21.0,6,44,24,4.888607089383653,0.0,0,24,7.7625,16.7,24,2.414638123412927,-2.440788201338527,1003.6708333333332,-2.800000000000068,24,0.0,24,1.0,1.0,1.0,1.0,1.0,0.0,0,0,315.30857735501377
2025-04-29,30.245833333333334,22.0,36.4,24,27.083333333333332,27.0,16,42,24,8.67830770964176,0.0,0,24,11.929166666666667,22.0,24,-6.651318900243347,5.682697826729861,1003.2208333333333,2.300000000000068,24,0.0,24,1.0,1.0,1.0,1.0,1.0,0.0,0,0,130.5096357236347
2025-04-30,30.5,24.6,36.0,24,35.375,36.5,23,49,24,12.930566960618341,0.0,0,24,11.933333333333332,29.5,24,-3.3682341930146023,7.005027454170598,1005.025,1.7000000000000455,24,1.0833333333333333,24,1.0,1.0,1.0,1.0,1.0,0.0,0,0,154.32031080089428
2025-05-01,28.129166666666666,18.5,34.0,24,44.791666666666664,44.0,36,61,24,14.8385181011201,0.9,1,24,19.779166666666665,44.6,24,-14.623448101516976,5.436012243227073,1007.0791666666668,4.600000000000023,24,4.25,24,1.0,1.0,1.0,1.0,1.0,0.9,1,1,110.39174092509609
2025-05-02,25.445833333333336,21.0,29.1,24,53.5,53.5,38,65,24,15.16588198204117,0.1,1,24,15.870833333333332,33.5,24,-13.14718642681837,3.070863345050711,1008.9333333333334,2.5,24,5.291666666666667,24,1.0,1.0,1.0,1.0,1.0,0.1,1,1,103.14719147578933
2025-05-03,25.97083333333333,20.9,31.0,24,52.166666666666664,48.5,37,70,24,14.992089198139958,1.0,2,24,15.700000000000001,25.9,24,-12.022090961784125,5.807032970288771,1006.9499999999999,-2.7000000000000455,24,5.5,24,1.0,1.0,1.0,1.0,1.0,1.0,2,1,115.78194549858546
2025-05-04,24.241666666666664,21.0,30.5,24,59.208333333333336,60.0,41,78,24,15.497893324057259,0.1,1,24,18.720833333333335,55.4,24,-13.181426519634028,2.332357761488917,1005.9250000000001,1.6000000000000227,24,6.041666666666667,24,1.0,1.0,1.0,1.0,1.0,0.1,1,1,100.03421311909779
2025-05-05,25.075,19.0,29.8,24,56.666666666666664,54.0,38,76,24,15.384607046785638,0.5,3,24,13.637500000000001,29.5,24,-8.943438908525316,7.927123976822095,1006.8208333333333,0.7999999999999545,24,5.333333333333333,24,1.0,1.0,1.0,1.0,1.0,0.5,3,1,131.55255913164365
2025-05-06,27.004166666666666,21.6,32.0,24,49.625,48.0,31,71,24,14.929152060616646,0.0,0,24,10.866666666666667,18.5,24,-3.8573846827480693,5.055547555486756,1006.0500000000001,-2.0,24,3.875,24,1.0,1.0,1.0,1.0,1.0,0.0,0,0,142.65635483635515
2025-05-07,28.3875,23.1,33.0,24,46.833333333333336,44.0,34,65,24,15.548264504272316,0.30000000000000004,2,24,11.929166666666667,22.2,24,-6.742986069334944,6.151243799723063,1005.35,-1.2000000000000455,24,2.7083333333333335,24,1.0,1.0,1.0,1.0,1.0,0.30000000000000004,2,1,132.3724244670541
2025-05-08,26.625,21.5,30.5,24,54.791666666666664,53.0,43,83,24,16.53681209901077,5.1,5,24,16.341666666666665,24.1,24,-12.650692016185907,3.1735061521952352,1006.1291666666666,3.800000000000068,24,6.291666666666667,24,1.0,1.0,1.0,1.0,1.0,5.1,5,1,104.08241204635351
2025-05-09,26.170833333333334,20.0,31.6,24,57.625,56.5,39,91,24,16.68586618124731,0.1,1,24,12.541666666666666,22.0,24,-7.494827721019586,4.8022841553824644,1008.4458333333333,1.6000000000000227,24,5.208333333333333,24,1.0,1.0,1.0,1.0,1.0,0.1,1,1,122.64957307631369
2025-05-10,27.704166666666666,21.2,34.2,24,48.708333333333336,46.0,29,71,24,15.229345442735658,2.0,2,24,11.654166666666667,20.4,24,-0.1276532338311279,2.1907376951848465,1006.6083333333332,-1.5,24,3.375,24,1.0,1.0,1.0,1.0,1.0,2.0,2,1,176.66517330821353
2025-05-11,28.458333333333332,22.3,34.3,24,43.791666666666664,43.0,28,63,24,14.350939909790876,0.0,0,24,11.65,16.7,24,-2.4115842727944257,5.150924989891549,1005.0375,-1.5,24,3.4583333333333335,24,1.0,1.0,1.0,1.0,1.0,0.0,0,0,154.91172542845106
2025-05-12,28.224999999999998,22.3,33.8,24,43.25,42.5,30,61,24,14.051133160108186,0.2,1,24,13.508333333333333,20.4,24,-4.789633065586289,2.6894149320588134,1003.9458333333333,-0.2999999999999545,24,4.166666666666667,24,1.0,1.0,1.0,1.0,1.0,0.2,1,1,119.31453766121842
2025-05-13,29.358333333333334,22.4,36.1,24,38.583333333333336,36.5,23,59,24,12.971534830410752,0.0,0,24,12.354166666666666,18.5,24,1.1241102185721197,-0.07075540969769169,1003.7375000000001,-0.6000000000000227,24,2.9583333333333335,24,1.0,1.0,1.0,1.0,1.0,0.0,0,0,273.6016443694247
2025-05-14,30.308333333333334,23.0,36.9,24,33.958333333333336,31.5,20,53,24,11.752943074479385,0.0,0,24,12.191666666666668,22.2,24,3.632066238174835,-1.442406280276676,1003.225,-0.2999999999999545,24,1.4583333333333333,24,1.0,1.0,1.0,1.0,1.0,0.0,0,0,291.6595636695572
2025-05-15,31.691666666666666,23.6,39.0,24,29.625,27.0,14,48,24,10.618125217969071,0.0,0,24,10.470833333333333,22.2,24,3.068473883942953,1.3576931840817752,1002.0041666666666,-1.2000000000000455,24,0.4583333333333333,24,1.0,1.0,1.0,1.0,1.0,0.0,0,0,246.13227309347445
2025-05-16,32.25416666666667,25.6,38.6,24,27.583333333333332,26.0,17,42,24,10.470081729294995,0.0,0,24,13.333333333333334,29.5,24,-6.619700847752392,5.7768730231409124,1001.2208333333333,-0.8000000000000682,24,0.2916666666666667,24,1.0,1.0,1.0,1.0,1.0,0.0,0,0,131.11051599787538
2025-05-17,32.458333333333336,25.3,39.0,24,27.458333333333332,27.0,17,42,24,10.705622351126927,0.0,0,24,12.041666666666666,18.4,24,-5.8293421821958935,3.8345166892059397,1000.3708333333334,-0.10000000000002274,24,0.25,24,1.0,1.0,1.0,1.0,1.0,0.0,0,0,123.33675009449996
2025-05-18,32.90416666666667,26.3,39.5,24,30.583333333333332,33.0,19,42,24,12.797600386654684,0.0,0,24,16.325,64.8,24,-6.480692578288964,0.48265412449836714,999.9499999999999,2.0,24,2.2083333333333335,24,1.0,1.0,1.0,1.0,1.0,0.0,0,0,94.25928008952417
2025-05-19,32.15,26.5,37.7,24,32.583333333333336,31.0,18,44,24,13.153153248472414,0.0,0,24,17.379166666666666,33.1,24,-10.387167836922098,3.0644424611284236,1001.1125000000001,-0.2999999999999545,24,3.625,24,1.0,1.0,1.0,1.0,1.0,0.0,0,0,106.43721592668817
2025-05-20,33.545833333333334,27.2,40.4,24,29.125,27.5,15,42,24,12.391933804523774,0.0,0,24,11.616666666666667,20.4,24,0.9909660653009125,-0.3899053209889222,999.2083333333334,-3.7000000000000455,24,1.0416666666666667,24,1.0,1.0,1.0,1.0,1.0,0.0,0,0,291.4776437787947
2025-05-21,33.97083333333333,27.5,40.5,24,27.583333333333332,27.5,19,37,24,12.20474025346567,0.0,0,24,9.799999999999999,20.4,24,-5.142413526258568,5.422066052169934,998.3208333333333,-0.3000000000000682,24,0.375,24,1.0,1.0,1.0,1.0,1.0,0.0,0,0,136.51632348968582
2025-05-22,33.0625,28.0,38.0,24,31.5,33.0,22,41,24,13.594423606861682,0.0,0,24,16.3875,29.5,24,-12.333578214421868,8.20701744412072,998.6374999999999,0.2999999999999545,24,0.2916666666666667,24,1.0,1.0,1.0,1.0,1.0,0.0,0,0,123.64061361063318
2025-05-23,32.05416666666667,27.5,37.0,24,37.875,38.5,29,48,24,15.681397236943182,0.0,0,24,18.087500000000002,37.1,24,-13.295621612600582,9.438582783720145,998.8833333333333,-0.1999999999999318,24,1.4583333333333333,24,1.0,1.0,1.0,1.0,1.0,0.0,0,0,125.37100253259467
2025-05-24,29.358333333333334,21.0,35.0,24,48.791666666666664,45.0,34,96,24,16.932078893728878,5.1000000000000005,6,24,22.004166666666666,70.2,24,-13.336836797684919,1.2625924498795165,1000.7541666666666,5.900000000000091,24,4.666666666666667,24,1.0,1.0,1.0,1.0,1.0,5.1000000000000005,6,1,95.40804834671826
2025-05-25,28.662499999999998,20.0,34.7,24,47.416666666666664,43.5,28,70,24,15.67736113065042,0.0,0,24,13.229166666666666,20.4,24,-6.703839351143741,6.612641207594424,1003.8416666666667,2.6000000000000227,24,1.8333333333333333,24,1.0,1.0,1.0,1.0,1.0,0.0,0,0,134.60761501420131
2025-05-26,30.675,22.0,36.3,24,42.541666666666664,39.0,28,67,24,15.85645761367585,0.0,0,24,9.470833333333333,18.5,24,1.9671274254462645,2.2379334278257064,1002.0166666666668,-4.600000000000023,24,1.625,24,1.0,1.0,1.0,1.0,1.0,0.0,0,0,221.3152390542099
2025-05-27,29.895833333333332,26.0,36.5,24,46.458333333333336,46.5,33,70,24,16.86536198460633,2.4,2,24,20.804166666666667,74.2,24,2.4912895450989403,-1.5778395937687757,999.7125,1.099999999999909,24,4.25,24,1.0,1.0,1.0,1.0,1.0,2.4,2,1,302.34781909081937
2025-05-28,30.34166666666667,24.9,36.5,24,43.5,40.5,28,66,24,15.831360935431013,0.0,0,24,15.237499999999999,33.1,24,3.8730488994469243,-4.9917274435361225,998.4250000000001,-4.0,24,3.125,24,1.0,1.0,1.0,1.0,1.0,0.0,0,0,322.19234575054924
2025-05-29,30.650000000000002,21.5,37.5,24,40.583333333333336,40.0,27,67,24,15.166868277411437,5.699999999999999,3,24,17.791666666666668,44.3,24,-7.234412311269003,1.6360884450814597,995.8375,4.399999999999977,24,3.3333333333333335,24,1.0,1.0,1.0,1.0,1.0,5.699999999999999,3,1,102.7432798731765
2025-05-30,28.3875,22.5,34.0,24,42.041666666666664,40.5,29,60,24,13.785200966426897,0.3,1,24,23.954166666666666,62.6,24,-3.2815435244135642,-10.807007040781826,995.9166666666666,1.3999999999999773,24,5.541666666666667,24,1.0,1.0,1.0,1.0,1.0,0.3,1,1,16.8908927739281
2025-05-31,25.650000000000002,21.5,37.0,24,55.833333333333336,54.0,28,75,24,15.82706029077253,3.3,6,24,21.875,36.7,24,-13.377485861810145,-8.816780560503368,999.6083333333332,4.0,24,5.958333333333333,24,1.0,1.0,1.0,1.0,1.0,3.3,6,1,56.612079901188906
2025-06-01,27.233333333333334,21.0,32.7,24,44.125,39.5,27,65,24,13.191838163954387,0.0,0,24,12.549999999999999,25.9,24,-4.39725662317811,2.890598465750615,999.8458333333333,-2.0,24,2.5416666666666665,24,1.0,1.0,1.0,1.0,1.0,0.0,0,0,123.31948147850846
2025-06-02,28.40833333333333,23.2,35.0,24,36.333333333333336,38.0,19,53,24,11.184119600800102,0.0,0,24,15.549999999999999,33.1,24,-4.8249762950465085,2.3372349249628215,997.9958333333334,0.0,24,3.1666666666666665,24,1.0,1.0,1.0,1.0,1.0,0.0,0,0,115.84570554347471
2025-06-03,26.916666666666668,22.1,32.0,24,41.208333333333336,42.5,30,53,24,12.353036025045933,0.0,0,24,20.662499999999998,33.1,24,-16.368214200933775,1.064337465151497,1000.6083333333332,3.8999999999999773,24,3.9166666666666665,24,1.0,1.0,1.0,1.0,1.0,0.0,0,0,93.72040059854214
2025-06-04,26.445833333333336,21.7,31.7,24,43.291666666666664,42.5,31,55,24,12.719453735950824,0.2,1,24,18.412499999999998,37.1,24,-15.080569382508594,2.17855320634027,1003.8291666666668,3.599999999999909,24,4.666666666666667,24,1.0,1.0,1.0,1.0,1.0,0.2,1,1,98.22013497284553
2025-06-05,28.666666666666668,22.1,34.0,24,40.0,40.0,27,57,24,13.287552546336542,0.0,0,24,11.058333333333332,18.4,24,-3.9119143335844027,3.452246609736434,1006.0791666666668,0.6000000000000227,24,2.9583333333333335,24,1.0,1.0,1.0,1.0,1.0,0.0,0,0,131.42825629265167
2025-06-06,31.179166666666664,25.0,37.0,24,40.75,40.0,28,59,24,15.734172415872607,0.0,0,24,11.504166666666668,22.0,24,-0.3198691846181952,0.7312740129026937,1004.5291666666667,-1.8999999999999773,24,1.4583333333333333,24,1.0,1.0,1.0,1.0,1.0,0.0,0,0,156.37477837111453
2025-06-07,33.0375,27.0,40.0,24,37.25,34.5,24,51,24,15.937585674932363,0.0,0,24,16.224999999999998,55.4,24,2.844067921986182,-5.2012328182036685,1002.8541666666666,0.8999999999999773,24,2.5833333333333335,24,1.0,1.0,1.0,1.0,1.0,0.0,0,0,331.32987472444165
2025-06-08,33.93333333333333,27.1,40.2,24,33.291666666666664,30.0,18,54,24,14.499137392040707,0.0,0,24,15.695833333333333,33.1,24,8.21825638252,-6.047118163149734,1001.725,-2.199999999999932,24,2.0416666666666665,24,1.0,1.0,1.0,1.0,1.0,0.0,0,0,306.34620065806814
2025-06-09,34.891666666666666,28.0,43.0,24,29.208333333333332,27.5,17,45,24,13.635573741400904,0.0,0,24,11.941666666666668,22.2,24,5.933812782727181,-1.9948096965476845,999.1291666666666,-4.100000000000023,24,0.5,24,1.0,1.0,1.0,1.0,1.0,0.0,0,0,288.5814459992777
2025-06-10,35.979166666666664,28.9,44.0,24,27.916666666666668,27.5,18,40,24,13.966379243074535,0.0,0,24,11.004166666666668,20.4,24,-1.1353773856353762,3.7491468808303274,997.1625,-1.0,24,0.5,24,1.0,1.0,1.0,1.0,1.0,0.0,0,0,163.15178784357317
2025-06-11,36.24583333333333,29.9,44.0,24,28.875,28.5,14,42,24,14.608748683374019,0.0,0,24,12.075000000000001,20.4,24,-2.755862429117163,2.7298272773130705,997.7208333333333,0.20000000000004547,24,1.125,24,1.0,1.0,1.0,1.0,1.0,0.0,0,0,134.72807555707567
2025-06-12,36.55416666666667,29.6,44.0,24,26.875,25.0,17,41,24,13.816892080851376,0.0,0,24,13.566666666666668,22.2,24,-2.585885836346743,6.5040695092758805,997.6750000000001,-0.5,24,1.3333333333333333,24,1.0,1.0,1.0,1.0,1.0,0.0,0,0,158.31823713989445
2025-06-13,35.454166666666666,30.3,41.0,24,28.416666666666668,27.0,23,37,24,14.171055789888664,0.0,0,24,16.8625,55.4,24,1.123069308314914,-6.609511911061904,999.0666666666666,2.099999999999909,24,3.8333333333333335,24,1.0,1.0,1.0,1.0,1.0,0.0,0,0,350.35656936715964
2025-06-14,33.795833333333334,28.2,40.0,24,32.583333333333336,31.0,22,47,24,14.533752301554152,0.0,0,24,15.616666666666667,46.1,24,4.76783756316792,-5.070943536425472,998.8416666666667,-3.2000000000000455,24,3.7916666666666665,24,1.0,1.0,1.0,1.0,1.0,0.0,0,0,316.7645683740175
2025-06-15,34.19583333333333,28.8,40.5,24,28.875,29.5,18,42,24,12.967045154595239,0.0,0,24,14.533333333333333,27.8,24,6.247139215235898,-2.249040524184153,996.1833333333334,0.5,24,4.75,24,1.0,1.0,1.0,1.0,1.0,0.0,0,0,289.79944800318395
2025-06-16,31.833333333333332,28.4,35.1,24,38.916666666666664,39.0,28,49,24,15.934511001459276,0.0,0,24,13.612499999999999,25.9,24,-7.16714819403089,6.436243046075106,998.0833333333334,1.7999999999999545,24,6.041666666666667,24,1.0,1.0,1.0,1.0,1.0,0.0,0,0,131.92447636675706
2025-06-17,31.608333333333334,26.3,37.0,24,43.541666666666664,44.5,32,56,24,17.36323013945888,0.4,1,24,15.133333333333333,36.7,24,-9.586504369601608,9.202176570336293,998.4208333333332,0.0,24,2.875,24,1.0,1.0,1.0,1.0,1.0,0.4,1,1,133.82816199574847
2025-06-18,33.05416666666667,27.3,38.5,24,46.5,45.0,32,64,24,19.62430408645375,0.0,0,24,13.083333333333334,22.0,24,-3.364030934999839,7.45693445034133,996.0833333333334,-4.399999999999977,24,1.6666666666666667,24,1.0,1.0,1.0,1.0,1.0,0.0,0,0,155.71853763234185
2025-06-19,34.704166666666666,30.0,39.5,24,45.75,46.0,32,60,24,20.942920831606838,0.0,0,24,13.758333333333333,22.0,24,-3.022452400146331,8.647189608098564,993.6458333333334,0.8000000000000682,24,1.5833333333333333,24,1.0,1.0,1.0,1.0,1.0,0.0,0,0,160.73394623275635
2025-06-20,34.37083333333333,30.5,41.0,24,51.458333333333336,52.0,33,64,24,22.696351818721837,0.0,0,24,18.804166666666667,33.1,24,-11.636076976855596,11.921303267218173,995.8625000000001,2.6000000000000227,24,3.4166666666666665,24,1.0,1.0,1.0,1.0,1.0,0.0,0,0,135.69368766684744
2025-06-21,32.6,26.0,37.5,24,59.541666666666664,58.5,46,85,24,23.42961223329567,0.30000000000000004,2,24,22.5125,47.9,24,-16.024117427319286,7.465132964340349,997.6958333333333,2.7999999999999545,24,5.708333333333333,24,1.0,1.0,1.0,1.0,1.0,0.30000000000000004,2,1,114.97933284399733
2025-06-22,29.78333333333333,24.0,33.5,24,67.375,68.0,55,92,24,22.93517792412831,31.6,13,24,18.166666666666668,25.6,24,-12.909440008264198,8.7964274945048,998.1958333333333,-0.6000000000000227,24,6.166666666666667,24,1.0,1.0,1.0,1.0,1.0,31.6,13,1,124.2703206307786
2025-06-23,31.8,27.5,36.5,24,62.291666666666664,60.5,44,82,24,23.289015244771562,11.3,4,24,14.395833333333334,22.0,24,-7.386475714195577,6.642191564139178,995.5,-3.3999999999999773,24,4.791666666666667,24,1.0,1.0,1.0,1.0,1.0,11.3,4,1,131.9630474764541
2025-06-24,32.354166666666664,29.6,35.0,24,65.58333333333333,65.0,54,77,24,24.98140155169335,1.0,1,24,17.166666666666668,25.6,24,-13.257439730813106,10.429626024067995,993.7958333333332,1.8999999999999773,24,4.708333333333333,24,1.0,1.0,1.0,1.0,1.0,1.0,1,1,128.19212473059298
2025-06-25,29.9375,26.0,32.2,24,72.75,72.0,62,88,24,24.44551757324531,6.2,7,24,21.108333333333334,29.5,24,-17.705841778715453,8.850936333959302,997.5625,5.399999999999977,24,6.708333333333333,24,1.0,1.0,1.0,1.0,1.0,6.2,7,1,116.55991335882351
2025-06-26,28.004166666666666,26.2,29.6,24,75.45833333333333,76.5,67,84,24,23.216641968477376,15.8,13,24,21.045833333333334,37.1,24,-17.323153559863567,9.142277458294606,1001.2916666666666,1.3999999999999773,24,6.75,24,1.0,1.0,1.0,1.0,1.0,15.8,13,1,117.82280801529339
2025-06-27,29.775000000000002,26.0,34.0,24,67.375,70.0,53,79,24,22.921376181372622,4.500000000000001,6,24,13.154166666666667,18.5,24,-9.70662320703268,4.824093641291457,1000.3208333333333,-1.1000000000000227,24,5.166666666666667,24,1.0,1.0,1.0,1.0,1.0,4.500000000000001,6,1,116.42691203524623
2025-06-28,30.5,27.0,34.0,24,67.45833333333333,67.5,55,81,24,23.631581044551563,6.4,5,24,13.725,18.5,24,-5.820806430745869,5.943940142705105,998.0,-4.2000000000000455,24,5.75,24,1.0,1.0,1.0,1.0,1.0,6.4,5,1,135.59965460125346
2025-06-29,31.016666666666666,27.1,36.0,24,65.5,65.5,49,81,24,23.567286313995425,10.8,8,24,16.491666666666667,33.5,24,-8.910269293136663,8.838128914773465,994.0833333333334,-0.8999999999999773,24,5.583333333333333,24,1.0,1.0,1.0,1.0,1.0,10.8,8,1,134.76711608551477
2025-06-30,30.058333333333334,25.6,34.0,24,66.0,64.0,55,78,24,22.895922660529354,19.5,15,24,18.933333333333334,25.9,24,-13.704987595478693,4.775228167902231,995.0166666666668,2.5,24,6.208333333333333,24,1.0,1.0,1.0,1.0,1.0,19.5,15,1,109.20986703511949
2025-07-01,29.170833333333334,25.4,32.6,24,73.45833333333333,72.5,58,96,24,23.722542970108837,8.8,11,24,18.879166666666666,25.9,24,-13.919702922366666,9.6424887418929,997.5666666666666,2.5,24,5.958333333333333,24,1.0,1.0,1.0,1.0,1.0,8.8,11,1,124.7112093073676
2025-07-02,29.2,25.0,32.1,24,69.125,69.5,55,92,24,22.78993350071359,8.899999999999999,11,24,16.474999999999998,25.6,24,-11.416370381539068,7.226121652902388,998.5708333333333,1.7000000000000455,24,5.5,24,1.0,1.0,1.0,1.0,1.0,8.899999999999999,11,1,122.33223098055288
2025-07-03,30.354166666666668,26.7,33.7,24,68.0,69.0,56,80,24,23.65826822441034,0.2,2,24,14.791666666666666,22.0,24,-8.467432450441128,7.890412120241671,998.8666666666667,1.6000000000000227,24,4.958333333333333,24,1.0,1.0,1.0,1.0,1.0,0.2,2,1,132.97973828322142
2025-07-04,31.583333333333332,28.0,35.4,24,67.29166666666667,66.0,52,82,24,24.570736115041843,0.9,2,24,13.854166666666666,18.4,24,-7.223879651334585,9.30582363542497,998.0916666666667,-2.5,24,5.083333333333333,24,1.0,1.0,1.0,1.0,1.0,0.9,2,1,142.17869870292168
2025-07-05,31.608333333333334,27.0,35.8,24,70.875,69.5,55,92,24,25.47020332569369,1.6,5,24,18.179166666666667,29.5,24,-10.007402874622494,6.836250613567731,996.4541666666668,-0.3000000000000682,24,5.958333333333333,24,1.0,1.0,1.0,1.0,1.0,1.6,5,1,124.3377390860964
2025-07-06,29.1125,25.0,31.2,24,76.0,72.0,66,89,24,24.35385078186337,2.8000000000000003,5,24,21.429166666666664,44.3,24,-16.75209313010176,2.268229918557056,996.6166666666667,1.5,24,6.583333333333333,24,1.0,1.0,1.0,1.0,1.0,2.8000000000000003,5,1,97.71094295089131
2025-07-07,28.90833333333333,27.0,31.5,24,72.79166666666667,70.5,65,83,24,23.481848475823398,0.1,1,24,17.179166666666667,33.5,24,-11.143619600416919,5.829538538014689,997.6458333333334,1.8000000000000682,24,6.625,24,1.0,1.0,1.0,1.0,1.0,0.1,1,1,117.61532195055565
2025-07-08,28.9375,26.4,34.0,24,71.70833333333333,72.5,57,82,24,23.232900190785017,2.7,9,24,16.704166666666666,22.2,24,-13.852326058596374,4.191255197560278,998.0166666666668,0.2999999999999545,24,6.375,24,1.0,1.0,1.0,1.0,1.0,2.7,9,1,106.8340770691741
2025-07-09,27.945833333333336,24.0,30.6,24,72.70833333333333,75.0,60,88,24,22.493811973396515,10.7,9,24,17.091666666666665,33.1,24,-13.35869126021862,6.766569625595362,998.8541666666666,1.8999999999999773,24,6.208333333333333,24,1.0,1.0,1.0,1.0,1.0,10.7,9,1,116.86355367022281
2025-07-10,26.991666666666664,24.4,30.0,24,76.375,76.0,65,92,24,22.34379897500969,5.800000000000001,13,24,19.795833333333334,29.5,24,-16.69763980706533,8.635336677289418,1001.0875,3.1000000000000227,24,6.833333333333333,24,1.0,1.0,1.0,1.0,1.0,5.800000000000001,13,1,117.3461572525764
2025-07-11,28.837500000000002,23.8,33.5,24,65.0,63.5,51,81,24,21.343877995204718,1.9,4,24,13.479166666666666,18.5,24,-5.392404211436709,6.434144363100027,1001.4083333333333,-1.1999999999999318,24,5.083333333333333,24,1.0,1.0,1.0,1.0,1.0,1.9,4,1,140.03389963071186
2025-07-12,30.962500000000002,26.2,35.5,24,60.541666666666664,62.5,46,78,24,22.172962516862793,9.1,5,24,13.179166666666667,18.5,24,-1.5633650737450495,5.122743525561687,1000.7458333333334,0.0,24,3.4583333333333335,24,1.0,1.0,1.0,1.0,1.0,9.1,5,1,163.02879560126712
2025-07-13,30.691666666666666,27.0,35.0,24,63.666666666666664,63.0,48,78,24,22.818837438410597,3.7,3,24,16.416666666666668,44.6,24,-11.308481409705776,6.097812426319006,1001.1125000000001,6.600000000000023,24,4.583333333333333,24,1.0,1.0,1.0,1.0,1.0,3.7,3,1,118.33464232354504
2025-07-14,28.425,24.5,33.0,24,63.333333333333336,63.0,50,77,24,20.57454575151718,9.799999999999999,2,24,13.220833333333333,18.5,24,0.42031990822057347,5.330003096136001,1000.9,-0.7999999999999545,24,5.5,24,1.0,1.0,1.0,1.0,1.0,9.799999999999999,2,1,184.5089694034926
2025-07-15,26.52916666666667,24.0,28.6,24,74.79166666666667,74.0,63,92,24,21.60579768701298,6.4,9,24,9.829166666666667,16.7,24,-1.8961034418906657,-2.6477319065099145,1000.9541666666668,-0.5,24,7.0,24,1.0,1.0,1.0,1.0,1.0,6.4,9,1,35.60734688490703
2025-07-16,25.0125,23.5,26.0,24,84.16666666666667,83.5,79,92,24,22.138120999986725,43.0,15,24,14.104166666666666,22.2,24,-11.498838503907123,-5.207374495267868,1000.8666666666667,1.3000000000000682,24,7.25,24,1.0,1.0,1.0,1.0,1.0,43.0,15,1,65.63608621052805
2025-07-17,25.295833333333334,23.0,27.3,24,85.54166666666667,86.0,73,100,24,22.623993040859663,29.1,17,24,14.579166666666666,35.3,24,-12.129126960659482,-2.6775963441468775,1002.7333333333332,2.7999999999999545,24,7.541666666666667,24,1.0,1.0,1.0,1.0,1.0,29.1,17,1,77.55118746568894
2025-07-18,28.416666666666668,24.7,32.5,24,74.16666666666667,72.5,59,89,24,23.198436356576593,0.2,1,24,11.225,16.7,24,-9.062734467495696,2.4522910342588733,1002.8208333333333,-3.6000000000000227,24,5.75,24,1.0,1.0,1.0,1.0,1.0,0.2,1,1,105.14111171141212
2025-07-19,30.662499999999998,25.0,34.5,24,65.375,63.5,55,78,24,23.25399919047342,0.0,0,24,9.9125,16.7,24,-3.361873873502074,6.6946935115581345,998.5583333333334,-4.399999999999977,24,4.458333333333333,24,1.0,1.0,1.0,1.0,1.0,0.0,0,0,153.33557222022853
2025-07-20,31.679166666666664,28.4,35.1,24,66.875,68.5,54,79,24,24.61465081941097,0.4,1,24,13.0,29.5,24,-5.183775878596444,10.375679019839557,996.7166666666667,-0.8999999999999773,24,5.458333333333333,24,1.0,1.0,1.0,1.0,1.0,0.4,1,1,153.45290353388953
2025-07-21,29.925,27.0,32.9,24,73.95833333333333,75.5,62,90,24,24.682778962522573,14.600000000000001,19,24,17.470833333333335,33.1,24,-12.691922696312773,10.076937309413305,998.3375,3.1000000000000227,24,6.5,24,1.0,1.0,1.0,1.0,1.0,14.600000000000001,19,1,128.44833109830313
2025-07-22,27.02916666666667,24.5,29.5,24,83.04166666666667,81.5,72,96,24,23.842363817292632,36.5,14,24,20.4,25.9,24,-17.055161404858033,9.510826014542419,999.0749999999999,-2.599999999999909,24,6.875,24,1.0,1.0,1.0,1.0,1.0,36.5,14,1,119.14626192874312
2025-07-23,26.741666666666664,24.0,29.3,24,79.75,79.5,69,96,24,22.86010428320806,32.400000000000006,15,24,16.333333333333332,22.2,24,-13.493279054015874,5.643758644411961,996.6416666666668,-1.1000000000000227,24,6.75,24,1.0,1.0,1.0,1.0,1.0,32.400000000000006,15,1,112.6978234983518
2025-07-24,28.070833333333336,25.0,31.5,24,75.0,74.0,64,92,24,23.110008540514126,0.5,2,24,10.2125,22.0,24,-7.712737203141053,5.390457636326102,995.6041666666666,0.10000000000002274,24,6.291666666666667,24,1.0,1.0,1.0,1.0,1.0,0.5,2,1,124.94982722953887
2025-07-25,30.2,25.8,34.1,24,67.25,67.0,54,85,24,23.24923662472749,0.0,0,24,11.779166666666667,18.4,24,-5.91396832110405,7.199580612157782,995.0708333333333,0.20000000000004547,24,4.166666666666667,24,1.0,1.0,1.0,1.0,1.0,0.0,0,0,140.59921054153722
2025-07-26,31.2,26.0,35.0,24,64.875,63.5,53,78,24,23.634385286081955,3.7,3,24,10.924999999999999,14.8,24,-6.54038368967717,7.106112165066103,995.7708333333334,0.39999999999997726,24,4.0,24,1.0,1.0,1.0,1.0,1.0,3.7,3,1,137.37389178043605
2025-07-27,31.96666666666667,28.0,35.5,24,64.375,64.0,52,78,24,24.22432782323376,0.0,0,24,11.729166666666666,18.5,24,-1.85034296314432,7.9903496584817795,995.5291666666667,-1.2999999999999545,24,4.083333333333333,24,1.0,1.0,1.0,1.0,1.0,0.0,0,0,166.96170956028448
2025-07-28,31.974999999999998,28.1,36.0,24,64.08333333333333,65.5,50,78,24,24.14215279249075,0.0,0,24,12.983333333333334,22.3,24,-3.115413860428058,7.059796621028536,994.6374999999999,-0.09999999999990905,24,4.833333333333333,24,1.0,1.0,1.0,1.0,1.0,0.0,0,0,156.1886374922284
2025-07-29,30.329166666666666,26.5,33.4,24,69.16666666666667,70.0,58,79,24,23.96207207888479,13.7,12,24,16.349999999999998,33.1,24,-12.87325961018602,8.986895252484828,995.3291666666668,1.8999999999999773,24,5.625,24,1.0,1.0,1.0,1.0,1.0,13.7,12,1,124.91911083573859
2025-07-30,27.59166666666667,23.0,31.5,24,77.25,77.0,64,92,24,23.160484283987007,67.6,14,24,19.658333333333335,33.1,24,-17.28009774039189,5.239553272972504,998.7624999999999,3.5,24,6.291666666666667,24,1.0,1.0,1.0,1.0,1.0,67.6,14,1,106.8679947627997
2025-07-31,29.395833333333332,25.3,33.1,24,68.95833333333333,66.0,56,83,24,22.931616764827933,5.300000000000001,8,24,12.970833333333333,18.5,24,-7.5333637279223415,6.427268256712705,999.1999999999999,-0.900000000000091,24,5.666666666666667,24,1.0,1.0,1.0,1.0,1.0,5.300000000000001,8,1,130.46994063477553
2025-08-01,29.46666666666667,26.2,32.7,24,70.0,72.5,56,81,24,23.289475778110273,2.8,8,24,16.008333333333333,25.9,24,-7.783323186156781,12.120276319608093,999.2083333333334,1.5,24,5.708333333333333,24,1.0,1.0,1.0,1.0,1.0,2.8,8,1,147.29248842137645
2025-08-02,28.587500000000002,23.0,32.2,24,71.83333333333333,72.0,58,91,24,22.815226168810494,0.8,5,24,12.829166666666666,33.1,24,-5.492008856187264,4.97922968796144,999.85,0.8000000000000682,24,5.791666666666667,24,1.0,1.0,1.0,1.0,1.0,0.8,5,1,132.1964509779067
2025-08-03,29.9875,25.7,33.7,24,68.66666666666667,67.5,54,86,24,23.36137931334532,2.5,2,24,12.045833333333334,18.5,24,-2.7182147926674887,7.834550858762906,1000.1083333333332,0.7000000000000455,24,4.125,24,1.0,1.0,1.0,1.0,1.0,2.5,2,1,160.86566937662042
2025-08-04,30.333333333333332,25.0,34.0,24,67.29166666666667,68.5,55,92,24,23.408814879306078,5.7,5,24,14.9,18.5,24,-9.826279622137646,7.083977756664777,1000.6041666666666,-1.900000000000091,24,4.958333333333333,24,1.0,1.0,1.0,1.0,1.0,5.7,5,1,125.78865003280521
2025-08-05,29.75,26.4,32.5,24,72.79166666666667,72.0,60,84,24,24.269356458297608,17.6,12,24,17.65,22.0,24,-11.927558058246623,9.246999345138109,1000.1583333333333,0.20000000000004547,24,6.25,24,1.0,1.0,1.0,1.0,1.0,17.6,12,1,127.78511213184629
2025-08-06,27.708333333333332,23.5,31.1,24,74.75,77.5,60,88,24,22.660750634558752,12.1,9,24,21.75,66.6,24,-17.302475369224947,8.527269454936807,1002.275,1.0,24,5.708333333333333,24,1.0,1.0,1.0,1.0,1.0,12.1,9,1,116.23570211547081
2025-08-07,28.425,23.0,32.4,24,73.45833333333333,76.0,57,96,24,23.012529624441143,2.8000000000000003,2,24,13.866666666666667,36.7,24,-5.008701963483765,4.663647374790162,1001.7416666666667,-1.6999999999999318,24,5.208333333333333,24,1.0,1.0,1.0,1.0,1.0,2.8000000000000003,2,1,132.95687785326697
2025-08-08,27.599999999999998,25.4,31.9,24,74.91666666666667,76.0,59,88,24,22.638150011570136,0.30000000000000004,2,24,11.233333333333334,22.0,24,-4.3620245307683945,5.103062874939691,1002.5166666666668,4.100000000000023,24,5.333333333333333,24,1.0,1.0,1.0,1.0,1.0,0.30000000000000004,2,1,139.4766555750067
2025-08-09,29.366666666666664,25.8,33.3,24,69.08333333333333,70.0,55,83,24,22.917825512484992,0.3,1,24,11.954166666666666,18.5,24,-4.2737956330024955,5.444731289769212,1004.7916666666666,-1.3000000000000682,24,4.583333333333333,24,1.0,1.0,1.0,1.0,1.0,0.3,1,1,141.87015966162937
2025-08-10,29.691666666666666,26.5,32.5,24,71.125,70.5,62,81,24,23.819727691016595,0.0,0,24,12.454166666666666,22.2,24,-1.3245262238073117,8.333345016340415,1003.1166666666667,-2.800000000000068,24,5.5,24,1.0,1.0,1.0,1.0,1.0,0.0,0,0,170.96878700287118
2025-08-11,31.15833333333333,27.0,35.5,24,68.375,67.5,56,82,24,24.473997289984897,2.6,3,24,11.679166666666667,25.9,24,1.1905463799415419,8.556088226040204,1000.4666666666667,-2.7999999999999545,24,5.041666666666667,24,1.0,1.0,1.0,1.0,1.0,2.6,3,1,187.9216208795892
2025-08-12,29.587500000000002,26.5,32.1,24,74.29166666666667,75.0,68,81,24,24.501443877453738,3.1,8,24,19.320833333333333,33.1,24,-15.129448692748944,11.421686492611963,999.875,1.2999999999999545,24,6.833333333333333,24,1.0,1.0,1.0,1.0,1.0,3.1,8,1,127.05027834951142
2025-08-13,28.6125,26.0,31.7,24,77.08333333333333,75.5,67,92,24,24.118739151983494,1.4000000000000001,4,24,15.179166666666667,20.4,24,-12.292478384822607,8.63719947040081,1000.1833333333334,1.1000000000000227,24,6.583333333333333,24,1.0,1.0,1.0,1.0,1.0,1.4000000000000001,4,1,125.0934505691996
2025-08-14,27.8875,26.5,30.0,24,80.875,82.0,72,87,24,24.263980683231228,14.5,10,24,14.620833333333332,29.5,24,-12.224870287130278,6.931966030429602,1002.7125,3.2000000000000455,24,7.25,24,1.0,1.0,1.0,1.0,1.0,14.5,10,1,119.55488430910071
2025-08-15,27.4875,25.0,32.0,24,82.5,82.5,62,96,24,24.110913321888987,2.1,7,24,14.020833333333334,18.5,24,-9.555472700999088,8.33520320127075,1000.3666666666667,-2.8999999999999773,24,6.708333333333333,24,1.0,1.0,1.0,1.0,1.0,2.1,7,1,131.09806958741058
2025-08-16,29.483333333333334,25.7,34.0,24,74.79166666666667,73.5,60,91,24,24.338531391751744,18.299999999999997,10,24,9.466666666666667,14.8,24,-2.140384030186882,5.177382688601275,999.8375,5.2000000000000455,24,5.625,24,1.0,1.0,1.0,1.0,1.0,18.299999999999997,10,1,157.5392880924294
2025-08-17,28.25,23.0,31.2,24,78.04166666666667,79.0,65,91,24,23.973349272228063,13.100000000000001,12,24,12.612499999999999,18.4,24,-10.593764875332514,5.3986709012339515,1002.4958333333334,3.7999999999999545,24,6.083333333333333,24,1.0,1.0,1.0,1.0,1.0,13.100000000000001,12,1,117.0037701547734
2025-08-18,26.395833333333332,24.4,28.0,24,82.875,82.0,74,93,24,23.20575599140581,47.0,18,24,15.341666666666667,37.1,24,-11.526252972779256,5.007730373872134,1005.15,2.1000000000000227,24,6.541666666666667,24,1.0,1.0,1.0,1.0,1.0,47.0,18,1,113.48316267237016
2025-08-19,26.241666666666664,24.0,29.0,24,76.625,77.0,65,91,24,21.70702510022876,14.7,12,24,11.299999999999999,18.4,24,-6.917388864606619,1.7075995641459036,1004.7333333333332,-1.6999999999999318,24,5.541666666666667,24,1.0,1.0,1.0,1.0,1.0,14.7,12,1,103.8665816975722
2025-08-20,28.40833333333333,23.5,33.0,24,69.25,68.0,54,85,24,21.97465832869972,0.0,0,24,9.708333333333334,22.3,24,-5.661767669275086,5.276921541891995,1003.0041666666666,0.7999999999999545,24,3.0833333333333335,24,1.0,1.0,1.0,1.0,1.0,0.0,0,0,132.9850448738082
2025-08-21,29.46666666666667,24.3,34.0,24,68.16666666666667,67.5,52,85,24,22.690696344614963,0.0,0,24,9.6875,18.4,24,-1.1579701843051144,6.543632777965818,1002.6083333333332,-2.1000000000000227,24,3.2916666666666665,24,1.0,1.0,1.0,1.0,1.0,0.0,0,0,169.9647523335227
2025-08-22,30.45,26.0,34.2,24,65.95833333333333,70.0,51,81,24,23.137848287912647,0.0,0,24,11.858333333333334,18.4,24,-3.54425748465588,6.597958527540139,999.0708333333333,-2.5,24,2.7916666666666665,24,1.0,1.0,1.0,1.0,1.0,0.0,0,0,151.75642555608454
2025-08-23,28.791666666666668,23.0,32.0,24,73.91666666666667,74.0,63,95,24,23.574229532374442,8.399999999999999,6,24,18.720833333333335,44.3,24,-14.97398336590002,6.7602575862651575,998.8375,4.600000000000023,24,5.75,24,1.0,1.0,1.0,1.0,1.0,8.399999999999999,6,1,114.2975997995967
2025-08-24,25.77916666666667,22.0,28.8,24,78.08333333333333,79.0,62,96,24,21.57805412271803,24.700000000000003,16,24,15.7875,22.3,24,-13.754065875460704,2.6335774245361487,1002.6999999999999,3.8999999999999773,24,6.125,24,1.0,1.0,1.0,1.0,1.0,24.700000000000003,16,1,100.83958266223198
2025-08-25,26.77916666666667,23.6,30.8,24,71.04166666666667,73.0,57,84,24,20.945069669168355,0.2,2,24,12.179166666666667,27.8,24,-8.100310640285413,7.103214288453656,1003.2416666666667,-0.7000000000000455,24,3.4583333333333335,24,1.0,1.0,1.0,1.0,1.0,0.2,2,1,131.24773096167826
2025-08-26,26.71666666666667,23.4,30.8,24,71.375,71.5,57,83,24,20.982539110896855,0.2,1,24,16.058333333333334,25.9,24,-13.194580129285654,8.532340457616373,1003.1166666666667,2.1000000000000227,24,4.666666666666667,24,1.0,1.0,1.0,1.0,1.0,0.2,1,1,122.88892857050666
2025-08-27,27.266666666666666,23.9,30.9,24,70.83333333333333,72.0,56,82,24,21.38134585356074,0.6000000000000001,2,24,12.204166666666666,18.5,24,-9.681259561578432,6.891514880854326,1004.2083333333334,-2.2999999999999545,24,5.0,24,1.0,1.0,1.0,1.0,1.0,0.6000000000000001,2,1,125.44481001158977
2025-08-28,29.316666666666666,24.6,34.1,24,66.45833333333333,65.0,49,84,24,22.111978751117366,0.0,0,24,9.475,14.8,24,-3.695212676655501,5.756567562433581,1001.8208333333333,-2.300000000000068,24,3.125,24,1.0,1.0,1.0,1.0,1.0,0.0,0,0,147.3030873375062
2025-08-29,29.15833333333333,26.4,33.4,24,70.79166666666667,73.5,57,82,24,23.187760354007775,5.4,8,24,15.366666666666667,22.2,24,-12.036029291898013,8.845062906170885,1002.525,4.199999999999932,24,4.875,24,1.0,1.0,1.0,1.0,1.0,5.4,8,1,126.31150165446422
2025-08-30,26.545833333333334,24.7,28.6,24,81.125,80.5,73,89,24,23.01384178067679,7.499999999999999,10,24,16.912499999999998,22.2,24,-15.515506641566752,5.919280649449987,1006.1625,0.40000000000009095,24,6.583333333333333,24,1.0,1.0,1.0,1.0,1.0,7.499999999999999,10,1,110.88222319351246
2025-08-31,26.679166666666664,24.4,29.7,24,78.875,82.5,66,89,24,22.60860562598911,1.5,3,24,14.737499999999999,27.8,24,-12.543552824606499,7.293709145362179,1003.9833333333332,-1.8999999999999773,24,5.708333333333333,24,1.0,1.0,1.0,1.0,1.0,1.5,3,1,120.17674896174844
2025-09-01,25.995833333333334,23.5,30.0,24,77.08333333333333,79.5,59,89,24,21.507930634476395,4.9,4,24,14.820833333333333,22.2,24,-12.474960093448558,5.993621857262528,1001.8708333333334,-0.1999999999999318,24,6.25,24,1.0,1.0,1.0,1.0,1.0,4.9,4,1,115.66205899807272
2025-09-02,25.333333333333332,23.0,28.3,24,78.08333333333333,79.5,64,87,24,21.149946588331968,1.4,3,24,16.045833333333334,22.2,24,-8.395953670640786,4.760093310661614,1002.8249999999999,2.0,24,6.0,24,1.0,1.0,1.0,1.0,1.0,1.4,3,1,119.55110685643507
2025-09-03,24.579166666666666,21.9,26.9,24,79.125,79.0,68,91,24,20.63438582389412,5.8,5,24,15.983333333333334,22.2,24,-14.653969653944174,4.478851448434493,1005.6333333333333,1.7999999999999545,24,6.166666666666667,24,1.0,1.0,1.0,1.0,1.0,5.8,5,1,106.99529184117876
2025-09-04,26.962500000000002,22.8,32.0,24,69.5,69.5,52,85,24,20.620696197596146,0.4,1,24,10.191666666666666,18.5,24,-7.015582800532381,2.8285051007910322,1006.3916666666668,-0.6000000000000227,24,4.708333333333333,24,1.0,1.0,1.0,1.0,1.0,0.4,1,1,111.95804256405006
2025-09-05,28.570833333333336,23.6,33.3,24,65.08333333333333,63.5,48,84,24,21.05639340020549,0.0,0,24,7.783333333333334,16.7,24,-1.94310101258258,3.904488224474093,1005.3958333333334,-1.5,24,2.625,24,1.0,1.0,1.0,1.0,1.0,0.0,0,0,153.54238447649755
2025-09-06,29.25,25.0,33.8,24,63.875,66.0,48,80,24,21.470183336983354,0.2,1,24,9.475,14.8,24,-4.794138717527191,5.943938633411502,1005.1791666666667,0.6000000000000227,24,2.9166666666666665,24,1.0,1.0,1.0,1.0,1.0,0.2,1,1,141.11176673727124
2025-09-07,26.933333333333334,24.9,30.9,24,74.125,74.5,58,83,24,21.838818149323867,1.7,4,24,11.966666666666667,18.5,24,-9.331942442556223,6.606478262211507,1005.8916666666668,0.1999999999999318,24,5.333333333333333,24,1.0,1.0,1.0,1.0,1.0,1.7,4,1,125.2962975778434
2025-09-08,26.645833333333332,24.1,29.4,24,73.75,73.5,61,86,24,21.452096241781373,0.0,0,24,10.737499999999999,16.7,24,-8.06580350473523,4.508883732402077,1006.1166666666667,2.2000000000000455,24,6.208333333333333,24,1.0,1.0,1.0,1.0,1.0,0.0,0,0,119.20572928845138
2025-09-09,27.604166666666668,24.0,31.4,24,71.58333333333333,71.0,55,87,24,21.834019339514768,0.0,0,24,8.9375,16.7,24,-1.2389715909647443,6.159707111989459,1007.3000000000001,-0.5,24,5.125,24,1.0,1.0,1.0,1.0,1.0,0.0,0,0,168.6272038917059
2025-09-10,28.804166666666664,24.2,32.9,24,68.79166666666667,69.0,52,85,24,22.279761254578172,0.0,0,24,8.329166666666667,14.8,24,0.31877366614838437,5.574802146789929,1005.25,-3.2000000000000455,24,2.4583333333333335,24,1.0,1.0,1.0,1.0,1.0,0.0,0,0,183.2726754971027
2025-09-11,29.2625,25.4,33.3,24,69.5,71.0,56,83,24,22.932808708181582,0.0,0,24,10.7875,20.4,24,-4.352675401574621,7.741441302839667,1003.6999999999999,1.0,24,2.7916666666666665,24,1.0,1.0,1.0,1.0,1.0,0.0,0,0,150.6528473815414
2025-09-12,29.183333333333334,25.3,33.2,24,72.5,75.5,58,86,24,23.571246548550736,0.4,2,24,11.029166666666667,14.8,24,-6.974362628906966,7.720150891753534,1005.3000000000001,1.1999999999999318,24,4.041666666666667,24,1.0,1.0,1.0,1.0,1.0,0.4,2,1,137.9054304701108
2025-09-13,29.0125,25.5,32.4,24,73.75,73.0,60,89,24,23.687559662797426,0.0,0,24,12.354166666666666,14.8,24,-7.174759473465383,8.054893770317237,1005.975,-0.5,24,4.708333333333333,24,1.0,1.0,1.0,1.0,1.0,0.0,0,0,138.30749181105864
2025-09-14,29.575,26.0,33.7,24,71.45833333333333,75.0,56,85,24,23.699017496635623,4.7,7,24,12.825000000000001,16.7,24,-6.47122089949747,8.69381568779548,1005.3166666666666,-1.0,24,4.083333333333333,24,1.0,1.0,1.0,1.0,1.0,4.7,7,1,143.33793462772428
2025-09-15,29.645833333333332,25.6,33.4,24,70.25,71.0,56,85,24,23.47309070495741,0.8999999999999999,3,24,12.733333333333334,16.7,24,-6.632352317202216,6.901830568692336,1003.3125,-2.0,24,4.083333333333333,24,1.0,1.0,1.0,1.0,1.0,0.8999999999999999,3,1,136.14066188764525
2025-09-16,28.6875,25.2,34.1,24,68.83333333333333,73.0,44,84,24,22.12988644295649,30.499999999999996,9,24,15.133333333333333,20.4,24,-12.052054695785046,5.811918446459882,1003.9416666666666,1.8999999999999773,24,4.833333333333333,24,1.0,1.0,1.0,1.0,1.0,30.499999999999996,9,1,115.74497581518517
2025-09-17,29.420833333333334,24.9,33.7,24,65.625,62.0,49,84,24,22.000232681476465,12.4,3,24,11.891666666666666,18.5,24,-3.714438089604179,4.939609245552371,1004.6125000000001,-1.400000000000091,24,3.625,24,1.0,1.0,1.0,1.0,1.0,12.4,3,1,143.05793118986423
2025-09-18,27.97083333333333,25.1,31.8,24,67.70833333333333,70.5,51,82,24,21.27096190488631,11.1,5,24,14.450000000000001,20.4,24,-12.862196021775404,1.4173851176009824,1005.0666666666666,1.8999999999999773,24,4.5,24,1.0,1.0,1.0,1.0,1.0,11.1,5,1,96.28849327858558
2025-09-19,27.370833333333334,22.6,33.2,24,66.20833333333333,65.0,42,88,24,20.075698954392823,10.3,5,24,12.6625,18.5,24,-3.865424130342106,-0.8857072255263726,1006.3916666666668,-0.10000000000002274,24,3.25,24,1.0,1.0,1.0,1.0,1.0,10.3,5,1,77.09426915988377
2025-09-20,28.383333333333336,23.4,33.6,24,63.958333333333336,63.0,44,81,24,20.640391798167354,0.0,0,24,10.191666666666666,16.7,24,-0.06636891749997971,-0.14086064004028834,1005.5583333333334,-1.2000000000000455,24,1.25,24,1.0,1.0,1.0,1.0,1.0,0.0,0,0,25.228276970425043
2025-09-21,28.670833333333334,23.6,33.7,24,61.458333333333336,61.5,44,79,24,20.230200571015978,0.0,0,24,9.487499999999999,14.8,24,-0.9147407311170053,-0.07830024523039654,1004.1999999999999,-1.1000000000000227,24,0.375,24,1.0,1.0,1.0,1.0,1.0,0.0,0,0,85.10750502663416
2025-09-22,29.108333333333334,24.3,34.1,24,63.416666666666664,66.5,47,79,24,21.197113175692643,0.0,0,24,10.4375,13.0,24,-5.995982615649701,2.592626379143136,1004.625,0.8999999999999773,24,1.3333333333333333,24,1.0,1.0,1.0,1.0,1.0,0.0,0,0,113.38336166688225
2025-09-23,28.954166666666666,24.0,33.6,24,62.458333333333336,62.5,44,81,24,20.73542448093622,0.0,0,24,9.4125,14.8,24,-2.613005671153466,2.916124371063473,1004.3916666666668,-1.099999999999909,24,1.1666666666666667,24,1.0,1.0,1.0,1.0,1.0,0.0,0,0,138.13793567978462
2025-09-24,28.95,24.1,33.9,24,62.25,62.0,43,81,24,20.655081635276755,0.0,0,24,10.575000000000001,16.7,24,-6.349929402520259,3.8054663268305977,1002.8666666666667,-1.1000000000000227,24,1.3333333333333333,24,1.0,1.0,1.0,1.0,1.0,0.0,0,0,120.93394915145961
2025-09-25,28.47083333333333,24.4,32.8,24,62.333333333333336,64.0,48,77,24,20.338001772514243,4.6,1,24,13.054166666666667,24.1,24,-0.09023226598898589,-0.5359815522097051,1004.0541666666667,2.699999999999932,24,3.25,24,1.0,1.0,1.0,1.0,1.0,4.6,1,1,9.556113975668097
2025-09-26,27.995833333333334,22.9,33.6,24,56.708333333333336,54.5,34,80,24,18.009093749187116,0.0,0,24,11.570833333333333,22.2,24,5.468410507496446,-5.993696739772955,1005.7916666666666,0.8999999999999773,24,1.25,24,1.0,1.0,1.0,1.0,1.0,0.0,0,0,317.62391898834784
2025-09-27,27.974999999999998,21.5,34.4,24,52.916666666666664,50.0,33,77,24,16.80865513386379,0.0,0,24,10.637500000000001,18.5,24,2.430620570667088,-4.518631439780195,1008.0625,1.1999999999999318,24,0.08333333333333333,24,1.0,1.0,1.0,1.0,1.0,0.0,0,0,331.7237130183152
2025-09-28,28.0,22.4,34.5,24,53.541666666666664,54.5,36,72,24,17.221371053744743,0.0,0,24,8.633333333333333,13.0,24,-4.321575982620319,-1.5068509913049637,1007.625,-1.5,24,0.4583333333333333,24,1.0,1.0,1.0,1.0,1.0,0.0,0,0,70.7773124285091
2025-09-29,27.775000000000002,22.2,34.2,24,56.375,54.5,40,76,24,17.853505195654755,0.0,0,24,10.3375,16.7,24,-1.816961575175325,-3.1888210292216517,1005.8874999999999,-2.7000000000000455,24,0.625,24,1.0,1.0,1.0,1.0,1.0,0.0,0,0,29.674101792748957
2025-09-30,27.95,22.7,33.9,24,53.375,54.5,35,71,24,17.051848838984725,0.0,0,24,10.258333333333335,18.5,24,-0.5360655075094354,-1.0041853163701793,1003.2208333333333,-1.5,24,0.20833333333333334,24,1.0,1.0,1.0,1.0,1.0,0.0,0,0,28.09469334680449
2025-10-01,27.479166666666668,22.6,32.8,24,56.041666666666664,55.5,39,75,24,17.52089935802392,3.2,3,24,11.887500000000001,20.4,24,-1.0249166127294302,-2.1772669974038883,1003.1083333333332,0.8000000000000682,24,1.3333333333333333,24,1.0,1.0,1.0,1.0,1.0,3.2,3,1,25.208025614955147
2025-10-02,26.891666666666666,22.1,31.6,24,56.375,56.5,41,73,24,17.12488106008864,7.699999999999999,2,24,13.6625,22.2,24,-3.4716126611456275,-4.973941403037558,1006.8249999999999,4.2999999999999545,24,2.8333333333333335,24,1.0,1.0,1.0,1.0,1.0,7.699999999999999,2,1,34.913503790015625
2025-10-03,25.645833333333332,21.9,30.4,24,61.333333333333336,63.5,44,75,24,17.4720065377941,10.5,4,24,13.4375,18.5,24,-1.002899419316426,-5.421718862683822,1010.9666666666667,2.6000000000000227,24,3.6666666666666665,24,1.0,1.0,1.0,1.0,1.0,10.5,4,1,10.480006575134325
2025-10-04,24.858333333333334,20.4,29.7,24,61.958333333333336,68.0,42,79,24,16.670752079289368,2.3,2,24,11.195833333333333,16.7,24,0.12114502216378849,-2.4906315990745074,1009.225,-3.8999999999999773,24,2.6666666666666665,24,1.0,1.0,1.0,1.0,1.0,2.3,2,1,357.2153118468131
2025-10-05,23.34583333333333,20.4,27.1,24,64.45833333333333,65.0,50,78,24,16.080919949805523,1.0,2,24,16.133333333333333,22.2,24,-8.800763511036832,-7.812743922711039,1007.7666666666668,1.2000000000000455,24,5.083333333333333,24,1.0,1.0,1.0,1.0,1.0,1.0,2,1,48.40342071908532
2025-10-06,19.95,16.3,21.9,24,69.83333333333333,67.5,62,90,24,14.176684307164017,32.8,14,24,21.691666666666666,27.8,24,-14.332333216350525,-7.552793985406272,1010.4833333333332,4.2000000000000455,24,7.625,24,1.0,1.0,1.0,1.0,1.0,32.8,14,1,62.211850808385236
2025-10-07,18.720833333333335,15.8,22.2,24,70.04166666666667,68.5,54,89,24,12.956150264365151,4.3,2,24,11.825000000000001,16.7,24,-2.6369347544386983,-0.40668883423010477,1012.3583333333332,0.599999999999909,24,4.75,24,1.0,1.0,1.0,1.0,1.0,4.3,2,1,81.23247384189807
2025-10-08,20.720833333333335,16.0,26.2,24,62.041666666666664,63.0,41,82,24,12.747159513941313,0.0,0,24,7.25,14.8,24,4.0486847502800325,0.35222616903483867,1013.0625,0.7000000000000455,24,2.0833333333333335,24,1.0,1.0,1.0,1.0,1.0,0.0,0,0,265.02791894167075
2025-10-09,21.883333333333336,16.9,27.5,24,57.166666666666664,58.0,38,77,24,12.551893593021695,0.0,0,24,7.245833333333334,13.0,24,3.3158077292363846,-0.9324214195366949,1013.9499999999999,-0.39999999999997726,24,1.4166666666666667,24,1.0,1.0,1.0,1.0,1.0,0.0,0,0,285.70624379789945
2025-10-10,22.166666666666668,17.1,27.8,24,56.333333333333336,58.5,37,76,24,12.626623058009484,0.0,0,24,6.862500000000001,14.8,24,-1.1629398336556431,2.3749875674645105,1012.2958333333332,-0.5,24,1.375,24,1.0,1.0,1.0,1.0,1.0,0.0,0,0,153.9107903908988
2025-10-11,22.77916666666667,17.5,29.1,24,54.958333333333336,58.0,36,73,24,12.736492796275577,0.0,0,24,8.479166666666666,14.8,24,2.577579068019986,-0.8659990319050849,1012.8083333333334,0.1999999999999318,24,0.625,24,1.0,1.0,1.0,1.0,1.0,0.0,0,0,288.5709995845789
2025-10-12,22.916666666666668,17.2,29.4,24,56.541666666666664,57.0,36,78,24,13.236277203999798,0.0,0,24,5.220833333333334,9.3,24,0.6466190822422505,-0.9990236766325932,1011.9666666666667,-0.3000000000000682,24,0.0,24,1.0,1.0,1.0,1.0,1.0,0.0,0,0,327.0869960708064
2025-10-13,23.40416666666667,17.5,29.8,24,57.041666666666664,61.0,35,76,24,13.81891226814236,0.0,0,24,5.779166666666668,9.3,24,0.21355803563880427,0.7816903500507276,1012.3375,0.5,24,0.0,24,1.0,1.0,1.0,1.0,1.0,0.0,0,0,195.28034164380085
2025-10-14,23.604166666666668,18.4,29.5,24,60.791666666666664,63.5,42,77,24,15.260313169895534,0.0,0,24,6.945833333333333,13.0,24,-2.557941877019281,3.3540632459490247,1011.1999999999999,-1.3999999999999773,24,0.20833333333333334,24,1.0,1.0,1.0,1.0,1.0,0.0,0,0,142.66941743538462
2025-10-15,23.929166666666664,18.6,29.5,24,60.5,64.5,38,82,24,15.310967246999857,0.0,0,24,7.320833333333334,13.0,24,-0.2719494678856185,1.9025755971259244,1011.6875,0.8999999999999773,24,0.4583333333333333,24,1.0,1.0,1.0,1.0,1.0,0.0,0,0,171.8653836332553
2025-10-16,23.670833333333334,18.7,29.8,24,60.333333333333336,65.0,40,80,24,15.04732999307243,0.0,0,24,6.395833333333333,14.8,24,1.9416037550816936,0.7546701587736607,1011.8249999999999,0.599999999999909,24,0.0,24,1.0,1.0,1.0,1.0,1.0,0.0,0,0,248.7596962891644
2025-10-17,23.837500000000002,18.6,30.4,24,59.208333333333336,60.0,38,78,24,14.927786310244764,0.0,0,24,5.920833333333333,11.1,24,0.1935842080041766,0.21886579903463524,1013.0375,0.3000000000000682,24,0.0,24,1.0,1.0,1.0,1.0,1.0,0.0,0,0,221.49237877402555
2025-10-18,23.758333333333336,18.7,30.2,24,58.833333333333336,64.0,40,76,24,14.795542983450142,0.0,0,24,5.533333333333334,9.3,24,-0.9641821805387737,-0.908426766563207,1012.7708333333334,-0.2999999999999545,24,0.4583333333333333,24,1.0,1.0,1.0,1.0,1.0,0.0,0,0,46.70543156942534
2025-10-19,23.337500000000002,18.0,29.6,24,57.541666666666664,60.5,36,79,24,13.913875000119065,0.0,0,24,7.25,13.0,24,1.1223440618875127,-1.2074771422970418,1012.2583333333333,-0.6000000000000227,24,1.7916666666666667,24,1.0,1.0,1.0,1.0,1.0,0.0,0,0,317.0926914804248
2025-10-20,23.045833333333334,17.7,29.5,24,56.166666666666664,58.5,36,76,24,13.295198906796815,0.0,0,24,6.1625000000000005,11.1,24,2.207273368902194,-0.3535730420195458,1012.5625,1.8000000000000682,24,0.3333333333333333,24,1.0,1.0,1.0,1.0,1.0,0.0,0,0,279.1006359928149
2025-10-21,22.745833333333334,17.1,29.4,24,53.541666666666664,53.0,34,73,24,12.2545354786724,0.0,0,24,5.470833333333334,9.3,24,1.169390950833137,0.23492435018221536,1014.3375,1.1999999999999318,24,0.5833333333333334,24,1.0,1.0,1.0,1.0,1.0,0.0,0,0,258.6407895497321
2025-10-22,21.962500000000002,15.8,29.1,24,51.0,53.5,30,70,24,10.681621514986789,0.0,0,24,6.554166666666667,11.1,24,1.6443333119555839,-0.47879752476389226,1014.8125,-0.6999999999999318,24,0.125,24,1.0,1.0,1.0,1.0,1.0,0.0,0,0,286.23452120154013
2025-10-23,22.016666666666666,16.1,29.4,24,51.416666666666664,54.5,31,69,24,10.93151515278815,0.0,0,24,6.316666666666666,11.1,24,0.7890937180568774,-0.0842619130543124,1013.9125,-0.6000000000000227,24,0.0,24,1.0,1.0,1.0,1.0,1.0,0.0,0,0,276.09512700940877
2025-10-24,21.704166666666666,15.9,29.2,24,52.666666666666664,56.5,30,71,24,10.954272046513159,0.0,0,24,5.145833333333333,11.1,24,0.9350588974775746,0.5142828719535223,1013.6374999999999,-0.39999999999997726,24,0.25,24,1.0,1.0,1.0,1.0,1.0,0.0,0,0,241.18918375387688
2025-10-25,21.71666666666667,15.7,29.1,24,53.916666666666664,58.0,33,72,24,11.377414729089827,0.0,0,24,4.6875,7.4,24,0.5374621202237905,0.5320724714547396,1013.0708333333333,0.2999999999999545,24,0.0,24,1.0,1.0,1.0,1.0,1.0,0.0,0,0,225.28872512964244
2025-10-26,21.40416666666667,15.9,28.6,24,54.541666666666664,58.5,33,72,24,11.275784622266995,0.0,0,24,5.541666666666667,9.3,24,0.8911680003628136,-0.3533078071305404,1013.8000000000001,0.6000000000000227,24,0.25,24,1.0,1.0,1.0,1.0,1.0,0.0,0,0,291.626086603178
2025-10-27,21.125,15.6,27.8,24,56.583333333333336,61.5,34,75,24,11.616226622371991,0.0,0,24,5.3125,9.3,24,1.2806515564443546,-0.29668026822619137,1014.3833333333333,0.7000000000000455,24,0.041666666666666664,24,1.0,1.0,1.0,1.0,1.0,0.0,0,0,283.04325639444886
2025-10-28,21.1125,15.5,27.9,24,56.291666666666664,61.0,33,74,24,11.496011545541199,0.0,0,24,6.158333333333334,16.7,24,3.219782942533493,-1.0369087800715413,1014.875,0.10000000000002274,24,0.0,24,1.0,1.0,1.0,1.0,1.0,0.0,0,0,287.85079436761487
2025-10-29,20.820833333333333,15.3,27.1,24,59.5,63.0,35,81,24,12.092252258171188,0.0,0,24,5.391666666666667,13.0,24,2.6189054422080518,-0.7173892981266875,1014.0583333333334,-2.0,24,0.0,24,1.0,1.0,1.0,1.0,1.0,0.0,0,0,285.3190875083897
2025-10-30,21.224999999999998,15.7,28.2,24,59.833333333333336,58.5,35,87,24,12.391969678594426,0.0,0,24,5.770833333333333,14.8,24,4.194536943361164,-0.9579828036172936,1013.5291666666667,0.10000000000002274,24,0.041666666666666664,24,1.0,1.0,1.0,1.0,1.0,0.0,0,0,282.8650249806378
2025-10-31,20.875,15.6,27.8,24,57.333333333333336,61.5,33,79,24,11.435187752323698,0.0,0,24,5.3,14.8,24,2.860768013695876,0.14724743921930594,1012.1833333333334,-1.6000000000000227,24,0.0,24,1.0,1.0,1.0,1.0,1.0,0.0,0,0,267.05351213527473
2025-11-01,20.216666666666665,14.1,27.5,24,57.083333333333336,62.0,32,78,24,10.726616228235843,0.0,0,24,4.2125,9.3,24,1.4791350998915733,-0.19308482687920336,1012.225,0.7999999999999545,24,0.0,24,1.0,1.0,1.0,1.0,1.0,0.0,0,0,277.43727960281336
2025-11-02,20.150000000000002,14.1,28.0,24,55.666666666666664,58.0,31,77,24,10.231498911758417,0.0,0,24,5.383333333333334,13.0,24,2.6752370249480006,0.28023594707871474,1011.8291666666668,-0.6000000000000227,24,0.0,24,1.0,1.0,1.0,1.0,1.0,0.0,0,0,264.01997202200226
2025-11-03,19.5,13.5,27.1,24,56.25,59.5,33,76,24,9.885969661612245,0.0,0,24,4.0625,9.3,24,0.058781247151394656,0.7150628630071879,1010.0291666666667,-2.7000000000000455,24,0.08333333333333333,24,1.0,1.0,1.0,1.0,1.0,0.0,0,0,184.69939340074765
2025-11-04,17.658333333333335,14.7,21.4,24,62.666666666666664,65.5,51,73,24,10.33490352090875,11.399999999999999,4,24,15.041666666666666,22.2,24,-10.387400989855328,-8.418225970678032,1009.9333333333334,3.5,24,2.6666666666666665,24,1.0,1.0,1.0,1.0,1.0,11.399999999999999,4,1,50.97777184808302
2025-11-05,16.854166666666668,11.0,23.7,24,59.875,58.0,35,85,24,8.345207644906184,0.0,0,24,6.166666666666667,20.4,24,3.966287594723205,-2.942851410092165,1013.85,1.2999999999999545,24,0.75,24,1.0,1.0,1.0,1.0,1.0,0.0,0,0,306.57416674302914
2025-11-06,16.329166666666666,10.3,24.2,24,54.583333333333336,60.5,28,76,24,6.197377170059042,0.0,0,24,7.3875,18.5,24,6.43274204377085,-1.838135926766942,1014.8666666666667,1.6000000000000227,24,0.0,24,1.0,1.0,1.0,1.0,1.0,0.0,0,0,285.947122109982
2025-11-07,16.279166666666665,9.7,24.9,24,53.333333333333336,55.0,26,76,24,5.784655533545699,0.0,0,24,4.766666666666667,13.0,24,3.0864877395331862,-1.1295582414915164,1015.7458333333334,0.599999999999909,24,0.125,24,1.0,1.0,1.0,1.0,1.0,0.0,0,0,290.1010497629862
2025-11-08,16.55,10.2,25.2,24,51.75,55.5,26,73,24,5.658059036967045,0.0,0,24,4.383333333333334,16.7,24,3.145053712433825,-0.5366211018214623,1016.3791666666666,0.5,24,0.0,24,1.0,1.0,1.0,1.0,1.0,0.0,0,0,279.6827804600387
2025-11-09,16.5,10.0,24.9,24,51.875,52.5,26,75,24,5.68023686349366,0.0,0,24,5.083333333333333,16.7,24,3.674556320284804,0.13883356475271288,1015.2166666666667,-2.2999999999999545,24,0.0,24,1.0,1.0,1.0,1.0,1.0,0.0,0,0,267.8362570113547
2025-11-10,15.854166666666666,9.6,23.7,24,53.25,59.5,28,74,24,5.5247853973575545,0.0,0,24,4.916666666666667,13.0,24,2.6578932259231807,-1.089690924213868,1014.65,1.2000000000000455,24,0.16666666666666666,24,1.0,1.0,1.0,1.0,1.0,0.0,0,0,292.29279318972016
2025-11-11,15.725,9.6,23.9,24,53.541666666666664,58.0,28,76,24,5.366012904007333,0.0,0,24,6.070833333333333,16.7,24,4.15638600004216,-1.5843409132786508,1016.3375,1.0,24,0.0,24,1.0,1.0,1.0,1.0,1.0,0.0,0,0,290.8659627137049
2025-11-12,15.795833333333334,9.8,24.0,24,52.833333333333336,57.0,27,73,24,5.3394507500342465,0.0,0,24,5.941666666666666,16.7,24,3.773156498310467,-0.24595910708109536,1016.9958333333334,1.0,24,0.0,24,1.0,1.0,1.0,1.0,1.0,0.0,0,0,273.72963819467043
2025-11-13,16.0125,10.8,24.0,24,53.041666666666664,58.0,28,72,24,5.6235880101481355,0.0,0,24,5.533333333333334,18.5,24,3.566366843879223,-0.631337880405287,1018.125,0.6000000000000227,24,0.0,24,1.0,1.0,1.0,1.0,1.0,0.0,0,0,280.03881085218916
2025-11-14,15.450000000000001,9.4,23.8,24,54.291666666666664,57.5,28,76,24,5.439805714694969,0.0,0,24,3.141666666666667,9.3,24,1.7613297310968241,0.24296164611975354,1018.1708333333332,-0.10000000000002274,24,0.0,24,1.0,1.0,1.0,1.0,1.0,0.0,0,0,262.1460605628983
2025-11-15,15.1625,8.8,23.7,24,54.791666666666664,60.5,28,76,24,5.278184714184592,0.0,0,24,3.466666666666667,11.1,24,3.0467690481493874,-0.002411997251502133,1019.1166666666667,1.8999999999999773,24,0.0,24,1.0,1.0,1.0,1.0,1.0,0.0,0,0,270.04535861814725
2025-11-16,15.233333333333334,9.1,23.8,24,56.458333333333336,61.5,29,77,24,5.851149199073121,0.0,0,24,2.6833333333333336,11.1,24,1.2262886129319668,0.044629437911013765,1021.0208333333334,0.5,24,1.2083333333333333,24,1.0,1.0,1.0,1.0,1.0,0.0,0,0,267.9157024379384
2025-11-17,15.466666666666667,9.3,24.2,24,55.583333333333336,56.0,29,77,24,5.8431783214626245,0.0,0,24,1.9083333333333334,5.5,24,-0.36912628846863904,0.7543471867839496,1019.7416666666667,0.0,24,1.1666666666666667,24,1.0,1.0,1.0,1.0,1.0,0.0,0,0,153.92601309557165
2025-11-18,15.620833333333332,10.2,23.3,24,56.083333333333336,61.5,32,75,24,6.262730337377806,0.0,0,24,3.375,9.3,24,1.68353839541475,0.021194885717704892,1019.0708333333333,-3.2999999999999545,24,1.1666666666666667,24,1.0,1.0,1.0,1.0,1.0,0.0,0,0,269.27871360069526
2025-11-19,15.566666666666668,9.9,23.6,24,57.958333333333336,64.5,32,78,24,6.6248403296701674,0.0,0,24,2.1333333333333333,5.5,24,-0.2710203788553675,1.1607636680205664,1018.1291666666666,1.7999999999999545,24,0.2916666666666667,24,1.0,1.0,1.0,1.0,1.0,0.0,0,0,166.85776142588725
2025-11-20,15.429166666666667,9.3,23.4,24,59.75,66.5,33,78,24,7.036456331135432,0.0,0,24,3.0583333333333336,7.4,24,1.4853078645964464,0.40116318203508855,1018.4875000000001,0.2999999999999545,24,0.0,24,1.0,1.0,1.0,1.0,1.0,0.0,0,0,254.88574885733075
2025-11-21,15.579166666666666,10.0,23.2,24,61.125,66.5,35,81,24,7.479529496152907,0.0,0,24,4.616666666666666,14.8,24,3.407529156903426,-0.78785018256555,1020.0958333333333,0.7000000000000455,24,0.0,24,1.0,1.0,1.0,1.0,1.0,0.0,0,0,283.01851783213715
2025-11-22,15.058333333333332,10.0,22.8,24,60.708333333333336,67.0,34,80,24,6.8557241323319245,0.0,0,24,5.15,14.8,24,3.495583692317208,-0.6575118918437511,1018.3916666666668,-1.8999999999999773,24,0.0,24,1.0,1.0,1.0,1.0,1.0,0.0,0,0,280.6527444360231
2025-11-23,14.299999999999999,8.8,22.1,24,59.291666666666664,65.0,34,79,24,5.7897759766825425,0.0,0,24,3.7458333333333336,9.3,24,1.1730588585138322,-0.03223259026805559,1018.5500000000001,0.5,24,0.0,24,1.0,1.0,1.0,1.0,1.0,0.0,0,0,271.5739421787818
2025-11-24,13.920833333333334,8.2,21.9,24,59.166666666666664,64.5,32,80,24,5.326595742286615,0.0,0,24,3.3666666666666667,9.3,24,1.0967539604132375,-0.16942186425440017,1019.725,2.2999999999999545,24,0.0,24,1.0,1.0,1.0,1.0,1.0,0.0,0,0,278.7813967197171
2025-11-25,13.458333333333334,7.8,21.6,24,57.333333333333336,56.0,31,80,24,4.36386522846871,0.0,0,24,5.383333333333333,16.7,24,2.9215165957808495,-1.1124569606346388,1019.9166666666666,-2.3999999999999773,24,0.0,24,1.0,1.0,1.0,1.0,1.0,0.0,0,0,290.84586459653246
2025-11-26,13.233333333333334,7.9,21.0,24,58.416666666666664,64.0,33,78,24,4.640065992080303,0.0,0,24,2.8958333333333335,5.5,24,-0.6195532687318822,0.1705714764694373,1019.7416666666667,3.2000000000000455,24,0.0,24,1.0,1.0,1.0,1.0,1.0,0.0,0,0,105.39295764093885
2025-11-27,13.120833333333332,7.5,21.4,24,59.458333333333336,64.0,32,80,24,4.682544070757487,0.0,0,24,2.3708333333333336,3.7,24,0.1559610991428296,0.28048439833025135,1022.0583333333334,0.6999999999999318,24,0.0,24,1.0,1.0,1.0,1.0,1.0,0.0,0,0,209.0758964737149
2025-11-28,12.829166666666666,6.7,21.0,24,59.083333333333336,64.0,31,82,24,4.1855690206115455,0.0,0,24,3.75,11.1,24,1.868700166139752,0.5675762643416723,1020.8625000000001,-2.800000000000068,24,0.0,24,1.0,1.0,1.0,1.0,1.0,0.0,0,0,253.1050037240996
2025-11-29,12.75,6.7,21.2,24,57.791666666666664,61.0,30,82,24,3.735623464288907,0.0,0,24,4.366666666666666,11.1,24,1.7303241572950407,-0.13440856846670307,1018.9541666666668,-1.3999999999999773,24,0.0,24,1.0,1.0,1.0,1.0,1.0,0.0,0,0,274.44171710066155
2025-11-30,12.654166666666667,6.7,21.3,24,55.541666666666664,58.5,28,77,24,3.1392920847287638,0.0,0,24,4.216666666666667,9.3,24,1.7170311021838092,0.9654427243551861,1016.7875,-1.6999999999999318,24,0.9583333333333334,24,1.0,1.0,1.0,1.0,1.0,0.0,0,0,240.65206418400538
2025-12-01,12.441666666666668,6.8,20.3,24,56.5,60.5,30,78,24,3.262632786107945,0.0,0,24,3.2125000000000004,7.4,24,-0.6058440562337637,0.14770797598175703,1015.9875000000001,0.0,24,2.5833333333333335,24,1.0,1.0,1.0,1.0,1.0,0.0,0,0,103.70170631278131
2025-12-02,12.308333333333332,6.5,20.1,24,56.833333333333336,60.0,31,77,24,3.3119135605395407,0.0,0,24,3.3666666666666667,7.4,24,0.5109156655768553,-0.20238110595382752,1017.2166666666667,1.5,24,0.5,24,1.0,1.0,1.0,1.0,1.0,0.0,0,0,291.60923680889397
2025-12-03,12.200000000000001,6.4,20.6,24,58.75,63.5,31,81,24,3.6078058014833125,0.0,0,24,3.129166666666667,7.4,24,1.3269824062784514,0.7845190733237558,1019.9333333333334,3.2000000000000455,24,0.3333333333333333,24,1.0,1.0,1.0,1.0,1.0,0.0,0,0,239.4081942194241
2025-12-04,12.683333333333332,7.2,20.5,24,58.333333333333336,61.5,32,80,24,4.006718669576349,0.0,0,24,2.5958333333333337,9.3,24,-0.12208273367335397,1.4986453679700693,1020.3916666666668,-0.6000000000000227,24,4.0,24,1.0,1.0,1.0,1.0,1.0,0.0,0,0,175.3428515196888
2025-12-05,13.7125,8.5,21.5,24,55.375,57.5,30,76,24,4.178476614715647,0.0,0,24,3.8249999999999997,9.3,24,1.7314919399873665,0.13404160384088756,1021.7208333333333,3.0,24,2.6666666666666665,24,1.0,1.0,1.0,1.0,1.0,0.0,0,0,265.57333705788074
2025-12-06,13.4125,7.5,21.7,24,53.708333333333336,55.0,27,74,24,3.394068180847188,0.0,0,24,6.779166666666666,20.4,24,6.041786034454507,-0.6470264217846754,1021.5958333333333,-3.2999999999999545,24,3.625,24,1.0,1.0,1.0,1.0,1.0,0.0,0,0,276.1126177694461
2025-12-07,13.554166666666667,7.7,21.6,24,54.291666666666664,56.0,29,77,24,3.6882275454515345,0.0,0,24,4.2250000000000005,11.1,24,2.743183613568544,0.30736584425410646,1019.9833333333332,0.0,24,2.5,24,1.0,1.0,1.0,1.0,1.0,0.0,0,0,263.60683794111605
2025-12-08,13.575000000000001,7.3,22.2,24,54.541666666666664,57.5,27,79,24,3.621712776495588,0.0,0,24,5.55,16.7,24,4.56793463624393,-0.35288871850472486,1020.9291666666667,0.40000000000009095,24,0.75,24,1.0,1.0,1.0,1.0,1.0,0.0,0,0,274.4175226206781
2025-12-09,13.325000000000001,7.3,21.2,24,52.625,51.0,28,74,24,3.015176964575342,0.0,0,24,4.616666666666666,13.0,24,3.676268059636156,-0.9591398266764979,1019.8375,-0.6000000000000227,24,2.9583333333333335,24,1.0,1.0,1.0,1.0,1.0,0.0,0,0,284.62252839363293
2025-12-10,13.637500000000001,7.7,22.1,24,51.0,52.5,26,71,24,2.8933275883361844,0.0,0,24,3.0583333333333336,7.4,24,1.9591168038547038,0.7578999581125876,1019.0041666666666,-0.5,24,2.25,24,1.0,1.0,1.0,1.0,1.0,0.0,0,0,248.8506403437205
2025-12-11,13.391666666666666,7.5,22.0,24,54.75,60.0,27,77,24,3.6370109890568028,0.0,0,24,3.379166666666667,11.1,24,1.7684380063476663,0.2533564018085599,1018.2791666666667,-1.6000000000000227,24,1.8333333333333333,24,1.0,1.0,1.0,1.0,1.0,0.0,0,0,261.846961930603
2025-12-12,13.779166666666667,8.3,21.5,24,57.916666666666664,60.0,31,78,24,4.948436158900815,0.0,0,24,2.8208333333333333,7.4,24,0.6384215496389569,0.08125330512411892,1016.9208333333332,0.0,24,4.291666666666667,24,1.0,1.0,1.0,1.0,1.0,0.0,0,0,262.7468360016554
2025-12-13,13.595833333333333,9.4,19.7,24,62.0,66.5,41,76,24,6.125438150543711,0.0,0,24,2.8958333333333335,7.4,24,-1.2467502866871656,0.5530549672432244,1018.3291666666668,2.300000000000068,24,6.416666666666667,24,1.0,1.0,1.0,1.0,1.0,0.0,0,0,113.9219410697354
2025-12-14,13.9125,9.5,20.1,24,62.5,65.0,40,80,24,6.43497003716655,0.0,0,24,2.591666666666667,7.4,24,0.5303352605241041,1.1630501748062672,1020.1666666666666,0.1999999999999318,24,6.333333333333333,24,1.0,1.0,1.0,1.0,1.0,0.0,0,0,204.5123488045189
2025-12-15,14.329166666666666,10.0,21.1,24,61.833333333333336,66.5,38,80,24,6.605319335955035,0.0,0,24,4.766666666666667,9.3,24,3.4987333534906306,-0.0017034365174670625,1019.5625,-0.3000000000000682,24,5.25,24,1.0,1.0,1.0,1.0,1.0,0.0,0,0,270.0278957284099
2025-12-16,15.0625,9.3,23.5,24,56.416666666666664,53.0,29,79,24,5.625882722150377,0.0,0,24,6.8500000000000005,18.5,24,6.345934475989392,-1.3860768788804612,1018.375,-1.8999999999999773,24,3.4166666666666665,24,1.0,1.0,1.0,1.0,1.0,0.0,0,0,282.32102351999157
2025-12-17,15.1,9.7,23.0,24,56.333333333333336,60.5,31,76,24,5.806378400412441,0.0,0,24,3.0583333333333336,7.4,24,1.9587228746153416,0.5965415318496525,1018.3625000000001,0.8999999999999773,24,5.0,24,1.0,1.0,1.0,1.0,1.0,0.0,0,0,253.06155174713655
2025-12-18,14.566666666666668,9.8,21.3,24,59.875,65.0,36,76,24,6.431200877621426,0.0,0,24,2.2083333333333335,5.5,24,1.3587340050066512,0.12545343603317935,1019.4541666666668,0.7999999999999545,24,6.041666666666667,24,1.0,1.0,1.0,1.0,1.0,0.0,0,0,264.7247729291742
2025-12-19,14.233333333333334,8.9,21.7,24,61.75,65.0,36,82,24,6.392284558856182,0.0,0,24,2.129166666666667,5.5,24,0.9091543454909697,0.040321391200025904,1017.1916666666666,-4.300000000000068,24,5.166666666666667,24,1.0,1.0,1.0,1.0,1.0,0.0,0,0,267.4605713371146
2025-12-20,14.341666666666667,10.4,19.9,24,62.5,64.5,42,77,24,6.969104505925265,0.2,1,24,4.8374999999999995,13.0,24,-1.3056593185911576,-1.111199463934948,1015.0291666666667,1.2000000000000455,24,6.916666666666667,24,1.0,1.0,1.0,1.0,1.0,0.2,1,1,49.60009455011976
2025-12-21,14.233333333333334,12.6,16.9,24,72.75,74.0,62,80,24,9.373732676841593,2.0,8,24,10.583333333333334,14.8,24,-2.900089988015542,-7.46927289661641,1017.9875000000001,3.3999999999999773,24,7.291666666666667,24,1.0,1.0,1.0,1.0,1.0,2.0,8,1,21.219666935205225
2025-12-22,13.766666666666666,11.3,18.0,24,76.54166666666667,81.0,58,86,24,9.611058198340624,0.9,4,24,9.966666666666667,14.8,24,1.6867319727289927,-6.558042438328266,1019.5958333333333,-0.6000000000000227,24,5.166666666666667,24,1.0,1.0,1.0,1.0,1.0,0.9,4,1,345.5761275975543
2025-12-23,13.458333333333334,9.1,19.8,24,71.625,71.0,45,95,24,7.925463371519569,0.0,0,24,10.008333333333333,25.9,24,9.625925746311744,-1.8988879366933056,1018.2458333333334,-1.7999999999999545,24,1.9583333333333333,24,1.0,1.0,1.0,1.0,1.0,0.0,0,0,281.15934677567515
2025-12-24,13.254166666666665,8.1,20.6,24,62.708333333333336,62.0,35,84,24,5.619986258727805,0.0,0,24,7.616666666666667,20.4,24,6.2846659603839115,-2.0370601013768463,1016.2083333333334,-0.2999999999999545,24,1.375,24,1.0,1.0,1.0,1.0,1.0,0.0,0,0,287.95915829881255
2025-12-25,12.483333333333334,6.6,20.9,24,60.25,59.0,31,85,24,4.1534233534405525,0.0,0,24,3.216666666666667,7.4,24,1.2651551694919665,1.4186212989688907,1016.9499999999999,1.6000000000000227,24,1.8333333333333333,24,1.0,1.0,1.0,1.0,1.0,0.0,0,0,221.72722509100387
2025-12-26,12.641666666666666,7.5,20.3,24,59.416666666666664,63.0,34,80,24,4.286868435908259,0.0,0,24,3.829166666666667,11.1,24,2.553658063088854,0.6514281227865203,1018.0625,0.2999999999999545,24,2.3333333333333335,24,1.0,1.0,1.0,1.0,1.0,0.0,0,0,255.68928021641884
2025-12-27,11.9375,6.3,19.5,24,61.125,62.5,34,83,24,4.0336630381013086,0.0,0,24,3.454166666666667,11.1,24,2.4173265686879555,0.6653920826502144,1018.025,-0.6000000000000227,24,4.291666666666667,24,1.0,1.0,1.0,1.0,1.0,0.0,0,0,254.60992721064213
2025-12-28,12.041666666666666,7.6,17.7,24,64.875,68.0,42,82,24,5.26990694816548,0.1,1,24,2.433333333333333,5.5,24,-1.3720204003155232,0.6797546712526431,1018.2583333333333,1.0,24,5.958333333333333,24,1.0,1.0,1.0,1.0,1.0,0.1,1,1,116.35568481009841
2025-12-29,12.991666666666667,8.0,19.9,24,64.75,69.0,38,85,24,5.959510942759128,0.0,0,24,3.7458333333333336,9.3,24,2.16699003217121,1.647986043756828,1018.0124999999999,-1.3999999999999773,24,5.458333333333333,24,1.0,1.0,1.0,1.0,1.0,0.0,0,0,232.74717666823756
2025-12-30,12.341666666666667,10.0,16.1,24,70.83333333333333,71.5,56,82,24,7.083834558768099,0.1,1,24,6.854166666666667,13.0,24,-1.4080764635233207,-1.0136273042298853,1015.8583333333332,-3.2999999999999545,24,6.666666666666667,24,1.0,1.0,1.0,1.0,1.0,0.1,1,1,54.25114446551629
2025-12-31,10.904166666666667,9.1,13.5,24,78.54166666666667,79.0,69,87,24,7.289188780725138,3.1,12,24,7.9375,18.5,24,-4.315844473886925,1.8542573595341916,1013.6416666666668,0.8000000000000682,24,7.041666666666667,24,1.0,1.0,1.0,1.0,1.0,3.1,12,1,113.25027166537814
2026-01-01,11.291666666666666,9.2,14.5,24,80.91666666666667,81.5,66,94,24,8.021465098992001,2.0,4,24,7.795833333333334,11.1,24,-5.362250796387283,-1.3087324909865856,1016.8375,4.400000000000091,24,5.583333333333333,24,1.0,1.0,1.0,1.0,1.0,2.0,4,1,76.28430117403957
2026-01-02,11.129166666666668,6.8,17.7,24,73.91666666666667,76.0,47,91,24,6.276225557569947,0.0,0,24,5.7625,20.4,24,4.195789425261318,-0.479110974057888,1019.275,0.599999999999909,24,2.2083333333333335,24,1.0,1.0,1.0,1.0,1.0,0.0,0,0,276.5143045234231
2026-01-03,11.2125,6.6,17.4,24,72.25,77.5,45,93,24,5.944532661161138,0.0,0,24,4.291666666666667,14.8,24,-0.38511690068989984,0.7895493460198244,1019.0500000000001,0.8000000000000682,24,3.0416666666666665,24,1.0,1.0,1.0,1.0,1.0,0.0,0,0,153.9983612709658
2026-01-04,10.9375,7.1,15.7,24,75.54166666666667,80.5,55,93,24,6.49767195245613,0.0,0,24,5.308333333333334,11.1,24,1.5633439066043746,1.6742269935862473,1021.1,1.6999999999999318,24,3.375,24,1.0,1.0,1.0,1.0,1.0,0.0,0,0,223.03845203543176
2026-01-05,10.566666666666666,6.8,16.2,24,74.75,75.5,50,92,24,5.96815650414754,0.0,0,24,5.220833333333333,13.0,24,3.3576781662181023,0.6774430136196314,1022.6708333333332,-0.3000000000000682,24,2.9166666666666665,24,1.0,1.0,1.0,1.0,1.0,0.0,0,0,258.59317331415116
2026-01-06,9.933333333333334,5.0,16.3,24,72.25,71.0,46,99,24,4.641430126229542,0.0,0,24,4.2250000000000005,13.0,24,3.572598974779248,1.3101881790906191,1022.7916666666666,1.3999999999998636,24,2.1666666666666665,24,1.0,1.0,1.0,1.0,1.0,0.0,0,0,249.86037133003737
2026-01-07,10.266666666666667,4.9,17.4,24,64.70833333333333,61.0,37,91,24,3.154299456009134,0.0,0,24,7.158333333333334,20.4,24,6.335586004083356,0.9783381487393008,1023.2958333333332,-0.09999999999990905,24,1.0416666666666667,24,1.0,1.0,1.0,1.0,1.0,0.0,0,0,261.2217486247698
2026-01-08,9.4625,4.3,16.7,24,64.70833333333333,69.0,37,88,24,2.4974658230234286,0.0,0,24,3.441666666666667,9.3,24,-0.7387165325771398,1.943251821305603,1023.1416666666668,-1.2999999999999545,24,0.20833333333333334,24,1.0,1.0,1.0,1.0,1.0,0.0,0,0,159.18597372024192
2026-01-09,8.220833333333333,3.8,13.9,24,71.29166666666667,71.5,48,93,24,2.9402156230672425,0.0,0,24,3.0541666666666667,7.4,24,0.3211995473441978,0.06655513426909844,1023.8083333333334,0.900000000000091,24,0.5833333333333334,24,1.0,1.0,1.0,1.0,1.0,0.0,0,0,258.2935165592846
2026-01-10,9.020833333333334,3.9,16.2,24,65.5,64.0,39,89,24,2.2796116524051633,0.0,0,24,4.070833333333334,13.0,24,2.2183807083095113,1.5340135995919504,1022.0541666666667,0.2999999999999545,24,0.16666666666666666,24,1.0,1.0,1.0,1.0,1.0,0.0,0,0,235.3360834354899
2026-01-11,9.541666666666666,3.8,17.1,24,63.041666666666664,64.5,34,87,24,2.1034841400290634,0.0,0,24,3.2916666666666665,7.4,24,0.7626797463123998,1.4074438215388607,1023.3833333333333,-0.6999999999999318,24,1.9166666666666667,24,1.0,1.0,1.0,1.0,1.0,0.0,0,0,208.4528214627594
2026-01-12,9.633333333333333,4.9,16.1,24,66.125,71.0,40,86,24,3.18406339205432,0.0,0,24,2.6750000000000003,5.5,24,-0.4640352760208771,1.9669933152074615,1022.2624999999999,1.7000000000000455,24,4.375,24,1.0,1.0,1.0,1.0,1.0,0.0,0,0,166.72599640670785
2026-01-13,9.737499999999999,4.1,18.0,24,68.41666666666667,71.5,33,93,24,3.459424848709718,0.0,0,24,3.608333333333334,9.3,24,1.4210299569026876,1.911845625255901,1022.2875,-4.600000000000023,24,1.5416666666666667,24,1.0,1.0,1.0,1.0,1.0,0.0,0,0,216.6225555201839
2026-01-14,10.570833333333333,4.5,18.4,24,63.0,60.5,34,88,24,3.0341244859721015,0.0,0,24,3.9166666666666665,9.3,24,1.3324752575096985,1.2578986044973137,1017.9250000000001,-0.6999999999999318,24,1.4166666666666667,24,1.0,1.0,1.0,1.0,1.0,0.0,0,0,226.64908531744067
2026-01-15,11.070833333333333,6.0,17.6,24,61.541666666666664,68.0,39,79,24,3.4762552739321038,0.0,0,24,2.6791666666666667,7.4,24,-0.05363863327850895,1.8689111145834127,1018.4499999999999,-0.5,24,3.375,24,1.0,1.0,1.0,1.0,1.0,0.0,0,0,178.3560353062279
2026-01-16,10.870833333333332,6.8,16.5,24,68.95833333333333,71.0,47,87,24,5.096915001090494,0.1,1,24,3.6833333333333336,9.3,24,-1.598184706674268,1.0348746239518125,1016.9958333333334,-1.1000000000000227,24,4.458333333333333,24,1.0,1.0,1.0,1.0,1.0,0.1,1,1,122.9243205805426
2026-01-17,11.491666666666667,5.9,18.5,24,63.375,64.0,35,87,24,4.110248204373136,0.0,0,24,3.75,7.4,24,-0.5265718151737625,0.5300235452130436,1016.4666666666667,-1.8000000000000682,24,3.625,24,1.0,1.0,1.0,1.0,1.0,0.0,0,0,135.18717558976624
2026-01-18,12.033333333333333,5.8,20.1,24,56.875,58.0,29,81,24,2.867474692861315,0.0,0,24,5.375,13.0,24,3.854999250173569,-0.22154546367157638,1014.3708333333334,0.0,24,3.2083333333333335,24,1.0,1.0,1.0,1.0,1.0,0.0,0,0,273.2891505756137
2026-01-19,12.7875,7.9,18.8,24,57.25,59.0,37,76,24,4.045472506493735,0.0,0,24,5.8500000000000005,9.3,24,2.254931378737092,1.044204450569426,1016.9250000000001,1.8999999999999773,24,4.708333333333333,24,1.0,1.0,1.0,1.0,1.0,0.0,0,0,245.15228090631277
2026-01-20,12.620833333333332,8.0,18.6,24,59.291666666666664,60.5,37,81,24,4.308223830563183,0.0,0,24,5.933333333333334,11.1,24,3.6172699413029474,0.14870133545870587,1018.1958333333333,2.300000000000068,24,3.7916666666666665,24,1.0,1.0,1.0,1.0,1.0,0.0,0,0,267.64596931957954
2026-01-21,12.491666666666667,6.9,20.2,24,56.708333333333336,57.5,30,79,24,3.3015829986968726,0.0,0,24,4.445833333333334,11.1,24,2.7631119567900897,-0.25010092252244553,1019.3458333333333,-0.6999999999999318,24,3.5833333333333335,24,1.0,1.0,1.0,1.0,1.0,0.0,0,0,275.17198909865357
2026-01-22,11.225,7.6,15.7,24,61.416666666666664,65.5,44,75,24,3.842778890832094,12.8,6,24,13.424999999999999,25.9,24,-11.940380317717791,0.24868445107940573,1015.4625,-7.399999999999977,24,6.041666666666667,24,1.0,1.0,1.0,1.0,1.0,12.8,6,1,91.19313702134048
2026-01-23,10.041666666666666,6.9,11.9,24,74.0,72.5,61,92,24,5.518377182931432,17.0,16,24,22.220833333333335,29.6,24,-14.809943673138818,8.248817053778717,1012.7333333333332,10.200000000000045,24,6.333333333333333,24,1.0,1.0,1.0,1.0,1.0,17.0,16,1,119.11685737867754
2026-01-24,8.625,4.0,14.0,24,66.66666666666667,66.0,42,87,24,2.3306206980599797,0.0,0,24,11.408333333333333,25.9,24,10.022999392201504,-0.9567662985774555,1026.0,3.0,24,3.75,24,1.0,1.0,1.0,1.0,1.0,0.0,0,0,275.4527661431822
2026-01-25,11.200000000000001,6.4,17.3,24,57.25,58.5,33,78,24,2.5278793674532034,0.0,0,24,12.333333333333334,29.6,24,11.179324360315997,-2.027821795642376,1022.1541666666667,-3.5,24,4.0,24,1.0,1.0,1.0,1.0,1.0,0.0,0,0,280.28111731715376
2026-01-26,10.4375,7.0,14.5,24,64.5,68.5,46,79,24,3.7920224612123685,0.8,3,24,6.783333333333334,14.8,24,0.22710720368971424,-0.7354586253563563,1021.1458333333334,0.3000000000000682,24,6.166666666666667,24,1.0,1.0,1.0,1.0,1.0,0.8,3,1,342.8394840660585
2026-01-27,10.358333333333333,9.3,12.9,24,77.95833333333333,77.0,74,83,24,6.6642251863038595,6.8,14,24,11.579166666666666,22.2,24,-8.982516230425487,-0.9152408035860087,1021.9833333333332,0.900000000000091,24,6.833333333333333,24,1.0,1.0,1.0,1.0,1.0,6.8,14,1,84.18213301625559
2026-01-28,10.495833333333334,6.4,16.0,24,73.33333333333333,74.0,50,92,24,5.59220081845223,0.0,0,24,4.833333333333333,9.3,24,2.960609413124621,1.7010731564213832,1022.75,0.900000000000091,24,3.5,24,1.0,1.0,1.0,1.0,1.0,0.0,0,0,240.11967812198378
2026-01-29,11.458333333333334,6.2,18.5,24,65.875,65.0,38,87,24,4.701332258019138,0.0,0,24,7.304166666666667,18.5,24,6.284935489296913,-0.5232802578558525,1022.0500000000001,-1.1000000000000227,24,2.0,24,1.0,1.0,1.0,1.0,1.0,0.0,0,0,274.75943752717524
2026-01-30,12.729166666666666,8.4,19.2,24,63.125,63.5,39,84,24,5.3256868793662635,0.0,0,24,4.5375000000000005,9.3,24,2.157389915517221,0.2957045557598273,1020.1208333333334,-3.099999999999909,24,5.5,24,1.0,1.0,1.0,1.0,1.0,0.0,0,0,262.19533640736836
2026-01-31,13.004166666666668,7.8,19.6,24,61.0,64.0,38,79,24,5.1610903113582935,0.0,0,24,2.9791666666666665,5.5,24,-0.5406853380193078,1.2217908915132285,1019.5208333333334,1.1000000000000227,24,4.916666666666667,24,1.0,1.0,1.0,1.0,1.0,0.0,0,0,156.12892881869607
2026-02-01,12.85,10.0,16.9,24,65.79166666666667,68.5,49,79,24,6.40036840500563,0.0,0,24,5.5375000000000005,11.1,24,2.788536156270256,0.427089031940947,1021.3249999999999,2.2000000000000455,24,6.041666666666667,24,1.0,1.0,1.0,1.0,1.0,0.0,0,0,261.292309979748
2026-02-02,12.645833333333334,8.1,18.5,24,64.25,63.5,40,84,24,5.607727147413111,0.0,0,24,6.316666666666666,14.8,24,5.1604552884896595,0.10829098944862685,1022.2666666666668,-1.6999999999999318,24,4.958333333333333,24,1.0,1.0,1.0,1.0,1.0,0.0,0,0,268.7978374403226
2026-02-03,13.291666666666666,9.1,19.1,24,61.875,63.0,42,78,24,5.749772067313164,0.0,0,24,6.933333333333334,11.1,24,0.4119519745465368,-1.4981342857059963,1021.525,3.800000000000068,24,3.7916666666666665,24,1.0,1.0,1.0,1.0,1.0,0.0,0,0,344.62499157838937
2026-02-04,13.341666666666667,7.9,20.5,24,59.083333333333336,58.5,33,81,24,4.841209212422262,0.0,0,24,7.4750000000000005,18.5,24,5.770782273945709,-0.1093465299376014,1024.2083333333333,-0.6000000000001364,24,3.0,24,1.0,1.0,1.0,1.0,1.0,0.0,0,0,271.0855278766735
2026-02-05,13.733333333333334,8.7,20.5,24,55.0,54.5,32,74,24,4.1896746943930205,0.0,0,24,5.383333333333334,9.3,24,2.246712893806398,1.1183634508401157,1022.3874999999999,-2.0,24,4.125,24,1.0,1.0,1.0,1.0,1.0,0.0,0,0,243.53690464750122
2026-02-06,13.8125,9.0,19.4,24,53.916666666666664,54.0,33,73,24,4.074563765848782,0.0,0,24,8.241666666666667,18.5,24,4.211420099685589,-1.2087478478594373,1020.8874999999999,-0.6000000000000227,24,4.291666666666667,24,1.0,1.0,1.0,1.0,1.0,0.0,0,0,286.01436242282114
2026-02-07,14.0875,9.2,21.1,24,54.416666666666664,55.0,32,73,24,4.404864188427492,0.0,0,24,9.258333333333333,20.4,24,6.63893150438865,-1.5991982119468353,1019.4250000000001,-2.699999999999932,24,2.4583333333333335,24,1.0,1.0,1.0,1.0,1.0,0.0,0,0,283.54349907494196
2026-02-08,13.916666666666666,8.4,20.7,24,54.208333333333336,54.5,31,75,24,4.15465717444473,0.0,0,24,6.7,13.0,24,3.251578961455179,0.27179173417389385,1017.9583333333334,-0.5,24,2.1666666666666665,24,1.0,1.0,1.0,1.0,1.0,0.0,0,0,265.221889758923
2026-02-09,13.920833333333334,9.5,19.5,24,55.125,57.0,35,71,24,4.617433480391785,0.0,0,24,6.25,9.3,24,-2.4945441549022993,0.9810266787186266,1016.6999999999999,-0.2999999999999545,24,3.9166666666666665,24,1.0,1.0,1.0,1.0,1.0,0.0,0,0,111.46817198049212
2026-02-10,14.170833333333334,9.7,19.3,24,56.541666666666664,57.5,39,72,24,5.260914569938494,0.0,0,24,7.791666666666667,13.0,24,1.6674353775025035,1.457592560412983,1018.1541666666667,1.6999999999999318,24,4.041666666666667,24,1.0,1.0,1.0,1.0,1.0,0.0,0,0,228.841593103297
2026-02-11,14.674999999999999,9.8,21.0,24,55.958333333333336,57.0,33,75,24,5.382786233835479,0.0,0,24,10.799999999999999,24.1,24,7.590236583600443,-2.156210368716468,1020.9083333333333,3.099999999999909,24,2.625,24,1.0,1.0,1.0,1.0,1.0,0.0,0,0,285.8586199813157
2026-02-12,15.233333333333334,9.2,22.8,24,52.166666666666664,51.0,27,75,24,4.549124056971316,0.0,0,24,9.633333333333333,22.2,24,8.532379411316166,-1.7152119382284583,1019.0749999999999,-3.8999999999999773,24,2.8333333333333335,24,1.0,1.0,1.0,1.0,1.0,0.0,0,0,281.3663285514222
2026-02-13,16.0125,9.9,23.2,24,50.166666666666664,50.0,28,71,24,4.833284315553586,0.0,0,24,6.625,13.0,24,4.2149079465307295,-1.2094635776554545,1015.9708333333333,-1.8000000000000682,24,2.9166666666666665,24,1.0,1.0,1.0,1.0,1.0,0.0,0,0,286.0107787653587
2026-02-14,16.337500000000002,9.7,24.2,24,50.5,52.0,28,72,24,5.205085568460503,0.0,0,24,9.325000000000001,24.1,24,7.7557984697322055,-2.078620792552829,1015.9083333333333,-0.599999999999909,24,2.1666666666666665,24,1.0,1.0,1.0,1.0,1.0,0.0,0,0,285.0031764527584
2026-02-15,16.791666666666668,10.1,25.0,24,48.291666666666664,48.0,25,70,24,4.816942053006779,0.0,0,24,8.083333333333334,18.5,24,6.222382671333057,-1.1774543516833995,1014.5625,-0.3000000000000682,24,2.125,24,1.0,1.0,1.0,1.0,1.0,0.0,0,0,280.7153171866051
2026-02-16,16.783333333333335,10.9,23.7,24,48.625,47.5,28,69,24,5.231643046892426,0.0,0,24,5.145833333333333,9.3,24,-0.35705260594064986,1.1246738252540431,1014.0333333333333,-0.8999999999999773,24,5.0,24,1.0,1.0,1.0,1.0,1.0,0.0,0,0,162.38680680225787
2026-02-17,17.458333333333332,11.5,24.5,24,49.083333333333336,52.5,29,68,24,6.050869697906426,0.0,0,24,5.925000000000001,11.1,24,-2.2754061467867968,3.014793352596462,1016.125,2.8999999999999773,24,3.625,24,1.0,1.0,1.0,1.0,1.0,0.0,0,0,142.95643055992696
2026-02-18,17.679166666666667,12.0,24.5,24,51.75,53.0,30,71,24,6.968178225292189,0.0,0,24,6.320833333333334,14.8,24,1.6000871963488559,-1.495040976814926,1016.6999999999999,0.10000000000002274,24,1.4166666666666667,24,1.0,1.0,1.0,1.0,1.0,0.0,0,0,313.0561723554551
2026-02-19,17.679166666666667,11.5,25.5,24,50.583333333333336,51.0,27,71,24,6.405150798552987,0.0,0,24,7.308333333333334,18.5,24,5.237820769411822,-1.241296312616517,1017.9333333333334,2.1000000000000227,24,0.0,24,1.0,1.0,1.0,1.0,1.0,0.0,0,0,283.3324010465815
2026-02-20,17.974999999999998,11.5,25.6,24,50.458333333333336,50.0,29,72,24,6.730709024413376,0.0,0,24,6.7749999999999995,18.5,24,4.829564373753965,-1.0140545761678368,1019.5708333333333,-1.8999999999999773,24,0.25,24,1.0,1.0,1.0,1.0,1.0,0.0,0,0,281.8580299454294
2026-02-21,18.345833333333335,12.2,25.7,24,49.458333333333336,49.5,29,69,24,6.816596998193532,0.0,0,24,6.4624999999999995,14.8,24,4.156183658136675,-0.7583845940108102,1013.8166666666666,-5.2000000000000455,24,0.6666666666666666,24,1.0,1.0,1.0,1.0,1.0,0.0,0,0,280.3410705345022
2026-02-22,18.587500000000002,12.2,26.0,24,48.458333333333336,49.0,28,69,24,6.710877194603299,0.0,0,24,7.395833333333333,16.7,24,5.0153795120306315,-1.126399132826676,1009.8166666666666,-1.6999999999999318,24,0.08333333333333333,24,1.0,1.0,1.0,1.0,1.0,0.0,0,0,282.65796834807554
2026-02-23,18.945833333333333,12.9,26.5,24,49.541666666666664,50.0,28,72,24,7.317615723607292,0.0,0,24,8.245833333333334,22.2,24,6.602613243026038,-0.8304433554571246,1010.4916666666667,1.599999999999909,24,0.08333333333333333,24,1.0,1.0,1.0,1.0,1.0,0.0,0,0,277.16873047971063
2026-02-24,18.908333333333335,12.2,26.4,24,47.583333333333336,48.0,27,67,24,6.723551125226856,0.0,0,24,7.316666666666666,18.5,24,5.676912176360687,-0.589185450738296,1012.3416666666667,1.8000000000000682,24,0.25,24,1.0,1.0,1.0,1.0,1.0,0.0,0,0,275.9253001495812
2026-02-25,19.170833333333334,12.3,26.7,24,46.291666666666664,49.0,26,66,24,6.472249289289992,0.0,0,24,10.241666666666667,27.8,24,7.613686923496425,-3.18701886292547,1013.2291666666666,0.0,24,0.3333333333333333,24,1.0,1.0,1.0,1.0,1.0,0.0,0,0,292.7137342660798
2026-02-26,19.570833333333333,13.6,26.6,24,46.75,47.5,27,66,24,7.082206251491407,0.0,0,24,10.566666666666666,24.1,24,8.325560621816354,-2.9097209458446467,1010.8249999999999,-4.2000000000000455,24,1.2916666666666667,24,1.0,1.0,1.0,1.0,1.0,0.0,0,0,289.26413748799564
2026-02-27,19.520833333333332,13.4,26.4,24,47.625,50.0,28,67,24,7.39791347832096,0.0,0,24,8.858333333333333,18.5,24,4.479010237380862,-0.6380462790308078,1008.6583333333333,-1.1000000000000227,24,1.5416666666666667,24,1.0,1.0,1.0,1.0,1.0,0.0,0,0,278.1073813444177
2026-02-28,19.8,13.4,26.9,24,43.916666666666664,43.0,24,64,24,6.269108513863142,0.0,0,24,10.016666666666667,24.1,24,8.25567661190366,-2.305401503837978,1009.0458333333332,0.8999999999999773,24,1.0,24,1.0,1.0,1.0,1.0,1.0,0.0,0,0,285.6024154619465
2026-03-01,19.775000000000002,13.1,27.4,24,40.958333333333336,39.5,21,61,24,5.0746744075875805,0.0,0,24,11.179166666666667,31.5,24,10.343856027939667,-2.75858203152505,1009.6916666666666,1.6999999999999318,24,0.125,24,1.0,1.0,1.0,1.0,1.0,0.0,0,0,284.9325570666124
2026-03-02,20.191666666666666,12.9,28.4,24,38.208333333333336,36.0,19,59,24,4.274425115919481,0.0,0,24,12.5625,33.3,24,11.464913980538647,-3.981670711950089,1011.9,1.5,24,0.875,24,1.0,1.0,1.0,1.0,1.0,0.0,0,0,289.1516954192912
2026-03-03,21.270833333333332,14.0,29.3,24,36.416666666666664,36.0,19,55,24,4.68820411010721,0.0,0,24,12.016666666666666,29.6,24,10.735947374999524,-4.53724634150664,1011.9041666666667,-0.10000000000002274,24,2.25,24,1.0,1.0,1.0,1.0,1.0,0.0,0,0,292.9099833745204
2026-03-04,22.854166666666668,16.0,30.5,24,37.833333333333336,38.5,20,57,24,6.725658566853114,0.0,0,24,9.104166666666666,16.7,24,7.062024042693277,-3.5081947539886253,1012.7375000000001,-0.5,24,3.875,24,1.0,1.0,1.0,1.0,1.0,0.0,0,0,296.41676258866227
2026-03-05,24.008333333333336,17.1,31.7,24,39.375,40.0,21,58,24,8.320621428333778,0.0,0,24,10.016666666666667,18.5,24,7.839496170186127,-3.7273036825336816,1010.4583333333334,-3.1000000000000227,24,3.375,24,1.0,1.0,1.0,1.0,1.0,0.0,0,0,295.42884191386247
2026-03-06,23.708333333333332,17.4,30.8,24,42.75,45.0,25,59,24,9.586866549581805,0.0,0,24,9.791666666666666,14.8,24,3.5951225716503212,-2.9131743456857904,1008.8625000000001,0.20000000000004547,24,5.041666666666667,24,1.0,1.0,1.0,1.0,1.0,0.0,0,0,309.0182976693234
2026-03-07,23.212500000000002,19.3,28.3,24,49.541666666666664,52.0,36,60,24,11.798344580280075,0.0,0,24,13.141666666666666,14.8,24,-6.702086663649728,-7.595855610941847,1011.5458333333332,3.800000000000068,24,5.916666666666667,24,1.0,1.0,1.0,1.0,1.0,0.0,0,0,41.42307663222488
2026-03-08,23.34166666666667,16.8,30.3,24,49.5,46.5,29,74,24,11.302224461813802,0.0,0,24,10.262500000000001,20.4,24,7.179517221070515,-3.865759370348059,1013.2041666666668,-1.2000000000000455,24,2.5833333333333335,24,1.0,1.0,1.0,1.0,1.0,0.0,0,0,298.29992354026626
2026-03-09,23.0125,18.3,28.8,24,45.5,48.0,30,60,24,10.192053601268196,0.0,0,24,12.1875,22.2,24,7.704250430377821,-7.890096939230959,1012.4125,1.1000000000000227,24,6.041666666666667,24,1.0,1.0,1.0,1.0,1.0,0.0,0,0,315.6827933397565
2026-03-10,21.770833333333332,18.8,25.6,24,58.583333333333336,60.0,46,69,24,13.12899803498741,0.0,0,24,17.129166666666666,20.4,24,-8.764707461558283,-11.728955746814608,1015.0333333333333,1.3999999999999773,24,7.0,24,1.0,1.0,1.0,1.0,1.0,0.0,0,0,36.76969275166766
2026-03-11,20.716666666666665,17.7,24.9,24,63.458333333333336,68.0,49,75,24,13.323177828517908,0.0,0,24,16.895833333333332,20.4,24,-11.830403687618672,-7.189818454448445,1014.4166666666666,-2.1000000000000227,24,7.125,24,1.0,1.0,1.0,1.0,1.0,0.0,0,0,58.71124470101074
2026-03-12,20.462500000000002,17.1,25.0,24,60.5,61.0,44,74,24,12.260010672097623,0.0,0,24,14.754166666666665,20.4,24,0.34386228979830924,-4.133498903581251,1011.2375000000001,0.0,24,4.916666666666667,24,1.0,1.0,1.0,1.0,1.0,0.0,0,0,355.2445621246399
2026-03-13,20.841666666666665,15.1,27.2,24,50.625,47.0,28,74,24,9.289067103615276,0.0,0,24,13.4,29.6,24,10.999598488382375,-5.964529383617143,1011.5749999999999,-2.0,24,2.5416666666666665,24,1.0,1.0,1.0,1.0,1.0,0.0,0,0,298.4687514323076
2026-03-14,21.329166666666666,14.7,28.3,24,44.916666666666664,44.0,24,67,24,7.955705082875632,0.0,0,24,10.108333333333333,20.4,24,7.115112177127351,-3.4491117686365094,1009.2708333333334,-2.0,24,4.5,24,1.0,1.0,1.0,1.0,1.0,0.0,0,0,295.86218653108057
2026-03-15,17.279166666666665,14.2,20.1,24,59.875,59.5,51,70,24,9.346063559825396,2.8,9,24,21.912499999999998,31.5,24,-13.72564113085779,-10.091450993266578,1010.0666666666666,2.0,24,7.291666666666667,24,1.0,1.0,1.0,1.0,1.0,2.8,9,1,53.67569987125103
2026-03-16,15.566666666666668,12.5,19.1,24,62.708333333333336,62.0,48,76,24,8.247840854997719,4.3,3,24,16.754166666666666,20.4,24,-15.48590588743488,0.19486485322316485,1011.8333333333334,2.3999999999999773,24,5.375,24,1.0,1.0,1.0,1.0,1.0,4.3,3,1,90.72093583112098
2026-03-17,16.908333333333335,12.0,22.2,24,54.166666666666664,53.0,34,74,24,7.0225454141681745,0.0,0,24,12.262500000000001,20.4,24,6.286150356785704,-6.099298342317343,1013.0166666666668,0.2999999999999545,24,6.166666666666667,24,1.0,1.0,1.0,1.0,1.0,0.0,0,0,314.1356776828935
2026-03-18,15.950000000000001,14.1,18.2,24,65.875,65.5,56,75,24,9.503707856335696,11.5,6,24,14.591666666666667,20.4,24,-2.43694852553308,-5.806877713453769,1014.7624999999999,2.2000000000000455,24,7.625,24,1.0,1.0,1.0,1.0,1.0,11.5,6,1,22.766131367152752
2026-03-19,15.6875,13.7,18.8,24,75.58333333333333,77.5,64,85,24,11.306529933581375,10.0,12,24,13.208333333333334,18.5,24,-6.530587354916059,2.9377746791423607,1015.4,-1.1999999999999318,24,6.625,24,1.0,1.0,1.0,1.0,1.0,10.0,12,1,114.22052455591279
2026-03-20,16.183333333333334,13.1,20.5,24,71.54166666666667,73.0,53,88,24,10.760040340718676,0.0,0,24,11.495833333333332,20.4,24,-4.831535564696726,7.8938151703992245,1013.0833333333334,0.0,24,5.708333333333333,24,1.0,1.0,1.0,1.0,1.0,0.0,0,0,148.53061835217784
2026-03-21,17.287499999999998,11.6,22.9,24,62.958333333333336,60.0,41,85,24,9.581038322152507,0.0,0,24,8.9375,16.7,24,6.774444483655195,-0.3414744038134813,1014.5208333333334,1.6000000000000227,24,4.916666666666667,24,1.0,1.0,1.0,1.0,1.0,0.0,0,0,272.8856236382454
2026-03-22,19.3625,13.3,25.3,24,55.041666666666664,50.5,34,78,24,9.400331226518936,0.0,0,24,8.483333333333333,18.5,24,7.359805439474681,-0.592412824354445,1013.375,-3.2000000000000455,24,4.166666666666667,24,1.0,1.0,1.0,1.0,1.0,0.0,0,0,274.6019873866195
2026-03-23,20.541666666666668,14.7,26.8,24,50.583333333333336,48.5,32,70,24,9.3645570406056,0.0,0,24,9.941666666666666,18.5,24,3.4989342913652464,-0.3930068759344015,1011.6750000000001,0.10000000000002274,24,4.041666666666667,24,1.0,1.0,1.0,1.0,1.0,0.0,0,0,276.40870852906096
2026-03-24,21.508333333333336,15.5,27.8,24,44.875,44.5,27,63,24,8.328050029212907,0.0,0,24,13.433333333333332,24.1,24,5.9625481614222124,-5.649883647511403,1011.6666666666666,-3.0,24,2.5416666666666665,24,1.0,1.0,1.0,1.0,1.0,0.0,0,0,313.457684816132
2026-03-25,21.820833333333336,15.6,28.3,24,46.708333333333336,48.0,28,66,24,9.255616677044129,0.0,0,24,10.958333333333334,20.4,24,5.143073446458827,0.573994045611471,1009.8916666666668,2.2999999999999545,24,4.541666666666667,24,1.0,1.0,1.0,1.0,1.0,0.0,0,0,263.6318424428347
2026-03-26,20.79583333333333,17.4,24.9,24,56.375,57.0,43,68,24,11.605212033977752,0.0,0,24,13.208333333333334,18.5,24,4.813489713775925,-2.7590345826155196,1014.0958333333333,1.3999999999999773,24,7.0,24,1.0,1.0,1.0,1.0,1.0,0.0,0,0,299.82081765938324
2026-03-27,22.633333333333336,16.5,29.1,24,50.5,50.0,31,69,24,11.095391051171005,0.0,0,24,10.858333333333334,22.2,24,9.451528409123421,-1.4537554771639405,1009.5291666666667,-6.2999999999999545,24,2.5833333333333335,24,1.0,1.0,1.0,1.0,1.0,0.0,0,0,278.74423279901293
2026-03-28,21.883333333333336,17.0,26.9,24,53.583333333333336,56.5,38,68,24,11.705641128645716,0.0,0,24,12.3375,24.1,24,-8.519467181122552,-2.479422531959911,1006.0416666666666,-0.2999999999999545,24,5.416666666666667,24,1.0,1.0,1.0,1.0,1.0,0.0,0,0,73.77340706601018
2026-03-29,20.941666666666666,18.3,23.9,24,64.16666666666667,65.5,53,72,24,13.82429500358375,2.4000000000000004,6,24,14.204166666666666,18.5,24,-5.220199622151752,7.490393080702051,1008.6541666666667,1.7000000000000455,24,6.791666666666667,24,1.0,1.0,1.0,1.0,1.0,2.4000000000000004,6,1,145.12661454908334
2026-03-30,18.283333333333335,16.5,19.5,24,80.04166666666667,80.0,73,85,24,14.766501330238063,15.8,20,24,21.370833333333334,27.8,24,-12.941943455037352,-13.844686094904318,1010.2416666666667,4.2999999999999545,24,7.958333333333333,24,1.0,1.0,1.0,1.0,1.0,15.8,20,1,43.06979170389769
2026-03-31,20.395833333333332,15.0,26.5,24,65.91666666666667,61.5,43,90,24,13.155462159688298,0.0,0,24,11.200000000000001,16.7,24,6.006419371883386,-6.201155300904065,1011.9333333333334,-0.2999999999999545,24,6.041666666666667,24,1.0,1.0,1.0,1.0,1.0,0.0,0,0,315.9139080351836
2026-04-01,21.745833333333334,16.0,27.3,24,55.125,54.5,37,75,24,11.844055328876417,0.0,0,24,10.0375,16.7,24,-3.052882014339169,0.3369366724044083,1011.9958333333334,-0.3000000000000682,24,5.25,24,1.0,1.0,1.0,1.0,1.0,0.0,0,0,96.29805978570823
2026-04-02,21.52916666666667,18.4,25.2,24,58.083333333333336,59.0,46,71,24,12.737775228435629,0.0,0,24,12.725,18.5,24,8.560827829968185,-8.42389257401228,1012.4666666666667,-1.8000000000000682,24,6.416666666666667,24,1.0,1.0,1.0,1.0,1.0,0.0,0,0,314.53807645577405
2026-04-03,18.55,16.6,20.2,24,74.95833333333333,74.0,65,84,24,13.991868182020914,14.2,21,24,23.3,33.3,24,-10.999176445825993,-14.088700857763612,1011.0458333333332,2.300000000000068,24,7.75,24,1.0,1.0,1.0,1.0,1.0,14.2,21,1,37.97948103100856
2026-04-04,17.3,14.9,19.8,24,75.20833333333333,72.5,63,88,24,12.751296417354643,11.2,18,24,21.0625,27.8,24,-17.526377539336682,-5.587670549501976,1013.0375,1.3999999999999773,24,7.333333333333333,24,1.0,1.0,1.0,1.0,1.0,11.2,18,1,72.31694281684628
2026-04-05,19.495833333333334,14.2,24.9,24,61.791666666666664,59.0,38,86,24,11.335656302748909,0.0,0,24,9.870833333333334,18.5,24,0.8059979387248557,3.2699815602662663,1010.9916666666667,-3.2000000000000455,24,4.541666666666667,24,1.0,1.0,1.0,1.0,1.0,0.0,0,0,193.8464820894664
2026-04-06,20.470833333333335,14.8,25.9,24,56.083333333333336,57.5,38,75,24,10.94769493200666,0.0,0,24,12.570833333333333,24.1,24,-10.461327107995748,3.853818057120467,1009.8625000000001,-0.7999999999999545,24,4.333333333333333,24,1.0,1.0,1.0,1.0,1.0,0.0,0,0,110.22314705218702
2026-04-07,16.470833333333335,14.1,18.9,24,75.16666666666667,71.5,63,91,24,11.963047320049533,39.3,16,24,24.6125,29.6,24,-21.69240926851829,-9.141996457055212,1009.0416666666666,-1.400000000000091,24,7.875,24,1.0,1.0,1.0,1.0,1.0,39.3,16,1,67.14761386505029
2026-04-08,16.170833333333334,13.2,19.8,24,74.33333333333333,73.0,58,92,24,11.394721260818267,9.3,8,24,14.666666666666666,20.4,24,-11.428128743947795,5.447515295968578,1010.2375000000001,5.5,24,6.625,24,1.0,1.0,1.0,1.0,1.0,9.3,8,1,115.48601965395017
2026-04-09,17.1875,13.0,21.7,24,64.54166666666667,62.5,47,84,24,10.096234712170338,0.0,0,24,8.941666666666666,13.0,24,1.8892798247126243,4.710669351664062,1015.5041666666666,3.6000000000000227,24,4.333333333333333,24,1.0,1.0,1.0,1.0,1.0,0.0,0,0,201.85394354264844
2026-04-10,19.604166666666668,13.3,26.2,24,51.541666666666664,49.5,29,76,24,8.482073648165342,0.0,0,24,13.729166666666666,29.6,24,12.16390274676184,-4.137436024161676,1015.6416666666668,-3.2000000000000455,24,3.625,24,1.0,1.0,1.0,1.0,1.0,0.0,0,0,288.785249073969
2026-04-11,20.758333333333333,16.3,25.6,24,49.583333333333336,50.0,34,66,24,9.429943199855002,0.0,0,24,10.870833333333332,18.5,24,6.1310283087814845,-2.3686738699706646,1012.0375,-1.900000000000091,24,4.875,24,1.0,1.0,1.0,1.0,1.0,0.0,0,0,291.1236415500546
2026-04-12,21.7375,14.8,28.2,24,48.75,44.5,29,75,24,9.57601471685675,0.0,0,24,12.254166666666668,27.8,24,9.375089988143493,-1.809307568040973,1010.2916666666666,-2.2999999999999545,24,1.5833333333333333,24,1.0,1.0,1.0,1.0,1.0,0.0,0,0,280.9232741723208
2026-04-13,23.162499999999998,16.2,29.8,24,43.833333333333336,45.0,25,65,24,9.302230648875824,0.0,0,24,11.795833333333334,27.8,24,8.542465079622344,-4.264106523183485,1009.7416666666667,0.8999999999999773,24,1.9583333333333333,24,1.0,1.0,1.0,1.0,1.0,0.0,0,0,296.5268020866925
2026-04-14,24.40833333333333,17.1,31.1,24,43.708333333333336,42.5,24,68,24,10.207885900542138,0.0,0,24,10.320833333333333,24.1,24,7.950827097178746,-3.7523274811295173,1008.975,-2.1000000000000227,24,1.3333333333333333,24,1.0,1.0,1.0,1.0,1.0,0.0,0,0,295.2645823662305
2026-04-15,25.645833333333332,18.3,32.4,24,40.041666666666664,40.5,22,63,24,10.013120460015623,0.0,0,24,12.958333333333334,29.6,24,9.692312592702608,-6.04105072679619,1006.1833333333334,-3.0,24,1.1666666666666667,24,1.0,1.0,1.0,1.0,1.0,0.0,0,0,301.9345731753549
2026-04-16,25.295833333333334,19.1,32.2,24,44.458333333333336,44.0,25,62,24,11.786717849343647,0.0,0,24,11.879166666666668,20.4,24,-1.0862357030001781,-5.175458348542452,1006.6041666666666,3.300000000000068,24,4.041666666666667,24,1.0,1.0,1.0,1.0,1.0,0.0,0,0,11.853305259579145
2026-04-17,23.27916666666667,20.1,27.0,24,54.291666666666664,55.0,43,64,24,13.408655272830325,0.0,0,24,22.920833333333334,31.5,24,-14.71197014329955,-14.818655663837369,1011.0541666666667,3.699999999999932,24,6.75,24,1.0,1.0,1.0,1.0,1.0,0.0,0,0,44.79300799418252
2026-04-18,23.05,19.1,27.2,24,57.291666666666664,58.0,43,71,24,13.89538602627598,0.0,0,24,18.679166666666667,22.2,24,-1.8501145460332433,-17.09069577107827,1011.5166666666668,-2.0,24,7.083333333333333,24,1.0,1.0,1.0,1.0,1.0,0.0,0,0,6.178365703075428
2026-04-19,24.575,19.1,30.2,24,51.583333333333336,48.5,33,74,24,13.217342614511645,0.0,0,24,16.75,22.2,24,5.671216437158485,-9.735686334905525,1008.975,-0.6000000000000227,24,5.125,24,1.0,1.0,1.0,1.0,1.0,0.0,0,0,329.77841288101456
2026-04-20,25.712500000000002,18.7,32.4,24,43.416666666666664,42.0,26,66,24,11.463150528344984,0.0,0,24,12.191666666666668,25.9,24,8.511704867954055,-4.992969609967743,1007.9333333333334,-1.8999999999999773,24,2.75,24,1.0,1.0,1.0,1.0,1.0,0.0,0,0,300.3959036556327
2026-04-21,26.745833333333334,19.2,33.7,24,39.125,37.5,22,61,24,10.66803035054373,0.0,0,24,12.575000000000001,27.8,24,10.683572351311645,-3.4542019979165133,1005.6708333333332,-1.599999999999909,24,3.25,24,1.0,1.0,1.0,1.0,1.0,0.0,0,0,287.9170060361235
2026-04-22,28.129166666666666,20.5,35.0,24,38.583333333333336,37.5,22,60,24,11.813201992171527,0.0,0,24,11.958333333333334,22.2,24,7.127822132669837,-4.999254854954779,1004.4291666666667,-1.0,24,4.25,24,1.0,1.0,1.0,1.0,1.0,0.0,0,0,305.04474440768905
2026-04-23,28.587500000000002,23.2,34.3,24,40.041666666666664,40.5,25,56,24,13.099571588173445,0.0,0,24,17.2125,25.9,24,12.317000482797932,-9.34521118743966,1005.3083333333334,1.2999999999999545,24,5.666666666666667,24,1.0,1.0,1.0,1.0,1.0,0.0,0,0,307.1884849030156
2026-04-24,27.816666666666666,22.2,33.4,24,44.75,46.0,30,64,24,14.142947598678157,0.0,0,24,17.366666666666667,25.9,24,13.356562895079454,-7.873928160158297,1006.1666666666666,2.1000000000000227,24,5.375,24,1.0,1.0,1.0,1.0,1.0,0.0,0,0,300.52009561168575
2026-04-25,27.9375,22.3,33.7,24,44.0,44.0,29,62,24,13.937086475622968,0.0,0,24,18.529166666666665,24.1,24,14.214670968987049,-9.283605236125489,1008.0166666666668,0.0,24,3.6666666666666665,24,1.0,1.0,1.0,1.0,1.0,0.0,0,0,303.1485634923003
2026-04-26,28.504166666666666,21.8,34.8,24,39.083333333333336,38.5,23,58,24,12.330051310066466,0.0,0,24,16.825,31.5,24,12.504001826668778,-9.224216213387749,1005.3249999999999,-4.7000000000000455,24,2.5416666666666665,24,1.0,1.0,1.0,1.0,1.0,0.0,0,0,306.416237780849
2026-04-27,28.929166666666664,22.2,35.4,24,39.208333333333336,36.5,23,59,24,12.846185871847647,0.0,0,24,11.733333333333334,18.5,24,6.780610138053696,-3.39196406203943,1001.2875,-1.8999999999999773,24,5.333333333333333,24,1.0,1.0,1.0,1.0,1.0,0.0,0,0,296.57626479863166
2026-04-28,26.895833333333332,23.2,31.0,24,45.125,45.0,34,57,24,13.786257815500711,0.0,0,24,19.833333333333332,27.8,24,-9.99994411628271,-15.315387395831445,1002.4833333333332,3.0,24,6.125,24,1.0,1.0,1.0,1.0,1.0,0.0,0,0,33.14190374854661
2026-04-29,25.75,21.4,30.4,24,48.333333333333336,49.5,36,61,24,13.740887560221159,0.0,0,24,17.599999999999998,22.2,24,-6.058150092419236,1.11990655126671,1003.8874999999999,0.0,24,5.375,24,1.0,1.0,1.0,1.0,1.0,0.0,0,0,100.47343386901184
2026-04-30,25.495833333333334,20.6,30.5,24,49.875,49.5,36,65,24,13.951513562428255,0.0,0,24,14.429166666666667,22.2,24,-11.467053147653738,4.044237958963936,1004.3249999999999,0.8999999999999773,24,4.666666666666667,24,1.0,1.0,1.0,1.0,1.0,0.0,0,0,109.42689434436375
2026-05-01,26.875,20.2,32.9,24,45.791666666666664,42.0,30,68,24,13.495330900763372,0.0,0,24,12.35,20.4,24,1.8467402650043365,1.4598273270064965,1004.0541666666667,-2.1000000000000227,24,3.125,24,1.0,1.0,1.0,1.0,1.0,0.0,0,0,231.67402763772637
2026-05-02,28.045833333333334,21.6,34.3,24,40.625,39.5,28,58,24,12.885269587051647,0.0,0,24,14.049999999999999,20.4,24,-4.55540902701517,2.3594504192161065,1001.6333333333333,-1.5,24,3.5833333333333335,24,1.0,1.0,1.0,1.0,1.0,0.0,0,0,117.38166296858975
2026-05-03,26.27916666666667,22.2,29.8,24,43.75,44.0,34,58,24,12.729280948460206,0.0,0,24,20.758333333333333,25.9,24,-9.119346587949742,-15.802338624745607,1002.525,1.900000000000091,24,5.625,24,1.0,1.0,1.0,1.0,1.0,0.0,0,0,29.98874647175097
2026-05-04,23.6375,21.0,25.7,24,52.208333333333336,51.0,47,59,24,13.22466314812813,0.0,0,24,17.675,24.1,24,-15.36810839176178,-1.833047838578932,1006.5,6.2000000000000455,24,5.625,24,1.0,1.0,1.0,1.0,1.0,0.0,0,0,83.1981184309613
2026-05-05,24.820833333333336,18.1,30.9,24,47.291666666666664,43.5,31,71,24,12.096120789764058,0.0,0,24,10.579166666666667,14.8,24,-0.581198657800754,2.7547632118221372,1010.5749999999999,-0.5,24,3.125,24,1.0,1.0,1.0,1.0,1.0,0.0,0,0,168.08647882957735
2026-05-06,26.645833333333332,19.8,32.9,24,38.708333333333336,36.0,24,59,24,10.61369000118568,0.0,0,24,11.495833333333332,20.4,24,3.912212896222869,2.948404259348036,1007.025,-4.300000000000068,24,1.125,24,1.0,1.0,1.0,1.0,1.0,0.0,0,0,232.99682055295844
2026-05-07,27.65833333333333,21.1,33.4,24,41.416666666666664,40.0,28,63,24,12.815250966691785,0.0,0,24,13.116666666666667,20.4,24,-8.992709543307623,7.282642770494221,1005.6374999999999,1.5,24,1.3333333333333333,24,1.0,1.0,1.0,1.0,1.0,0.0,0,0,129.00188612248223
2026-05-08,28.150000000000002,22.2,33.4,24,43.541666666666664,42.5,32,62,24,14.171227280768354,0.0,0,24,12.429166666666667,18.5,24,-7.244898440378408,6.9717474626377225,1007.1,1.0,24,1.4583333333333333,24,1.0,1.0,1.0,1.0,1.0,0.0,0,0,133.899285182379
2026-05-09,29.229166666666668,22.2,35.0,24,44.625,42.5,31,65,24,15.429349928520942,0.0,0,24,9.641666666666667,14.8,24,-2.20536380186677,6.142826927925758,1006.8333333333334,-1.3000000000000682,24,1.125,24,1.0,1.0,1.0,1.0,1.0,0.0,0,0,160.25112717580168
2026-05-10,29.620833333333334,24.4,35.4,24,46.75,47.0,32,63,24,16.568429134560066,0.2,2,24,17.058333333333334,29.6,24,-9.607491804783542,0.957180062270102,1005.8208333333333,1.599999999999909,24,4.75,24,1.0,1.0,1.0,1.0,1.0,0.2,2,1,95.6895181113303
2026-05-11,26.558333333333334,23.1,30.4,24,55.958333333333336,57.5,46,66,24,16.909947795723877,2.7,7,24,20.529166666666665,25.9,24,-16.926710902325187,1.7222453663125634,1007.2208333333333,-0.39999999999997726,24,5.625,24,1.0,1.0,1.0,1.0,1.0,2.7,7,1,95.80969167599693
2026-05-12,25.8875,21.3,29.9,24,54.5,51.0,42,72,24,15.696319013136064,3.5999999999999996,3,24,16.141666666666666,20.4,24,-12.80785264323155,5.265444865791748,1006.0833333333334,-2.1000000000000227,24,4.875,24,1.0,1.0,1.0,1.0,1.0,3.5999999999999996,3,1,112.34808666830725
2026-05-13,27.604166666666668,21.7,33.1,24,43.583333333333336,41.5,29,62,24,13.54507700707468,0.0,0,24,14.054166666666667,18.5,24,-0.5987947386068603,-6.279262568304937,1004.3041666666667,-0.8000000000000682,24,4.208333333333333,24,1.0,1.0,1.0,1.0,1.0,0.0,0,0,5.447292317879487
2026-05-14,28.349999999999998,22.2,34.5,24,39.416666666666664,38.5,25,57,24,12.599538684059837,0.0,0,24,14.058333333333332,20.4,24,2.1176816691023608,-1.4444227948163946,1002.7666666666668,-1.0,24,4.208333333333333,24,1.0,1.0,1.0,1.0,1.0,0.0,0,0,304.29701434653583
2026-05-15,28.445833333333336,22.6,34.6,24,39.791666666666664,39.0,25,56,24,12.97970846050013,0.0,0,24,14.35,18.5,24,1.1814319582656025,1.68466117613328,1002.6958333333333,1.099999999999909,24,4.625,24,1.0,1.0,1.0,1.0,1.0,0.0,0,0,215.04150224338161
2026-05-16,29.420833333333334,22.9,35.3,24,39.0,37.0,25,57,24,13.38837751656507,0.0,0,24,13.270833333333334,20.4,24,2.1257635027170187,0.34046888773640016,1003.4583333333334,0.5,24,3.4166666666666665,24,1.0,1.0,1.0,1.0,1.0,0.0,0,0,260.9006112271326
2026-05-17,30.9875,24.0,37.1,24,35.666666666666664,34.0,21,54,24,13.207304258308286,0.0,0,24,17.75,29.6,24,9.769929888254653,-6.843569772822472,1002.5583333333334,-3.099999999999909,24,2.0833333333333335,24,1.0,1.0,1.0,1.0,1.0,0.0,0,0,305.010195533027
2026-05-18,32.637499999999996,25.1,39.2,24,34.208333333333336,33.5,21,51,24,14.097007036453457,0.0,0,24,13.116666666666667,22.2,24,5.313790226426425,-3.3295350186837216,999.3416666666667,-2.1000000000000227,24,1.9166666666666667,24,1.0,1.0,1.0,1.0,1.0,0.0,0,0,302.0705927666961
2026-05-19,32.270833333333336,26.4,37.7,24,35.833333333333336,35.0,23,53,24,14.62901585303299,0.0,0,24,18.683333333333334,24.1,24,-7.131135709251627,-8.827799436201651,999.6541666666667,2.199999999999932,24,3.0833333333333335,24,1.0,1.0,1.0,1.0,1.0,0.0,0,0,38.9314320722973
2026-05-20,32.175000000000004,26.5,37.6,24,32.208333333333336,32.5,21,45,24,12.928466184275948,0.0,0,24,18.520833333333332,25.9,24,4.184542044221113,-11.69513515606827,1000.3958333333334,-0.6000000000000227,24,3.875,24,1.0,1.0,1.0,1.0,1.0,0.0,0,0,340.3126920783904
2026-05-21,29.7625,26.4,33.5,24,40.333333333333336,39.5,30,54,24,14.554821394978333,0.0,0,24,23.537499999999998,27.8,24,1.8041564565136536,-22.44275401333968,1002.9583333333334,2.8999999999999773,24,6.333333333333333,24,1.0,1.0,1.0,1.0,1.0,0.0,0,0,355.40391812789636
2026-05-22,29.929166666666664,24.5,35.1,24,38.291666666666664,38.0,27,53,24,13.778340757842551,0.0,0,24,18.220833333333335,24.1,24,6.010775947446624,-7.679610269960282,1004.625,0.7999999999999545,24,4.208333333333333,24,1.0,1.0,1.0,1.0,1.0,0.0,0,0,321.9499678220131
2026-05-23,29.554166666666664,23.8,34.2,24,38.375,36.0,27,56,24,13.421466320003624,0.0,0,24,17.370833333333334,20.4,24,1.4511364135891196,-3.762865633331239,1004.9208333333332,-0.39999999999997726,24,3.75,24,1.0,1.0,1.0,1.0,1.0,0.0,0,0,338.91103542604435
2026-05-24,29.599999999999998,24.2,34.8,24,37.166666666666664,37.0,25,52,24,13.011999501682611,0.0,0,24,19.7625,24.1,24,-11.663142725918442,-4.193378636365136,1003.5625,-1.8000000000000682,24,4.083333333333333,24,1.0,1.0,1.0,1.0,1.0,0.0,0,0,70.2244057595438
2026-05-25,29.983333333333334,23.9,36.3,24,33.25,31.5,16,52,24,11.105140129490414,0.0,0,24,19.679166666666667,25.9,24,4.874523765632572,-13.309137254829208,1002.2416666666667,0.6000000000000227,24,2.7916666666666665,24,1.0,1.0,1.0,1.0,1.0,0.0,0,0,339.884545081951
2026-05-26,30.558333333333334,23.0,36.7,24,30.083333333333332,28.5,18,48,24,10.178763469218136,0.0,0,24,14.520833333333334,24.1,24,4.434328462183475,-6.5731059590665,1003.0708333333333,0.39999999999997726,24,1.125,24,1.0,1.0,1.0,1.0,1.0,0.0,0,0,325.99573155211397
2026-05-27,32.42916666666667,24.9,39.1,24,28.083333333333332,27.5,16,44,24,10.746854457738742,0.0,0,24,14.895833333333334,24.1,24,5.9482664151738085,-5.596978443395346,1001.8833333333333,-1.8999999999999773,24,1.9166666666666667,24,1.0,1.0,1.0,1.0,1.0,0.0,0,0,313.25719501521314
2026-05-28,32.2125,25.7,38.1,24,27.833333333333332,26.0,17,43,24,10.518219456898981,0.0,0,24,16.212500000000002,22.2,24,0.3802190591891605,-5.772928772773594,1001.3249999999999,0.6000000000000227,24,2.6666666666666665,24,1.0,1.0,1.0,1.0,1.0,0.0,0,0,356.23180365371206
2026-05-29,30.354166666666668,24.5,35.8,24,32.916666666666664,33.0,23,46,24,11.844481911213194,0.0,0,24,17.904166666666665,27.8,24,-14.520640598982572,6.915037398925051,1002.1208333333334,1.1000000000000227,24,1.7916666666666667,24,1.0,1.0,1.0,1.0,1.0,0.0,0,0,115.46478163647237
2026-05-30,28.333333333333332,24.8,31.4,24,39.333333333333336,38.0,34,52,24,13.057952796507024,0.0,0,24,19.216666666666665,25.9,24,-17.498308687408766,5.527994008011173,1004.9666666666667,3.1000000000000227,24,3.1666666666666665,24,1.0,1.0,1.0,1.0,1.0,0.0,0,0,107.53215518000445
2026-05-31,28.795833333333334,22.9,33.7,24,45.791666666666664,43.5,33,64,24,15.516619821902173,0.0,0,24,13.358333333333334,18.5,24,-8.187243125153085,7.295930726345008,1006.3874999999999,0.5,24,2.5416666666666665,24,1.0,1.0,1.0,1.0,1.0,0.0,0,0,131.70531771435094
2026-06-01,29.754166666666666,24.6,34.2,24,45.375,45.0,35,59,24,16.4121268802682,0.0,0,24,15.354166666666666,24.1,24,-11.287758022919297,7.624364115716889,1006.1125000000001,-0.20000000000004547,24,3.2083333333333335,24,1.0,1.0,1.0,1.0,1.0,0.0,0,0,124.03722619805683
2026-06-02,30.1375,25.3,35.2,24,46.583333333333336,46.5,34,60,24,17.06532829649461,0.0,0,24,16.125,22.2,24,-10.64307265051951,8.750506001695369,1005.1791666666667,-1.7000000000000455,24,3.875,24,1.0,1.0,1.0,1.0,1.0,0.0,0,0,129.42630910737068
2026-06-03,29.09166666666667,24.7,33.8,24,48.708333333333336,47.5,34,62,24,16.838252905064596,0.0,0,24,17.29583333333333,22.2,24,-9.143429319684705,4.841714128293097,1002.7833333333333,-3.300000000000068,24,4.25,24,1.0,1.0,1.0,1.0,1.0,0.0,0,0,117.90253275381599
2026-06-04,27.65416666666667,24.2,32.0,24,51.25,52.0,39,63,24,16.499623210756496,0.0,0,24,17.599999999999998,25.9,24,-10.34448602629515,-4.314350836692999,1001.4625,1.1000000000000227,24,5.208333333333333,24,1.0,1.0,1.0,1.0,1.0,0.0,0,0,67.36056010882493
2026-06-05,28.041666666666668,22.6,33.3,24,48.208333333333336,47.5,34,66,24,15.62359949423096,0.0,0,24,16.75,25.9,24,-14.610960422952969,0.2652699733773869,1002.0875,0.7999999999999545,24,4.291666666666667,24,1.0,1.0,1.0,1.0,1.0,0.0,0,0,91.0401219241187
2026-06-06,29.729166666666668,22.4,35.7,24,40.666666666666664,36.0,26,63,24,14.102259221716935,0.0,0,24,12.820833333333333,18.5,24,0.49413522630929924,1.1455335438251495,1003.2166666666667,0.3000000000000682,24,2.5416666666666665,24,1.0,1.0,1.0,1.0,1.0,0.0,0,0,203.3333455380075
2026-06-07,30.854166666666668,23.9,36.6,24,36.041666666666664,33.5,23,55,24,13.370357378908869,0.0,0,24,10.65,16.7,24,3.410211471902827,-1.1038745114890238,1001.9833333333332,-1.3000000000000682,24,2.2916666666666665,24,1.0,1.0,1.0,1.0,1.0,0.0,0,0,287.93660078533827
2026-06-08,32.3375,24.6,38.7,24,32.375,30.0,19,51,24,12.864732434862164,0.0,0,24,10.566666666666666,20.4,24,4.850837431848048,1.2212860251066404,999.475,-2.6000000000000227,24,0.7083333333333334,24,1.0,1.0,1.0,1.0,1.0,0.0,0,0,255.86845179411677
2026-06-09,32.9625,25.4,39.3,24,30.25,29.5,19,44,24,12.582026404051456,0.0,0,24,10.487499999999999,20.4,24,3.699970677113384,2.3996421763673426,997.275,-1.1999999999999318,24,0.7083333333333334,24,1.0,1.0,1.0,1.0,1.0,0.0,0,0,237.03428905213153
2026-06-10,33.791666666666664,27.0,40.0,24,30.041666666666668,30.0,20,43,24,13.254569230255486,0.0,0,24,11.883333333333333,18.5,24,-1.947844375142207,3.720192763085166,996.4250000000001,-0.3000000000000682,24,1.25,24,1.0,1.0,1.0,1.0,1.0,0.0,0,0,152.3640325237717
2026-06-11,33.016666666666666,27.8,37.5,24,31.875,31.5,24,43,24,13.780032270596756,0.1,1,24,16.9875,25.9,24,-14.05225674820443,3.4212041764287275,996.9208333333332,1.599999999999909,24,3.4583333333333335,24,1.0,1.0,1.0,1.0,1.0,0.1,1,1,103.68319272848458
2026-06-12,28.770833333333332,25.5,31.4,24,42.833333333333336,41.0,35,58,24,14.735820688181377,0.0,0,24,20.912499999999998,25.9,24,-18.428751001817485,4.6572386260869605,1002.5208333333334,7.100000000000023,24,5.416666666666667,24,1.0,1.0,1.0,1.0,1.0,0.0,0,0,104.182606394419
2026-06-13,27.766666666666666,23.1,32.1,24,49.5,50.0,36,64,24,15.892052100162124,0.0,0,24,16.133333333333333,20.4,24,-7.786078134862085,6.253439895436167,1005.4499999999999,0.0,24,4.833333333333333,24,1.0,1.0,1.0,1.0,1.0,0.0,0,0,128.76991831409123
2026-06-14,29.054166666666664,22.7,34.4,24,47.083333333333336,44.0,32,67,24,16.079623172100945,0.0,0,24,12.5,18.5,24,-4.929998953516285,5.93317324637125,1002.6708333333332,-4.399999999999977,24,3.2083333333333335,24,1.0,1.0,1.0,1.0,1.0,0.0,0,0,140.27609211068182
2026-06-15,30.079166666666666,25.0,35.0,24,45.041666666666664,45.5,32,58,24,16.600728514548234,0.0,0,24,15.745833333333332,22.2,24,-11.432833085830012,8.331812972415115,1001.6666666666666,1.8999999999999773,24,3.5416666666666665,24,1.0,1.0,1.0,1.0,1.0,0.0,0,0,126.08313930220925
2026-06-16,30.1875,25.2,35.6,24,46.291666666666664,46.5,33,58,24,17.132595794151964,0.0,0,24,14.591666666666667,22.2,24,-6.92781914404283,8.730599364762504,1003.4125,1.6000000000000227,24,3.75,24,1.0,1.0,1.0,1.0,1.0,0.0,0,0,141.56764321319497
2026-06-17,29.71666666666667,25.4,33.6,24,48.958333333333336,49.0,39,63,24,17.620742881730443,0.0,0,24,14.591666666666667,22.2,24,-9.20524126800398,7.996044089101876,1004.2375000000001,-0.39999999999997726,24,4.291666666666667,24,1.0,1.0,1.0,1.0,1.0,0.0,0,0,130.97889876937143
2026-06-18,29.383333333333336,25.1,33.5,24,49.375,49.5,39,64,24,17.447370373762258,0.0,0,24,15.908333333333333,20.4,24,-3.206057872848275,3.0097457147824263,1003.6083333333332,0.10000000000002274,24,4.958333333333333,24,1.0,1.0,1.0,1.0,1.0,0.0,0,0,133.1910431367179
2026-06-19,29.2625,24.6,33.7,24,47.083333333333336,46.0,35,63,24,16.50094458145338,3.7,3,24,15.216666666666667,22.2,24,-8.349975241689632,0.4139738531162342,1003.4250000000001,0.3000000000000682,24,5.291666666666667,24,1.0,1.0,1.0,1.0,1.0,3.7,3,1,92.83827785038375
2026-06-20,30.070833333333336,24.1,35.2,24,45.416666666666664,42.5,32,66,24,16.449408814689384,4.5,3,24,15.275,22.2,24,2.228859660526117,-2.2585866113503776,1003.4666666666667,-0.8999999999999773,24,3.875,24,1.0,1.0,1.0,1.0,1.0,4.5,3,1,315.37954859019743
2026-06-21,30.191666666666666,25.8,35.0,24,42.0,40.5,30,63,24,15.400013707744451,0.0,0,24,16.745833333333334,24.1,24,-9.19018264816453,3.3765110434964303,1002.0,-1.5,24,4.916666666666667,24,1.0,1.0,1.0,1.0,1.0,0.0,0,0,110.1735404710052
2026-06-22,28.7625,24.2,33.7,24,49.291666666666664,48.5,36,62,24,16.707094846210538,0.0,0,24,16.745833333333334,24.1,24,-6.7926623690873384,3.7856431193028883,1002.3208333333333,0.7000000000000455,24,4.916666666666667,24,1.0,1.0,1.0,1.0,1.0,0.0,0,0,119.1315184526083
2026-06-23,30.433333333333334,23.9,35.6,24,44.875,43.0,32,62,24,16.659239065454557,0.0,0,24,12.579166666666666,16.7,24,-0.5928440298885108,3.8392600495057803,1000.0666666666666,-4.100000000000023,24,2.75,24,1.0,1.0,1.0,1.0,1.0,0.0,0,0,171.2219332097394
2026-06-24,32.112500000000004,26.6,37.4,24,44.125,44.5,31,59,24,18.031380583268263,0.0,0,24,14.129166666666668,18.5,24,-6.770678663377961,8.672602105451126,998.6916666666666,0.8999999999999773,24,3.125,24,1.0,1.0,1.0,1.0,1.0,0.0,0,0,142.020931083522
2026-06-25,30.679166666666664,27.3,35.1,24,51.125,52.5,40,60,24,19.295939401138124,0.0,0,24,16.370833333333334,24.1,24,-12.86659418096145,8.019434592135958,1001.3541666666666,2.1000000000000227,24,4.333333333333333,24,1.0,1.0,1.0,1.0,1.0,0.0,0,0,121.93428157408601
2026-06-26,31.65833333333333,27.2,36.7,24,51.083333333333336,50.5,35,67,24,19.96861450518036,0.0,0,24,13.200000000000001,18.5,24,-5.323870213826497,8.895973647323748,1002.3416666666667,0.6000000000000227,24,3.9583333333333335,24,1.0,1.0,1.0,1.0,1.0,0.0,0,0,149.1012338156131
2026-06-27,33.208333333333336,27.3,38.1,24,47.0,44.5,34,64,24,19.946375643928064,0.0,0,24,12.516666666666666,16.7,24,-2.6063746807786328,7.609259193266431,1000.6291666666666,-3.300000000000068,24,3.2083333333333335,24,1.0,1.0,1.0,1.0,1.0,0.0,0,0,161.09229717612538
2026-06-28,34.041666666666664,28.6,38.7,24,47.041666666666664,47.0,35,62,24,20.85425001757028,7.7,6,24,16.75,22.2,24,-9.247460677381605,10.726622886831562,997.4166666666666,-3.0,24,2.625,24,1.0,1.0,1.0,1.0,1.0,7.7,6,1,139.23525497995337
2026-06-29,34.50416666666667,29.4,39.2,24,49.0,48.5,38,64,24,21.98373743319054,6.4,6,24,17.5125,22.2,24,-14.267114748309055,9.674244558935364,995.1875,-1.0,24,2.5416666666666665,24,1.0,1.0,1.0,1.0,1.0,6.4,6,1,124.14040906196061
2026-06-30,34.1625,29.9,38.1,24,52.5,52.0,42,65,24,22.877276422499904,0.0,0,24,19.90833333333333,22.2,24,-14.66978062664469,12.136541022236147,995.8791666666666,1.400000000000091,24,3.5416666666666665,24,1.0,1.0,1.0,1.0,1.0,0.0,0,0,129.60149107275902
2026-07-01,32.041666666666664,28.8,35.6,24,58.0,59.0,47,68,24,22.613373363735437,0.5,2,24,20.912499999999998,24.1,24,-16.830935209492843,10.491160409299967,997.3000000000001,2.6000000000000227,24,5.291666666666667,24,1.0,1.0,1.0,1.0,1.0,0.5,2,1,121.93636224743756
2026-07-02,29.458333333333332,24.8,33.6,24,65.16666666666667,64.0,51,83,24,21.99606792288026,57.900000000000006,6,24,17.216666666666665,24.1,24,-12.988192409773667,6.434034740552306,1000.4041666666667,2.3999999999999773,24,5.958333333333333,24,1.0,1.0,1.0,1.0,1.0,57.900000000000006,6,1,116.35269646477536
2026-07-03,30.49166666666667,25.6,34.8,24,58.416666666666664,56.5,44,76,24,21.107435804022334,12.2,6,24,12.820833333333333,16.7,24,-3.130700481683016,4.1104738868152095,1001.0666666666666,-2.1000000000000227,24,5.166666666666667,24,1.0,1.0,1.0,1.0,1.0,12.2,6,1,142.70565851141623
2026-07-04,32.75833333333333,27.4,37.8,24,50.375,49.0,36,68,24,20.662433914705826,0.0,0,24,11.737499999999999,16.7,24,2.0201020915682117,2.8447082021584116,997.7875,-3.699999999999932,24,2.9583333333333335,24,1.0,1.0,1.0,1.0,1.0,0.0,0,0,215.37956246201585
2026-07-05,33.612500000000004,28.3,38.4,24,48.041666666666664,47.5,36,64,24,20.799721225037402,0.0,0,24,14.362499999999999,20.4,24,-2.247504620378216,7.332847705164291,996.2291666666666,0.10000000000002274,24,3.5416666666666665,24,1.0,1.0,1.0,1.0,1.0,0.0,0,0,162.9597921624768
2026-07-06,32.825,29.2,37.6,24,52.458333333333336,53.5,40,63,24,21.673625142170962,0.0,0,24,18.599999999999998,24.1,24,-14.246227699083585,9.576777175566889,996.8541666666666,1.3999999999999773,24,4.208333333333333,24,1.0,1.0,1.0,1.0,1.0,0.0,0,0,123.91027658070516
2026-07-07,30.995833333333334,26.9,34.7,24,57.875,56.0,45,74,24,21.475577550347747,14.4,6,24,15.904166666666667,20.4,24,-5.605210219571987,5.485762630046035,997.65,-0.3000000000000682,24,5.041666666666667,24,1.0,1.0,1.0,1.0,1.0,14.4,6,1,134.3829596139709
2026-07-08,30.78333333333333,27.1,34.5,24,56.833333333333336,58.0,47,67,24,21.10347733719829,0.0,0,24,14.9,20.4,24,-6.978631178786357,8.182973039895296,997.2041666666668,0.5,24,4.458333333333333,24,1.0,1.0,1.0,1.0,1.0,0.0,0,0,139.54167782252523
2026-07-09,31.787499999999998,26.4,36.3,24,52.916666666666664,49.0,40,71,24,20.637982110259703,10.0,6,24,14.516666666666666,20.4,24,-4.308353233035281,7.674757633817468,997.2333333333332,-0.40000000000009095,24,4.083333333333333,24,1.0,1.0,1.0,1.0,1.0,10.0,6,1,150.69159729072635
2026-07-10,31.65416666666667,27.6,35.4,24,54.75,56.0,44,68,24,21.26734847806367,8.5,6,24,15.825000000000001,20.4,24,-10.481065336168458,8.663860084544643,997.2958333333332,-0.6000000000000227,24,4.458333333333333,24,1.0,1.0,1.0,1.0,1.0,8.5,6,1,129.57782235254626
2026-07-11,29.308333333333334,23.7,33.7,24,63.916666666666664,63.5,50,86,24,21.515642844348193,10.8,7,24,19.912499999999998,24.1,24,-16.30980680299302,8.767062654788843,996.2791666666667,-0.7000000000000455,24,5.833333333333333,24,1.0,1.0,1.0,1.0,1.0,10.8,7,1,118.25950546897116
2026-07-12,27.849999999999998,23.6,31.7,24,66.20833333333333,65.5,52,83,24,20.747594297429085,58.0,12,24,16.908333333333335,24.1,24,-11.673312890475307,5.343202457722575,996.8375,1.7999999999999545,24,6.5,24,1.0,1.0,1.0,1.0,1.0,58.0,12,1,114.59489738377022
2026-07-13,30.066666666666666,25.4,34.4,24,56.166666666666664,52.5,41,76,24,19.992218486720365,0.0,0,24,13.512500000000001,22.2,24,-1.745209231010328,3.6418525343450407,997.2583333333333,0.20000000000004547,24,4.625,24,1.0,1.0,1.0,1.0,1.0,0.0,0,0,154.39583066168757
2026-07-14,30.9875,26.3,35.5,24,50.958333333333336,52.5,38,65,24,19.355624465960407,0.0,0,24,14.441666666666668,24.1,24,-1.6474957313388587,7.159510769632956,998.5333333333333,2.099999999999909,24,4.458333333333333,24,1.0,1.0,1.0,1.0,1.0,0.0,0,0,167.04109235975227
2026-07-15,30.787499999999998,26.2,34.7,24,54.916666666666664,53.5,44,69,24,20.457729066330046,0.0,0,24,13.208333333333334,18.5,24,-3.232814328248302,7.684324058603185,1000.2458333333334,0.900000000000091,24,4.5,24,1.0,1.0,1.0,1.0,1.0,0.0,0,0,157.18338814632216
2026-07-16,31.995833333333334,27.0,36.1,24,54.583333333333336,54.0,43,70,24,21.469227958515347,0.0,0,24,10.416666666666666,14.8,24,-0.628578625122706,6.732864279874291,1000.2958333333332,-2.0,24,3.6666666666666665,24,1.0,1.0,1.0,1.0,1.0,0.0,0,0,174.666339792828
2026-07-17,32.358333333333334,28.9,35.7,24,58.791666666666664,59.0,49,69,24,23.16911813106603,0.0,0,24,12.666666666666666,18.5,24,-5.635047702103791,9.76329272625347,998.6791666666667,-1.2000000000000455,24,4.166666666666667,24,1.0,1.0,1.0,1.0,1.0,0.0,0,0,150.00788779545553
2026-07-18,32.775,29.2,36.1,24,61.583333333333336,61.5,51,73,24,24.285126305452266,0.0,0,24,14.829166666666666,18.5,24,-9.216061021060819,9.972671880200505,997.8874999999999,0.20000000000004547,24,4.916666666666667,24,1.0,1.0,1.0,1.0,1.0,0.0,0,0,137.2580002588524
2026-07-19,31.145833333333332,29.2,33.4,24,67.20833333333333,68.5,58,74,24,24.29640005596239,16.5,9,24,17.916666666666668,24.1,24,-13.614722151805957,9.592994623382886,999.1666666666666,1.6000000000000227,24,6.333333333333333,24,1.0,1.0,1.0,1.0,1.0,16.5,9,1,125.16869715549797
2026-07-20,29.2,27.3,31.1,24,72.33333333333333,72.5,62,81,24,23.65803688830644,61.7,15,24,18.2125,20.4,24,-15.82742510115107,7.454335549722114,999.7291666666666,1.3999999999999773,24,7.375,24,1.0,1.0,1.0,1.0,1.0,61.7,15,1,115.219304770024
2026-07-21,26.983333333333334,25.4,28.7,24,79.16666666666667,79.5,73,84,24,23.04257240757761,52.3,15,24,20.683333333333334,24.1,24,-18.397639260689417,7.55082394818897,1001.7041666666668,2.199999999999932,24,7.666666666666667,24,1.0,1.0,1.0,1.0,1.0,52.3,15,1,112.31440012072738
2026-07-22,26.079166666666666,24.0,28.3,24,79.54166666666667,77.5,70,88,24,22.213220805654476,49.1,12,24,19.154166666666665,24.1,24,-17.257721796631813,5.682833318140669,1002.6125000000001,0.20000000000004547,24,7.041666666666667,24,1.0,1.0,1.0,1.0,1.0,49.1,12,1,108.22631132943656
2026-07-23,27.3125,24.3,30.4,24,73.70833333333333,77.5,60,89,24,22.019040386369614,10.2,6,24,14.587499999999999,22.2,24,-8.643663043777147,8.27514005459285,1001.6999999999999,-0.6000000000000227,24,6.0,24,1.0,1.0,1.0,1.0,1.0,10.2,6,1,133.75218870637138
2026-07-24,27.666666666666668,24.8,30.5,24,70.70833333333333,67.5,57,84,24,21.644191579383033,9.2,12,24,12.429166666666667,18.5,24,-5.601348290964961,5.320644139545038,1001.1166666666667,-1.400000000000091,24,5.5,24,1.0,1.0,1.0,1.0,1.0,9.2,12,1,133.52777563025148
2026-07-25,28.129166666666666,26.0,30.6,24,70.08333333333333,71.0,60,82,24,22.072525561242518,0.0,0,24,12.041666666666666,18.5,24,-8.882111703107755,6.85081363842157,1002.0041666666666,3.5,24,5.583333333333333,24,1.0,1.0,1.0,1.0,1.0,0.0,0,0,127.64316743909109
2026-07-26,28.758333333333336,25.2,32.3,24,69.41666666666667,68.0,55,84,24,22.373046505015797,0.0,0,24,10.9,14.8,24,-0.6608362032721441,6.538307508942672,1002.3958333333334,-3.699999999999932,24,5.708333333333333,24,1.0,1.0,1.0,1.0,1.0,0.0,0,0,174.22863173630958
2026-07-27,31.104166666666668,27.4,34.8,24,62.708333333333336,62.0,50,76,24,22.953521546684513,0.0,0,24,10.258333333333333,16.7,24,0.6333623020599286,8.356152439117432,997.7833333333333,-3.8999999999999773,24,4.0,24,1.0,1.0,1.0,1.0,1.0,0.0,0,0,184.3344986778444
2026-07-28,30.84166666666667,27.3,35.3,24,66.0,67.0,56,77,24,23.631138312356697,0.0,0,24,14.666666666666666,20.4,24,-8.819453944731503,9.453518255117038,996.5833333333334,1.3999999999999773,24,5.0,24,1.0,1.0,1.0,1.0,1.0,0.0,0,0,136.9873416431643
2026-07-29,28.983333333333334,26.1,32.1,24,72.29166666666667,75.0,60,86,24,23.388353818412813,16.0,9,24,16.375,20.4,24,-12.781163609648743,8.430441429419444,998.65,0.7000000000000455,24,5.583333333333333,24,1.0,1.0,1.0,1.0,1.0,16.0,9,1,123.40879996659629
2026-07-30,29.520833333333332,26.5,32.8,24,71.45833333333333,71.5,61,83,24,23.713733263508818,25.200000000000003,9,24,14.674999999999999,20.4,24,-8.559539335158965,9.611838815547527,998.3166666666667,0.7999999999999545,24,5.833333333333333,24,1.0,1.0,1.0,1.0,1.0,25.200000000000003,9,1,138.31428119045654
2026-07-31,27.304166666666664,25.7,29.3,24,77.95833333333333,78.5,70,86,24,23.088979547087742,49.400000000000006,15,24,16.9,22.2,24,-15.03493132914106,6.947804686054588,1000.975,2.1000000000000227,24,6.75,24,1.0,1.0,1.0,1.0,1.0,49.400000000000006,15,1,114.80217026338414
2026-08-01,28.883333333333336,25.1,32.3,24,71.41666666666667,70.0,58,87,24,23.014754394506813,3.3000000000000003,3,24,12.35,18.5,24,-7.548339393051962,9.01740095714728,1000.3416666666667,-1.6000000000000227,24,5.625,24,1.0,1.0,1.0,1.0,1.0,3.3000000000000003,3,1,140.06777319861692
2026-08-02,29.22083333333333,26.3,32.4,24,70.70833333333333,70.5,59,83,24,23.217944569425786,5.4,6,24,12.591666666666667,16.7,24,-5.568537689372897,8.738675601966678,1000.1125000000001,0.2999999999999545,24,6.083333333333333,24,1.0,1.0,1.0,1.0,1.0,5.4,6,1,147.49353023546087
2026-08-03,28.90416666666667,27.2,31.6,24,75.625,75.5,65,88,24,24.087365295702927,10.600000000000001,9,24,12.820833333333333,18.5,24,-6.874825066564628,9.081489730874697,1000.4625,1.5,24,6.458333333333333,24,1.0,1.0,1.0,1.0,1.0,10.600000000000001,9,1,142.8737277050791
2026-08-04,27.962500000000002,25.3,30.7,24,76.29166666666667,74.0,64,89,24,23.277004419093345,16.0,15,24,14.2125,16.7,24,-10.273656924068929,6.972706381682084,1001.5833333333334,-0.7999999999999545,24,6.333333333333333,24,1.0,1.0,1.0,1.0,1.0,16.0,15,1,124.16464445154759
2026-08-05,28.912499999999998,25.5,32.1,24,70.83333333333333,70.0,58,84,24,22.938503934590997,8.600000000000001,6,24,13.291666666666666,18.5,24,-7.392040996532887,8.187827010297527,998.9458333333333,-2.6000000000000227,24,4.958333333333333,24,1.0,1.0,1.0,1.0,1.0,8.600000000000001,6,1,137.92400360093552
2026-08-06,28.954166666666666,25.5,32.1,24,68.83333333333333,69.5,56,82,24,22.50113564640567,12.1,6,24,13.741666666666667,16.7,24,-8.145568028495957,8.140959252603352,999.1583333333333,2.800000000000068,24,5.333333333333333,24,1.0,1.0,1.0,1.0,1.0,12.1,6,1,134.98378639007808
2026-08-07,29.304166666666664,25.3,33.3,24,66.66666666666667,65.0,52,82,24,22.217957444349924,0.0,0,24,12.279166666666667,16.7,24,-4.957913022115827,5.848378997181008,1000.3291666666668,-0.6000000000000227,24,4.625,24,1.0,1.0,1.0,1.0,1.0,0.0,0,0,139.7106752335718
2026-08-08,29.55,26.4,32.9,24,67.08333333333333,67.5,55,79,24,22.682213179810947,0.0,0,24,11.3375,18.5,24,-6.095669198501855,7.90984623208642,1001.5375,2.5,24,4.5,24,1.0,1.0,1.0,1.0,1.0,0.0,0,0,142.38060053811597
2026-08-09,29.620833333333334,26.4,32.8,24,66.875,66.0,56,80,24,22.67040528111855,0.0,0,24,11.595833333333333,18.5,24,-3.1269995761724814,8.631259898422286,1002.5333333333333,-2.0,24,4.916666666666667,24,1.0,1.0,1.0,1.0,1.0,0.0,0,0,160.0851695616152
2026-08-10,30.816666666666666,26.8,34.7,24,63.416666666666664,63.0,49,79,24,22.84008357612115,0.0,0,24,10.65,16.7,24,2.5393482480819025,6.628992935518425,999.6208333333334,-2.2000000000000455,24,4.083333333333333,24,1.0,1.0,1.0,1.0,1.0,0.0,0,0,200.96018609341647
2026-08-11,30.608333333333334,27.3,33.9,24,66.79166666666667,67.5,56,79,24,23.61587932964366,10.2,6,24,12.204166666666666,16.7,24,-5.582358103586981,9.469909303449095,999.6791666666667,2.3999999999999773,24,5.166666666666667,24,1.0,1.0,1.0,1.0,1.0,10.2,6,1,149.48133927444434
2026-08-12,30.087500000000002,26.3,33.7,24,68.16666666666667,67.0,56,83,24,23.385958415665517,13.4,12,24,13.512500000000001,16.7,24,-0.31588557179396354,6.436839783284813,1001.9083333333333,1.2000000000000455,24,5.625,24,1.0,1.0,1.0,1.0,1.0,13.4,12,1,177.19048441184498
2026-08-13,31.058333333333334,27.2,34.6,24,65.25,66.5,54,79,24,23.610002346597867,0.0,0,24,11.666666666666666,16.7,24,-2.359766029807118,7.908660771422908,1001.4458333333333,-1.5,24,4.875,24,1.0,1.0,1.0,1.0,1.0,0.0,0,0,163.3860830708461
2026-08-14,29.770833333333332,27.4,32.7,24,71.79166666666667,74.0,61,81,24,24.04094734279063,1.5,3,24,14.758333333333333,18.5,24,-8.938382107826571,9.89122145138681,1000.5416666666666,0.7999999999999545,24,5.875,24,1.0,1.0,1.0,1.0,1.0,1.5,3,1,137.89688229895495
2026-08-15,28.983333333333334,25.2,32.5,24,71.83333333333333,69.0,58,88,24,23.195058656226767,12.899999999999999,12,24,11.654166666666667,16.7,24,-6.869421028594176,6.018951506307348,1001.4083333333333,-1.3999999999999773,24,5.041666666666667,24,1.0,1.0,1.0,1.0,1.0,12.899999999999999,12,1,131.22467678378655
2026-08-16,29.837500000000002,26.5,33.1,24,67.75,68.5,55,80,24,23.093334166912523,0.0,0,24,11.508333333333333,16.7,24,-6.8870834290670855,7.856501897672811,999.3833333333333,-0.10000000000002274,24,4.5,24,1.0,1.0,1.0,1.0,1.0,0.0,0,0,138.76189024260464
2026-08-17,29.400000000000002,26.6,32.2,24,71.41666666666667,72.5,61,82,24,23.60838721448462,0.0,0,24,14.35,18.5,24,-10.304826322073739,8.568510047206656,999.7875,1.099999999999909,24,5.5,24,1.0,1.0,1.0,1.0,1.0,0.0,0,0,129.74367738860337
2026-08-18,28.7375,26.2,31.3,24,74.5,74.5,64,85,24,23.67114481554688,13.2,12,24,15.145833333333334,18.5,24,-11.684274361655115,8.707451952248812,1001.4333333333334,1.3999999999999773,24,6.166666666666667,24,1.0,1.0,1.0,1.0,1.0,13.2,12,1,126.69452171869432
2026-08-19,27.808333333333334,25.8,30.2,24,77.54166666666667,78.5,66,86,24,23.46031555261746,21.3,15,24,13.895833333333334,16.7,24,-11.657930762320758,6.814959553722293,1003.1166666666667,1.5,24,6.5,24,1.0,1.0,1.0,1.0,1.0,21.3,15,1,120.30957911027201
2026-08-20,27.366666666666664,25.3,29.7,24,79.125,80.0,69,88,24,23.36622785702053,46.400000000000006,12,24,13.291666666666666,16.7,24,-9.863680108760795,8.234638964384795,1003.6999999999999,-0.2999999999999545,24,6.333333333333333,24,1.0,1.0,1.0,1.0,1.0,46.400000000000006,12,1,129.85663114828094
2026-08-21,28.804166666666664,25.6,32.2,24,73.29166666666667,73.5,59,88,24,23.384468789227025,15.8,6,24,10.979166666666666,13.0,24,-6.821755773900077,6.840686772173892,1002.0541666666667,-1.7000000000000455,24,4.75,24,1.0,1.0,1.0,1.0,1.0,15.8,6,1,135.079390314377
2026-08-22,28.791666666666668,25.4,32.6,24,71.75,72.0,56,87,24,23.001786977655765,5.3,3,24,12.279166666666667,16.7,24,-8.659971930210789,6.023316626399532,1001.4333333333334,0.5,24,5.0,24,1.0,1.0,1.0,1.0,1.0,5.3,3,1,124.81997833117379
2026-08-23,28.6875,25.1,32.4,24,66.875,65.0,54,82,24,21.712100952050516,54.3,2,24,12.216666666666667,16.7,24,-0.01649840207149585,1.7834894147760425,1003.025,1.2000000000000455,24,5.291666666666667,24,1.0,1.0,1.0,1.0,1.0,54.3,2,1,179.46999301657866
2026-08-24,29.712500000000002,24.4,34.2,24,61.5,60.5,46,81,24,21.192147164361508,0.0,0,24,8.333333333333334,13.0,24,2.64551157746464,1.1421189864166081,1002.8583333333332,-0.6999999999999318,24,2.2916666666666665,24,1.0,1.0,1.0,1.0,1.0,0.0,0,0,246.64919983413392
2026-08-25,30.337500000000002,25.3,34.8,24,59.625,60.0,45,77,24,21.290571388504443,0.0,0,24,8.404166666666667,14.8,24,1.1108681702986363,3.463158257841133,1002.5124999999999,0.2999999999999545,24,1.9583333333333333,24,1.0,1.0,1.0,1.0,1.0,0.0,0,0,197.78454583637455
2026-08-26,30.787499999999998,25.9,35.4,24,59.25,59.5,45,76,24,21.61281839788781,0.0,0,24,8.5625,16.7,24,2.4350580828885238,2.1754695175681262,1001.725,-2.099999999999909,24,1.875,24,1.0,1.0,1.0,1.0,1.0,0.0,0,0,228.22254713158
2026-08-27,30.795833333333334,26.2,34.8,24,61.958333333333336,61.5,48,78,24,22.432159151925987,0.0,0,24,8.795833333333333,13.0,24,-2.781752399230997,5.959934921772219,1000.2541666666666,-0.8000000000000682,24,2.625,24,1.0,1.0,1.0,1.0,1.0,0.0,0,0,154.97955864843448
2026-08-28,30.808333333333334,27.0,34.3,24,65.875,66.5,52,80,24,23.507760970084192,0.0,0,24,9.416666666666666,13.0,24,-3.9937136248374983,7.02649414112481,999.9625,-0.1999999999999318,24,3.3333333333333335,24,1.0,1.0,1.0,1.0,1.0,0.0,0,0,150.38699765812112
2026-08-29,30.75,27.5,34.2,24,68.66666666666667,69.5,57,81,24,24.20257932225481,0.0,0,24,10.116666666666667,14.8,24,-4.62965037371516,7.609027988215288,999.6166666666667,-0.39999999999997726,24,3.875,24,1.0,1.0,1.0,1.0,1.0,0.0,0,0,148.68192262667702
2026-08-30,29.72083333333333,27.0,32.6,24,70.95833333333333,72.0,61,81,24,23.799288815695416,0.0,0,24,13.208333333333334,16.7,24,-10.388833436866602,7.474068639427423,1000.5375,2.599999999999909,24,5.291666666666667,24,1.0,1.0,1.0,1.0,1.0,0.0,0,0,125.73248263390087
2026-08-31,28.583333333333332,25.7,31.5,24,74.08333333333333,75.0,64,85,24,23.41435033973444,24.700000000000003,12,24,13.895833333333334,16.7,24,-11.975539979338647,5.700185239842782,1001.6041666666666,0.5,24,5.75,24,1.0,1.0,1.0,1.0,1.0,24.700000000000003,12,1,115.45377811016516
