outlet,scope,feed,title,link,published_utc,category,author,summary,retrieved_utc
The News,local,www.thenews.com.pk/rss/1/1,Field Marshal Munir warns of Pakistan's 'firm response' to any aggression,https://www.thenews.com.pk/latest/1358265-coas-munir-warns-of-pakistans-firm-response-to-any-aggression,2025-11-16 11:42:42+00:00,,,"Field Marshal Syed Asim Munir addresses NDU's graduating officers of the National Security and War Course at NDU on July 7, 2025. — ISPRChief of Army Staff Field Marshal Syed Asim Munir on Sunday vowed that Pakistan would respond swiftly to any act of aggression against its sovereignty.He,...",2026-10-01T05:02:20+00:00
The News,local,www.thenews.com.pk/rss/1/1,Karachi braces for water shortfall after Dhabeji power breakdown,https://www.thenews.com.pk/latest/1358266-karachi-braces-for-water-shortfall-after-dhabeji-power-breakdown,2025-11-16 12:07:05+00:00,,,"This file photo shows Dhabeji pumping station. — Facebook/@KWSCOFFICIALTHATTA: A fresh power breakdown hit the Dhabeji pumping station on Sunday morning, halting operations in the second phase and disrupting a key supply line, the Karachi Water & Sewerage Corporation said.Karachi may face a...",2026-10-01T05:02:20+00:00
The News,local,www.thenews.com.pk/rss/1/1,President honours Jordan's king with Nishan-e-Pakistan for global peace efforts,https://www.thenews.com.pk/latest/1358281-president-zardari-honours-jordans-king-with-nishan-e-pakistan-for-global-peace-efforts,2025-11-16 12:46:50+00:00,,,"President Asif Ali Zardari and Jordan's King Abdullah II ibn Al Hussein shake hands during a special investiture ceremony at the President House, Islamabad, November 16, 2025. — PIDPresident Asif Ali Zardari awarded the Nishan-e-Pakistan, Pakistan's highest civilian award, to Jordan's King...",2026-10-01T05:02:20+00:00
The News,local,www.thenews.com.pk/rss/1/1,Parliament holds exclusive right to amend Constitution: minister,https://www.thenews.com.pk/latest/1358303-parliament-holds-exclusive-right-to-amend-constitution-minister,2025-11-16 14:06:07+00:00,,,"Minister of State for Interior Talal Chaudhry addresses the press conference in Faisalabad on November 16, 2025. — Screengrab via Geo NewsMinister of State for Interior Talal Chaudhry on Sunday defended the federal government, saying only Parliament holds the exclusive right to amend the...",2026-10-01T05:02:20+00:00
The News,local,www.thenews.com.pk/rss/1/1,"Pakistan seeks to boost military collaboration with Jordan, says COAS Munir",https://www.thenews.com.pk/latest/1358319-pakistan-seeks-to-boost-military-collaboration-with-jordan-says-coas-munir,2025-11-16 16:48:00+00:00,,,"Jordan King Abdullah , COAS Field Marshal Syed Asim Munir , and PM Shehbaz Sharif during visit to Tilla Field Firing Ranges. — ISPRRAWALPINDI: Jordanian King Abdullah II on Sunday lauded Pakistans military, noting its exceptional training, professionalism, and strong operational...",2026-10-01T05:02:20+00:00
The News,local,www.thenews.com.pk/rss/1/1,FCC begins hearing cases after two more judges sworn in,https://www.thenews.com.pk/latest/1358441-fcc-begins-hearing-cases-after-two-more-judges-sworn-in,2025-11-17 06:48:00+00:00,,,"FCC Chief Justice Aminuddin Khan administers the oath to Justice Rozi Khan Barrech and Justice Arshad Hussain Shah . — Geo NewsISLAMABAD: Marking a new chapter in the country's constitutional and judicial history, the Federal Constitutional Court on Monday became operational after two...",2026-10-01T05:02:20+00:00
The News,local,www.thenews.com.pk/rss/1/1,DPM Dar reaches Moscow to participate in SCO summit,https://www.thenews.com.pk/latest/1358447-dpm-dar-to-attend-sco-summit-in-moscow-from-nov-17-18-fo,2025-11-17 09:32:00+00:00,,,"Deputy Prime Minister and Foreign Minister Ishaq Dar arrives in Moscow, Russia, November 17, 2025. — X/@ForeignOfficePkISLAMABAD: Deputy Prime Minister and Foreign Minister Ishaq Dar reached Moscow on Monday to participate in the Shanghai Cooperation Organisation Council of Heads of...",2026-10-01T05:02:20+00:00
The News,local,www.thenews.com.pk/rss/1/1,PTI's Gohar joins others in condemning harassment of journalist Shahzeb Khanzada,https://www.thenews.com.pk/latest/1358468-ptis-gohar-joins-others-in-condemning-harassment-of-journalist-shahzeb-khanzada,2025-11-17 11:06:00+00:00,,,"A screengrab showing anchorperson Shahzeb Khanzada being harassed by a man during shopping in a foreign country. — X@WabbasiPakistan Tehreek-e-Insaf Chairman Barrister Gohar Ali Khan, along with other political leaders and journalists, has categorically condemned the harassment of...",2026-10-01T05:02:20+00:00
The News,local,www.thenews.com.pk/rss/1/1,AJK Assembly removes PM Anwarul Haq as no-confidence motion passes,https://www.thenews.com.pk/latest/1358488-ajk-assembly-removes-pm-anwarul-haq-as-no-confidence-motion-passes,2025-11-17 11:07:00+00:00,,,"AJK Prime Minister-elect Raja Faisal Rathore and Ex-AJK PM Chaudhry Anwarul Haq. — APPThe Azad Jammu and Kashmir Legislative Assembly has successfully passed a no-confidence motion against Prime Minister Chaudhry Anwarul Haq, replacing him with Raja Faisal Rathore.The no-confidence motion...",2026-10-01T05:02:20+00:00
The News,local,www.thenews.com.pk/rss/1/1,Tarar vows action over fake video targeting journalist Benazir Shah,https://www.thenews.com.pk/latest/1358473-tarar-vows-action-over-fake-video-targeting-journalist-benazir-shah,2025-11-17 11:12:00+00:00,,,"Federal Minister for Information & Broadcasting Attaullah Tarar addresses a press conference in Islamabad on July 15, 2024. — Screengrab via Geo NewsFederal Information Minister Atta Tarar has taken notice of the spread of a “fake” video aimed at journalist Benazir Shah,...",2026-10-01T05:02:20+00:00
The News,local,www.thenews.com.pk/rss/1/1,Pakistan dismisses Khalilzad's claim about Daesh-K presence in Punjab,https://www.thenews.com.pk/latest/1358520-pakistan-dismisses-khalilzads-claim-about-daesh-k-presence-in-punjab,2025-11-17 13:25:00+00:00,,,"Former US envoy for peace in Afghanistan Zalmay Khalilzad speaks during a debate at Tolo TV channel in Kabul, Afghanistan April 28, 2019. — ReutersThe Ministry of Information and Broadcasting on Monday rejected Zalmay Khalilzad's misleading remarks about the killing of a Daesh-Khorasan...",2026-10-01T05:02:20+00:00
The News,local,www.thenews.com.pk/rss/1/1,By-polls announced for Senate seat left vacant after Irfan Siddiqui's death,https://www.thenews.com.pk/latest/1358514-by-polls-announced-for-senate-seat-left-vacant-after-irfan-siddiquis-death,2025-11-17 13:36:00+00:00,,,"PML-N leader Irfan Siddiqui addressing an event at the Arts Council of Pakistan in Karachi on December 29, 2022. —Arts Council of Pakistan Karachi websiteThe Election Commission of Pakistan on Monday issued the schedule for the by-election to the Senate seat vacated after the passing of...",2026-10-01T05:02:20+00:00
The News,local,www.thenews.com.pk/rss/1/1,"PPP's Palwasha Khan declares FIA, NCCIA 'corrupt'",https://www.thenews.com.pk/latest/1358535-ppps-palwasha-khan-declares-fia-nccia-corrupt,2025-11-17 14:08:00+00:00,,,"Pakistan Peoples Party Senator Palwasha Khan. — Senate of Pakistan Website/FileISLAMABAD: PPP Senator Palwasha Khan on Monday accused the Federal Investigation Agency and National Cyber Crime Investigation Agency of being ""corrupt"", calling for all land allotment inquiries to be shifted...",2026-10-01T05:02:20+00:00
The News,local,www.thenews.com.pk/rss/1/1,Death toll climbs to 10 in Hyderabad firecracker factory blast,https://www.thenews.com.pk/latest/1358537-death-toll-climbs-to-10-in-hyderabad-firecracker-factory-blast,2025-11-17 14:33:00+00:00,,,"Rescue workers busy in search of the bodies and injured workers from the debris of a firecrackers factory, collapsed after a huge blast in Hyderabad on November 15, 2025. — OnlineThe death toll from the Hyderabad firecracker factory explosion climbed to 10 on Monday after another injured...",2026-10-01T05:02:20+00:00
The News,local,www.thenews.com.pk/rss/1/1,Govt extends Hajj 2026 dues deadline by three days,https://www.thenews.com.pk/latest/1358540-govt-extends-hajj-2026-dues-deadline-by-three-days,2025-11-17 15:08:00+00:00,,,"Muslim pilgrims circle the Kaaba and pray at the Grand mosque in the holy city of Makkah.— ReutersMinistry of Religion Affairs and Interfaith Harmony on Monday announced a three-day extension in the deadline for submission of Hajj 2026 dues, describing it as a final opportunity for...",2026-10-01T05:02:20+00:00
The News,local,www.thenews.com.pk/rss/1/1,Railways' modernisation to play key role in boosting economy: PM,https://www.thenews.com.pk/latest/1358560-railways-modernisation-to-play-key-role-in-boosting-economy-pm,2025-11-17 16:54:01+00:00,,,"PM Shehbaz Sharif addresses inauguration ceremony of new Shalimar Express and the newly upgraded waiting rooms, CIP lounges at Karachi Cantt Railway Station. — X/@GovtofPakistanPrime Minister Shehbaz Sharif said on Monday that digitising and modernising Pakistan Railways, along with...",2026-10-01T05:02:20+00:00
The News,local,www.thenews.com.pk/rss/1/1,"28th Amendment on the cards, says Rana Sanaullah",https://www.thenews.com.pk/latest/1358570-28th-amendment-on-the-cards-says-rana-sanaullah,2025-11-17 18:06:00+00:00,,,"Prime Minister’s Advisor on Political Affairs Rana Sanaullah chairs meeting in Islamabad on October 8, 2024. — APPAdviser to Prime Minister on Political and Public Affairs Rana Sanaullah on Monday said the government is finalising the 28th Constitutional Amendment, noting that the...",2026-10-01T05:02:20+00:00
The News,local,www.thenews.com.pk/rss/1/1,ECP moves to prepare schedule for Islamabad local polls,https://www.thenews.com.pk/latest/1358588-ecp-moves-to-prepare-schedule-for-islamabad-local-polls,2025-11-17 20:06:16+00:00,,,"Representational image of a woman casting her vote. — AFP/FileISLAMABAD: The Election Commission of Pakistan on Monday decided to hold long-delayed local government elections in Islamabad and ordered officials to draft the poll schedule.In a reserved decision on the long-standing matter,...",2026-10-01T05:02:20+00:00
The News,local,www.thenews.com.pk/rss/1/1,Security forces neutralise 15 Indian proxy terrorists in KP: ISPR,https://www.thenews.com.pk/latest/1358669-security-forces-neutralise-15-indian-proxy-terrorists-in-kp-ispr,2025-11-18 05:20:00+00:00,,,"Pakistan Army soldiers patrol in Khyber Pakhtunkhwa in this undated image. — AFP/FileSecurity forces neutralised at least 15 terrorists, including a key ringleader linked to the Indian proxy Fitna al-Khawarij, during two intelligence-based operations in Khyber Pakhtunkhwa, the Inter-Services...",2026-10-01T05:02:20+00:00
The News,local,www.thenews.com.pk/rss/1/1,Raja Faisal Rathore sworn in as new AJK prime minister,https://www.thenews.com.pk/latest/1358671-raja-faisal-rathore-sworn-in-as-new-ajk-prime-minister,2025-11-18 08:11:00+00:00,,,"Raja Faisal Rathore taking oath as new AJK PM on November 18, 2025. — ReporterPakistan Peoples Party’s Raja Faisal Rathore took oath as Azad Jammu and Kashmir’s new prime minister on Tuesday, a day after winning the assembly vote that unseated Anwarul Haq.Rathore was...",2026-10-01T05:02:20+00:00
The News,local,www.thenews.com.pk/rss/1/1,Body of 18-year-old bride found on rooftop in Karachi's DHA,https://www.thenews.com.pk/latest/1358706-body-of-18-year-old-bride-found-on-rooftop-in-karachis-dha,2025-11-18 09:30:00+00:00,,,"A crime scene tape can be seen in this image. — Reuters/FileKARACHI: Police are investigating the death of an 18-year-old newly married woman, Zainab, whose body was found hanging on the roof of a residential building in Karachi in the night between November 17 and 18, and have registered a...",2026-10-01T05:02:20+00:00
The News,local,www.thenews.com.pk/rss/1/1,Opposition alliance holds protest rally against 27th Constitutional Amendment,https://www.thenews.com.pk/latest/1358724-opposition-alliance-holds-protest-rally-against-27th-constitutional-amendment,2025-11-18 10:33:00+00:00,,,"TTAP leaders and other politicians protest against 27th Constitutional Amendment outside Supreme Court in Islamabad on November 18, 2025. — X@AsadQaiserPTIISLAMABAD: The Tehreek Tahaffuz-e-Ayeen-Pakistan on Tuesday held a protest rally against the 27th Constitutional Amendment, marching...",2026-10-01T05:02:20+00:00
The News,local,www.thenews.com.pk/rss/1/1,"At SCO moot, Pakistan calls for stronger economic integration",https://www.thenews.com.pk/latest/1358767-at-sco-meeting-pakistan-calls-for-stronger-economic-integration-broader-partnerships,2025-11-18 12:25:31+00:00,,,"Deputy Prime Minister and Foreign Minister Ishaq Dar speaks during 24th meeting of Shanghai Cooperation Organisation Council of Heads of Government in Moscow, Russia, November 18, 2025. — X/@ForeignOfficePKDeputy Prime Minister and Foreign Minister Ishaq Dar on Tuesday urged member states of...",2026-10-01T05:02:20+00:00
The News,local,www.thenews.com.pk/rss/1/1,Key constitutional bodies reconstituted under 27th Amendment,https://www.thenews.com.pk/latest/1358791-key-constitutional-bodies-reconstituted-under-27th-amendment,2025-11-18 13:56:31+00:00,,,This collage shows Supreme Court judge Justice Jamal Khan Mandokhail and Federal Constitutional Court judge Justice Aamer Farooq. — SC and IHC websites/File ISLAMABAD: The Supreme Court on Tuesday announced the reconstitution of three key constitutional and statutory judicial bodies...,2026-10-01T05:02:20+00:00
The News,local,www.thenews.com.pk/rss/1/1,Army eliminates 23 Indian-backed terrorists in KP IBOs,https://www.thenews.com.pk/latest/1358824-army-eliminates-23-indian-backed-terrorists-in-kp-ibos,2025-11-18 17:02:28+00:00,,,"Pakistani soldiers stand guard in Bannu, Khyber-Pakhtunkhwa July 2, 2014. — ReutersSecurity forces killed at least 23 terrorists linked to Indian proxy Fitna al-Khawarij in two intelligence-based operations in Khyber Pakhtunkhwa, the Inter-Services Public Relations said on...",2026-10-01T05:02:20+00:00
The News,local,www.thenews.com.pk/rss/1/1,Imran Khan's sisters released after brief detention in Rawalpindi,https://www.thenews.com.pk/latest/1358865-imran-khans-sisters-released-after-brief-detention-in-rawalpindi,2025-11-18 22:12:47+00:00,,,"Imran Khan’s sisters along with PTI activists stage a sit-in near the near Central Jail Rawalpindi on November 19, 2025. — X/@javerias RAWALPINDI: Pakistan Tehreek-e-Insaf founder Imran Khan’s sisters — Aleema Khan, Noreen Khan Niazi and Uzma Khanum — were taken...",2026-10-01T05:02:20+00:00
The News,local,www.thenews.com.pk/rss/1/1,Trump claims credit for averting Pak-India 'war that was almost ready to start again',https://www.thenews.com.pk/latest/1358877-ive-actually-stopped-eight-wars-reiterates-trump,2025-11-19 00:13:20+00:00,,,"A collage of PM Shehbaz Sharif, US President Donald Trump and Indian PM Narendra Modi — X@PakPMO/Reuters/FileUS President Donald Trump on Wednesday claimed that he had actually stopped eight battles, including a war from “restarting” between nuclear-armed neighbours, Pakistan and...",2026-10-01T05:02:20+00:00
The News,local,www.thenews.com.pk/rss/1/1,"CTD, police kill two suspected militants in Sarai Naurang operation",https://www.thenews.com.pk/latest/1358918-ctd-police-kill-two-suspected-militants-in-sarai-naurang-operation,2025-11-19 02:47:13+00:00,,,"Police officers take position during a counter terrorism training session at the Elite Police Training Centre in Nowshera, Pakistan, February 10, 2023.— ReutersPESHAWAR: Two suspected militants were killed late Wednesday in a joint operation by the Counter Terrorism Department and local...",2026-10-01T05:02:20+00:00
The News,local,www.thenews.com.pk/rss/1/1,Karachi hotel receives traffic fine for car stolen in 1997,https://www.thenews.com.pk/latest/1358923-karachi-hotel-receives-traffic-fine-for-car-stolen-in-1997,2025-11-19 05:13:00+00:00,,,Traffic police officials charge a challan for violating the traffic rules at Saddar area in Karachi. — PPIKarachi's newly introduced automated traffic enforcement system — the Traffic Regulation and Citation System — has stirred controversy after a five-star hotel was issued a...,2026-10-01T05:02:20+00:00
The News,local,www.thenews.com.pk/rss/1/1,"DPM Dar pushes connectivity, financial tools at SCO summit",https://www.thenews.com.pk/latest/1358973-dpm-dar-pushes-connectivity-financial-tools-at-sco-summit,2025-11-19 10:38:00+00:00,,,"Deputy Prime Minister and Foreign Minister at the margins of the SCO Heads of Government meetings, with Russian Prime Minister Mikhail Mishustin and Chinese Premier Li Qiang. — X/@ForeignOfficePkDeputy Prime Minister and Foreign Minister Senator Ishaq Dar used the 24th Shanghai Cooperation...",2026-10-01T05:02:20+00:00
The News,local,www.thenews.com.pk/rss/1/1,JITs to probe cases against TLP in Punjab,https://www.thenews.com.pk/latest/1358987-jits-to-probe-cases-against-tlp-in-punjab,2025-11-19 10:44:00+00:00,,,"Trucks and containers block Ravi Bridge as supporters of Tehreek-e-Labbaik Pakistan supporters march in Lahore, October 10, 2025. — Reuters LAHORE: Amid ongoing crackdown against the proscribed Tehreek-e-Labbaik Pakistan , the Punjab government has formed 12 joint investigation teams ...",2026-10-01T05:02:20+00:00
The News,local,www.thenews.com.pk/rss/1/1,PM Shehbaz approves five-year plan for flood preparedness,https://www.thenews.com.pk/latest/1359012-pm-shehbaz-approves-five-year-plan-for-flood-preparedness,2025-11-19 11:27:23+00:00,,,"PM Shehbaz Sharif chairs a meeting regarding climate change induced losses and mitigation plan for the next year's monsoon, Islamabad, November 19, 2025. — PIDPrime Minister Shehbaz Sharif has endorsed a comprehensive five-year strategy — fix, expand and rebuild the country's flood...",2026-10-01T05:02:20+00:00
The News,local,www.thenews.com.pk/rss/1/1,Pakistan achieved 'military success over India' in May war: US report,https://www.thenews.com.pk/latest/1359013-pakistan-achieved-military-success-over-india-in-may-war-us-report,2025-11-19 12:12:00+00:00,,,"A Pakistan Air Force J-10C fighter jet in this undated photo. — X/@DGPR_PAFPakistan achieved ""military success over India"" during the May conflict, according to a report submitted to the United States Congress, which also acknowledged that Islamabad downed Indian jets, including French-made...",2026-10-01T05:02:20+00:00
The News,local,www.thenews.com.pk/rss/1/1,"In meeting with EU Council president, Dar discuss economic ties, GSP+",https://www.thenews.com.pk/latest/1359033-dar-lands-in-brussels-to-lead-pakistan-eu-strategic-dialogue,2025-11-19 12:55:25+00:00,,,"Deputy Prime Minister and Foreign Minister Ishaq Dar meets European Union Council President Antonio Costa in Brussels, Belgium, November 19, 2025. — X/@ForeignOfficePK Pakistan and the European Union on Wednesday discussed the GSP+ scheme, trade expansion and broader economic...",2026-10-01T05:02:20+00:00
The News,local,www.thenews.com.pk/rss/1/1,Pakistan Navy confiscates drugs worth $130m in Arabian Sea,https://www.thenews.com.pk/latest/1359051-pakistan-navy-confiscates-methamphetamine-worth-130m-in-arabian-sea,2025-11-19 13:51:56+00:00,,,"Pakistan Navy scores a massive drug bust worth $130 in Arabian Sea — Pakistan Navy Directorate General Public RelationsThe Pakistan Navy has scored a significant victory in countering drug trafficking, seizing methamphetamine worth $130 million during an operation in the Arabian...",2026-10-01T05:02:20+00:00
The News,local,www.thenews.com.pk/rss/1/1,Reclassification of 41 candidates on reserved seats goes beyond SC mandate: Justice Mandokhail,https://www.thenews.com.pk/latest/1359090-reclassification-of-41-candidates-on-reserved-seats-goes-beyond-sc-mandate-justice-mandokhail,2025-11-19 16:38:12+00:00,,,"Supreme Court's Justice Jamal Khan Mandokhail addresses an event related to Labour Day in Islamabad on May 1, 2025. — Screengrab/YouTube/Geo NewsISLAMABAD: Justice Jamal Khan Mandokhail has released a detailed dissent in the reserved seats case, stating that the ruling on 41 candidates...",2026-10-01T05:02:20+00:00
The News,local,www.thenews.com.pk/rss/1/1,Security forces neutralise four terrorists in KP IBOs,https://www.thenews.com.pk/latest/1359092-security-forces-neutralise-four-terrorists-in-kp-ibos,2025-11-19 17:12:00+00:00,,,"Soldiers ride on a Pakistan Army vehicle in this undated image. — AFP/FileFour terrorists affiliated with Indian proxy, Fitna al-Khawarij, were killed in a series of operations across Khyber Pakhtunkhwa from November 17 to 18, the Inter-Services Public Relations said on Wednesday.An...",2026-10-01T05:02:20+00:00
The News,local,www.thenews.com.pk/rss/1/1,"Russia ready to mediate Pakistan's issues with India, Afghanistan: envoy",https://www.thenews.com.pk/latest/1359098-russia-ready-to-mediate-pakistans-issues-with-india-afghanistan-envoy,2025-11-19 18:14:28+00:00,,,"Russia's ambassador to Pakistan has extended his country's offer to mediate Islamabad's conflicts with India and Afghanistan, amid strained relations with its neighbouring countries.Islamabad's relations with India have remained tense since the four-day war in May, while the Afghan Taliban regime...",2026-10-01T05:02:20+00:00
The News,local,www.thenews.com.pk/rss/1/1,Pakistan to construct island to boost oil exploration: report,https://www.thenews.com.pk/latest/1359101-pakistan-to-construct-island-to-boost-oil-exploration-report,2025-11-19 18:26:12+00:00,,,"Pump jacks operate in front of a drilling rig in an oil field in Midland, Texas United States. — Reuters/FilePakistan's state-owned energy company, Pakistan Petroleum Limited , has announced plans for an artificial island to boost its oil exploration efforts.Islamabad has intensified its...",2026-10-01T05:02:20+00:00
The News,local,www.thenews.com.pk/rss/1/1,Security forces kill 23 Indian proxy terrorists in KP's Kurram,https://www.thenews.com.pk/latest/1359185-security-forces-kill-23-indian-proxy-terrorists-in-kps-kurram,2025-11-20 05:08:00+00:00,,,"Security forces are seen taking position during an operation. — ISPR/FileRAWALPINDI: Amid country's ongoing fight against the menace of terrorism, security forces have neutralised 23 Indian proxy Fitna al-Khawarij terrorists in separate engagements in Khyber Pakhtunkhwa's Kurram...",2026-10-01T05:02:20+00:00
The News,local,www.thenews.com.pk/rss/1/1,Dubai sees 3.2m Pakistani passengers in 2025 as airport sets new milestone,https://www.thenews.com.pk/latest/1359184-dubai-sees-32m-pakistani-passengers-in-2025-as-airport-sets-new-milestone,2025-11-20 06:16:00+00:00,,,"People sit at a coffee shop as they wait for their flight at the Dubai International Airport, in Dubai, United Arab Emirates, April 17, 2024. — ReutersDUBAI: Dubai International Airport handled 3.2 million passengers travelling from Pakistan in the first nine months of 2025, making the...",2026-10-01T05:02:20+00:00
The News,local,www.thenews.com.pk/rss/1/1,CM Afridi clarifies remarks on by-poll after ECP requests army deployment,https://www.thenews.com.pk/latest/1359222-ecp-seeks-troops-deployment-in-haripur-by-polls-takes-notices-of-cm-afridis-threats,2025-11-20 10:01:00+00:00,,,"Khyber Pakhtunkhwa Chief Minister Sohail Khan Afridi addresses a gathering at Havelian, Abbottabad on November 19, 2025. — Facbook@ImMuhammadSohailAfridiISLAMABAD: Khyber Pakhtunkhwa Chief Minister Sohail Afridi on Thursday issued a clarification concerning his remarks on the NA-18 by-poll,...",2026-10-01T05:02:20+00:00
The News,local,www.thenews.com.pk/rss/1/1,Banned TTP poses serious threat to Pakistan security: UNSC panel,https://www.thenews.com.pk/latest/1359210-banned-ttp-poses-serious-threat-to-pakistan-security-unsc-panel,2025-11-20 10:24:00+00:00,,,"Denmark’s Deputy Permanent Representative to United Nations and chair of UNSC's ISIL, Al-Qaeda Sanctions Committee Sandra Jensen Landi. — Screengrab via UN WebTV websiteThe chair of the United Nations Security Council's Daesh and Al-Qaeda Sanctions Committee has cautioned that the...",2026-10-01T05:02:20+00:00
The News,local,www.thenews.com.pk/rss/1/1,US report validates Pakistan military edge over India: PM,https://www.thenews.com.pk/latest/1381699-us-report-validates-pakistan-military-edge-over-india-pm,2025-11-20 15:55:00+00:00,,,"Prime Minister Shehbaz Sharif addresses ceremony in Azad Jammu and Kashmir on November 20, 2025. — X/@GovtofPakistanPrime Minister Shehbaz Sharif on Thursday said a recent US report endorsing Pakistan’s downing of Indian aircraft stands as formal validation of the country’s...",2026-10-01T05:02:20+00:00
The News,local,www.thenews.com.pk/rss/1/1,MQM-P calls for new province in Sindh,https://www.thenews.com.pk/latest/1381701-mqm-p-calls-for-new-province-in-sindh,2025-11-20 15:56:00+00:00,,,"Muttahida Qaumi Movement-Pakistan Convener Khalid Maqbool Siddiqui addresses a press conference in Karachi, November 20, 2025. — Screengrab via YouTube/Geo NewsKARACHI: With discussions on the 28th Amendment gaining momentum, the Muttahida Qaumi Movement–Pakistan has once again...",2026-10-01T05:02:20+00:00
The News,local,www.thenews.com.pk/rss/1/1,Security forces gun down 30 terrorists in multiple IBOs in KP: ISPR,https://www.thenews.com.pk/latest/1381698-security-forces-gun-down-30-terrorists-in-multiple-ibos-in-kp-ispr,2025-11-20 16:38:00+00:00,,,"Frontier Constabulary and army personnel gather stand guard in Kurram, January 17, 2025. — AFPSecurity forces killed 30 Indian proxy Fitna al-Khawarij terrorists during multiple intelligence-based operations carried out by security forces in Khyber Pakhtunkhwa , the military's media wing...",2026-10-01T05:02:20+00:00
The News,local,www.thenews.com.pk/rss/1/1,US lawmakers laud Punjab govt's initiative to modernise brick-kiln,https://www.thenews.com.pk/latest/1381705-us-lawmakers-laud-punjab-govts-initiative-to-modernise-brick-kiln,2025-11-20 16:39:48+00:00,,,"Punjab Chief Minister Maryam Nawaz attends ceremony in this undated image. — Facebook/@MaryamNSharifISLAMABAD: The Congressional Pakistan Caucus has applauded Punjab’s drive to modernise its brick-kiln sector, saying the reforms could serve as a pilot for eliminating bonded labour and...",2026-10-01T05:02:20+00:00
The News,local,www.thenews.com.pk/rss/1/1,JF-17 attracts strong attention at Dubai Airshow as friendly country inks procurement MoU,https://www.thenews.com.pk/latest/1381731-jf-17-attracts-strong-attention-at-dubai-airshow-as-friendly-country-inks-procurement-mou,2025-11-20 17:25:16+00:00,,,"Pakistan Air Force JF-17 Thunder fighter jet during World Defence Air Show 2024 held in Riyadh, Saudi Arabia, February 7, 2024. — PPI Pakistan's JF-17 Thunder garnered significant attention at the Dubai Airshow 2025, leading to the signing of a memorandum of understanding with a...",2026-10-01T05:02:20+00:00
The News,local,www.thenews.com.pk/rss/1/1,27th Amendment empowers FCC to hear all constitutional cases: minister,https://www.thenews.com.pk/latest/1381786-27th-amendment-empowers-fcc-to-hear-all-constitutional-cases-minister,2025-11-20 19:59:00+00:00,,,"Minister of State for Law and Justice Barrister Aqeel Malik addressing an event on December 21, 2024. — Facebook@BarristerAqeelMalikState Minister for Law Aqeel Malik said on Thursday that the 27th Amendment has vested authority to hear constitutional matters in the Federal Constitutional...",2026-10-01T05:02:20+00:00
The News,local,www.thenews.com.pk/rss/1/1,"Punjab by-polls: Notices served on minister, SAPM for 'violating' election code of conduct",https://www.thenews.com.pk/latest/1381918-notices-served-on-minister-sapm-for-violating-election-code-of-conduct,2025-11-21 01:33:00+00:00,,,This collage of pictures show Federal Minister of Power Sardar Awais Ahmad Khan Leghari and Special Assistant to the Prime Minister Huzaifa Rehman. —APP/NA website/FileShow-cause notices have been issued to Minister for Power Sardar Awais Ahmad Khan Leghari and Special Assistant to the...,2026-10-01T05:02:20+00:00
Tribune,local,tribune.com.pk/feed/home,Trump rules out any deal except ‘unconditional surrender’ as Iran vows to defend its ‘dignity and sovereignty’,https://tribune.com.pk/story/2596085/trump-says-not-currently-considering-us-ground-forces-in-iran,2026-03-06 00:23:32+00:00,World,AFP,Iran says some countries have begun mediation efforts amid retaliatory strikes,2026-10-01T05:02:26+00:00
Tribune,local,tribune.com.pk/feed/home,Israeli strikes kill seven in Gaza,https://tribune.com.pk/story/2610261/israeli-strikes-kill-seven-in-gaza,2026-05-26 13:45:04+00:00,World,Reuters,.,2026-10-01T05:02:26+00:00
Tribune,local,tribune.com.pk/feed/home,"US, Armenia sign partnership agreement",https://tribune.com.pk/story/2610262/us-armenia-sign-partnership-agreement,2026-05-26 13:45:04+00:00,World,Reuters,.,2026-10-01T05:02:26+00:00
Tribune,local,tribune.com.pk/feed/home,Five dead in South Korea aerospace plant blast,https://tribune.com.pk/story/2611013/five-dead-in-south-korea-aerospace-plant-blast,2026-06-01 17:32:55+00:00,World,Reuters,.,2026-10-01T05:02:26+00:00
Tribune,local,tribune.com.pk/feed/home,"PMD forecasts drizzle, light showers in Karachi till Friday",https://tribune.com.pk/story/2613639/pmd-forecasts-drizzle-light-showers-in-karachi-till-friday,2026-06-17 04:51:47+00:00,Pakistan,Aftab Khan,Predicts thunderstorms and heavy showers in the northern districts of Sindh,2026-10-01T05:02:26+00:00
Tribune,local,tribune.com.pk/feed/home,Govt moves to fully digitise passport issuance system,https://tribune.com.pk/story/2614022/passport-system-to-go-fully-digital-with-e-passport-rollout,2026-06-19 02:45:38+00:00,Pakistan,Web Desk,"Preparatory work for home delivery of passports in Pakistan, abroad completed, service will be launched soon",2026-10-01T05:02:26+00:00
Tribune,local,tribune.com.pk/feed/home,"We have to keep Netanyahu 'a little bit sane', says Trump",https://tribune.com.pk/story/2614354/we-have-to-keep-netanyahu-a-little-bit-sane-says-trump,2026-06-20 21:21:50+00:00,World,APP,.,2026-10-01T05:02:26+00:00
Tribune,local,tribune.com.pk/feed/home,Govt decides to end fuel subsidies after sharp decline in global oil prices,https://tribune.com.pk/story/2614572/govt-decides-to-end-fuel-subsidies-after-sharp-decline-in-global-oil-prices,2026-06-22 12:51:19+00:00,Pakistan,Web Desk,Committee agrees to withdraw fuel subsidies after benefit already passed on to consumers,2026-10-01T05:02:26+00:00
Tribune,local,tribune.com.pk/feed/home,"NDMA issues nationwide alert ahead of pre-monsoon rains, warns of hazards",https://tribune.com.pk/story/2615432/ndma-issues-nationwide-alert-ahead-of-pre-monsoon-rains-warns-of-hazards,2026-06-28 09:34:40+00:00,Pakistan,APP,Says intermittent pre-monsoon rains expected from June 28 to July 3,2026-10-01T05:02:26+00:00
BBC,international,feeds.bbci.co.uk/news/business/rss.xml,Why Gen Z are planning for life without a state pension,https://www.bbc.co.uk/news/articles/c8e2yp1gg37o?at_medium=RSS&at_campaign=rss,2026-06-30 23:05:19+00:00,,,Many younger people do not believe the state pension will exist when they are older,2026-10-01T05:02:27+00:00
BBC,international,feeds.bbci.co.uk/news/business/rss.xml,Why the UK is dithering over what to do about e-scooters,https://www.bbc.co.uk/news/articles/cn4nvn9w00no?at_medium=RSS&at_campaign=rss,2026-07-22 23:51:24+00:00,,,"Why is it taking so long for the government to regulate them, and what are the consequences of delay?",2026-10-01T05:02:27+00:00
Tribune,local,tribune.com.pk/feed/business,US war tensions weigh on Gulf stocks,https://tribune.com.pk/story/2624674/us-war-tensions-weigh-on-gulf-stocks,2026-08-18 19:34:44+00:00,Business,Reuters,Qatar's benchmark index fell 0.5%,2026-10-01T05:02:20+00:00
Tribune,local,tribune.com.pk/feed/business,Evergrande founder given life sentence,https://tribune.com.pk/story/2624987/evergrande-founder-given-life-sentence,2026-08-21 00:33:20+00:00,Business,Reuters,Sentence in the southern city of Shenzhen included confiscating all of Hui's personal property,2026-10-01T05:02:20+00:00
Tribune,local,tribune.com.pk/feed/business,Oil slips ahead of US announcement,https://tribune.com.pk/story/2625659/oil-slips-ahead-of-us-announcement,2026-08-24 16:06:44+00:00,Business,Reuters,Treasury Department announced new sanctions on 60 individuals,2026-10-01T05:02:20+00:00
Tribune,local,tribune.com.pk/feed/business,Govt taps HK expertise for virtual assets,https://tribune.com.pk/story/2626989/govt-taps-hk-expertise-for-virtual-assets,2026-09-01 16:51:48+00:00,Business,Our Correspondent,Finance minister appreciated efforts to engage with international policymakers,2026-10-01T05:02:20+00:00
Tribune,local,tribune.com.pk/feed/business,China donates livestock vaccines for CPEC 2.0,https://tribune.com.pk/story/2627156/china-donates-livestock-vaccines-for-cpec-20,2026-09-02 17:10:52+00:00,Business,APP,Minister urges scientists to develop focused projects for modernisation,2026-10-01T05:02:20+00:00
DW,international,rss.dw.com/xml/rss-en-all,Is Germany's economic slump finally over?,https://www.dw.com/en/is-germany-s-economic-slump-finally-over/a-78815447?maca=en-rss-en-all-1573-xml-mrss,2026-09-03 12:30:00+00:00,Business,,"Despite a slew of negative headlines, the German economy has posted its best figures in years. There are reasons for optimism, but structural issues remain.",2026-10-01T05:02:20+00:00
BBC,international,feeds.bbci.co.uk/news/business/rss.xml,From 'dog fruit' to darling: India's avocado boom,https://www.bbc.co.uk/news/articles/clyjzpgv29do?at_medium=RSS&at_campaign=rss,2026-09-04 05:09:02+00:00,,,Demand for avocados is booming in India and local growers hope to grab more of the market.,2026-10-01T05:02:27+00:00
DW,international,rss.dw.com/xml/rss-en-all,How Volkswagen's huge workforce became a costly burden,https://www.dw.com/en/how-volkswagen-s-huge-workforce-became-a-costly-burden/a-77766154?maca=en-rss-en-all-1573-xml-mrss,2026-09-04 07:21:00+00:00,Business,,"The struggling German carmaker plans to cut up to 100,000 jobs from its 630,000-strong workforce. How did VW's headcount get so bloated, and will the cuts be enough to survive the Chinese EV onslaught?",2026-10-01T05:02:20+00:00
DW,international,rss.dw.com/xml/rss-en-all,2026 Beethoven Festival evokes a sense of home,https://www.dw.com/en/2026-beethoven-festival-evokes-a-sense-of-home/a-78892997?maca=en-rss-en-all-1573-xml-mrss,2026-09-04 08:05:00+00:00,Culture,,"The motto of this year's classical music festival in Bonn is ""Home/At Home,"" featuring musicians from diverse cultures presenting pieces from their homelands.",2026-10-01T05:02:20+00:00
DW,international,rss.dw.com/xml/rss-en-all,Germany: Is Saxony-Anhalt's economy really struggling?,https://www.dw.com/en/germany-is-saxony-anhalt-s-economy-really-struggling/a-78867143?maca=en-rss-en-all-1573-xml-mrss,2026-09-04 10:59:00+00:00,Business,,Germany's far-right AfD party has long claimed that the eastern state of Saxony-Anhalt has been left behind. Is that really the case? A closer look at the data offers some interesting insights.,2026-10-01T05:02:20+00:00
DW,international,rss.dw.com/xml/rss-en-all,The hidden environmental cost of AI data centers,https://www.dw.com/en/the-hidden-environmental-cost-of-ai-data-centers/a-78789889?maca=en-rss-en-all-1573-xml-mrss,2026-09-04 11:08:00+00:00,Environment,,"As data centers multiply to meet AI demand, they're straining power grids, draining water supplies and reshaping the land and air around them.",2026-10-01T05:02:20+00:00
DW,international,rss.dw.com/xml/rss-en-all,Germany: From emigration to immigration destination,https://www.dw.com/en/germany-from-emigration-to-immigration-destination/a-78805541?maca=en-rss-en-all-1573-xml-mrss,2026-09-05 08:07:00+00:00,Culture,,"Migration is a sensitive topic in Germany, with public debate dominated by the fear of uncontrolled immigration. But over two centuries, millions of Germans emigrated in search of a better life.",2026-10-01T05:02:20+00:00
Tribune,local,tribune.com.pk/feed/business,Americans hit with record gasoline prices,https://tribune.com.pk/story/2627655/americans-hit-with-record-gasoline-prices,2026-09-05 14:56:36+00:00,Business,Reuters,National average gasoline price will probably hit $4.03 on Labour Day,2026-10-01T05:02:20+00:00
DW,international,rss.dw.com/xml/rss-en-all,Croatia: Toxic waste protest draws tens of thousands,https://www.dw.com/en/croatia-toxic-waste-protest-draws-tens-of-thousands/a-79049228?maca=en-rss-en-all-1573-xml-mrss,2026-09-05 17:32:00+00:00,Environment,,The Zagreb demonstrators demanded that the government come up with a plan to clear illegal toxic waste in 20 days. Prime Minister Plenkovic has promised to tackle the issue.,2026-10-01T05:02:20+00:00
BBC,international,feeds.bbci.co.uk/news/business/rss.xml,"Aviation faces hotter, stormier skies – and passengers might have to accept more disruption",https://www.bbc.co.uk/news/articles/cm274p8m88lo?at_medium=RSS&at_campaign=rss,2026-09-05 23:20:00+00:00,,,Are people going to have to increasingly accept more delays and diversions as the effects of climate change intensify?,2026-10-01T05:02:27+00:00
DW,international,rss.dw.com/xml/rss-en-all,Werner Herzog: Germany's wild man of cinema is back,https://www.dw.com/en/werner-herzog-germany-s-wild-man-of-cinema-is-back/a-78949324?maca=en-rss-en-all-1573-xml-mrss,2026-09-07 16:41:00+00:00,Culture,,"As his latest movie, ""Bucking Fastard,"" premiered at the Venice Film Festival, DW talked to the boundary-breaking director.",2026-10-01T05:02:20+00:00
Tribune,local,tribune.com.pk/feed/home,Bangladesh ex-PM loses right to appeal,https://tribune.com.pk/story/2628034/bangladesh-ex-pm-loses-right-to-appeal,2026-09-07 19:35:53+00:00,World,Anadulo Agency,.,2026-10-01T05:02:26+00:00
Tribune,local,tribune.com.pk/feed/home,Israeli clearance of Gaza rubble could destroy 'evidence',https://tribune.com.pk/story/2628033/israeli-clearance-of-gaza-rubble-could-destroy-evidence,2026-09-07 19:35:53+00:00,World,Reuters,Albanese says Palestinians should take charge of clearance,2026-10-01T05:02:26+00:00
Tribune,local,tribune.com.pk/feed/home,Pakistan unveils 10-year national plan to conserve shark populations,https://tribune.com.pk/story/2628098/pakistan-unveils-10-year-national-plan-to-conserve-shark-populations,2026-09-08 02:52:16+00:00,Pakistan,APP,"Plan covers all chondrichthyan species found in Pakistani waters, including sharks, rays, skates, chimaeras",2026-10-01T05:02:26+00:00
DW,international,rss.dw.com/xml/rss-en-all,PISA 2025 results: Reading and math scores plummet worldwide,https://www.dw.com/en/pisa-2025-results-reading-and-math-scores-plummet-worldwide/a-79147293?maca=en-rss-en-all-1573-xml-mrss,2026-09-08 07:30:00+00:00,Culture,,"The PISA 2025 results reveal record-low student performance, with digital distractions and AI use raising concerns. Germany is faring worse than ever.",2026-10-01T05:02:20+00:00
BBC,international,feeds.bbci.co.uk/news/business/rss.xml,'Tirana teeth': Albania hopes to be the new Turkey for dental work,https://www.bbc.co.uk/news/articles/cq63m88ymqro?at_medium=RSS&at_campaign=rss,2026-09-08 09:00:28+00:00,,,The Balkan nation is aiming to become a new centre for medical tourism.,2026-10-01T05:02:27+00:00
DW,international,rss.dw.com/xml/rss-en-all,Afghanistan's women: A national soccer team without a home,https://www.dw.com/en/afghanistan-s-women-a-national-soccer-team-without-a-home/a-79139500?maca=en-rss-en-all-1573-xml-mrss,2026-09-08 11:03:00+00:00,Sports,,The Afghan women's national football team has finally been officially recognized by FIFA. Now the players want to make history both on and off the field.,2026-10-01T05:02:20+00:00
BBC,international,feeds.bbci.co.uk/news/business/rss.xml,Should promotion depend on how workers use AI?,https://www.bbc.co.uk/news/articles/c1j1896e973o?at_medium=RSS&at_campaign=rss,2026-09-08 23:05:23+00:00,,,More companies are tying career progression to AI use: is that fair?,2026-10-01T05:02:27+00:00
DW,international,rss.dw.com/xml/rss-en-all,EU sports commissioner says FIFA is 'damaging to football',https://www.dw.com/en/eu-sports-commissioner-says-fifa-is-damaging-to-football/a-79193424?maca=en-rss-en-all-1573-xml-mrss,2026-09-09 07:16:00+00:00,Sports,,"Speaking to DW, EU Commissioner Glenn Micallef hit out at world football's governing body over its ""poor governance.""",2026-10-01T05:02:20+00:00
DW,international,rss.dw.com/xml/rss-en-all,The Bayeux Tapestry in London: What's behind the hype?,https://www.dw.com/en/the-bayeux-tapestry-in-london-what-s-behind-the-hype/a-78488629?maca=en-rss-en-all-1573-xml-mrss,2026-09-09 07:21:00+00:00,Culture,,"The exhibition of the Bayeux Tapestry at the British Museum is eagerly anticipated across the UK, as the medieval masterpiece is considered by many to be a symbol of the country's identity.",2026-10-01T05:02:20+00:00
DW,international,rss.dw.com/xml/rss-en-all,The billion-euro trade driving Europe's eels to extinction,https://www.dw.com/en/the-billion-euro-trade-driving-europe-s-eels-to-extinction/a-78523145?maca=en-rss-en-all-1573-xml-mrss,2026-09-09 08:36:00+00:00,Environment,,"Traffickers are making big bucks smuggling millions of critically endangered eels across continents, using suitcases on planes and legal loopholes to deliver them to dinnerplates. Where are the smuggling hotspots?",2026-10-01T05:02:20+00:00
DW,international,rss.dw.com/xml/rss-en-all,Conspiracy theories can provide answers but not peace,https://www.dw.com/en/conspiracy-theories-can-provide-answers-but-not-peace/a-79022756?maca=en-rss-en-all-1573-xml-mrss,2026-09-09 09:45:00+00:00,Science,,"Twenty-five years after 9/11, conspiracy theories about the terrorist attacks persist. But even as an attempt to make sense of a tragedy, psychologists say the benefit in conspiracy ideation or belief is short-lived.",2026-10-01T05:02:20+00:00
DW,international,rss.dw.com/xml/rss-en-all,LIV Golf in financial turmoil: What's next for the sport?,https://www.dw.com/en/liv-golf-in-financial-turmoil-what-s-next-for-the-sport/a-79199569?maca=en-rss-en-all-1573-xml-mrss,2026-09-09 11:16:00+00:00,Sports,,"Six months after Saudi Arabia pulled funding from the breakaway organization, LIV Golf have filed for bankruptcy protection. Several of the world's best players signed on to LIV, so where does that leave golf?",2026-10-01T05:02:20+00:00
DW,international,rss.dw.com/xml/rss-en-all,Why we're still looking for dark matter,https://www.dw.com/en/why-we-re-still-looking-for-dark-matter/a-79189395?maca=en-rss-en-all-1573-xml-mrss,2026-09-09 13:23:00+00:00,Science,,"When physicists said they may have spotted evidence of dark matter almost 100 years after it was proposed as a theory, the internet lit up. Here's why we're searching for the thing that holds everything else together.",2026-10-01T05:02:20+00:00
DW,international,rss.dw.com/xml/rss-en-all,How Belarusians still find hope in a silenced country,https://www.dw.com/en/how-belarusians-still-find-hope-in-a-silenced-country/a-79127285?maca=en-rss-en-all-1573-xml-mrss,2026-09-09 13:43:00+00:00,Culture,,"The documentary ""Letters from the Silenced Country"" depicts the ongoing repression under the authoritarian regime. Director Andrei Kutsila talked to DW ahead of the film's Venice premiere.",2026-10-01T05:02:20+00:00
BBC,international,feeds.bbci.co.uk/news/business/rss.xml,Why some experts increasingly fear AI will take over,https://www.bbc.co.uk/news/articles/c74edv9887eo?at_medium=RSS&at_campaign=rss,2026-09-09 23:17:33+00:00,,,"AI agents went on an uncontrolled hacking spree, leaving some in the industry worried",2026-10-01T05:02:27+00:00
DW,international,rss.dw.com/xml/rss-en-all,How Celine Dion became a pop culture icon across generations,https://www.dw.com/en/how-celine-dion-became-a-pop-culture-icon-across-generations/a-79213779?maca=en-rss-en-all-1573-xml-mrss,2026-09-10 13:51:00+00:00,Culture,,"As the global star kicks off her anticipated Paris residency, here's how Celine Dion managed to gain younger followers while keeping her loyal older fans.",2026-10-01T05:02:20+00:00
Tribune,local,tribune.com.pk/feed/business,UK fund eyes expansion of investment footprint,https://tribune.com.pk/story/2628617/uk-fund-eyes-expansion-of-investment-footprint,2026-09-10 15:17:12+00:00,Business,Our Correspondent,"BII expresses interest in climate finance, renewable energy and power transmission",2026-10-01T05:02:20+00:00
Tribune,local,tribune.com.pk/feed/business,Minister reaffirms BRI commitment at Hong Kong summit,https://tribune.com.pk/story/2628622/minister-reaffirms-bri-commitment-at-hong-kong-summit-1,2026-09-10 15:18:01+00:00,Business,Our Correspondent,"CPEC was transforming country's economic landscape through cooperation in infrastructure, energy, industrialisation",2026-10-01T05:02:20+00:00
BBC,international,feeds.bbci.co.uk/news/business/rss.xml,I asked my husband to pay into my pension when we had a child - here's why,https://www.bbc.co.uk/news/articles/cde02k65427o?at_medium=RSS&at_campaign=rss,2026-09-10 23:04:30+00:00,,,Molly and Taylor Haylett explain the changes to how they managed their finances when they started a family.,2026-10-01T05:02:27+00:00
BBC,international,feeds.bbci.co.uk/news/business/rss.xml,Can Europe recharge its battery industry?,https://www.bbc.co.uk/news/articles/cjeg8ly0qd3o?at_medium=RSS&at_campaign=rss,2026-09-10 23:05:47+00:00,,,"Europe has some promising battery tech, but can it make up ground lost to Chinese battery giants?",2026-10-01T05:02:27+00:00
DW,international,rss.dw.com/xml/rss-en-all,The 'end of an era' as Goethe-Institut in Russia closes,https://www.dw.com/en/the-end-of-an-era-as-goethe-institut-in-russia-closes/a-79224321?maca=en-rss-en-all-1573-xml-mrss,2026-09-11 09:39:00+00:00,Culture,,"The Goethe-Institut was one of the last German institutions still operating in Russia. However, following Moscow's decision to close its offices, all employees will have to stop working by September 13.",2026-10-01T05:02:20+00:00
DW,international,rss.dw.com/xml/rss-en-all,India looks to steer BRICS away from anti-Western turn,https://www.dw.com/en/india-looks-to-steer-brics-away-from-anti-western-turn/a-79195234?maca=en-rss-en-all-1573-xml-mrss,2026-09-11 10:55:00+00:00,Business,,"The BRICS summit 2026 takes place in Delhi this weekend. Unlike last year, Putin and Xi are expected to attend. Can India keep the expanded bloc united?",2026-10-01T05:02:20+00:00
DW,international,rss.dw.com/xml/rss-en-all,Corals as climate archive: Are El Nino events intensifying?,https://www.dw.com/en/corals-as-climate-archive-are-el-nino-events-intensifying/a-79243425?maca=en-rss-en-all-1573-xml-mrss,2026-09-12 08:53:00+00:00,Science,,Records show that El Nino events have been frequent and often extreme over the past few decades. Is this normal? Or is it the result of climate change? Corals can give us a clear indication.,2026-10-01T05:02:20+00:00
DW,international,rss.dw.com/xml/rss-en-all,Why are European banks moving gold out of United States?,https://www.dw.com/en/why-are-european-banks-moving-gold-out-of-united-states/a-79213013?maca=en-rss-en-all-1573-xml-mrss,2026-09-12 15:32:00+00:00,Business,,"The Netherlands and France have moved their gold out of US vaults. Part of the reason is fears about the reliability of the US, but equally important is the need to keep gold closer to home in the event of a crisis.",2026-10-01T05:02:20+00:00
DW,international,rss.dw.com/xml/rss-en-all,Germany's Zverev wins US Open in golden year,https://www.dw.com/en/germany-s-zverev-wins-us-open-in-golden-year/a-79212706?maca=en-rss-en-all-1573-xml-mrss,2026-09-13 22:03:00+00:00,Sports,,"Alexander Zverev has won the US Open for the first time, defeating Ben Shelton in the final. It is Zverev's second Grand Slam win of 2026 after a long wait for his first title, but controversy still hangs over him.",2026-10-01T05:02:20+00:00
DW,international,rss.dw.com/xml/rss-en-all,Can Iran replace sea trade with land routes?,https://www.dw.com/en/can-iran-replace-sea-trade-with-land-routes/a-79211179?maca=en-rss-en-all-1573-xml-mrss,2026-09-14 07:50:00+00:00,Business,,"Iran is shifting trade toward northern ports and land routes as its southern shipping faces a US blockade. Analysts say the corridors can keep essential goods moving, but cannot replace maritime trade.",2026-10-01T05:02:20+00:00
DW,international,rss.dw.com/xml/rss-en-all,The Crusades: How a medieval holy war still shapes politics,https://www.dw.com/en/the-crusades-how-a-medieval-holy-war-still-shapes-politics/a-79203784?maca=en-rss-en-all-1573-xml-mrss,2026-09-14 12:43:00+00:00,Culture,,"In 1095, the Catholic Church launched the Crusades: wars that left millions dead and whose legacy still shapes political and ideological conflicts.",2026-10-01T05:02:20+00:00
DW,international,rss.dw.com/xml/rss-en-all,Africa's richest man Dangote's IPO out of reach in Nigeria,https://www.dw.com/en/africa-s-richest-man-dangote-s-ipo-out-of-reach-in-nigeria/a-79263398?maca=en-rss-en-all-1573-xml-mrss,2026-09-14 14:12:00+00:00,World,,Dangote seeks $1.6 billion from investors to finance a $14.3 billion expansion and thus double the oil refinery's capacity. The offer could give millions of Nigerians a stake in the company. But who can truly afford it?,2026-10-01T05:02:20+00:00
DW,international,rss.dw.com/xml/rss-en-all,Women's Basketball World Cup: Can Germany harness a boom?,https://www.dw.com/en/women-s-basketball-world-cup-can-germany-harness-a-boom/a-79263602?maca=en-rss-en-all-1573-xml-mrss,2026-09-14 15:07:00+00:00,Sports,,"Germany thrilled fans at the Women's Basketball World Cup. But even if this sparked a boom in the women's game, the infrastructure simply isn't ready for it.",2026-10-01T05:02:20+00:00
Tribune,local,tribune.com.pk/feed/business,AI risk warnings rattle global markets,https://tribune.com.pk/story/2629308/ai-risk-warnings-rattle-global-markets,2026-09-14 17:06:07+00:00,Business,Reuters,"Wall Street's elite tech index, the Nasdaq 100, slid 1.2% to a six-week low in early trading as chip stocks",2026-10-01T05:02:20+00:00
DW,international,rss.dw.com/xml/rss-en-all,Iran and US: Two countries and the pistachio between them,https://www.dw.com/en/iran-and-us-two-countries-and-the-pistachio-between-them/a-79224310?maca=en-rss-en-all-1573-xml-mrss,2026-09-15 07:48:00+00:00,Climate,,"The pistachios sold across the United States have a surprising history: California's trees trace their roots to Iran. Now, both regions face the same threat — their farmland is sinking as groundwater disappears.",2026-10-01T05:02:20+00:00
DW,international,rss.dw.com/xml/rss-en-all,Why AI researchers warn humanity could face extinction,https://www.dw.com/en/why-ai-researchers-warn-humanity-could-face-extinction/a-79263146?maca=en-rss-en-all-1573-xml-mrss,2026-09-15 08:15:00+00:00,Business,,Could artificial intelligence pose an existential threat to humanity? Some leading researchers are warning against an unregulated race toward AI superintelligence.,2026-10-01T05:02:20+00:00
DW,international,rss.dw.com/xml/rss-en-all,Why the era of cheap government debt is over,https://www.dw.com/en/why-the-era-of-cheap-government-debt-is-over/a-79259272?maca=en-rss-en-all-1573-xml-mrss,2026-09-15 13:17:00+00:00,Business,,US debt has topped $40 trillion. How risky is the country's growing debt burden. And will investors keep funding Washington's deficits?,2026-10-01T05:02:20+00:00
DW,international,rss.dw.com/xml/rss-en-all,Spanish scientists find first evidence of Diplodocus dinosaur in Europe,https://www.dw.com/en/spanish-scientists-find-first-evidence-of-diplodocus-dinosaur-in-europe/a-79277825?maca=en-rss-en-all-1573-xml-mrss,2026-09-15 14:42:00+00:00,News,,Paleontologists in Spain say they have found the first evidence of the long-necked Diplodocus genus of dinosaur outside of North America. They found bones at the rich La Tejeria fossil site in Teruel in eastern Spain.,2026-10-01T05:02:20+00:00
BBC,international,feeds.bbci.co.uk/news/business/rss.xml,The extreme engineering of aircraft windows,https://www.bbc.co.uk/news/articles/c0lr69zeyrwo?at_medium=RSS&at_campaign=rss,2026-09-15 23:19:38+00:00,,,Few companies have the technology to make aircraft windows which are getting harder to make.,2026-10-01T05:02:27+00:00
DW,international,rss.dw.com/xml/rss-en-all,How extreme heat is hitting wallets,https://www.dw.com/en/how-extreme-heat-is-hitting-wallets/a-79268306?maca=en-rss-en-all-1573-xml-mrss,2026-09-16 08:25:00+00:00,Environment,,"Heat waves, wildfires and floods have cascading economic impacts, causing incomes to decline and the price of basic goods to rise. The trend will escalate as temperatures continue to increase.",2026-10-01T05:02:20+00:00
DW,international,rss.dw.com/xml/rss-en-all,German drama 'Blindspot Berlin' revisits 2016 Christmas market attack,https://www.dw.com/en/german-drama-blindspot-berlin-revisits-2016-christmas-market-attack/a-79281162?maca=en-rss-en-all-1573-xml-mrss,2026-09-16 09:29:00+00:00,Culture,,"A decade after the terrorist attack on a Berlin Christmas market, a new German miniseries looks into the institutional failures that allowed the deadly truck rampage to happen.",2026-10-01T05:02:20+00:00
DW,international,rss.dw.com/xml/rss-en-all,Global Gender Gap Report: Women's hard-won gains 'fragile',https://www.dw.com/en/global-gender-gap-report-women-s-hard-won-gains-fragile/a-79280086?maca=en-rss-en-all-1573-xml-mrss,2026-09-16 10:05:00+00:00,Business,,"Two decades of progress toward gender parity is at risk as women's political representation declines, according to a new World Economic Forum report. At the current pace, the remaining gap could take 120 years to close.",2026-10-01T05:02:20+00:00
DW,international,rss.dw.com/xml/rss-en-all,After Neuer: Who will be Germany's new No. 1 goalkeeper?,https://www.dw.com/en/after-neuer-who-will-be-germany-s-new-no-1-goalkeeper/a-79276377?maca=en-rss-en-all-1573-xml-mrss,2026-09-16 14:25:00+00:00,Sports,,"Following Manuel Neuer's retirement, there are many candidates to succeed him, but which goalkeeper will Jürgen Klopp choose? What factors will play a role? And will Neuer's future have an indirect influence?",2026-10-01T05:02:20+00:00
DW,international,rss.dw.com/xml/rss-en-all,How climate change worsened Nepal's deadly mountain collapse,https://www.dw.com/en/how-climate-change-worsened-nepal-s-deadly-mountain-collapse/a-79293578?maca=en-rss-en-all-1573-xml-mrss,2026-09-16 23:03:00+00:00,Climate,,"A glacier and rock collapse in Nepal killed nearly 1,400 people and left thousands missing. Scientists say decades of warming helped set the disaster in motion.",2026-10-01T05:02:20+00:00
BBC,international,feeds.bbci.co.uk/news/business/rss.xml,Would you buy branded clothing from your favourite tech firm?,https://www.bbc.co.uk/news/articles/cgqd9zkkvlyo?at_medium=RSS&at_campaign=rss,2026-09-16 23:18:47+00:00,,,"Nvidia, OpenAI and Anthropic are all now selling their own limited edition fashion lines.",2026-10-01T05:02:27+00:00
DW,international,rss.dw.com/xml/rss-en-all,"Saint, sinner or feminist icon: How Mary Magdalene's image evolved through time",https://www.dw.com/en/saint-sinner-or-feminist-icon-how-mary-magdalene-s-image-evolved-through-time/a-79293868?maca=en-rss-en-all-1573-xml-mrss,2026-09-17 07:06:00+00:00,Culture,,"From ""Apostle of the Apostles"" to prostitute, Mary Magdalene has been assigned a wide variety of roles, as a new exhibition shows.",2026-10-01T05:02:20+00:00
DW,international,rss.dw.com/xml/rss-en-all,Jürgen Klopp's first Germany squad includes 44 players,https://www.dw.com/en/jürgen-klopp-s-first-germany-squad-includes-44-players/a-79289254?maca=en-rss-en-all-1573-xml-mrss,2026-09-17 08:50:00+00:00,Sports,,"Germany's new head coach Jürgen Klopp has named a huge squad for his first four games, splitting them into two groups. A host of new faces is included.",2026-10-01T05:02:20+00:00
DW,international,rss.dw.com/xml/rss-en-all,Jews once lived lived here: When houses tell stories,https://www.dw.com/en/jews-once-lived-lived-here-when-houses-tell-stories/a-79264813?maca=en-rss-en-all-1573-xml-mrss,2026-09-17 09:24:00+00:00,Culture,,"Time and again, residents tracing the history of their homes discover the lives of Jewish predecessors who fled or were deported amid stories of suffering and loss.",2026-10-01T05:02:20+00:00
DW,international,rss.dw.com/xml/rss-en-all,Klopp wants Germany's football team to 'reclaim the flag',https://www.dw.com/en/klopp-wants-germany-s-football-team-to-reclaim-the-flag/a-79307610?maca=en-rss-en-all-1573-xml-mrss,2026-09-17 11:41:00+00:00,Sports,,"Jürgen Klopp, Germany's new head coach, says he wants his team to reclaim pride in being German after recent political developments.",2026-10-01T05:02:20+00:00
DW,international,rss.dw.com/xml/rss-en-all,Alexander Ovechkin backs Putin party in campaign video,https://www.dw.com/en/alexander-ovechkin-backs-putin-party-in-campaign-video/a-79277772?maca=en-rss-en-all-1573-xml-mrss,2026-09-17 16:02:00+00:00,Sports,,Ice hockey legend Alexander Ovechkin has lent Vladimir Putin's party a helping hand in its parliamentary election campaign. That's in keeping with a pattern of support by an athlete who claims not to be political.,2026-10-01T05:02:20+00:00
BBC,international,feeds.bbci.co.uk/news/business/rss.xml,The virtual worlds where robots are trained,https://www.bbc.co.uk/news/articles/c79g0j3d4q9o?at_medium=RSS&at_campaign=rss,2026-09-17 23:00:47+00:00,,,Training systems that allow robots to negotiate the real world are getting more sophisticated.,2026-10-01T05:02:27+00:00
DW,international,rss.dw.com/xml/rss-en-all,VAR's mission creep a problem for football,https://www.dw.com/en/var-s-mission-creep-a-problem-for-football/a-79272642?maca=en-rss-en-all-1573-xml-mrss,2026-09-18 06:58:00+00:00,Sports,,"After a decade of use, questions around VAR in football are louder than ever. Has the technology strayed too far from its remit?",2026-10-01T05:02:20+00:00
DW,international,rss.dw.com/xml/rss-en-all,Beethoven and Andy Warhol: Rebel icons on show in Bonn,https://www.dw.com/en/beethoven-and-andy-warhol-rebel-icons-on-show-in-bonn/a-79296944?maca=en-rss-en-all-1573-xml-mrss,2026-09-18 12:57:00+00:00,Culture,,"The new exhibition ""Beethoven by Warhol"" at the Beethoven House in Bonn presents the pop artist's late masterpiece: a picture of Ludwig van Beethoven. The exhibition shares the story of the work with the public.",2026-10-01T05:02:20+00:00
DW,international,rss.dw.com/xml/rss-en-all,Dual citizenship means Germany now in competition for talent,https://www.dw.com/en/dual-citizenship-means-germany-now-in-competition-for-talent/a-79330797?maca=en-rss-en-all-1573-xml-mrss,2026-09-18 14:04:00+00:00,Sports,,Coach Jürgen Klopp has named several players to his first Germany squad who are eligible to play for other countries. Some still aren't committed to playing for thje national team long-term.,2026-10-01T05:02:20+00:00
DW,international,rss.dw.com/xml/rss-en-all,Strait of Hormuz attacks spill oil into Persian Gulf,https://www.dw.com/en/strait-of-hormuz-attacks-spill-oil-into-persian-gulf/a-79327092?maca=en-rss-en-all-1573-xml-mrss,2026-09-18 19:05:00+00:00,Environment,,"As war disrupts one of the world's busiest shipping lanes, satellite images reveal that oil is spreading toward protected coral reefs and mangrove forests.",2026-10-01T05:02:20+00:00
DW,international,rss.dw.com/xml/rss-en-all,"Women's football in Germany booming, but still much to do",https://www.dw.com/en/women-s-football-in-germany-booming-but-still-much-to-do/a-79291687?maca=en-rss-en-all-1573-xml-mrss,2026-09-19 04:42:00+00:00,Sports,,"Women's football is growing rapidly, particularly in Germany. Nevertheless, equal pay and investment remain major talking points.",2026-10-01T05:02:20+00:00
DW,international,rss.dw.com/xml/rss-en-all,"Rebels, workers, radicals: The making of 'Red Berlin'",https://www.dw.com/en/rebels-workers-radicals-the-making-of-red-berlin/a-79325410?maca=en-rss-en-all-1573-xml-mrss,2026-09-19 09:14:00+00:00,Culture,,"Bloody May, student sit-ins and the squatter movement: Berlin has long been a hotbed for working-class organizing and radical left-wing politics.",2026-10-01T05:02:20+00:00
DW,international,rss.dw.com/xml/rss-en-all,Oktoberfest 2026: Everything you need to know,https://www.dw.com/en/oktoberfest-2026-everything-you-need-to-know/a-79311285?maca=en-rss-en-all-1573-xml-mrss,2026-09-19 09:40:00+00:00,Culture,,"This year, AI will be used to manage overcrowded situations. Find all the numbers surrounding the fest — including the price of water!",2026-10-01T05:02:20+00:00
DW,international,rss.dw.com/xml/rss-en-all,Ukraine steps up measures to protect railways,https://www.dw.com/en/ukraine-steps-up-measures-to-protect-railways/a-79339087?maca=en-rss-en-all-1573-xml-mrss,2026-09-19 15:37:00+00:00,World,,"As Russia increases its attacks on Ukraine's rail infrastructure, the Ukrainian government has called for help to replace destroyed locomotives and is making plans to keep passengers safe.",2026-10-01T05:02:20+00:00
DW,international,rss.dw.com/xml/rss-en-all,"Summer of 2026 broke records in Europe, and caused deaths",https://www.dw.com/en/summer-of-2026-broke-records-in-europe-and-caused-deaths/a-79339630?maca=en-rss-en-all-1573-xml-mrss,2026-09-19 19:47:00+00:00,Science,,"The summer of 2026 was not only the hottest on record in Europe, it also saw a record number of people die. More than 16,000 are thought to have died because of the heat in Germany alone.",2026-10-01T05:02:20+00:00
DW,international,rss.dw.com/xml/rss-en-all,Germany: Is it possible to replace the chancellor?,https://www.dw.com/en/germany-is-it-possible-to-replace-the-chancellor/a-79313623?maca=en-rss-en-all-1573-xml-mrss,2026-09-20 05:06:00+00:00,Germany,,Chancellor Friedrich Merz's record-low approval ratings have emboldened his opponents. There are three ways to remove a chancellor from office in Germany.,2026-10-01T05:02:20+00:00
DW,international,rss.dw.com/xml/rss-en-all,Germany news: Doctors offer Oktoberfest flu jabs,https://www.dw.com/en/germany-news-doctors-offer-oktoberfest-flu-jabs/live-79335548?maca=en-rss-en-all-1573-xml-mrss,2026-09-20 06:43:00+00:00,News,,Oktoberfest 2026 is underway but it's not just beer on offer in Munich this year; revelers can also get themselves a flu jab before heading to the tents. DW has more.,2026-10-01T05:02:20+00:00
DW,international,rss.dw.com/xml/rss-en-all,"In cosmopolitan Berlin, elections still closed to foreigners",https://www.dw.com/en/in-cosmopolitan-berlin-elections-still-closed-to-foreigners/a-78744579?maca=en-rss-en-all-1573-xml-mrss,2026-09-20 07:11:00+00:00,Germany,,"A quarter of Berlin residents will have no say in the German capital's city-state election because they lack citizenship. That's the highest proportion of residents excluded from the election yet, and many are unhappy.",2026-10-01T05:02:20+00:00
DW,international,rss.dw.com/xml/rss-en-all,Germany faces energy tax losses as EV sales rise,https://www.dw.com/en/germany-faces-energy-tax-losses-as-ev-sales-rise/a-79320422?maca=en-rss-en-all-1573-xml-mrss,2026-09-20 14:02:00+00:00,Business,,"The rapid shift to electric vehicles in Germany is cutting fuel tax revenue for the government. As EV sales surge, policymakers face growing pressure to find new ways to fund roads and transportation infrastructure.",2026-10-01T05:02:20+00:00
DW,international,rss.dw.com/xml/rss-en-all,AfD makes gains in state elections but has no government options,https://www.dw.com/en/afd-makes-gains-in-state-elections-but-has-no-government-options/a-79348308?maca=en-rss-en-all-1573-xml-mrss,2026-09-20 19:58:00+00:00,Germany,,"Despite making significant gains in both Berlin and Mecklenburg-Western Pomerania, the far-right AfD remains without options to form a state government.",2026-10-01T05:02:20+00:00
DW,international,rss.dw.com/xml/rss-en-all,German state elections deal a blow to Chancellor Friedrich Merz,https://www.dw.com/en/german-state-elections-deal-a-blow-to-chancellor-friedrich-merz/a-79348585?maca=en-rss-en-all-1573-xml-mrss,2026-09-20 21:20:00+00:00,Germany,,Elections in Berlin and Mecklenburg-Western Pomerania have dealt the CDU a historic defeat while the AfD saw a massive gain. The pressure on Germany's unpopular chancellor is mounting.,2026-10-01T05:02:20+00:00
DW,international,rss.dw.com/xml/rss-en-all,Germany's car crisis: Can the 35-hour workweek survive?,https://www.dw.com/en/germany-s-car-crisis-can-the-35-hour-workweek-survive/a-79307488?maca=en-rss-en-all-1573-xml-mrss,2026-09-21 08:13:00+00:00,Business,,"German carmakers want employees to work 40 hours instead of the current 35 without extra pay, arguing it would improve competitiveness. Unions strongly oppose the proposal and view it as an attack on workers' rights.",2026-10-01T05:02:20+00:00
DW,international,rss.dw.com/xml/rss-en-all,Germany news: Trial starts of ex-Transport Minister Scheuer,https://www.dw.com/en/germany-news-trial-starts-of-ex-transport-minister-scheuer/live-79351160?maca=en-rss-en-all-1573-xml-mrss,2026-09-21 09:14:00+00:00,News,,Former Transport Minister Andreas Scheuer is being tried for perjury related to a failed car toll scheme. And cherry farmers have brought in a bumper harvest.,2026-10-01T05:02:20+00:00
DW,international,rss.dw.com/xml/rss-en-all,Princess Diana's brother makes explosive claims about royals in new memoir,https://www.dw.com/en/princess-diana-s-brother-makes-explosive-claims-about-royals-in-new-memoir/a-79309465?maca=en-rss-en-all-1573-xml-mrss,2026-09-22 07:23:00+00:00,Culture,,"Here are some of the key revelations from Charles Earl Spencer's highly anticipated memoir ""Swan Song: Diana, My Sister."" It has already provoked Buckingham Palace to react.",2026-10-01T05:02:20+00:00
DW,international,rss.dw.com/xml/rss-en-all,How will Germany's Merz respond after crushing state election results and losses to the far right?,https://www.dw.com/en/how-will-germany-s-merz-respond-after-crushing-state-election-results-and-losses-to-the-far-right/a-79365325?maca=en-rss-en-all-1573-xml-mrss,2026-09-22 07:28:00+00:00,Germany,,"Germany's far-right AfD and the socialist Left Party gained ground in recent state elections, while the centrist parties lost support. The biggest loser is Chancellor Friedrich Merz.",2026-10-01T05:02:20+00:00
DW,international,rss.dw.com/xml/rss-en-all,Germany news: VW to step up cost-cutting program,https://www.dw.com/en/germany-news-vw-to-step-up-cost-cutting-program/live-79365190?maca=en-rss-en-all-1573-xml-mrss,2026-09-22 07:51:00+00:00,News,,Volkswagen's chief says the carmaker will accelerate its streamlining measures as workers protest. The Israeli ambassador says the Left Party win in Berlin polls poses a risk to the city's Jewish community. DW has more.,2026-10-01T05:02:20+00:00
DW,international,rss.dw.com/xml/rss-en-all,Will Germany have enough gas this winter amid energy supply crunch?,https://www.dw.com/en/will-germany-have-enough-gas-this-winter-amid-energy-supply-crunch/a-79360317?maca=en-rss-en-all-1573-xml-mrss,2026-09-22 08:25:00+00:00,Business,,"Germany's gas storage sites are far less full than in recent years. Officials say supplies are secure, but analysts warn that a cold winter or import disruptions could push prices higher. So how secure is the supply?",2026-10-01T05:02:20+00:00
DW,international,rss.dw.com/xml/rss-en-all,'Swan Song': New book by Princess Diana's brother drops,https://www.dw.com/en/swan-song-new-book-by-princess-diana-s-brother-drops/a-79365835?maca=en-rss-en-all-1573-xml-mrss,2026-09-22 08:36:00+00:00,News,,"A memoir penned by Charles Spencer on his older sister's life has been released, opening old royal wounds nearly three decades after Princess Diana's death.",2026-10-01T05:02:20+00:00
BBC,international,feeds.bbci.co.uk/news/business/rss.xml,Spain battles climate change on several fronts,https://www.bbc.co.uk/news/articles/cwg59g3vz564o?at_medium=RSS&at_campaign=rss,2026-09-22 09:11:48+00:00,,,A summer of wildfires and heatwaves underlines the threats to the country's economy.,2026-10-01T05:02:27+00:00
DW,international,rss.dw.com/xml/rss-en-all,Male infertility is 'grossly underreported',https://www.dw.com/en/male-infertility-is-grossly-underreported/a-79368722?maca=en-rss-en-all-1573-xml-mrss,2026-09-22 10:00:00+00:00,Science,,"It's not all on women anymore — doctors do test men for sperm count and motility. But still too few men get checked, possibly due to a misconception that a healthy sex life means healthy sperm. Spoiler: It doesn't.",2026-10-01T05:02:20+00:00
DW,international,rss.dw.com/xml/rss-en-all,Could we see MMA at the Olympics?,https://www.dw.com/en/could-we-see-mma-at-the-olympics/a-79369605?maca=en-rss-en-all-1573-xml-mrss,2026-09-22 12:14:00+00:00,Sports,,"Mixed martial arts has made its debut at the Asian Games this week. It takes the sport closer to the Olympics, but there are doubts about the next step — and the influence of the popular and lucrative UFC.",2026-10-01T05:02:20+00:00
DW,international,rss.dw.com/xml/rss-en-all,Living in the shadow of LA's hidden oil wells,https://www.dw.com/en/living-in-the-shadow-of-la-s-hidden-oil-wells/a-79237420?maca=en-rss-en-all-1573-xml-mrss,2026-09-22 13:34:00+00:00,Climate,,"Many lifelong residents of Los Angeles have health impacts from growing up close to oil extraction. Now, the city is trying to close down the worst offenders, but it's an enormous task.",2026-10-01T05:02:20+00:00
DW,international,rss.dw.com/xml/rss-en-all,Young Berliners vote overwhelmingly for socialist Left Party,https://www.dw.com/en/young-berliners-vote-overwhelmingly-for-socialist-left-party/a-79375167?maca=en-rss-en-all-1573-xml-mrss,2026-09-22 14:01:00+00:00,Germany,,Berlin's young voters overwhelmingly supported the victorious socialist Left Party. Are the young more radical? Or are the election results just a reflection of current German politics?,2026-10-01T05:02:20+00:00
DW,international,rss.dw.com/xml/rss-en-all,"Military aircraft crashes near US air base in Spangdahlem, Germany",https://www.dw.com/en/military-aircraft-crashes-near-us-air-base-in-spangdahlem-germany/a-79376025?maca=en-rss-en-all-1573-xml-mrss,2026-09-22 14:12:00+00:00,World,,The F-16 pilot was able to safely eject from the plane and was taken to receive medical care. The incident occurred near Spangdahlem Air Base in the German state of Rhineland-Palatinate.,2026-10-01T05:02:20+00:00
DW,international,rss.dw.com/xml/rss-en-all,Germany news: Call to scrap once-a-day gas price rises,https://www.dw.com/en/germany-news-call-to-scrap-once-a-day-gas-price-rises/live-79382523?maca=en-rss-en-all-1573-xml-mrss,2026-09-23 07:25:00+00:00,News,,"The ADAC motoring association says a once-a-day rule on gas price changes has failed to help drivers' wallets. Entry-level jobs are becoming scarcer, making things hard for those entering the job market. DW has more.",2026-10-01T05:02:20+00:00
DW,international,rss.dw.com/xml/rss-en-all,Famine threatens the Ukrainian town of Oleshky in the southern Kherson region as Russia delays creating a humanitarian evacuation corridor,https://www.dw.com/en/famine-threatens-the-ukrainian-town-of-oleshky-in-the-southern-kherson-region-as-russia-delays-creating-a-humanitarian-evacuation-corridor/a-79380887?maca=en-rss-en-all-1573-xml-mrss,2026-09-23 08:23:00+00:00,World,,"Food supplies to the town of Oleshky, in the occupied part of the southern Kherson region, have been cut off since May. Efforts by Kyiv to negotiate the evacuation of civilians with Moscow have been largely unsuccessful.",2026-10-01T05:02:20+00:00
DW,international,rss.dw.com/xml/rss-en-all,China's new travel rules unsettle tech giants and talent,https://www.dw.com/en/china-s-new-travel-rules-unsettle-tech-giants-and-talent/a-79319937?maca=en-rss-en-all-1573-xml-mrss,2026-09-23 08:54:00+00:00,Business,,Beijing is locking the gates to stop expertise and capital in strategic industries from fleeing. The country accused of industrial-scale intellectual property theft now fears the West will take its own.,2026-10-01T05:02:20+00:00
DW,international,rss.dw.com/xml/rss-en-all,El Nino explained: How the weather pattern affects hurricanes and tropical storms,https://www.dw.com/en/el-nino-explained-how-the-weather-pattern-affects-hurricanes-and-tropical-storms/a-79382511?maca=en-rss-en-all-1573-xml-mrss,2026-09-23 09:26:00+00:00,Environment,,"From drought to major floods and extreme heat, El Nino will have a huge impact on the world's weather. In the Atlantic, it could mean a season without hurricanes.",2026-10-01T05:02:20+00:00
DW,international,rss.dw.com/xml/rss-en-all,Munich and Cologne-Rhine-Ruhr – Germany's two remaining Olympic candidates,https://www.dw.com/en/munich-and-cologne-rhine-ruhr-germany-s-two-remaining-olympic-candidates/a-79386915?maca=en-rss-en-all-1573-xml-mrss,2026-09-23 11:12:00+00:00,Sports,,Munich or the Cologne-Rhine-Ruhr region? Germany aims to host the Olympic Games again. Just two candidates are left after Berlin pulled out at the last minute.,2026-10-01T05:02:20+00:00
DW,international,rss.dw.com/xml/rss-en-all,"Germany's oldest party, the center-left SPD, is in a difficult position following its success in the Mecklenburg-Western Pomerania state election",https://www.dw.com/en/germany-s-oldest-party-the-center-left-spd-is-in-a-difficult-position-following-its-success-in-the-mecklenburg-western-pomerania-state-election/a-79376827?maca=en-rss-en-all-1573-xml-mrss,2026-09-23 13:28:00+00:00,Germany,,"Chancellor Friedrich Merz (CDU) has vowed to press ahead with controversial reforms, but resistance is mounting within his coalition partner, the SPD. How much dissent can a governing coalition tolerate?",2026-10-01T05:02:20+00:00
DW,international,rss.dw.com/xml/rss-en-all,Slovakia: PM Robert Fico's NATO Article 5 remarks spark criticism and raise questions about his country's NATO commitment,https://www.dw.com/en/slovakia-pm-robert-fico-s-nato-article-5-remarks-spark-criticism-and-raise-questions-about-his-country-s-nato-commitment/a-79387050?maca=en-rss-en-all-1573-xml-mrss,2026-09-23 13:32:00+00:00,World,,"Slovak Prime Minister Robert Fico says he fears war and will do everything he can to keep his country out of one. Critics say his remarks risk weakening NATO, the alliance that was designed to prevent such a war.",2026-10-01T05:02:20+00:00
DW,international,rss.dw.com/xml/rss-en-all,China's 13-year-old swimming star raises questions on child athletes,https://www.dw.com/en/china-s-13-year-old-swimming-star-raises-questions-on-child-athletes/a-79394183?maca=en-rss-en-all-1573-xml-mrss,2026-09-23 14:07:00+00:00,Sports,,"Three gold medals and three Asian Games records have catapulted China's Yu Zidi, 13, into the sporting spotlight. She is far from the first teen prodigy, but should teens be competing at elite level?",2026-10-01T05:02:20+00:00
DW,international,rss.dw.com/xml/rss-en-all,Could a Left Party government in Berlin expropriate large real estate companies?,https://www.dw.com/en/could-a-left-party-government-in-berlin-expropriate-large-real-estate-companies/a-79399683?maca=en-rss-en-all-1573-xml-mrss,2026-09-23 14:49:00+00:00,Germany,,The socialist Left Party won the Berlin election partly on the promise to implement the city's 2021 expropriation referendum as a way to solve the city's rent crisis. But can it really happen?,2026-10-01T05:02:20+00:00
BBC,international,feeds.bbci.co.uk/news/business/rss.xml,How the oil capital of the US welcomed a solar power boom,https://www.bbc.co.uk/news/articles/cmx2zxv6936zo?at_medium=RSS&at_campaign=rss,2026-09-23 23:12:22+00:00,,,Texas is now the country's biggest producer of solar-farmed electricity.,2026-10-01T05:02:27+00:00
DW,international,rss.dw.com/xml/rss-en-all,'Pope fever' takes hold as Pope Leo visits France,https://www.dw.com/en/pope-fever-takes-hold-as-pope-leo-visits-france/a-79401291?maca=en-rss-en-all-1573-xml-mrss,2026-09-24 12:03:00+00:00,World,,"Pope Leo XIV is expected to draw huge crowds during his visit to France. As part of his trip, he's also set to address Europe's future and some of the challenges ahead.",2026-10-01T05:02:20+00:00
DW,international,rss.dw.com/xml/rss-en-all,Czech PM Andrej Babis reiterates importance of NATO for his country but rejects calls to increase defense spending,https://www.dw.com/en/czech-pm-andrej-babis-reiterates-importance-of-nato-for-his-country-but-rejects-calls-to-increase-defense-spending/a-79411066?maca=en-rss-en-all-1573-xml-mrss,2026-09-24 12:11:00+00:00,World,,"The US and NATO want Czechia to spend more on defense. Czech Prime Minister Andrej Babis says Prague cannot afford faster increases, despite growing warnings about the threat from Russia.",2026-10-01T05:02:20+00:00
DW,international,rss.dw.com/xml/rss-en-all,Germany news: Berlin officially withdraws Olympics bid,https://www.dw.com/en/germany-news-berlin-officially-withdraws-olympics-bid/live-79406294?maca=en-rss-en-all-1573-xml-mrss,2026-09-24 12:42:00+00:00,News,,Berlin's decision to withdraw its Olympic bid means that only Munich and the western Rhine/Ruhr region are left in the running as potential Olympic hosts. DW has more.,2026-10-01T05:02:20+00:00
DW,international,rss.dw.com/xml/rss-en-all,Could flattering AI make humanity turn on itself?,https://www.dw.com/en/could-flattering-ai-make-humanity-turn-on-itself/a-79377894?maca=en-rss-en-all-1573-xml-mrss,2026-09-24 13:10:00+00:00,Science,,"A study shows chatbots mirror users' politics, part of a broader tendency known as AI sycophancy. Researchers fear this could deepen polarization.",2026-10-01T05:02:20+00:00
DW,international,rss.dw.com/xml/rss-en-all,Political psychology: Why extremist parties are thriving and what democratic politicians can do against it,https://www.dw.com/en/political-psychology-why-extremist-parties-are-thriving-and-what-democratic-politicians-can-do-against-it/a-79410960?maca=en-rss-en-all-1573-xml-mrss,2026-09-24 14:00:00+00:00,Science,,"Far-right and far-left parties are celebrating success after success, leaving moderate politicians in the dust and worrying many Germans. Political psychology helps us understand what's behind growing polarization.",2026-10-01T05:02:20+00:00
DW,international,rss.dw.com/xml/rss-en-all,"After several difficult years, economists now expect German economy to grow",https://www.dw.com/en/after-several-difficult-years-economists-now-expect-german-economy-to-grow/a-79418591?maca=en-rss-en-all-1573-xml-mrss,2026-09-24 17:04:00+00:00,Germany,,"Germany's economy is growing again, but recovery remains on shaky ground. High government spending is keeping the economy afloat, while energy prices, a shortage of skilled workers and debt continue to weigh on it.",2026-10-01T05:02:20+00:00
Tribune,local,tribune.com.pk/feed/business,"OICCI seeks capital, export push",https://tribune.com.pk/story/2631259/oicci-seeks-capital-export-push,2026-09-24 17:19:50+00:00,Business,Our Correspondent,"Says FDI slumps 32%, urges investor-friendly reforms in meeting with IMF team",2026-10-01T05:02:20+00:00
DW,international,rss.dw.com/xml/rss-en-all,Three-way battle for power in world chess: Who will be elected FIDE president in Samarkand?,https://www.dw.com/en/three-way-battle-for-power-in-world-chess-who-will-be-elected-fide-president-in-samarkand/a-79413301?maca=en-rss-en-all-1573-xml-mrss,2026-09-24 18:59:00+00:00,Sports,,"The era of Russian presidents is coming to an end at the World Chess Federation (FIDE). Two Germans and one Kazakh are up for election. Among the issues at play are money, Kremlin influence, and unanswered questions.",2026-10-01T05:02:20+00:00
DW,international,rss.dw.com/xml/rss-en-all,Jürgen Klopp starts Germany job with shaky Netherlands draw,https://www.dw.com/en/jürgen-klopp-starts-germany-job-with-shaky-netherlands-draw/a-79420143?maca=en-rss-en-all-1573-xml-mrss,2026-09-24 22:16:00+00:00,Sports,,"A late Netherlands goal denied Jürgen Klopp a win in his first match as Germany coach. The former Liverpool and Borussia Dortmund boss has big ambitions, but the game showed he's going to need more time to achieve them.",2026-10-01T05:02:20+00:00
BBC,international,feeds.bbci.co.uk/news/business/rss.xml,X-planes: Are they needed in the new era of drones?,https://www.bbc.co.uk/news/articles/c9q92x359xdo?at_medium=RSS&at_campaign=rss,2026-09-24 23:03:53+00:00,,,Where do America's X-plane projects fit in an era of cheap drones?,2026-10-01T05:02:27+00:00
DW,international,rss.dw.com/xml/rss-en-all,"Italy to ban burqa in schools, limit foreign pupils",https://www.dw.com/en/italy-to-ban-burqa-in-schools-limit-foreign-pupils/a-79423432?maca=en-rss-en-all-1573-xml-mrss,2026-09-25 08:10:00+00:00,News,,Prime Minister Giorgia Meloni’s government has passed new school rules capping the number of students who don't speak fluent Italian and banning face coverings.,2026-10-01T05:02:20+00:00
BBC,international,feeds.bbci.co.uk/news/business/rss.xml,Europe's car makers are in crisis. Will the threat of war rescue them?,https://www.bbc.co.uk/news/articles/c6vgyq598k9po?at_medium=RSS&at_campaign=rss,2026-09-25 08:31:56+00:00,,,Auto executives across Europe hope rearmament can help them flex their industrial muscles once more.,2026-10-01T05:02:27+00:00
DW,international,rss.dw.com/xml/rss-en-all,How Bulgaria become a global leader in battery storage and what this means for the country's grid and energy market?,https://www.dw.com/en/how-bulgaria-become-a-global-leader-in-battery-storage-and-what-this-means-for-the-country-s-grid-and-energy-market/a-79428289?maca=en-rss-en-all-1573-xml-mrss,2026-09-25 11:38:00+00:00,World,,"In under two years, Bulgaria has become one of the world's most battery-intensive energy markets. Can the surge last — and what will it mean for conventional power generators?",2026-10-01T05:02:20+00:00
DW,international,rss.dw.com/xml/rss-en-all,"Bundesliga, other top European leagues call for major FIFA reforms",https://www.dw.com/en/bundesliga-other-top-european-leagues-call-for-major-fifa-reforms/a-79431717?maca=en-rss-en-all-1573-xml-mrss,2026-09-25 13:52:00+00:00,Sports,,"The Bundesliga and three other leading European football leagues have said major reforms to world-governing body FIFA are ""essential."" However, they stopped short of calling for the resignation of boss Gianni Infantino.",2026-10-01T05:02:20+00:00
DW,international,rss.dw.com/xml/rss-en-all,'Lithuanian skies are NATO skies': DW speaks with Lithuanian premier Mindaugas Sinkevicius,https://www.dw.com/en/lithuanian-skies-are-nato-skies-dw-speaks-with-lithuanian-premier-mindaugas-sinkevicius/a-79432394?maca=en-rss-en-all-1573-xml-mrss,2026-09-25 14:34:00+00:00,World,,"In a DW interview, Prime Minister Mindaugas Sinkevicius discussed threats to Lithuania from Russia and Belarus, NATO's need for stronger air defense and why military spending alone cannot ensure security.",2026-10-01T05:02:20+00:00
DW,international,rss.dw.com/xml/rss-en-all,DW shows solidarity with Georgians' commitment to democracy,https://www.dw.com/en/dw-shows-solidarity-with-georgians-commitment-to-democracy/a-79432731?maca=en-rss-en-all-1573-xml-mrss,2026-09-25 15:06:00+00:00,Culture,,Cultural and media professionals in Georgia remain under threat. A DW panel brings together insiders who share their hopes and fears.,2026-10-01T05:02:20+00:00
Tribune,local,tribune.com.pk/feed/business,"IFC, WBG reaffirm support for development priorities",https://tribune.com.pk/story/2631462/ifc-wbg-reaffirm-support-for-development-priorities,2026-09-25 17:16:26+00:00,Business,Our Correspondent,Govt seeks cooperation in expanding access to housing finance,2026-10-01T05:02:20+00:00
BBC,international,feeds.bbci.co.uk/news/business/rss.xml,Save or Overpay? What to do with your mortgage if interest rates rise,https://www.bbc.co.uk/news/videos/c65y55j2dxepo?at_medium=RSS&at_campaign=rss,2026-09-25 18:43:45+00:00,,,Save or Overpay? What to do with your mortgage if interest rates rise,2026-10-01T05:02:27+00:00
DW,international,rss.dw.com/xml/rss-en-all,"Russian classroom propaganda glorifies dying for your country, students say",https://www.dw.com/en/russian-classroom-propaganda-glorifies-dying-for-your-country-students-say/a-79417294?maca=en-rss-en-all-1573-xml-mrss,2026-09-26 11:55:00+00:00,World,,The Russian government has stepped up its efforts to spread patriotic propaganda in schools. DW spoke to students about textbooks that portray the West as hostile and promote sacrifice for the nation.,2026-10-01T05:02:20+00:00
DW,international,rss.dw.com/xml/rss-en-all,Russia expected to intensify hybrid war on Europe,https://www.dw.com/en/russia-expected-to-intensify-hybrid-war-on-europe/a-79444596?maca=en-rss-en-all-1573-xml-mrss,2026-09-26 15:39:00+00:00,World,,"Drone explosions, airspace violations, arson attacks: Poland, Romania, and Moldova are now regularly targeted in Russian attacks against Ukraine. More governments are calling these attacks deliberate acts of aggression.",2026-10-01T05:02:20+00:00
DW,international,rss.dw.com/xml/rss-en-all,Backlash over data centers tests Europe's AI ambitions,https://www.dw.com/en/backlash-over-data-centers-tests-europe-s-ai-ambitions/a-79419800?maca=en-rss-en-all-1573-xml-mrss,2026-09-26 18:08:00+00:00,World,,Massive data centers needed to run AI are triggering protests across Europe. Their operators counter that they boost digital sovereignty and energy independence.,2026-10-01T05:02:20+00:00
DW,international,rss.dw.com/xml/rss-en-all,Germany news: Are Germans giving up their beloved meat and sausages?,https://www.dw.com/en/germany-news-are-germans-giving-up-their-beloved-meat-and-sausages/live-79441034?maca=en-rss-en-all-1573-xml-mrss,2026-09-27 10:34:00+00:00,News,,"Germans used to be all about sausages and meat. While those do remain popular, things seem to be slowly changing. There also are new insights into the economic side of East Germany's espionage DW has more.",2026-10-01T05:02:20+00:00
DW,international,rss.dw.com/xml/rss-en-all,European cities seek ways of boosting affordable housing,https://www.dw.com/en/european-cities-seek-ways-of-boosting-affordable-housing/a-79438939?maca=en-rss-en-all-1573-xml-mrss,2026-09-27 13:47:00+00:00,World,,"In many major urban centers of Europe, the housing shortage has become an explosive social issue. DW looks into various models that have been put in place across the continent.",2026-10-01T05:02:20+00:00
BBC,international,feeds.bbci.co.uk/news/business/rss.xml,My hometown shows that high streets have to change or die,https://www.bbc.co.uk/news/articles/crd689de186jo?at_medium=RSS&at_campaign=rss,2026-09-27 23:05:53+00:00,,,Aberdeen is launching an ambitious bid to revive its struggling centre. Could it offer lessons for other high streets?,2026-10-01T05:02:27+00:00
BBC,international,feeds.bbci.co.uk/news/business/rss.xml,How much is in your savings account?,https://www.bbc.co.uk/news/videos/cqrm99we3rjxo?at_medium=RSS&at_campaign=rss,2026-09-28 05:22:50+00:00,,,"From £65 to $60,000 - we talk savings with people in East London's Brick Lane.",2026-10-01T05:02:27+00:00
DW,international,rss.dw.com/xml/rss-en-all,What would Francis of Assisi make of his fame today?,https://www.dw.com/en/what-would-francis-of-assisi-make-of-his-fame-today/a-79346151?maca=en-rss-en-all-1573-xml-mrss,2026-09-28 06:18:00+00:00,Culture,,"The Catholic saint renounced wealth and fame to become a mendicant friar. Yet throughout history, his teachings and life have inspired popes, Dante and even Mussolini.",2026-10-01T05:02:20+00:00
DW,international,rss.dw.com/xml/rss-en-all,Ireland beat Israel 3-0 in Nations League match overshadowed by political controversy,https://www.dw.com/en/ireland-beat-israel-3-0-in-nations-league-match-overshadowed-by-political-controversy/a-79455254?maca=en-rss-en-all-1573-xml-mrss,2026-09-28 09:26:00+00:00,Sports,,Ireland easily beat Israel in a Nations League fixture that 24 hours earlier appeared in doubt. One Irish player pulled out of the match to express his opposition to Israel's actions in the Gaza Strip.,2026-10-01T05:02:20+00:00
DW,international,rss.dw.com/xml/rss-en-all,Will Jürgen Klopp's charisma be enough for Germany?,https://www.dw.com/en/will-jürgen-klopp-s-charisma-be-enough-for-germany/a-79455266?maca=en-rss-en-all-1573-xml-mrss,2026-09-28 09:42:00+00:00,Sports,,"After defeat to Greece, Jürgen Klopp faces the first real test of his tenure as coach of Germany's national men's football team. Can his charisma alone push this group forward?",2026-10-01T05:02:20+00:00
DW,international,rss.dw.com/xml/rss-en-all,Diesel prices are surging putting further pressure on Europe,https://www.dw.com/en/diesel-prices-are-surging-putting-further-pressure-on-europe/a-79390992?maca=en-rss-en-all-1573-xml-mrss,2026-09-28 10:35:00+00:00,Business,,"Trucks, farms and industry are powered with diesel. Now prices are soaring due to refinery disruptions, supply shortages and geopolitical tensions. A potential US export ban could make Europe's diesel crunch even worse.",2026-10-01T05:02:20+00:00
DW,international,rss.dw.com/xml/rss-en-all,Germany news: COVID vaccine maker BioNTech to close 3 sites,https://www.dw.com/en/germany-news-covid-vaccine-maker-biontech-to-close-3-sites/live-79453904?maca=en-rss-en-all-1573-xml-mrss,2026-09-28 14:05:00+00:00,News,,"COVID-19 vaccine maker BioNTech is to close three sites in Germany after efforts to find buyers failed. Meanwhile, Rhine water levels have fallen to record lows after an unusually dry September. DW has more.",2026-10-01T05:02:20+00:00
DW,international,rss.dw.com/xml/rss-en-all,What do Manchester City's charges mean for German football?,https://www.dw.com/en/what-do-manchester-city-s-charges-mean-for-german-football/a-79460412?maca=en-rss-en-all-1573-xml-mrss,2026-09-28 14:18:00+00:00,Sports,,Manchester City have reportedly been found guilty of major financial rule breaches. What does this mean for German football?,2026-10-01T05:02:20+00:00
DW,international,rss.dw.com/xml/rss-en-all,Turkey: Comedian convicted for 'insulting' Erdogan in show,https://www.dw.com/en/turkey-comedian-convicted-for-insulting-erdogan-in-show/a-79455759?maca=en-rss-en-all-1573-xml-mrss,2026-09-28 14:51:00+00:00,News,,"Deniz Goktas was convicted of two of three charges, including ""insulting"" the president, but was released pending the appeal process. Nominally, Turkey is a secular country with free speech.",2026-10-01T05:02:20+00:00
DW,international,rss.dw.com/xml/rss-en-all,Sicily: Mount Etna ash disrupts Catania flights again,https://www.dw.com/en/sicily-mount-etna-ash-disrupts-catania-flights-again/a-79462773?maca=en-rss-en-all-1573-xml-mrss,2026-09-28 15:13:00+00:00,News,,"A thick ash cloud from Mount Etna has been disrupting flights to Catania in Sicily for several days. Italy and Europe's most active volcano, Etna has impacted air travel several times this summer.",2026-10-01T05:02:20+00:00
Tribune,local,tribune.com.pk/feed/business,PSX wobbles as Hormuz uncertainty persists,https://tribune.com.pk/story/2631951/psx-wobbles-as-hormuz-uncertainty-persists,2026-09-28 15:49:33+00:00,Business,Our Correspondent,"KSE-100 index sheds 340 points, settles at 170,425.62",2026-10-01T05:02:20+00:00
Tribune,local,tribune.com.pk/feed/business,Gold falls sharply on rising US Treasury yields,https://tribune.com.pk/story/2631944/gold-falls-sharply-on-rising-us-treasury-yields,2026-09-28 15:49:33+00:00,Business,Our Correspondent,"Loses Rs12,800 per tola; rupee inches up to 277.15/$",2026-10-01T05:02:20+00:00
Tribune,local,tribune.com.pk/feed/business,New PPRA rules retain direct SOE contracting,https://tribune.com.pk/story/2631949/new-ppra-rules-retain-direct-soe-contracting,2026-09-28 15:49:33+00:00,Business,Shahbaz Rana,"Govt notifies procurement laws, ignores 40% sub-contracting limit",2026-10-01T05:02:20+00:00
Dawn,local,www.dawn.com/feeds/business,"Govt reduces petrol price by Rs2.27 per litre, high-speed diesel rate by Rs3.56",https://www.dawn.com/news/2033319/govt-reduces-petrol-price-by-rs227-per-litre-high-speed-diesel-rate-by-rs356,2026-09-28 18:00:09+00:00,Business,none@none.com (News Desk),"if (!window._rawHtmlListenerAttached) { window._rawHtmlListenerAttached = true; window.addEventListener('message', function(event) { if (event.data && event.data.type === 'raw-html-resize' && event.data.id) { var iframe = document.getElementById(event.data.id); if (iframe) { var height = Math.min(Math.max(event.data.height, 50), 30000); iframe.style.height = height + 'px'; } } }); } The government on Monday decreased the price of petrol by Rs2.27 per litre and that of high-speed diesel (HSD) by Rs3.56 per litre. Following the revision, petrol will retail at Rs389.03 per litre, while HSD will c",2026-10-01T05:02:26+00:00
Dawn,local,www.dawn.com/feeds/business,FBR waives tax on factory to warehouse movements in move to curb taxpayer harassment,https://www.dawn.com/news/2033462/fbr-waives-tax-on-factory-to-warehouse-movements-in-move-to-curb-taxpayer-harassment,2026-09-29 03:06:16+00:00,Business,none@none.com (),https://www.dawn.com/news/2033429,2026-10-01T05:02:26+00:00
Dawn,local,www.dawn.com/feeds/business,QatarEnergy extends LNG force majeure,https://www.dawn.com/news/2033427/qatarenergy-extends-lng-force-majeure,2026-09-29 03:12:30+00:00,Business,none@none.com (Reuters),"MILAN: QatarEnergy has extended force majeure notices and will not be able to deliver liquefied natural gas cargoes to Italian utility Edison or some Asian clients as the Strait of Hormuz remains closed, Edison and trading sources said on Monday. Edison, one of the company’s biggest customers in Europe, will not receive LNG cargoes until the beginning of December, the Italian group said on Monday, in the latest extension under a force majeure notification first issued in April following disruptions caused by the US-Iran war. Clients in Asia, including in Bangladesh and Pakistan, were also info",2026-10-01T05:02:26+00:00
Dawn,local,www.dawn.com/feeds/business,FPCCI seeks extension in tax returns filing date,https://www.dawn.com/news/2033423/fpcci-seeks-extension-in-tax-returns-filing-date,2026-09-29 03:19:09+00:00,Business,none@none.com (The Newspaper's Staff Reporter),"KARACHI: Federation of Pakistan Chambers of Commerce and Industry (FPCCI) President Atif Ikram Sheikh has formally urged the government to extend the deadline for filing income tax returns to Oct 31 to facilitate trade, industry, and other tax filers. He said this extension is not a concession but a practical necessity to ensure maximum tax compliance, broaden the tax base, and alleviate the immense pressure currently faced by the business community, small and medium enterprises (SMEs), and individual taxpayers. In a statement on Monday, he said that as the Sept 30 deadline approaches, taxpaye",2026-10-01T05:02:26+00:00
Dawn,local,www.dawn.com/feeds/business,FBR notifies procedures for scrutiny of sales tax returns,https://www.dawn.com/news/2033465/fbr-notifies-procedures-for-scrutiny-of-sales-tax-returns,2026-09-29 03:48:31+00:00,Business,none@none.com (),https://www.dawn.com/news/2033425,2026-10-01T05:02:26+00:00
Tribune,local,tribune.com.pk/feed/home,"Trump to host Zuckerberg, Anthropic's Amodei, and other AI titans on Tuesday",https://tribune.com.pk/story/2632082/trump-to-host-zuckerberg-anthropics-amodei-and-other-ai-titans-tuesday,2026-09-29 08:16:21+00:00,Technology,Reuters,Trump will unveil a new America.gov website at an event attended by tech CEOs and Vice President Vance,2026-10-01T05:02:26+00:00
DW,international,rss.dw.com/xml/rss-en-all,UK: US government questions bail for Fairford base suspects,https://www.dw.com/en/uk-us-government-questions-bail-for-fairford-base-suspects/a-79468803?maca=en-rss-en-all-1573-xml-mrss,2026-09-29 08:17:00+00:00,News,,"The US government sees ""the hand of a foreign actor"" in the security scare at RAF Fairford, a hub for US heavy bombers in Europe. Donald Trump criticized the suspects being released on bail amid ongoing investigations.",2026-10-01T05:02:20+00:00
Tribune,local,tribune.com.pk/feed/home,China's AI agents can lie and scheme - just like their US rivals,https://tribune.com.pk/story/2632084/chinas-ai-agents-can-lie-and-scheme-just-like-their-us-rivals,2026-09-29 08:42:05+00:00,Technology,Reuters,"Chinese AI agents from Alibaba, DeepSeek and Moonshot lied to win a simulated business tender, researchers said",2026-10-01T05:02:26+00:00
Tribune,local,tribune.com.pk/feed/home,AI researchers warn companies rushing self-improving systems despite safety risks,https://tribune.com.pk/story/2632088/ai-researchers-warn-companies-rushing-self-improving-systems-despite-safety-risks,2026-09-29 09:15:51+00:00,Technology,Reuters,"AI researchers say firms should pause, while employees urge labs to curb self-improving AI plans",2026-10-01T05:02:26+00:00
DW,international,rss.dw.com/xml/rss-en-all,"Spain grows fruit and vegetables for Europe, but it's running out of water",https://www.dw.com/en/spain-grows-fruit-and-vegetables-for-europe-but-it-s-running-out-of-water/a-79399905?maca=en-rss-en-all-1573-xml-mrss,2026-09-29 09:51:00+00:00,Environment,,"Spain's southern coast produces up to 25% of Europe's fruit and vegetables. But amid intensive farming, climate change and illegal wells, the water it takes to grow them is drying up.",2026-10-01T05:02:20+00:00
DW,international,rss.dw.com/xml/rss-en-all,AI: Concern as Germany plans to double data center capacity,https://www.dw.com/en/ai-concern-as-germany-plans-to-double-data-center-capacity/a-79407981?maca=en-rss-en-all-1573-xml-mrss,2026-09-29 10:00:00+00:00,Germany,,Germany is rewriting the rules to attract data center investment from AI companies. But local communities are becoming increasingly skeptical.,2026-10-01T05:02:20+00:00
DW,international,rss.dw.com/xml/rss-en-all,"Global trade weathers Iran, Ukraine and Trump's tariffs",https://www.dw.com/en/global-trade-weathers-iran-ukraine-and-trump-s-tariffs/a-79352643?maca=en-rss-en-all-1573-xml-mrss,2026-09-29 10:35:00+00:00,Business,,"Over the past six years, COVID, two wars and Donald Trump's tariffs have shaken world trade. With globalization already stalling, is this a temporary shock or the start of a great reversal?",2026-10-01T05:02:20+00:00
Dawn,local,www.dawn.com/feeds/business,Finance minister kicks off talks with visiting IMF mission,https://www.dawn.com/news/2033493/finance-minister-kicks-off-talks-with-visiting-imf-mission,2026-09-29 10:56:51+00:00,Business,none@none.com (Khaleeq Kiani),"ISLAMABAD: Minister for Finance and Revenue Muhammad Aurangzeb held a kick-off meeting on Tuesday with a visiting staff mission of the International Monetary Fund (IMF). The IMF mission, led by Iva Petrova, is in Islamabad for the fourth review of Pakistan’s $7 billion Extended Fund Facility (EFF) arrangement and the third review of the $1.4bn Resilience and Sustainability Facility (RSF). Aurangzeb, in a virtual meeting, briefed the IMF team on the latest macroeconomic indicators, improvements in credit rating and overall investment climate amid a challenging outlook emanating from prolonged I",2026-10-01T05:02:26+00:00
DW,international,rss.dw.com/xml/rss-en-all,"Albania: As corruption cases multiply, experts question whether the anti-corruption drive is addressing the causes or just the symptoms.",https://www.dw.com/en/albania-as-corruption-cases-multiply-experts-question-whether-the-anti-corruption-drive-is-addressing-the-causes-or-just-the-symptoms/a-79473031?maca=en-rss-en-all-1573-xml-mrss,2026-09-29 11:59:00+00:00,World,,"From a former president to the ex-intelligence chief, Albania is prosecuting senior officials at a rate once thought impossible. But do more prosecutions mean less corruption or simply better enforcement?",2026-10-01T05:02:20+00:00
BBC,international,feeds.bbci.co.uk/news/world/rss.xml,'I was lured into a trap': Evan Gershkovich on moment that led to 16 months in Russian jail,https://www.bbc.co.uk/news/articles/ck9qr8jy8ynyo?at_medium=RSS&at_campaign=rss,2026-09-29 12:43:04+00:00,,,"The US journalist says he realised he was a ""a pawn in a greater game"" when he was not interrogated or tortured by FSB agents.",2026-10-01T05:02:20+00:00
Tribune,local,tribune.com.pk/feed/home,"Anthropic's $518b AI buildout hinges largely on deals that cannot be canceled, filing shows",https://tribune.com.pk/story/2632108/anthropics-518b-ai-buildout-hinges-largely-on-deals-that-cannot-be-canceled-filing-shows,2026-09-29 13:20:52+00:00,Technology,Reuters,Anthropic says 80% of its compute commitments are non-cancelable as AI demand outpaces supply,2026-10-01T05:02:26+00:00
Dawn,local,www.dawn.com/feeds/business,DPM Dar hails 'whole of govt' approach as he reviews govt fuel subsidy scheme,https://www.dawn.com/news/2033527/dpm-dar-hails-whole-of-govt-approach-as-he-reviews-govt-fuel-subsidy-scheme,2026-09-29 13:33:45+00:00,Pakistan,none@none.com (News Desk),"Deputy Prime Minister and Foreign Minister Ishaq Dar on Tuesday appreciated the success of the Prime Minister’s Fuel Relief Scheme , saying that it reflected a “whole of government” approach. The relief scheme for owners of motorcycles, rickshaws and vehicles of up to 800cc was rolled out across the country on Sept 17. PM Shehbaz Sharif had announced the subsidies to ease the public’s burden amid rising fuel prices due to the Middle East situation. On Tuesday, DPM Dar chaired a meeting of the National Steering Committee on Fuel Subsidy to review the implementation of the scheme, his office sai",2026-10-01T05:02:26+00:00
DW,international,rss.dw.com/xml/rss-en-all,UK PM Burnham seeks 'hope again' at Labour Party conference,https://www.dw.com/en/uk-pm-burnham-seeks-hope-again-at-labour-party-conference/a-79473376?maca=en-rss-en-all-1573-xml-mrss,2026-09-29 13:38:00+00:00,News,,"Andy Burnham is seeking a delicate balance between optimism and realism at Labour's annual party conference. He promised hope and an end to ""politics as usual"" but also an ""honest conversation"" about difficult dilemmas.",2026-10-01T05:02:20+00:00
DW,international,rss.dw.com/xml/rss-en-all,South Park satirist pushes for accountability in Cornell gang-rape lawsuit,https://www.dw.com/en/south-park-satirist-pushes-for-accountability-in-cornell-gang-rape-lawsuit/a-79475382?maca=en-rss-en-all-1573-xml-mrss,2026-09-29 14:20:00+00:00,Culture,,Writer Toby Morton is using a new website to amplify allegations in a high-profile sexual assault lawsuit involving seven Cornell students. The reopening of the case is causing an outcry on social media.,2026-10-01T05:02:20+00:00
Tribune,local,tribune.com.pk/feed/home,Pakistan's moment,https://tribune.com.pk/story/2632119/pakistans-moment-1,2026-09-29 14:31:59+00:00,Opinion,Sadia Sulaiman,Pakistan's efforts are important not because Islamabad can single-handedly resolve a conflict of such complexity,2026-10-01T05:02:26+00:00
Tribune,local,tribune.com.pk/feed/home,TTP: a threat until it is not!,https://tribune.com.pk/story/2632118/ttp-a-threat-until-it-is-not,2026-09-29 14:31:59+00:00,Opinion,M Zeb Khan,Obvious question is no longer whether Pakistan possesses the capacity to confront terrorism,2026-10-01T05:02:26+00:00
Tribune,local,tribune.com.pk/feed/home,Eight years for injustice,https://tribune.com.pk/story/2632116/eight-years-for-injustice,2026-09-29 14:31:59+00:00,Editorial,editorial,Case was also the catalyst for the Pashtun Tahafuz Movement (PTM),2026-10-01T05:02:26+00:00
Tribune,local,tribune.com.pk/feed/home,School van safety,https://tribune.com.pk/story/2632117/school-van-safety,2026-09-29 14:31:59+00:00,Editorial,editorial,Pakistan needs to move towards a much stricter school-transport regime,2026-10-01T05:02:26+00:00
Tribune,local,tribune.com.pk/feed/home,"Everyone is happy online, I'm suspicious",https://tribune.com.pk/story/2632114/everyone-is-happy-online-im-suspicious,2026-09-29 14:31:59+00:00,Opinion,Yumna Zahid Ali,I cannot find these people online,2026-10-01T05:02:26+00:00
Tribune,local,tribune.com.pk/feed/home,US withdrawal from Iraq,https://tribune.com.pk/story/2632115/us-withdrawal-from-iraq,2026-09-29 14:31:59+00:00,Editorial,editorial.,Voluntary withdrawal comes as an opportunity for the US to reflect on its obsessive overseas deployments,2026-10-01T05:02:26+00:00
Tribune,local,tribune.com.pk/feed/business,PSX falls below 170k over regional conflict,https://tribune.com.pk/story/2632132/psx-falls-below-170k-over-regional-conflict,2026-09-29 16:14:52+00:00,Business,Our Correspondent,"KSE-100 index erases gains, decreases 825 points amid IMF review",2026-10-01T05:02:20+00:00
Tribune,local,tribune.com.pk/feed/business,Gold drops despite global rebound,https://tribune.com.pk/story/2632136/gold-drops-despite-global-rebound,2026-09-29 16:14:52+00:00,Business,Our Correspondent,Falls Rs800/tola as Fed rate hike bets persist; rupee inches up,2026-10-01T05:02:20+00:00
Tribune,local,tribune.com.pk/feed/business,IMF pushes targeted subsidies,https://tribune.com.pk/story/2632134/imf-pushes-targeted-subsidies,2026-09-29 16:14:52+00:00,Business,Shahbaz Rana,"Asks to channel fuel relief via BISP; raises circular debt, SOE reform issues",2026-10-01T05:02:20+00:00
Tribune,local,tribune.com.pk/feed/business,Pakistan proposes next-generation economic corridors,https://tribune.com.pk/story/2632135/pakistan-proposes-next-generation-economic-corridors,2026-09-29 16:14:52+00:00,Business,Our Correspondent,Sees CAREC Corridors 5 and 6 as opportunity to connect Central Asia with Arabian Sea,2026-10-01T05:02:20+00:00
Tribune,local,tribune.com.pk/feed/business,SECP proposes Rs5m housing loan limit,https://tribune.com.pk/story/2632138/secp-proposes-rs5m-housing-loan-limit,2026-09-29 16:14:52+00:00,Business,APP,SECP said the proposed SME thresholds were aligned with recent changes introduced by the State Bank of Pakistan,2026-10-01T05:02:20+00:00
Tribune,local,tribune.com.pk/feed/business,Food safety concerns hamper exports,https://tribune.com.pk/story/2632131/food-safety-concerns-hamper-exports,2026-09-29 16:14:52+00:00,Business,Our Correspondent,"Experts to discuss food security, agri-investment amid climate change",2026-10-01T05:02:20+00:00
BBC,international,feeds.bbci.co.uk/news/business/rss.xml,"Faisal Islam: Triple lock move is significant, but it's a gamble",https://www.bbc.co.uk/news/articles/cwp93d078j8no?at_medium=RSS&at_campaign=rss,2026-09-29 16:43:39+00:00,,,"I had expected him to try to forge a political consensus on this thorny issue at this stage, but he has gone further than that.",2026-10-01T05:02:27+00:00
Dawn,local,www.dawn.com/feeds/business,"PM Shehbaz meets global financial firms in London, invites them to invest and expand services in Pakistan",https://www.dawn.com/news/2033543/pm-shehbaz-meets-global-financial-firms-in-london-invites-them-to-invest-and-expand-services-in-pakistan,2026-09-29 17:07:06+00:00,Business,none@none.com (Syed Irfan Raza),"ISLAMABAD: Prime Minister Shehbaz Sharif on Tuesday met with senior executives from leading global financial institutions in London and invited them to invest and expand their services in Pakistan. During a busy day in the UK capital, the premier held a series of meetings with top officials of Barclays, JP Morgan, Citi, BlackRock and Rothschild & Co. Earlier in the day, he also became the first Pakistani prime minister to open trading at the London Stock Exchange, according to his office. In a statement, the PM’s Office (PMO) said the premier’s engagements with the global firms “underscored gr",2026-10-01T05:02:26+00:00
Dawn,local,www.dawn.com/feeds/world,"Saudi crown prince, UAE vice president meet in Riyadh: report",https://www.dawn.com/news/2033552/saudi-crown-prince-uae-vice-president-meet-in-riyadh-report,2026-09-29 17:50:30+00:00,World,none@none.com (AFP),"Saudi Crown Prince Mohammed bin Salman met UAE Vice President Sheikh Mansour bin Zayed Al Nahyan in Riyadh on Tuesday, Saudi official media reported, months after the two countries fell out over Yemen. The meeting comes as the kingdom reels from weeks of attacks by Yemen’s Houthi rebels on its tankers, oil facilities, airports and even its capital, after the group took control of the Red Sea coast from Saudi-led Yemeni government forces. Riyadh has for weeks been reaching out to international allies for help against the Houthis. The crown prince and the vice president met to “review brotherly ",2026-10-01T05:02:39+00:00
Dawn,local,www.dawn.com/feeds/business,"Govt reduces petrol price by Rs1.49 per litre, high-speed diesel rate by Rs2.73",https://www.dawn.com/news/2033537/govt-reduces-petrol-price-by-rs149-per-litre-high-speed-diesel-rate-by-rs273,2026-09-29 17:51:10+00:00,Business,none@none.com (News Desk),"if (!window._rawHtmlListenerAttached) { window._rawHtmlListenerAttached = true; window.addEventListener('message', function(event) { if (event.data && event.data.type === 'raw-html-resize' && event.data.id) { var iframe = document.getElementById(event.data.id); if (iframe) { var height = Math.min(Math.max(event.data.height, 50), 30000); iframe.style.height = height + 'px'; } } }); } The government on Tuesday reduced the price of petrol by Rs1.49 per litre and that of high-speed diesel (HSD) by Rs2.73 per litre. Following the revision, petrol will retail at Rs387.54 per litre, while HSD will co",2026-10-01T05:02:26+00:00
Dawn,local,www.dawn.com/feeds/business,Saudi Arabia resumes Yanbu oil loading after pipeline restart,https://www.dawn.com/news/2033575/saudi-arabia-resumes-yanbu-oil-loading-after-pipeline-restart,2026-09-29 19:03:27+00:00,World,none@none.com (Reuters),"Saudi Arabia has resumed oil tanker loadings from its Red Sea port of Yanbu after restarting operations on the East-West Pipeline, according to trade sources and shipping data, improving the outlook for oil exports from the Middle East. The resumption of Yanbu loadings, halted earlier this month after a drone attack on the pipeline, weighed on global oil prices on Monday as it added to signs of increased flows from the Middle East, from which the US war with Iran has throttled oil shipments. State oil giant Saudi Aramco notified customers on Monday evening of its October loading schedule from ",2026-10-01T05:02:26+00:00
BBC,international,feeds.bbci.co.uk/news/world/rss.xml,Fires and blockades as students stage school protests across France,https://www.bbc.co.uk/news/videos/cmy0zey3ey2lo?at_medium=RSS&at_campaign=rss,2026-09-29 21:53:36+00:00,,,"More than 400 people, mainly minors, were arrested on Tuesday, the country's interior minister says.",2026-10-01T05:02:20+00:00
BBC,international,feeds.bbci.co.uk/news/world/rss.xml,Six Flags shuts down X2 rollercoaster after more than 100 allege brain injuries,https://www.bbc.co.uk/news/articles/cw14d37446d8o?at_medium=RSS&at_campaign=rss,2026-09-29 22:33:13+00:00,,,"Hundreds of riders were allegedly injured on X2, which has seats that spin 360 degrees.",2026-10-01T05:02:20+00:00
BBC,international,feeds.bbci.co.uk/news/business/rss.xml,Huel ad banned for suggesting its products could replace all meals,https://www.bbc.co.uk/news/articles/c920v3y1gjgpo?at_medium=RSS&at_campaign=rss,2026-09-29 23:06:06+00:00,,,"The advertising watchdog said that viewers could assume from the ad that replacing all normal food with Huel was ""nutritionally appropriate"".",2026-10-01T05:02:27+00:00
BBC,international,feeds.bbci.co.uk/news/business/rss.xml,The start-ups hoping to return battery making to the US,https://www.bbc.co.uk/news/articles/cvgyexx4g8ro?at_medium=RSS&at_campaign=rss,2026-09-29 23:06:50+00:00,,,Batteries based on sodium-ion technology could be made in the US with locally sourced materials.,2026-10-01T05:02:27+00:00
BBC,international,feeds.bbci.co.uk/news/world/rss.xml,Chinese AI tool told researchers how to make bioweapons,https://www.bbc.co.uk/news/articles/cmrergq3j7lgo?at_medium=RSS&at_campaign=rss,2026-09-29 23:15:29+00:00,,,Mindgard said it discovered in July that Kimi models K2.6 and K3 Swarm could evade developer's safety limits.,2026-10-01T05:02:20+00:00
BBC,international,feeds.bbci.co.uk/news/world/rss.xml,Ukraine's prized steel industry left in ruins by Russian missile campaign,https://www.bbc.co.uk/news/articles/cjkg7k6z9296o?at_medium=RSS&at_campaign=rss,2026-09-29 23:33:34+00:00,,,"Ukraine's remaining steelworks, a vital part of its economy, have all but ground to a halt because of relentless attacks.",2026-10-01T05:02:20+00:00
Tribune,local,tribune.com.pk/feed/home,US has 'virtually total control' of Strait of Hormuz: Trump,https://tribune.com.pk/story/2632209/yemen-army-says-it-carried-out-414-attacks-on-houthi-targets-in-24-hours,2026-09-29 23:51:29+00:00,World,Reuters,Pezeshkian links sustainable Gulf security to regional responsibility,2026-10-01T05:02:26+00:00
Tribune,local,tribune.com.pk/feed/home,Pakistan sweep South Korea to reach Asian Games squash semi-finals,https://tribune.com.pk/story/2632210/pakistan-sweep-south-korea-to-reach-asian-games-squash-semi-finals,2026-09-30 00:33:53+00:00,Sports,Sports Desk,Green-shirts move into the last four after Irfan and Noor Zaman claim key victories,2026-10-01T05:02:26+00:00
Tribune,local,tribune.com.pk/feed/home,"Trump, AI CEOs sign voluntary safety pact, back data centre expansion",https://tribune.com.pk/story/2632221/trump-ai-ceos-sign-voluntary-safety-pact-back-data-centre-expansion,2026-09-30 01:50:13+00:00,Technology,Reuters,Companies agree to independent audits as president weighs 10-person board for AI safety,2026-10-01T05:02:26+00:00
Dawn,local,www.dawn.com/feeds/business,"Index tumbles below 170,000 on uncertainty",https://www.dawn.com/news/2033652/index-tumbles-below-170000-on-uncertainty,2026-09-30 02:00:38+00:00,Business,none@none.com (Muhammad Kashif),"KARACHI: The Pakis­tan Stock Exchange (PSX) extended its decline as jittery investors sold off their holdings, pushing the benchmark KSE-100 index below the 170,000-point mark amid growing economic uncertainty. Topline Securities Ltd said the index closed at 169,600.41 points, down 825.22 points or 0.48 per cent, after trading between an intraday high of 170,944.35 and a low of 169,538.23. The market remained stable around 170,400-170,600 during the early session; however, late-session selling intensified after 2:00pm, pushing the index below 170,000. Market sentiment rem­ained cautious and ri",2026-10-01T05:02:26+00:00
Dawn,local,www.dawn.com/feeds/business,Electricity users face Rs25bn extra fuel cost,https://www.dawn.com/news/2033658/electricity-users-face-rs25bn-extra-fuel-cost,2026-09-30 02:00:38+00:00,Business,none@none.com (The Newspaper's Staff Reporter),"ISLAMABAD: As the government sought to charge consumers an additional Rs25 billion for fuel costs in the October bills, the National Electric Power Regulatory Authority (Nepra) on Tuesday decided to review the incremental tariff package for industry introduced in December last year. At a public hearing conducted by Nepra members Maqsood Anwar Khan, Amina Ahmed and Ghulamullah Shaikh, the chief executive officer of Central Power Purchasing Agency (CPPA) Rehan Akhtar said the major reason for Rs1.73 per unit additional fuel cost in August was the expensive RLNG and coal imports and lower-than-es",2026-10-01T05:02:26+00:00
Dawn,local,www.dawn.com/feeds/business,Public debt surges 76pc to Rs86.7tr in four years,https://www.dawn.com/news/2033657/public-debt-surges-76pc-to-rs867tr-in-four-years,2026-09-30 02:00:38+00:00,Business,none@none.com (Khaleeq Kiani),"ISLAMABAD: With total public debt surging 76 per cent since June 2022 and gross financing needs (GFNs) reaching Rs28.65 trillion for the current fiscal year, the government on Tuesday announced plans to borrow an additional Rs6.86tr to finance the budget deficit. “Total public debt was recorded at Rs86.7tr at the end of June 2026 from Rs49.3tr at the end of June 2022, a 76pc increase over four years,” the Ministry of Finance said in its Annual Borrowing Plan 2027. It said the total public debt comprised Rs59.4tr in domestic debt and Rs27.3tr equivalent in external debt. The net additional debt",2026-10-01T05:02:26+00:00
Dawn,local,www.dawn.com/feeds/business,FBR integrates blockchain trade verification,https://www.dawn.com/news/2033654/fbr-integrates-blockchain-trade-verification,2026-09-30 02:00:38+00:00,Business,none@none.com (The Newspaper's Staff Reporter),"ISLAMABAD: The Federal Board of Revenue (FBR) has integrated customs administration with ValidAP, the blockchain-based cross-validation platform, to advance secure digital trade and facilitation. ValidAP was developed and hosted by Hong Kong Customs. The integration has been operationalised through Pakistan Single Window (PSW), pursuant to the memorandum of understanding signed between Pak­istan Customs and the Customs and Excise Dep­artment of Hong Kong on May 18. An official announcement said ValidAP provides a secure and efficient mechanism for participating customs and regulatory authoriti",2026-10-01T05:02:26+00:00
Dawn,local,www.dawn.com/feeds/world,Shipwreck off Tunisia leaves two migrants dead,https://www.dawn.com/news/2033637/shipwreck-off-tunisia-leaves-two-migrants-dead,2026-09-30 02:00:57+00:00,World,none@none.com (Reuters),"ROME: German charity group Sea-Watch said on Tuesday it had rescued 28 migrants and recovered two bodies, including that of a child, following a shipwreck off the coast of Tunisia. The group’s ship Aurora found five survivors and the dead bodies in a deflated rubber dinghy in the early hours of Tuesday, the charity said. It rescued another 23 survivors, including a toddler, from an offshore oil and gas platform where they had taken refuge after the shipwreck. Those rescued reported that at least six people, including three children, were missing, Sea-Watch said on social media, adding the Auro",2026-10-01T05:02:39+00:00
Dawn,local,www.dawn.com/feeds/world,"100 settlers attack West Bank village, drawing rare censure from Netanyahu",https://www.dawn.com/news/2033633/100-settlers-attack-west-bank-village-drawing-rare-censure-from-netanyahu,2026-09-30 02:00:57+00:00,World,none@none.com (AFP),"JALUD: More than 100 Israeli settlers attacked a Palestinian village in the occupied West Bank on Tuesday, drawing rare Israeli government condemnation after they injured three members of the security forces. The raid, along with another attack on a different West Bank village on Tuesday, comes amid mounting international criticism of settler violence, which Israeli Prime Minister Benjamin Netanyahu downplayed in an address last week to the United Nations. Settlers stormed the village of Jalud in the northern West Bank as the military attempted to accompany a Palestinian family back to their h",2026-10-01T05:02:39+00:00
Dawn,local,www.dawn.com/feeds/world,Trump says AI bosses have signed ‘morally binding’ accord to self-regulate,https://www.dawn.com/news/2033630/trump-says-ai-bosses-have-signed-morally-binding-accord-to-self-regulate,2026-09-30 02:00:57+00:00,World,none@none.com (AFP),"WASHINGTON: President Donald Trump said on Tuesday tech executives had signed a “morally binding” commitment to build adequate safeguards on the fast-moving AI technology. “They’re going to police themselves,” Trump said after a meeting at the White House that gathered the top leaders in artificial intelligence, including Nvidia’s Jensen Huang, OpenAI’s Greg Brockman and Anthropic’s Dario Amodei. The Republican president, who opposes any constraints on AI lest China outpace the United States in its development, also announced that he would officially rename the technology “super intelligence” ",2026-10-01T05:02:39+00:00
Dawn,local,www.dawn.com/feeds/world,8.3m refugees at risk due to ‘severe’ funding cuts: UN,https://www.dawn.com/news/2033636/83m-refugees-at-risk-due-to-severe-funding-cuts-un,2026-09-30 02:00:57+00:00,World,none@none.com (AFP),"GENEVA: Nearly 8.3 million refugees and other forcibly displaced people face losing vital assistance from UNHCR, the UN’s refugee agency warned on Tuesday, as protection services crumble due to “severe” funding cuts. “UNHCR’s ability to protect and assist refugees, internally displaced people (IDPs) and stateless people is being eroded by a sustained and worsening funding shortfall,” the agency said in a report detailing the human cost of budget cuts. The agency said its available funding had fallen from $5.2 billion in 2024 to $3.9 billion in 2025, while the number of people it is mandated to",2026-10-01T05:02:39+00:00
Dawn,local,www.dawn.com/feeds/business,FPCCI slams govt’s ‘coercive actions’ against industrialists,https://www.dawn.com/news/2033618/fpcci-slams-govts-coercive-actions-against-industrialists,2026-09-30 02:01:05+00:00,Pakistan,none@none.com (Mohammad Hussain Khan),HYDERABAD: Leaders of the Federation of Pakistan Chambers of Commerce and Industry (FPCCI) have said that power tariffs will have to be brought at a par with other countries of the region to ensure economic growth and stability. They also criticised coercive measures being taken by the FBR against businessmen and industrialists. FPCCI patron in chief S.M. Tanvir (of the United Business Group) and President Atif Ikram were speaking at two receptions hosted on Monday and Tuesday by Iqbal Baig (a former patron and senior vice president of the Hyderabad Chamber of Commerce and Industry) and Saleem,2026-10-01T05:02:26+00:00
Tribune,local,tribune.com.pk/feed/home,Pakistan will not allow India to weaponise water: Tarar,https://tribune.com.pk/story/2632223/pakistan-will-not-allow-india-to-weaponise-water-tarar,2026-09-30 02:16:53+00:00,Pakistan,Web Desk,"He says that even in event of dispute, both parties were required to adhere to the terms and conditions of treaty",2026-10-01T05:02:26+00:00
Dawn,local,www.dawn.com/feeds/business,IMF-linked plan to boost local currency bond market unveiled,https://www.dawn.com/news/2033664/imf-linked-plan-to-boost-local-currency-bond-market-unveiled,2026-09-30 02:27:30+00:00,Pakistan,none@none.com (Khaleeq Kiani),"ISLAMABAD: The government on Tuesday anno­unced that the general public would be allowed to trade government securities, including treasury bills and bonds, through the stock market as part of efforts to improve compliance under the Intern­ational Monetary Fund (IMF) programme currently being reviewed by a visiting staff mission for the disbursement of around $1.2 billion. The announcement of a strategic action plan for development of the Local Currency Bond Market (LCBM) followed a customary kick-off meeting between Finance Minister Muhammad Aurangzeb and an IMF staff mission led by Iva Petro",2026-10-01T05:02:26+00:00
Tribune,local,tribune.com.pk/feed/home,GM Bashir makes strong start in Asian Games shooting,https://tribune.com.pk/story/2632226/gm-bashir-makes-strong-start-in-asian-games-shooting,2026-09-30 02:34:14+00:00,Sports,Alam Zeb Safi,"Olympian fires 289-8x to finish eighth in stage 1 of the 25m rapid fire pistol, with stage second set for Thursday",2026-10-01T05:02:26+00:00
Dawn,local,www.dawn.com/feeds/world,"Ahead of deal on Hormuz, US and Iran ramp up the rhetoric again",https://www.dawn.com/news/2033667/ahead-of-deal-on-hormuz-us-and-iran-ramp-up-the-rhetoric-again,2026-09-30 02:35:10+00:00,World,none@none.com (Agencies),"• Tehran awaiting formal reply to its proposal to reopen troubled strait; Qatari mediators trying to find common ground • Ghalibaf warns of fresh strikes if provoked; IRGC urges American voters to oppose war • Oil prices fall as Saudi Arabia resumes loading at Yanbu port; US offers 40m barrels from strategic reserve to rein in soaring fuel prices • Turkiye seizes Iranian plane; Iraqi airlines granted exemption to ferry pilgrims to Najaf WASHINGTON / TEHRAN: Ahead of a possible agreement over the Strait of Hormuz, both the US and Iran turned up the rhetoric against each other, with President Do",2026-10-01T05:02:39+00:00
Dawn,local,www.dawn.com/feeds/pakistan,"No change in Kashmir policy, US assures Islamabad",https://www.dawn.com/news/2033661/no-change-in-kashmir-policy-us-assures-islamabad,2026-09-30 02:43:59+00:00,Pakistan,none@none.com (Anwar Iqbal),"WASHINGTON: The US has assured Pakistan that its position on the Kashmir dispute remains unchanged and that Washington continues to regard the region as a disputed territory requiring a settlement between Pakistan and India, according to diplomatic sources. The assurance followed the controversial remarks by US Ambassador to India Sergio Gor, who described Jammu and Kashmir as an “important part of India” during a visit to Srinagar on Aug 19. According to Pakistani diplomatic sources, Islamabad sought clarification from Washington on whether Gor’s remarks signalled a policy shift. US officials",2026-10-01T05:02:32+00:00
Dawn,local,www.dawn.com/feeds/business,Stakeholders want tax returns date extended,https://www.dawn.com/news/2033656/stakeholders-want-tax-returns-date-extended,2026-09-30 02:58:47+00:00,Business,none@none.com (Mubarak Zeb Khan),"ISLAMABAD: As the Federal Board of Revenue (FBR) has reported an overwhelming response, with tax returns filed reaching 5.181 million by Sept 29, trade bodies and professionals are seeking an extension of the deadline, citing delays in the issuance of return forms and heavy online traffic as major hurdles in timely filing. The statutory deadline for filing tax returns is Sept 30 each year. However, historically, the date has been extended two to three times, often until the end of October. In recent years, extensions were granted with only minor penalties, but the last budget has substantially",2026-10-01T05:02:26+00:00
Tribune,local,tribune.com.pk/feed/home,"Football overload leaves players near 'breaking point', warns Tebas",https://tribune.com.pk/story/2632230/football-overload-leaves-players-near-breaking-point-warns-tebas,2026-09-30 03:02:58+00:00,Sports,AFP,The Spaniard calls for action on fixture overload,2026-10-01T05:02:26+00:00
Tribune,local,tribune.com.pk/feed/business,"PSX surrenders early gains, closes 369 points higher",https://tribune.com.pk/story/2632231/psx-gains-over-1600-points-as-imf-talks-lift-sentiment,2026-09-30 03:04:27+00:00,Business,Our Correspondent,"KSE-100 settles near 170,000 as IMF talks, bond-market reforms, proposed direct LNG imports fuel investor optimism",2026-10-01T05:02:20+00:00
Dawn,local,www.dawn.com/feeds/business,Honda Atlas ends BR-V production,https://www.dawn.com/news/2033655/honda-atlas-ends-br-v-production,2026-09-30 03:08:46+00:00,Business,none@none.com (Aamir Shafaat Khan),"KARACHI: Honda Atlas Cars Ltd (HACL) has discontinued production of the Honda BR-V. A senior executive of HACL told Dawn on Tuesday that it faced no issues procuring parts and accessories from Japan or other countries. “Actually, the vehicle has completed its lifecycle, and that’s why its production has been halted,” he added. He said he cannot say whether the company intends to bring any replacement for the BR-V in the near future, as production volumes remained low at around 25-50 units per month. The company has also removed the BR-V from its official website, while all other cars are well ",2026-10-01T05:02:26+00:00
Dawn,local,www.dawn.com/feeds/business,Securities and Exchange Commission proposes hike in loan limits,https://www.dawn.com/news/2033653/securities-and-exchange-commission-proposes-hike-in-loan-limits,2026-09-30 03:17:02+00:00,Business,none@none.com (The Newspaper's Staff Reporter),"ISLAMABAD: The Securities and Exchange Commission of Pakistan (SECP) has proposed raising the maximum loan limit for microenterprise and housing finance from non-banking microfinance companies to Rs5 million and increasing the income threshold for individual borrowers in the sector from Rs1.2m to Rs1.5m. The proposals are part of draft amendments to the Non-Banking Finance Companies and Notified Entities Regulations 2008, issued for public consultation. In order to enable non-banking finance companies to better respond to the growing financing needs of small and medium enterprises (SMEs), SECP",2026-10-01T05:02:26+00:00
BBC,international,feeds.bbci.co.uk/news/world/rss.xml,Watch: Moment a government building collapses into a river in Nepal amid floods,https://www.bbc.co.uk/news/videos/cv70d2nd6r0yo?at_medium=RSS&at_campaign=rss,2026-09-30 03:21:28+00:00,,,The municipality building in Baglung was left teetering on an unstable ledge due to floods before it fell into a river.,2026-10-01T05:02:20+00:00
Tribune,local,tribune.com.pk/feed/home,Ireland undecided on second Israel match,https://tribune.com.pk/story/2632237/ireland-undecided-on-second-israel-match,2026-09-30 03:26:32+00:00,Sports,AFP,Coach says squad remains divided over the Serbia fixture,2026-10-01T05:02:26+00:00
Dawn,local,www.dawn.com/feeds/world,Journalist enthroned as king of Uganda’s Tooro monarchy,https://www.dawn.com/news/2033635/journalist-enthroned-as-king-of-ugandas-tooro-monarchy,2026-09-30 03:57:24+00:00,World,none@none.com (Reuters),"FORT PORTAL: A former television news anchor was crowned king of Uganda’s Tooro Kingdom on Tuesday, becoming the 13th monarch of the Batooro people in a ritual-laden coronation that ended a succession dispute. Edward Rukidi Kijanangoma succeeded King Oyo Nyimba Kabamba Iguru Rukidi IV, whose death last month from cancer at age 34 triggered a feud, with his mother saying a previously undisclosed son was entitled to the throne. Uganda is a constitutional republic governed by an elected president, but four pre-colonial kingdoms remain as influential symbols of identity and heritage despite not ha",2026-10-01T05:02:39+00:00
Dawn,local,www.dawn.com/feeds/world,Police say no explosives found in UK airbase probe,https://www.dawn.com/news/2033639/police-say-no-explosives-found-in-uk-airbase-probe,2026-09-30 04:00:27+00:00,World,none@none.com (AFP),"FAIRFORD: A UK probe into a suspected bomb plot at an airbase used by the United States was mired in confusion on Tuesday, after media reported no explosives were detected in vehicles seized nearby. As armed guards maintained a cordon around a nearby village, Washington questioned the decision to release on bail five men arrested near the Royal Air Force Fairford base in southwest England. Three white vans were discovered near the base on Sunday and the men — all London-based Britons in their mid-20s — were detained. Armed police were also visible on Tuesday patrolling around the airfield used",2026-10-01T05:02:39+00:00
BBC,international,feeds.bbci.co.uk/news/world/rss.xml,Three takeaways from Trump's 'Super Intelligence' summit,https://www.bbc.co.uk/news/articles/cme30dz5vkzko?at_medium=RSS&at_campaign=rss,2026-09-30 04:01:52+00:00,,,The meeting at the White House came as some tech bosses and experts have called for tighter rules around AI.,2026-10-01T05:02:20+00:00
DW,international,rss.dw.com/xml/rss-en-all,Hungary's reckoning with Orban's corrupt system picks up speed,https://www.dw.com/en/hungary-s-reckoning-with-orban-s-corrupt-system-picks-up-speed/a-79473714?maca=en-rss-en-all-1573-xml-mrss,2026-09-30 04:37:00+00:00,World,,"Hungary's Prime Minister Peter Magyar vowed to dismantle Orban's corrupt networks. High-profile figures are being arrested and many Hungarians are pushing for swift accountability, but the rule of law takes time.",2026-10-01T05:02:20+00:00
BBC,international,feeds.bbci.co.uk/news/world/rss.xml,Girl has multiple surgeries to control infections after strike in Gaza,https://www.bbc.co.uk/news/videos/c8n5d0e0n6wdo?at_medium=RSS&at_campaign=rss,2026-09-30 05:02:50+00:00,,,Witnesses say Raseel's tent was hit by an Israeli helicopter strike. Israel’s military says it has no record of the attack.,2026-10-01T05:02:20+00:00
BBC,international,feeds.bbci.co.uk/news/business/rss.xml,"Risks being taken with heating oil orders, firm says",https://www.bbc.co.uk/news/articles/crd68d96zeq8o?at_medium=RSS&at_campaign=rss,2026-09-30 05:08:19+00:00,,,"Customers in Berkshire and Hampshire are leaving it late to refill their tanks, an oil firm says.",2026-10-01T05:02:27+00:00
Tribune,local,tribune.com.pk/feed/home,Aashir Wajahat's 'Sadqay' crosses 100 million streams on Spotify,https://tribune.com.pk/story/2632245/aashir-wajahats-sadqay-crosses-100-million-streams-on-spotify,2026-09-30 05:22:39+00:00,Life & Style,Life And Style Desk,Milestone gives the singer renewed confidence after he opened up about his fears before releasing the 2024 hit,2026-10-01T05:02:26+00:00
Dawn,local,www.dawn.com/feeds/world,Somali forces recover oil tanker carrying Pakistani crewmen over 5 months after hijacking by pirates,https://www.dawn.com/news/2033553/somali-forces-recover-oil-tanker-carrying-pakistani-crewmen-over-5-months-after-hijacking-by-pirates,2026-09-30 05:24:37+00:00,Pakistan,none@none.com (News DeskShazia Hasan),"KARACHI: Somali maritime police said on Tuesday that they had recovered the MT Honour 25 — an oil tanker hijacked by armed pirates off the coast of Puntland on April 21 — amid reports of casualties among the crew. The Honour 25 — a Palau-flagged oil tanker — had 19 crew members on board, including 10 Pakistanis. “The naval and ground units of the Puntland Maritime Police Force conducted a planned operation in the Dharin-Bar area of Bandar Beyla district,” the maritime police said in its initial statement. In another late-night statement, it announced that the operation had concluded and the re",2026-10-01T05:02:39+00:00
BBC,international,feeds.bbci.co.uk/news/business/rss.xml,Drop in donations puts community pantry at risk,https://www.bbc.co.uk/news/articles/cme30d4qkj3eo?at_medium=RSS&at_campaign=rss,2026-09-30 05:25:52+00:00,,,"St Paul's Pantry in Norton Lees say things are looking ""pretty grim"" without support.",2026-10-01T05:02:27+00:00
Tribune,local,tribune.com.pk/feed/home,Two pilots wounded after fight on Israel-bound flight forces emergency landing,https://tribune.com.pk/story/2632248/israel-bound-flight-diverted-to-saudi-arabia-after-brawl-between-pilots-israeli-official-says,2026-09-30 05:42:03+00:00,World,Reuters,Boeing 737 plane then again transmitted the initial general emergency signal before later landing at Tabuk,2026-10-01T05:02:26+00:00
Tribune,local,tribune.com.pk/feed/home,"Ayesha Omar challenges misconceptions about feminism, highlights violence against women",https://tribune.com.pk/story/2632249/ayesha-omar-challenges-misconceptions-about-feminism-highlights-violence-against-women,2026-09-30 05:46:46+00:00,Life & Style,Life And Style Desk,"Actor shares cases from Pakistan, India and US while calling for greater accountability around violence against women",2026-10-01T05:02:26+00:00
Tribune,local,tribune.com.pk/feed/business,"Gold gains Rs4,300 per tola after three-day break",https://tribune.com.pk/story/2632250/gold-gains-rs4300-per-tola-after-three-day-break,2026-09-30 05:47:45+00:00,Business,Web Desk,"Price of silver per tola increases by Rs20 to Rs6,578",2026-10-01T05:02:20+00:00
Dawn,local,www.dawn.com/feeds/world,Swedish rights prize honours Pakistani human rights lawyer Jalila Haider,https://www.dawn.com/news/2033707/swedish-rights-prize-honours-pakistani-human-rights-lawyer-jalila-haider,2026-09-30 05:54:46+00:00,World,none@none.com (AFPNews Desk),"Human rights lawyer and activist Jalila Haider on Wednesday received the Right Livelihood prize, dubbed an “alternative Nobel”. The Sweden-based Right Livelihood Foundation honoured Haider “for breaking barriers, as the first female lawyer from her Hazara community , to challenge ethnic, state and patriarchal persecution, guided by the conviction that no human being is illegal.” According to the foundation’s website, Haider in 2018 “led a seven-day hunger strike against the targeted killing of Hazaras” that led to direct negotiations between the army chief and Hazara women, “resulting in a sus",2026-10-01T05:02:39+00:00
Dawn,local,www.dawn.com/feeds/world,Bangladesh women lose ground after quota reform,https://www.dawn.com/news/2033709/bangladesh-women-lose-ground-after-quota-reform,2026-09-30 06:06:38+00:00,World,none@none.com (AFP),"Bangladesh’s 2024 student-led uprising was fuelled by a demand that coveted government jobs be awarded on merit, not through quotas. The movement succeeded, the government was overthrown, and the quota system was largely scrapped — but the reform has had unintended consequences. Women are securing a shrinking share of public sector jobs in the Muslim-majority nation of 170 million people. This photograph taken on September 16, 2026 shows Nipa Khatun, a traffic sergeant issuing a traffic violation ticket to a driver in Dhaka. —AFP Tothapi Azad, a 25-year-old Dhaka University graduate, supported",2026-10-01T05:02:39+00:00
Dawn,local,www.dawn.com/feeds/pakistan,3 terrorists killed in IBO in KP's Mir Ali: state media,https://www.dawn.com/news/2033708/3-terrorists-killed-in-ibo-in-kps-mir-ali-state-media,2026-09-30 06:18:12+00:00,Pakistan,none@none.com (News Desk),"Security forces killed three terrorists in an intelligence-based operation in the Mir Ali area of Khyber Pakhtunkhwa’s North Waziristan district, state broadcaster PTV reported on Wednesday, citing security sources. The sources added that hideouts of the Fitna al Khawarij were targeted in Mir Ali and surrounding areas. Fitna al Khawarij is a term the state uses for terrorists belonging to the banned Tehreek-i-Taliban Pakistan (TTP). A large quantity of weapons and ammunition was recovered from the terrorists killed during the operation, security sources said. According to PTV , security forces",2026-10-01T05:02:32+00:00
Tribune,local,tribune.com.pk/feed/home,Karan Johar announces final season of 'Koffee With Karan',https://tribune.com.pk/story/2632262/karan-johar-announces-final-season-of-koffee-with-karan,2026-09-30 06:25:52+00:00,Life & Style,Life And Style Desk,Filmmaker looks back on the show’s 22-year journey and says he is ready to turn his focus back to films,2026-10-01T05:02:26+00:00
Tribune,local,tribune.com.pk/feed/home,Pakistan trim Ireland tour to ODIs only,https://tribune.com.pk/story/2632264/pakistan-trim-ireland-tour-to-odis-only,2026-09-30 06:27:48+00:00,Sports,our.correpondent,PCB shelves proposed Test and triangular series as board prioritises 50-over preparations for 2027 showpiece,2026-10-01T05:02:26+00:00
Dawn,local,www.dawn.com/feeds/world,How the US controls Iraq's oil revenues,https://www.dawn.com/news/2033712/how-the-us-controls-iraqs-oil-revenues,2026-09-30 06:29:29+00:00,World,none@none.com (Reuters),"US forces are set to withdraw on Wednesday from their last bases in Iraq, a departure celebrated as a victory by Iran and its allies, which have deep influence in the country where 4,500 Americans died during more than two decades of war. Still, since its 2003 invasion of Iraq , the US has held effective control of the country’s oil revenue dollars, giving Washington extraordinary leverage over Baghdad’s affairs, with implications for regional dynamics involving Iran. How does the US control Iraq’s oil revenues? This stems primarily from the management of Iraq’s oil income through the Federal ",2026-10-01T05:02:39+00:00
Tribune,local,tribune.com.pk/feed/home,Shahid Kapoor's wife Mira Rajput joins Kareena Kapoor Khan's 'What Women Want',https://tribune.com.pk/story/2632268/shahid-kapoors-wife-mira-rajput-joins-kareena-kapoor-khans-what-women-want,2026-09-30 06:41:58+00:00,Life & Style,Life And Style Desk,New guest’s appearance comes years after Kareena’s relationship with Shahid Kapoor ended,2026-10-01T05:02:26+00:00
DW,international,rss.dw.com/xml/rss-en-all,"El Nino is a 'postcard from the future' — and could cause 451,000 excess heat deaths",https://www.dw.com/en/el-nino-is-a-postcard-from-the-future-and-could-cause-451-000-excess-heat-deaths/a-79430945?maca=en-rss-en-all-1573-xml-mrss,2026-09-30 06:49:00+00:00,Science,,"The current El Nino could cause 451,000 excess heat deaths. Researchers warn it offers a glimpse of temperatures that may become normal within 20 years.",2026-10-01T05:02:20+00:00
Dawn,local,www.dawn.com/feeds/pakistan,Pakistani special forces participate in joint training exercise Eternal Brotherhood-5,https://www.dawn.com/news/2033724/pakistani-special-forces-participate-in-joint-training-exercise-eternal-brotherhood-5,2026-09-30 07:26:40+00:00,Pakistan,none@none.com (News Desk),"Special forces from the armed forces participated in the multinational exercise Eternal Brotherhood-5, held in Uzbekistan from Sept 13 to 25, 2026, state-run PTV reported. Turkiye, Azerbaijan and Uzbekistan also took part in the exercise, while Kazakhstan attended as an observer country, according to PTV. The joint exercise aimed to “enhance cooperation, communication and professional capabilities among special forces”, PTV reported. The participating forces also exchanged experiences on modern operations, combat strategies and ways to address security challenges. “Eternal Brotherhood-5 reflec",2026-10-01T05:02:32+00:00
BBC,international,feeds.bbci.co.uk/news/business/rss.xml,Doubters spur me on: why more women are taking up DIY,https://www.bbc.co.uk/news/articles/cm89jkn232xxo?at_medium=RSS&at_campaign=rss,2026-09-30 07:27:11+00:00,,,Female DIY experts and tradeswomen talk about their experiences of a traditionally male-dominated domain.,2026-10-01T05:02:27+00:00
DW,international,rss.dw.com/xml/rss-en-all,Germany news: Volkswagen ends collective wage agreements,https://www.dw.com/en/germany-news-volkswagen-ends-collective-wage-agreements/live-79481802?maca=en-rss-en-all-1573-xml-mrss,2026-09-30 08:10:00+00:00,News,,"In an effort to cut costs, automaker Volkswagen terminated most of its collective wage agreements in Germany. This could reignite disputes with employee representatives.",2026-10-01T05:02:20+00:00
Tribune,local,tribune.com.pk/feed/home,"Model Sadia Khan mourns loss of her cousin, remembers her as an elder sister",https://tribune.com.pk/story/2632282/model-sadia-khan-mourns-loss-of-her-cousin-remembers-her-as-an-elder-sister,2026-09-30 08:34:47+00:00,Life & Style,Life And Style Desk,Shares emotional tribute on Instagram after her cousin died following a battle with liver cancer,2026-10-01T05:02:26+00:00
BBC,international,feeds.bbci.co.uk/news/world/rss.xml,'He will never walk free': Indian judge's letter promises child sex abuse survivor,https://www.bbc.co.uk/news/articles/cq7832kn4252o?at_medium=RSS&at_campaign=rss,2026-09-30 08:45:45+00:00,,,"In the emotional letter, the judge describes the survivor as ""the bravest little girl this court has ever seen"".",2026-10-01T05:02:20+00:00
Tribune,local,tribune.com.pk/feed/home,Pakistan bound to defend Saudi Arabia with ‘whatever means’ at disposal: Khawaja Asif,https://tribune.com.pk/story/2632283/pakistan-bound-to-defend-saudi-arabia-with-whatever-means-at-disposal-khawaja-asif,2026-09-30 08:59:29+00:00,Pakistan,Web Desk,Defence minister says any enemy of Saudi Arabia is an enemy of Pakistan,2026-10-01T05:02:26+00:00
BBC,international,feeds.bbci.co.uk/news/world/rss.xml,US actor Chad Lowe 'heartbroken' by death of daughter Fiona aged 13,https://www.bbc.co.uk/news/articles/c3x2z9k1zdn4o?at_medium=RSS&at_campaign=rss,2026-09-30 08:59:38+00:00,,,"Lowe and his wife Kim Painter announce the death of their daughter, who ""was the light of our lives"".",2026-10-01T05:02:20+00:00
DW,international,rss.dw.com/xml/rss-en-all,South Korea: Lost shark draws over half a million visitors,https://www.dw.com/en/south-korea-lost-shark-draws-over-half-a-million-visitors/a-79482014?maca=en-rss-en-all-1573-xml-mrss,2026-09-30 09:07:00+00:00,News,,The South Korean port of Busan says that a stranded shark has become a major tourist draw. It's also named the ocean predator an honorary ambassador to the city.,2026-10-01T05:02:20+00:00
Dawn,local,www.dawn.com/feeds/world,Mystery over UK airbase scare as police find petrol not explosives,https://www.dawn.com/news/2033734/mystery-over-uk-airbase-scare-as-police-find-petrol-not-explosives,2026-09-30 09:17:08+00:00,World,none@none.com (AFP),"A UK probe into a suspected bomb plot at an airbase used by the United States was mired in confusion, as police said no explosives but a “quantity of petrol” was found in vehicles seized nearby. Police were called to the Royal Air Force Fairford base in southwest England on Sunday after a resident saw several vans “acting suspiciously”, triggering an evacuation of the nearby village and the declaration of a “ major incident ”. “Those vehicles have been subject to extensive examination… and we can confirm that no improvised explosive devices were found. However, a quantity of petrol was recover",2026-10-01T05:02:39+00:00
DW,international,rss.dw.com/xml/rss-en-all,"Ireland will boycott Eurovision again because of Israel's participation, but the song contest is still expanding.",https://www.dw.com/en/ireland-will-boycott-eurovision-again-because-of-israel-s-participation-but-the-song-contest-is-still-expanding/a-79401752?maca=en-rss-en-all-1573-xml-mrss,2026-09-30 09:18:00+00:00,Culture,,The 2026 Eurovision Song Contest was marred by boycotts in protest against Israel's participation in the midst of its war on Gaza. It still aims to keep growing.,2026-10-01T05:02:20+00:00
DW,international,rss.dw.com/xml/rss-en-all,Is US President Donald Trump right to rename AI as 'Super Intelligence'?,https://www.dw.com/en/is-us-president-donald-trump-right-to-rename-ai-as-super-intelligence/a-79430388?maca=en-rss-en-all-1573-xml-mrss,2026-09-30 09:33:00+00:00,Business,,"Donald Trump thinks the name artificial intelligence sounds ""fake"" and has ordered US agencies to use ""Super Intelligence"" instead. Yet, tech firms and researchers have little reason to play along.",2026-10-01T05:02:20+00:00
BBC,international,feeds.bbci.co.uk/news/world/rss.xml,Singapore launches matchmaking service for government workers,https://www.bbc.co.uk/news/articles/cqzjzr893yv4o?at_medium=RSS&at_campaign=rss,2026-09-30 09:42:36+00:00,,,The launch of FirstDate comes as the ageing nation wrestles with a record-low fertility rate.,2026-10-01T05:02:20+00:00
Dawn,local,www.dawn.com/feeds/pakistan,Lahore police granted 3-day physical remand of woman in connection with Azeri national's rape case,https://www.dawn.com/news/2033731/lahore-police-granted-3-day-physical-remand-of-woman-in-connection-with-azeri-nationals-rape-case,2026-09-30 10:04:13+00:00,Pakistan,none@none.com (Wajih Ahmad Sheikh),"LAHORE: A judicial magistrate on Wednesday granted police a three-day physical remand of a woman in connection with a case of an Azeri woman’s rape. The 20-year-old Azerbaijan national had travelled to Pakistan for business purposes and was allegedly gang-raped by three men in a rented flat of a private housing society located near Raiwind on the night between Sept 25 and Sept 26. In her statement , the complainant had named two women with whom she had met before the men accused of raping her joined them. Two of those men had been arrested and were sent on a six-day physical remand on Tuesday.",2026-10-01T05:02:32+00:00
Dawn,local,www.dawn.com/feeds/pakistan,Lahore to celebrate 10-day Basant festival from Jan 29 to Feb 7 next year,https://www.dawn.com/news/2033737/lahore-to-celebrate-10-day-basant-festival-from-jan-29-to-feb-7-next-year,2026-09-30 10:12:56+00:00,Pakistan,none@none.com (Amjad Mahmood),"LAHORE: The Punjab capital will celebrate Basant for 10 days from January 29 to February 7 next year, with a one-day break on Feb 5 for Kashmir Day, under a schedule approved by Chief Minister Maryam Nawaz on Wednesday. Lahore celebrated the Basant festival earlier this year from Feb 6 to 8 after an 18-year hiatus. The festival was banned in 2007 because of an increasing number of deaths and serious injuries caused by sharp strings, particularly to motorcyclists and pillion riders, as well as by celebratory gunfire. During a meeting, the chief minister directed the authorities to make arrangem",2026-10-01T05:02:32+00:00
Dawn,local,www.dawn.com/feeds/pakistan,Tarar warns India's unilateral actions on IWT may have implications for water governance globally,https://www.dawn.com/news/2033713/tarar-warns-indias-unilateral-actions-on-iwt-may-have-implications-for-water-governance-globally,2026-09-30 10:27:54+00:00,Pakistan,none@none.com (News Desk),"Information Minister Attaullah Tarar on Wednesday warned that India’s decision to hold the Indus Waters Treaty (IWT) in abeyance could have implications for global transboundary water governance, urging the international community to take note of the “wider precedent”. Tarar made the remarks while addressing a ceremony organised by the Institute of Strategic Studies Islamabad to launch a report on the IWT issue. Water and the IWT remain a contentious issue between India and Pakistan, following New Delhi’s unilateral abeyance of the accord in April last year — a move that was followed by a brie",2026-10-01T05:02:32+00:00
BBC,international,feeds.bbci.co.uk/news/business/rss.xml,Pie shop owner gets reply from Andy Burnham,https://www.bbc.co.uk/videos/cq2dw9kykeeno?at_medium=RSS&at_campaign=rss,2026-09-30 10:29:13+00:00,,,"Chorley businessman, Paul Bowen received a reply from Prime Minister Andy Burnham, after posting a video on social media about the closure of one of his shops due to the state of the high street.",2026-10-01T05:02:27+00:00
Dawn,local,www.dawn.com/feeds/pakistan,Bahawalpur teenager sent to jail for alleged AI-assisted attempt to poison father,https://www.dawn.com/news/2033727/bahawalpur-teenager-sent-to-jail-for-alleged-ai-assisted-attempt-to-poison-father,2026-09-30 10:29:25+00:00,Pakistan,none@none.com (Wajih Ahmad Sheikh),LAHORE: A judicial magistrate on Wednesday sent a teenage suspect to jail on a 14-day judicial remand in a case of attempting to poison his father after seeking information from artificial intelligence. The National Cyber Crime Investigation Agency (NCCIA) produced the 17-year-old suspect before Judicial Magistrate Naeem Wattoo on the completion of his three-day physical remand. The magistrate asked the investigating officer (IO) whether the suspect’s father had any objection to the case. The officer replied that the father of the suspect had no objection. He also informed the magistrate that ,2026-10-01T05:02:32+00:00
BBC,international,feeds.bbci.co.uk/news/world/rss.xml,Luxury prison in Indonesia demolished after public outcry,https://www.bbc.co.uk/news/videos/cmwyz8j9j85wo?at_medium=RSS&at_campaign=rss,2026-09-30 10:41:03+00:00,,,Indonesian lawmakers on Wednesday ordered the demolition of a controversial luxury compound inside a penitentiary near the capital.,2026-10-01T05:02:20+00:00
Dawn,local,www.dawn.com/feeds/world,Iraq PM hails new era of 'sovereignty' after US-led coalition exit,https://www.dawn.com/news/2033700/iraq-pm-hails-new-era-of-sovereignty-after-us-led-coalition-exit,2026-09-30 10:47:31+00:00,World,none@none.com (AFP),"A US-led coalition deployed in Iraq more than a decade ago to fight militants concluded its mission on Wednesday, a move celebrated by the country’s leaders. Coalition troops were deployed to Iraq and Syria in 2014 to fight the Islamic State group, which had seized large swathes of territory, committing massacres and forcing thousands of women and children into slavery. The group was defeated in Iraq in 2017 and in Syria in 2019, but coalition forces stayed on to battle the group’s remnants. The United States and Iraq agreed in 2024 to wind down the coalition’s mission, and its troops withdrew",2026-10-01T05:02:39+00:00
BBC,international,feeds.bbci.co.uk/news/world/rss.xml,Couple describes relief at rescue after whale destroys their yacht,https://www.bbc.co.uk/news/videos/c6n4ken4n7n7o?at_medium=RSS&at_campaign=rss,2026-09-30 11:01:58+00:00,,,"Jeremy and Jemma Cooper were 500 miles off the coast of New Zealand when their yacht, the Tai Tam, collided with a sperm whale.",2026-10-01T05:02:20+00:00
Tribune,local,tribune.com.pk/feed/business,Govt defends purchase of 45 bulletproof vehicles for SCO summit,https://tribune.com.pk/story/2632290/govt-defends-purchase-of-45-bulletproof-vehicles-for-sco-summit,2026-09-30 11:05:13+00:00,Pakistan,Web Desk,Cabinet division rejects 'sceptical and unwarranted' criticism in the press and on social media,2026-10-01T05:02:20+00:00
Tribune,local,tribune.com.pk/feed/home,"Modi, Trump discuss India-US trade, defense, energy ties",https://tribune.com.pk/story/2632291/modi-trump-discuss-india-us-trade-defense-energy-ties,2026-09-30 11:10:06+00:00,World,Anadolu Agency,Phone talks come as two sides negotiate trade deal amid New Delhi’s concerns over US sanctions act on Russia,2026-10-01T05:02:26+00:00
BBC,international,feeds.bbci.co.uk/news/world/rss.xml,Africa's richest man launches Kenya oil refinery despite land protests,https://www.bbc.co.uk/news/articles/cmkg8dpwy25po?at_medium=RSS&at_campaign=rss,2026-09-30 11:25:12+00:00,,,The Kenya refinery is part of Dangote's ambitious bid to expand and help industralise Africa by 2030.,2026-10-01T05:02:20+00:00
BBC,international,feeds.bbci.co.uk/news/world/rss.xml,Last UK and US troops leave Iraq as anti-Islamic State mission ends,https://www.bbc.co.uk/news/articles/c65ym1dyn92mo?at_medium=RSS&at_campaign=rss,2026-09-30 11:36:23+00:00,,,"The withdrawal of coalition forces, under a deal agreed two years ago, was a key demand of the Iraqi government.",2026-10-01T05:02:20+00:00
BBC,international,feeds.bbci.co.uk/news/world/rss.xml,Botswana condemned for slaughtering 23 elephants for independence celebrations,https://www.bbc.co.uk/news/articles/cxm2qmpy57ggo?at_medium=RSS&at_campaign=rss,2026-09-30 12:06:28+00:00,,,The government authorises the hunting of elephants and dozens of other wild animals for independence day feasts.,2026-10-01T05:02:20+00:00
Dawn,local,www.dawn.com/feeds/world,"Burnham says UK should weigh post-Brexit EU options, including rejoining",https://www.dawn.com/news/2033754/burnham-says-uk-should-weigh-post-brexit-eu-options-including-rejoining,2026-09-30 12:16:03+00:00,World,none@none.com (Reuters),"Prime Minister Andy Burnham said on Wednesday that Britain should consider options for its future relationship with the European Union (EU), including rejoining the bloc, doubling down on his message that Brexit had “done more harm than good”. At his Labour Party’s annual conference on Tuesday, Burnham, who campaigned to stay in the EU in a 2016 referendum on membership, argued the nation should again consider options for “Britain’s long-term relationship with our European partners”. He said Britain’s departure from the bloc had failed to fulfil its supporters’ pledge of “taking back control”,",2026-10-01T05:02:39+00:00
Tribune,local,tribune.com.pk/feed/home,"Saudi crown prince says Makkah defence pact with Türkiye, Pakistan aims to bolster regional stability",https://tribune.com.pk/story/2632294/saudi-crown-prince-says-makkah-defence-pact-with-turkiye-pakistan-aims-to-bolster-regional-stability,2026-09-30 12:17:40+00:00,World,Anadolu Agency,Says attacks targeting GCC countries demonstrate that Gulf security and stability are 'indivisible',2026-10-01T05:02:26+00:00
DW,international,rss.dw.com/xml/rss-en-all,"Bosnia elections: Polls overshadowed by exhaustion, exodus and geopolitics as ethnic politics eclipse real problems",https://www.dw.com/en/bosnia-elections-polls-overshadowed-by-exhaustion-exodus-and-geopolitics-as-ethnic-politics-eclipse-real-problems/a-79487802?maca=en-rss-en-all-1573-xml-mrss,2026-09-30 12:45:00+00:00,World,,"Bosnia goes to the polls on October 4 to elect several parliaments and presidents. While voters worry about the economy and emigration, the campaign is focused on ethnicity, exposing the country's political paralysis.",2026-10-01T05:02:20+00:00
Tribune,local,tribune.com.pk/feed/business,"Govt decreases petrol by 14 paisas, diesel by Rs1.89 for Oct 1",https://tribune.com.pk/story/2632297/govt-decreases-petrol-by-14-paisas-diesel-by-rs189-for-oct-1,2026-09-30 12:50:39+00:00,Pakistan,Web Desk,"Petrol price decreases to Rs387.40 per litre, while HSD will cost Rs400.35",2026-10-01T05:02:20+00:00
BBC,international,feeds.bbci.co.uk/news/business/rss.xml,Greggs to cut 740 jobs and close factories,https://www.bbc.co.uk/news/videos/cj4gkn1xg6ddo?at_medium=RSS&at_campaign=rss,2026-09-30 12:54:22+00:00,,,High street bakery brand Greggs has announced plans to shut four of its factories and cut 740 jobs.,2026-10-01T05:02:27+00:00
DW,international,rss.dw.com/xml/rss-en-all,Servers at Munich's iconic Oktoberfest call for more respect,https://www.dw.com/en/servers-at-munich-s-iconic-oktoberfest-call-for-more-respect/a-79491207?maca=en-rss-en-all-1573-xml-mrss,2026-09-30 13:22:00+00:00,Culture,,"Oktoberfest is famous the world over for beer, brass band music and Bavarian traditions. But staff at the Wiesn are also reporting incidents of racism and sexism. They're taking a stand against discrimination.",2026-10-01T05:02:20+00:00
Dawn,local,www.dawn.com/feeds/pakistan,"3 Pakistanis among 5 crew lost during operation to recover ship hijacked by Somali pirates, FO confirms",https://www.dawn.com/news/2033759/3-pakistanis-among-5-crew-lost-during-operation-to-recover-ship-hijacked-by-somali-pirates-fo-confirms,2026-09-30 13:25:51+00:00,Pakistan,none@none.com (News Desk),"The Foreign Office (FO) on Wednesday expressed condolences over the death of three Pakistani nationals during an operation to recover the MT Honour 25 oil tanker, which had been hijacked by Somali pirates in April. The maritime police force of semi-autonomous Puntland said on Tuesday that it had recovered the MT Honour 25 in an operation. The Palau-flagged oil tanker had 19 crew members on board, including 10 Pakistanis. In a statement on Wednesday, FO said: “Pakistan is deeply saddened by the tragic loss of five crew members during the operation to recover the hijacked vessel, MT Honour 25, o",2026-10-01T05:02:32+00:00
DW,international,rss.dw.com/xml/rss-en-all,Manchester City Premier League charges: What do they mean?,https://www.dw.com/en/manchester-city-premier-league-charges-what-do-they-mean/a-79485638?maca=en-rss-en-all-1573-xml-mrss,2026-09-30 13:40:00+00:00,Sports,,"Since being bought by the UAE in 2008, Manchester City have become one of the world's most successful football clubs. A raft of serious financial charges threatens to undermine this and bring chaos to the Premier League.",2026-10-01T05:02:20+00:00
DW,international,rss.dw.com/xml/rss-en-all,"Lawyer of Junaid Hafeez, a Pakistai scholar imprisoned for 13 years, is hopeful for his release",https://www.dw.com/en/lawyer-of-junaid-hafeez-a-pakistai-scholar-imprisoned-for-13-years-is-hopeful-for-his-release/a-79490207?maca=en-rss-en-all-1573-xml-mrss,2026-09-30 13:59:00+00:00,World,,"A former Fullbright scholar, Junaid Hafeez was sentenced to death under Pakistan's controversial blasphemy laws. His family and lawyer told DW there is now hope a court will overturn the conviction.",2026-10-01T05:02:20+00:00
BBC,international,feeds.bbci.co.uk/news/business/rss.xml,Regulating AI 'not the right place to start' says Bailey,https://www.bbc.co.uk/news/articles/cvzez7k0pn40o?at_medium=RSS&at_campaign=rss,2026-09-30 14:00:33+00:00,,,"AI needs ""rigorous"" testing and safeguards to contain risk, Andrew Bailey says.",2026-10-01T05:02:27+00:00
DW,international,rss.dw.com/xml/rss-en-all,Iran's nuclear program remains shrouded in mystery as the regime debates ditching non-proliferation,https://www.dw.com/en/iran-s-nuclear-program-remains-shrouded-in-mystery-as-the-regime-debates-ditching-non-proliferation/a-79488197?maca=en-rss-en-all-1573-xml-mrss,2026-09-30 14:01:00+00:00,World,,Iran's nuclear program is entering a critical phase as Tehran debates dropping out of a nuclear non-proliferation treaty. Satellite images also show activity at known nuclear sites.,2026-10-01T05:02:20+00:00
Dawn,local,www.dawn.com/feeds/pakistan,"Punjab rolls out 33 mobile police stations offering 14 services, including FIR registration",https://www.dawn.com/news/2033764/punjab-rolls-out-33-mobile-police-stations-offering-14-services-including-fir-registration,2026-09-30 14:03:27+00:00,Pakistan,none@none.com (Amjad Mahmood),"LAHORE: Punjab Chief Minister Maryam Nawaz on Wednesday inaugurated 33 mobile police stations that would provide 14 services, including the registration of cases, across Punjab, an official statement said. Six of these units would be dedicated for addressing issues faced by women, the statement quoted Punjab Home Secretary Ahmad Javed Qazi as saying during a briefing on the initiative. “Under the operational framework, each mobile police station will be headed by a sub-inspector, supported by a field supervisor, a senior station assistant and male and female constables,” the statement said. Th",2026-10-01T05:02:32+00:00
Dawn,local,www.dawn.com/feeds/business,"Aleem orders NHA to work with foreign experts on road engineering, highway design",https://www.dawn.com/news/2033761/aleem-orders-nha-to-work-with-foreign-experts-on-road-engineering-highway-design,2026-09-30 14:06:20+00:00,Pakistan,none@none.com (Syed Irfan Raza),"ISLAMABAD: Communications Minister Abdul Aleem Khan directed the National Highway Authority (NHA) to work with foreign experts to improve road engineering and highway design in a meeting on Wednesday. The meeting, chaired by Aleem, reviewed the NHA’s ongoing and proposed projects, revenue enhancement, road safety and developmental programmes. The minister directed NHA officials to ensure road safety through improved engineering in the construction of new highways. He stressed that the protection of human lives must remain the top priority. He expressed reservations about the design of the M-4 ",2026-10-01T05:02:26+00:00
BBC,international,feeds.bbci.co.uk/news/business/rss.xml,The volunteers baking birthday cakes for children,https://www.bbc.co.uk/news/articles/cm74k2kkld3eo?at_medium=RSS&at_campaign=rss,2026-09-30 14:14:24+00:00,,,The Hampshire group says it has seen a rise in demand and it needs more volunteer bakers.,2026-10-01T05:02:27+00:00
Dawn,local,www.dawn.com/feeds/world,"Israeli strikes kill six people in Gaza, medics say",https://www.dawn.com/news/2033768/israeli-strikes-kill-six-people-in-gaza-medics-say,2026-09-30 14:20:12+00:00,World,none@none.com (Reuters),"Israeli strikes killed at least six Palestinians in two separate attacks in the Gaza Strip on Wednesday, the territory’s health officials said. Medics said an Israeli airstrike on a vehicle killed at least four people and wounded 14 others in Gaza City’s Tel Al-Hawa neighbourhood, while an earlier airstrike on an apartment elsewhere in the city killed a woman. Later on Wednesday, an Israeli airstrike outside a mosque in Khan Younis killed one person and wounded others, medics said, taking the day’s death toll to at least six. The Israeli military did not immediately comment on any of the repor",2026-10-01T05:02:39+00:00
DW,international,rss.dw.com/xml/rss-en-all,Germany raises Deutschlandticket price to €66.80 a month from 2027 under new cost-based formula,https://www.dw.com/en/germany-raises-deutschlandticket-price-to-€66-80-a-month-from-2027-under-new-cost-based-formula/a-79492524?maca=en-rss-en-all-1573-xml-mrss,2026-09-30 14:32:00+00:00,News,,A new cost-based formula has pushed up the price of Germany's nationwide public transport pass for 2027.,2026-10-01T05:02:20+00:00
BBC,international,feeds.bbci.co.uk/news/business/rss.xml,Household energy bills forecast to see biggest rise in four years,https://www.bbc.co.uk/news/articles/cwz0zvj4m1myo?at_medium=RSS&at_campaign=rss,2026-09-30 14:36:45+00:00,,,"A typical household faces an annual gas and electricity bill of £1,999 from January, based on a key forecast.",2026-10-01T05:02:27+00:00
Tribune,local,tribune.com.pk/feed/business,FBR extends income tax returns filing deadline to Oct 15,https://tribune.com.pk/story/2632315/fbr-extends-income-tax-returns-filing-deadline-to-oct-15,2026-09-30 14:37:41+00:00,Pakistan,Web Desk,"Notification says date has been extended to Oct 15 in view of requests from various trade bodies, tax bar associations",2026-10-01T05:02:20+00:00
BBC,international,feeds.bbci.co.uk/news/world/rss.xml,Russia launches largest attack on Ukraine energy infrastructure since spring,https://www.bbc.co.uk/news/articles/ckjw5jx2l393o?at_medium=RSS&at_campaign=rss,2026-09-30 14:53:02+00:00,,,"In total 11 regions of the country were attacked overnight, with residential buildings and railways also targeted, the Ukrainian PM says.",2026-10-01T05:02:20+00:00
BBC,international,feeds.bbci.co.uk/news/business/rss.xml,Greggs to shut four factories and cut 740 jobs,https://www.bbc.co.uk/news/articles/cm7802ylq973o?at_medium=RSS&at_campaign=rss,2026-09-30 15:03:22+00:00,,,"The company says it needs to ""keep evolving alongside changing customer expectations"".",2026-10-01T05:02:27+00:00
Dawn,local,www.dawn.com/feeds/world,"Shark stranded in South Korean canal draws 600,000 visitors as rescue bid fails",https://www.dawn.com/news/2033775/shark-stranded-in-south-korean-canal-draws-600000-visitors-as-rescue-bid-fails,2026-09-30 15:04:00+00:00,World,none@none.com (Reuters),"A shark stranded in a canal in the South Korean port of Busan has become the ​country’s latest wildlife sensation, with the city saying about 600,000 ‌people have flocked to see it over the past two weeks. The 3.5-metre shark was first spotted in a narrow waterway in North Port on September 18. As the days ​passed without the shark finding its way back to the ocean, ​authorities launched a rescue operation on Tuesday to guide it out, ⁠but the effort failed. The Coast Guard and other agencies deployed vessels to ​spray jets of water behind the shark to gently propel it toward ​the open ocean, b",2026-10-01T05:02:39+00:00
BBC,international,feeds.bbci.co.uk/news/world/rss.xml,"Ethiopia fighting escalates in Tigray killing 52 civilians, medic tells the BBC",https://www.bbc.co.uk/news/articles/c6grveejg1e2o?at_medium=RSS&at_campaign=rss,2026-09-30 15:04:32+00:00,,,"The deadly fighting has also spread to neighbouring regions, stranding tourists in Lalibela.",2026-10-01T05:02:20+00:00
BBC,international,feeds.bbci.co.uk/news/world/rss.xml,Passengers describe stabbing on Israel-bound plane,https://www.bbc.co.uk/news/videos/cv70d22kd34do?at_medium=RSS&at_campaign=rss,2026-09-30 15:07:00+00:00,,,Passengers on the Flydubai flight bound for Israel filmed the moments following the stabbing.,2026-10-01T05:02:20+00:00
DW,international,rss.dw.com/xml/rss-en-all,African leaders herald $16B Dangote oil refinery in Kenya,https://www.dw.com/en/african-leaders-herald-16b-dangote-oil-refinery-in-kenya/a-79491068?maca=en-rss-en-all-1573-xml-mrss,2026-09-30 15:11:00+00:00,News,,"An oil refinery on Kenya's coast is expected to be completed in 40 months, and will process an estimated 700,000 barrels of oil per day. Africa's richest man, Aliko Dangote, will lead the project.",2026-10-01T05:02:20+00:00
DW,international,rss.dw.com/xml/rss-en-all,Senegal's Youth Olympics makes Olympics in Africa 'logical',https://www.dw.com/en/senegal-s-youth-olympics-makes-olympics-in-africa-logical/a-79468975?maca=en-rss-en-all-1573-xml-mrss,2026-09-30 15:12:00+00:00,Sports,,The Youth Olympics are to be hosted in Africa for the first time ever. The edition in Senegal is also a chance to prove the continent can host a full Olympics in the future.,2026-10-01T05:02:20+00:00
Tribune,local,tribune.com.pk/feed/home,Response to fixed tax unsatisfactory,https://tribune.com.pk/story/2632318/response-to-fixed-tax-unsatisfactory,2026-09-30 15:29:35+00:00,Business,Shahbaz Rana,"Four new traders file returns; FBR collects Rs3.08tr in Q1, extends deadline",2026-10-01T05:02:26+00:00
Tribune,local,tribune.com.pk/feed/home,Overlap in auto environmental standards flagged,https://tribune.com.pk/story/2632321/overlap-in-auto-environmental-standards-flagged,2026-09-30 15:29:35+00:00,Business,ZAFAR BHUTTA,Science & technology ministry identifies duplication of PSQCA functions,2026-10-01T05:02:26+00:00
Tribune,local,tribune.com.pk/feed/home,"No more war impact, govt tells IMF",https://tribune.com.pk/story/2632323/no-more-war-impact-govt-tells-imf,2026-09-30 15:29:35+00:00,Business,Our Correspondent,"Lender urges adjustments in Pakistan's exchange rate, interest policies",2026-10-01T05:02:26+00:00
Tribune,local,tribune.com.pk/feed/home,Iqbal calls for creating CAREC knowledge hub,https://tribune.com.pk/story/2632320/iqbal-calls-for-creating-carec-knowledge-hub,2026-09-30 15:29:35+00:00,Business,APP,Region must move from infrastructure to information sharing to tackle challenges,2026-10-01T05:02:26+00:00
Tribune,local,tribune.com.pk/feed/home,"PSX pares gains, ends 369 points higher",https://tribune.com.pk/story/2632326/psx-pares-gains-ends-369-points-higher,2026-09-30 15:29:35+00:00,Business,Our Correspondent,"IMF talks, bond market plan, LNG import by power plants fuel optimism",2026-10-01T05:02:26+00:00
Dawn,local,www.dawn.com/feeds/pakistan,Pakistan will be there to defend Saudi Arabia in any conflict: Khawaja Asif,https://www.dawn.com/news/2033772/pakistan-will-be-there-to-defend-saudi-arabia-in-any-conflict-khawaja-asif,2026-09-30 15:54:37+00:00,Pakistan,none@none.com (News Desk),"Defence Minister Khawaja Asif has said that Pakistan was “there to help” Saudi Arabia in any conflict. “We are there to help Saudi Arabia in any conflict, whether it is coming from the Houthis or a country or any other outfit that threatens Saudi Arabia’s security. We will be there to defend them,” he said in a video clip, which appeared to be excerpted from a longer interview, published by Al Jazeera . His remarks come amid fresh fighting between the Houthis and the Yemeni government that has dragged in Riyadh, with the Houthis declaring a maritime blockade on the kingdom and targeting its sh",2026-10-01T05:02:32+00:00
Dawn,local,www.dawn.com/feeds/pakistan,Punjab Assembly panel approves Christian Marriage Bill that paves way for Nadra registration,https://www.dawn.com/news/2033778/punjab-assembly-panel-approves-christian-marriage-bill-that-paves-way-for-nadra-registration,2026-09-30 16:40:33+00:00,Pakistan,none@none.com (Amjad Mahmood),"LAHORE: A Punjab Assembly panel on Wednesday unanimously approved the Christian Marriage Bill 2026, that paves the way for mandatory official registration with the National Database and Registration Authority (Nadra) and local union councils. Approved by the Standing Committee on Human Rights and Minority Affairs, the bill — if passed by the assembly — would also raise the minimum legal age of marriage for both bride and groom to 18 years. During the meeting, chaired by MPA Raheela Khadam Hussain, the committee greenlit the draft legislation aimed at repealing and replacing the colonial-era Ch",2026-10-01T05:02:32+00:00
Tribune,local,tribune.com.pk/feed/home,Attack on bus in Syria kills seven: state news agency,https://tribune.com.pk/story/2632329/attack-on-bus-in-syria-kills-seven-state-news-agency,2026-09-30 16:50:03+00:00,World,AFP,Attackers remain unidentified as bus carrying workers comes under fire in Homs province,2026-10-01T05:02:26+00:00
DW,international,rss.dw.com/xml/rss-en-all,Germany debates alleged antisemitism in the Left Party,https://www.dw.com/en/germany-debates-alleged-antisemitism-in-the-left-party/a-79493282?maca=en-rss-en-all-1573-xml-mrss,2026-09-30 16:54:00+00:00,Germany,,"The Central Council of Jews in Germany thinks the Left Party is dangerous. Other Jews, however, are showing solidarity with the party. How does that add up?",2026-10-01T05:02:20+00:00
Dawn,local,www.dawn.com/feeds/world,Modi speaks with Trump as India seeks interim deal with US,https://www.dawn.com/news/2033785/modi-speaks-with-trump-as-india-seeks-interim-deal-with-us,2026-09-30 17:03:47+00:00,World,none@none.com (Reuters),"Indian Prime Minister Narendra Modi and US President Donald Trump agreed to maintain close engagement to advance the countries’ strategic partnership, New Delhi said on Wednesday, as India’s trade minister holds talks in the United States aimed at securing an interim trade deal. In a telephone conversation, Modi and Trump reviewed bilateral cooperation in trade, defence, energy and critical technologies, the Indian prime minister said in a post on X. “We agreed to maintain close engagement to take our Comprehensive Global Strategic Partnership forward,” Modi wrote. “We also exchanged views on ",2026-10-01T05:02:39+00:00
BBC,international,feeds.bbci.co.uk/news/world/rss.xml,Six smugglers jailed for manslaughter over worst Channel small boats disaster,https://www.bbc.co.uk/news/articles/c6n8m33pn9djo?at_medium=RSS&at_campaign=rss,2026-09-30 17:14:03+00:00,,,Thirty-one migrants died when their boat went down in November 2021. The trial found that the guilty men were part of two smuggling networks.,2026-10-01T05:02:20+00:00
DW,international,rss.dw.com/xml/rss-en-all,Are the Houthis winning against Saudi Arabia?,https://www.dw.com/en/are-the-houthis-winning-against-saudi-arabia/a-79492476?maca=en-rss-en-all-1573-xml-mrss,2026-09-30 17:23:00+00:00,World,,"It's unclear how the Saudis can defuse the threat presented by the Houthis in next-door Yemen or who they can turn to for help. The US isn't interested, the Europeans are hedging and nobody wants open conflict with Iran.",2026-10-01T05:02:20+00:00
DW,international,rss.dw.com/xml/rss-en-all,"France's Macron, Spain's Sanchez welcome idea of UK rejoining EU after Burnham remarks",https://www.dw.com/en/france-s-macron-spain-s-sanchez-welcome-idea-of-uk-rejoining-eu-after-burnham-remarks/a-79493469?maca=en-rss-en-all-1573-xml-mrss,2026-09-30 17:34:00+00:00,News,,"During a visit to Spain, France's Emmanuel Macron said it would be ""good news"" if the UK moves towards the EU, with Pedro Sanchez also embracing the idea. UK PM Andy Burnham has not ruled out rejoining the bloc.",2026-10-01T05:02:20+00:00
Dawn,local,www.dawn.com/feeds/pakistan,"UN experts call for immediate release of Imaan and Hadi, dropping 'unfounded charges' against the couple",https://www.dawn.com/news/2033782/un-experts-call-for-immediate-release-of-imaan-and-hadi-dropping-unfounded-charges-against-the-couple,2026-09-30 17:40:19+00:00,Pakistan,none@none.com (News Desk),"United Nations experts called for the immediate release of human rights lawyers Imaan Zainab Mazari-Hazir and her husband, Hadi Ali Chattha, on Wednesday and expressed alarm over their re-arrest. On January 24, an Islamabad sessions court sentenced Imaan and Hadi to a total of 17 years in jail on multiple charges under the Prevention of Electronic Crimes Act (Peca) in a case pertaining to social media posts. The convictions of the couple were widely condemned by lawyers and United Nations (UN) experts . On Sept 17, the apex court suspended the couple’s sentences in the controversial social med",2026-10-01T05:02:32+00:00
Dawn,local,www.dawn.com/feeds/pakistan,"Govt defends decision to buy 45 bulletproof vehicles for SCO moot, says available 2016 models 'far below' standards",https://www.dawn.com/news/2033788/govt-defends-decision-to-buy-45-bulletproof-vehicles-for-sco-moot-says-available-2016-models-far-below-standards,2026-09-30 17:59:58+00:00,Pakistan,none@none.com (Syed Irfan Raza),"ISLAMABAD: The government on Wednesday justified its decision to purchase 45 bulletproof vehicles for the Shanghai Cooperation Organisation’s (SCO) Council of Heads of State moot in Islamabad next year, stressing the need for ensuring “maximum possible level of protection” during the summit and citing Pakistan’s “security paradigm”. The justification came in a press release by the Cabinet Division, which said “certain sceptical and unwarranted comments have appeared in the press and social media on the purchase of 45 bulletproof vehicles […] which seem to have missed the context and perspectiv",2026-10-01T05:02:32+00:00
Dawn,local,www.dawn.com/feeds/pakistan,Minister says federal govt 'seriously considering' imposition of emergency in KP,https://www.dawn.com/news/2033784/minister-says-federal-govt-seriously-considering-imposition-of-emergency-in-kp,2026-09-30 18:09:26+00:00,Pakistan,none@none.com (News Desk),"Parliamentary Affairs Minister Tariq Fazal Chaudhry said on Wednesday that the federal government was “seriously considering” imposing an emergency in Khyber Pakhtunkhwa. The government has threatened to send the PTI government in KP packing by imposing governor’s rule or an emergency if the provincial leadership does not withdraw its plan to march on Islamabad on Oct 4 . The march — which the PTI has announced as part of its nationwide protest to demand the release of its founder, Imran Khan — remains a major bone of contention between the government and the main opposition party, with both t",2026-10-01T05:02:32+00:00
Dawn,local,www.dawn.com/feeds/business,"Govt reduces petrol price by Re0.14 per litre, high-speed diesel rate by Rs1.89",https://www.dawn.com/news/2033780/govt-reduces-petrol-price-by-re014-per-litre-high-speed-diesel-rate-by-rs189,2026-09-30 18:13:24+00:00,Business,none@none.com (News Desk),"if (!window._rawHtmlListenerAttached) { window._rawHtmlListenerAttached = true; window.addEventListener('message', function(event) { if (event.data && event.data.type === 'raw-html-resize' && event.data.id) { var iframe = document.getElementById(event.data.id); if (iframe) { var height = Math.min(Math.max(event.data.height, 50), 30000); iframe.style.height = height + 'px'; } } }); } The government on Wednesday reduced the price of petrol by Re0.14 per litre and that of high-speed diesel (HSD) by Rs1.89 per litre. Following the revision, petrol will retail at Rs387.40 per litre, while HSD will ",2026-10-01T05:02:26+00:00
Tribune,local,tribune.com.pk/feed/home,PTI mulls southern route for Oct 4 long march,https://tribune.com.pk/story/2632339/pti-mulls-southern-route-for-oct-4-long-march,2026-09-30 18:39:59+00:00,Pakistan,Ahtesham Bashir,A final decision is expected at the political committee meeting scheduled this week,2026-10-01T05:02:26+00:00
Tribune,local,tribune.com.pk/feed/home,TTAP irked by PPP leader's 'U-turn',https://tribune.com.pk/story/2632344/ttap-irked-by-ppp-leaders-u-turn,2026-09-30 18:39:59+00:00,Pakistan,Rameez Khan,Bukhari says he has not changed his position on governor's rule,2026-10-01T05:02:26+00:00
Tribune,local,tribune.com.pk/feed/home,Sindh records country's biggest rainfall deficit,https://tribune.com.pk/story/2632341/sindh-records-countrys-biggest-rainfall-deficit,2026-09-30 18:39:59+00:00,Pakistan,Aftab Khan,Province gets 51% less rain; Karachi faces 92% shortfall,2026-10-01T05:02:26+00:00
Tribune,local,tribune.com.pk/feed/home,New checks target offloadings,https://tribune.com.pk/story/2632347/new-checks-target-offloadings,2026-09-30 18:39:59+00:00,Pakistan,Talib Fareedi,Govt begins pre-immigration scrutiny at airports,2026-10-01T05:02:26+00:00
Dawn,local,www.dawn.com/feeds/world,Israel-bound plane rerouted to Saudi Arabia; pilots wounded in reported fight,https://www.dawn.com/news/2033728/israel-bound-plane-rerouted-to-saudi-arabia-pilots-wounded-in-reported-fight,2026-09-30 18:59:09+00:00,World,none@none.com (Reuters),"Two pilots were wounded after they reportedly fought on board the plane they were flying from Dubai to Tel Aviv, and which was forced to make an emergency landing in Saudi Arabia on Wednesday. The flydubai plane landed in Tabuk at 9:45 am (11:45am PKT) and its “captain and copilot were found to have injuries and were transported to hospital”, a statement from the company operating the airport said. The low-cost carrier had earlier said flight FZ 1073 “experienced an incident while en route”. “The aircraft has landed safely in Tabuk Airport (TUU) and all passengers are safe and accounted for.” ",2026-10-01T05:02:39+00:00
DW,international,rss.dw.com/xml/rss-en-all,Flydubai pilot investigated over possible attempt to crash Tel Aviv-bound flight,https://www.dw.com/en/flydubai-pilot-investigated-over-possible-attempt-to-crash-tel-aviv-bound-flight/a-79484761?maca=en-rss-en-all-1573-xml-mrss,2026-09-30 19:13:00+00:00,News,,A Flydubai service from the UAE to Israel made an emergency landing after the copilot stabbed the captain. Eyewitnesses said he attempted to crash the plane before he was subdued by passengers.,2026-10-01T05:02:20+00:00
DW,international,rss.dw.com/xml/rss-en-all,Five EU states plan first deportation center in Africa for 2027,https://www.dw.com/en/five-eu-states-plan-first-deportation-center-in-africa-for-2027/a-79490162?maca=en-rss-en-all-1573-xml-mrss,2026-09-30 19:16:00+00:00,World,,"Greece, Germany, Austria, Denmark and the Netherlands are moving forward with plans to establish deportation centers outside the EU. An African partner country has reportedly already been selected.",2026-10-01T05:02:20+00:00
Dawn,local,www.dawn.com/feeds/business,FBR extends deadline for filing income tax returns to Oct 15,https://www.dawn.com/news/2033760/fbr-extends-deadline-for-filing-income-tax-returns-to-oct-15,2026-09-30 19:44:16+00:00,Business,none@none.com (News Desk),"The Federal Board of Revenue (FBR) on Wednesday extended the cutoff date for filing income tax returns for 2026 to Oct 15, hours before the deadline was set to expire by the end of Sept 30. The notification posted on the FBR’s X account, said: “The Federal Board of Revenue is pleased to communicate that the date of filing of income tax return for Tax Year 2026, for the persons who are required to file their returns by September 30, 2026, is hereby extended up to October 15, 2026 in view of the requests from various trade bodies and tax bar associations.” The announcement came hours after the F",2026-10-01T05:02:26+00:00
Tribune,local,tribune.com.pk/feed/home,"Islamabad, New Delhi strike cordial SCO note",https://tribune.com.pk/story/2632350/islamabad-new-delhi-strike-cordial-sco-note,2026-09-30 19:58:33+00:00,Pakistan,Kamran Yousaf,"India's SCO envoy warmly greets Ishaq Dar, cordial moment follows fresh UNGA tensions",2026-10-01T05:02:26+00:00
Tribune,local,tribune.com.pk/feed/home,"Shehbaz backs Xi's global initiatives, partnership",https://tribune.com.pk/story/2632353/shehbaz-backs-xis-global-initiatives-partnership,2026-09-30 19:58:33+00:00,Pakistan,Our Correspondent,PM reaffirms Pakistan-China ties as nations mark 75 years,2026-10-01T05:02:26+00:00
Tribune,local,tribune.com.pk/feed/home,"Divorce, khula cases swamp family courts",https://tribune.com.pk/story/2632363/divorce-khula-cases-swamp-family-courts,2026-09-30 21:18:54+00:00,Punjab,Qaiser Shirazi,"Courts receive 10,103 cases, including divorce and khula, in first nine months of 2026",2026-10-01T05:02:26+00:00
Tribune,local,tribune.com.pk/feed/home,Mystery surrounds death of two brothers,https://tribune.com.pk/story/2632362/mystery-surrounds-death-of-two-brothers,2026-09-30 21:18:54+00:00,Punjab,Our Correspondent,Police seize bottles from the scene; await forensic and post-mortem reports,2026-10-01T05:02:26+00:00
Tribune,local,tribune.com.pk/feed/home,KU left in limbo as VC heads abroad,https://tribune.com.pk/story/2632368/ku-left-in-limbo-as-vc-heads-abroad,2026-09-30 21:36:39+00:00,Sindh,Safdar Rizvi,46k-student varsity gets yet another temporary head as permanent appointment remains stuck,2026-10-01T05:02:26+00:00
BBC,international,feeds.bbci.co.uk/news/world/rss.xml,Flydubai passenger describes putting attacker in chokehold after cockpit stabbing,https://www.bbc.co.uk/news/articles/cmx2z92xx57no?at_medium=RSS&at_campaign=rss,2026-09-30 21:38:54+00:00,,,"Other passengers on the Israel-bound flight described the ""terrifying"" moment the plane dropped.",2026-10-01T05:02:20+00:00
BBC,international,feeds.bbci.co.uk/news/world/rss.xml,Trekkers helicoptered off mountains as more deadly landslides hit Nepal,https://www.bbc.co.uk/news/articles/c607l4l3vn0eo?at_medium=RSS&at_campaign=rss,2026-09-30 22:01:16+00:00,,,"A month after mass catastrophic flooding, around 30 people have died in landslides and heavy rain.",2026-10-01T05:02:20+00:00
DW,international,rss.dw.com/xml/rss-en-all,"Gaza: NGO reports dire camp conditions, says Israel is moving 'Yellow Line'",https://www.dw.com/en/gaza-ngo-reports-dire-camp-conditions-says-israel-is-moving-yellow-line/a-79488777?maca=en-rss-en-all-1573-xml-mrss,2026-09-30 22:10:00+00:00,News,,"The Danish Refugee Council alleges that Israel is employing ""a policy of protracted displacement"" in Gaza. It says the so-called ""Yellow Line"" is creeping west toward the coast, preventing many from returning home.",2026-10-01T05:02:20+00:00
Tribune,local,tribune.com.pk/feed/home,Lahore skies set for 10-day Basant,https://tribune.com.pk/story/2632377/lahore-skies-set-for-10-day-basant,2026-09-30 22:12:27+00:00,Punjab,Imran Adnan,Punjab CM approves rescheduling of festival,2026-10-01T05:02:26+00:00
Tribune,local,tribune.com.pk/feed/home,Inflation pushes Peshawar families into debt,https://tribune.com.pk/story/2632384/inflation-pushes-peshawar-families-into-debt,2026-09-30 22:28:55+00:00,Khyber Pakhtunkhwa,Wisal Yousafzai,Overall prices of essential goods and services have risen by 35 to 40 per cent,2026-10-01T05:02:26+00:00
Tribune,local,tribune.com.pk/feed/home,Doctors escalate strike after LRH assault,https://tribune.com.pk/story/2632383/doctors-escalate-strike-after-lrh-assault,2026-09-30 22:28:55+00:00,Khyber Pakhtunkhwa,Shahida Parveen,Incident prompts boycott amid salary standoff,2026-10-01T05:02:26+00:00
Tribune,local,tribune.com.pk/feed/home,Hayatabad Toll Plaza underpass inaugurated,https://tribune.com.pk/story/2632382/hayatabad-toll-plaza-underpass-inaugurated,2026-09-30 22:28:55+00:00,Khyber Pakhtunkhwa,Our Correspondent,Rs1.6b project completed in 90 days to ease congestion,2026-10-01T05:02:26+00:00
BBC,international,feeds.bbci.co.uk/news/business/rss.xml,Energy bills are going up - here's what you can do about it,https://www.bbc.co.uk/news/articles/crm4rygl4m3o?at_medium=RSS&at_campaign=rss,2026-09-30 23:01:32+00:00,,,Household energy bills have risen again but there are ways to keep a lid on your expenditure.,2026-10-01T05:02:27+00:00
DW,international,rss.dw.com/xml/rss-en-all,France: Hundreds arrested as student protests escalate,https://www.dw.com/en/france-hundreds-arrested-as-student-protests-escalate/a-79495633?maca=en-rss-en-all-1573-xml-mrss,2026-09-30 23:02:00+00:00,News,,"Student protests have grown in scale and intensity, with violent clashes in some places leading to hundreds of arrests and dozens of injuries.",2026-10-01T05:02:20+00:00
BBC,international,feeds.bbci.co.uk/news/business/rss.xml,Vape prices to rise as new tax takes effect,https://www.bbc.co.uk/news/articles/c6j4jrjgv2j7o?at_medium=RSS&at_campaign=rss,2026-09-30 23:02:11+00:00,,,Vaping is about to becoming more expensive due to a new tax on products.,2026-10-01T05:02:27+00:00
BBC,international,feeds.bbci.co.uk/news/business/rss.xml,The AI telling farmers when to harvest,https://www.bbc.co.uk/news/articles/cgk53dkmyxko?at_medium=RSS&at_campaign=rss,2026-09-30 23:02:21+00:00,,,"Will farmers want AI tools to help judge when to pick fruit, or is their own intuition enough?",2026-10-01T05:02:27+00:00
BBC,international,feeds.bbci.co.uk/news/world/rss.xml,Putin shows no sign of stopping the war as Russia doubles down on Ukraine,https://www.bbc.co.uk/news/articles/cqx2ze420kpyo?at_medium=RSS&at_campaign=rss,2026-09-30 23:10:06+00:00,,,"A foreign policy speech by the Russian president will be keenly watched, but all signs point to the full-scale invasion continuing.",2026-10-01T05:02:20+00:00
BBC,international,feeds.bbci.co.uk/news/world/rss.xml,Tiny image sparks big backlash in Nikon photo contest,https://www.bbc.co.uk/news/articles/ck4gjn1yzprno?at_medium=RSS&at_campaign=rss,2026-09-30 23:10:19+00:00,,,Dr Ning Xu denies he broke the rules of Nikon's annual Small World In Motion contest.,2026-10-01T05:02:20+00:00
BBC,international,feeds.bbci.co.uk/news/world/rss.xml,China has cracked down on AI relationships. Is it ahead of the game?,https://www.bbc.co.uk/news/articles/cm4gjy9lr551o?at_medium=RSS&at_campaign=rss,2026-09-30 23:25:23+00:00,,,Beijing has cracked down on AI chatbots that can replicate human relationships. Experts are asking if this is the right thing to do.,2026-10-01T05:02:20+00:00
BBC,international,feeds.bbci.co.uk/news/world/rss.xml,The children dying in India's remote tribal heartland,https://www.bbc.co.uk/news/articles/cmn9wr84v1qno?at_medium=RSS&at_campaign=rss,2026-09-30 23:41:34+00:00,,,At least 32 children have died in India's Balaghat district since May amid outbreaks of measles and malaria.,2026-10-01T05:02:20+00:00
BBC,international,feeds.bbci.co.uk/news/world/rss.xml,"Swiss glaciers suffer 'disastrous' year of ice loss, threatening water supplies",https://www.bbc.co.uk/news/articles/c6n9w0ypjwl9o?at_medium=RSS&at_campaign=rss,2026-10-01 00:08:23+00:00,,,Scientists say such rapid melting is no longer surprising given the pace of climate change.,2026-10-01T05:02:20+00:00
BBC,international,feeds.bbci.co.uk/news/world/rss.xml,"California bans child marriage, a practice still legal in 32 US states",https://www.bbc.co.uk/news/articles/c6rm9mnn0w3eo?at_medium=RSS&at_campaign=rss,2026-10-01 00:57:04+00:00,,,"Gov Gavin Newsom called it a ""long overdue measure to protect young Californians"".",2026-10-01T05:02:20+00:00
DW,international,rss.dw.com/xml/rss-en-all,"US military cuts generals, admirals by 20%, Hegseth says",https://www.dw.com/en/us-military-cuts-generals-admirals-by-20-hegseth-says/a-79495683?maca=en-rss-en-all-1573-xml-mrss,2026-10-01 01:45:00+00:00,News,,"The US defense secretary has also unveiled major changes, including a new drone command and an Elon Musk-led task force to assess the future of warfare.",2026-10-01T05:02:20+00:00
Dawn,local,www.dawn.com/feeds/latest-news,"Revenue surge, subsidy plans sit well with IMF",https://www.dawn.com/news/2033886/revenue-surge-subsidy-plans-sit-well-with-imf,2026-10-01 02:01:57+00:00,Pakistan,none@none.com (Khaleeq Kiani),• Country exceeds first-quarter revenue target despite economic pressures • Plan to replace power subsidies with targeted BISP support reviewed ISLAMABAD: Robust revenue collection and preparedness to shift electricity subsidies entirely to the Benazir Income Sup­port Programme (BISP) mechanism have placed Pakistan on a positive trajectory in ongoing talks with the International Monetary Fund (IMF). An IMF mission led by Iva Petrova concluded discussions on Wednesday with Federal Board of Revenue (FBR) authorities. Informed sources said the talks highlighted that Pakistan surpassed its first-q,2026-10-01T05:02:20+00:00
Dawn,local,www.dawn.com/feeds/pakistan,Govt working to repatriate sailors after tanker recovered,https://www.dawn.com/news/2033888/govt-working-to-repatriate-sailors-after-tanker-recovered,2026-10-01 02:01:57+00:00,Pakistan,none@none.com (Shazia Hasan),"• FO confirms death of three Pakistani nationals; three others injured by pirates receiving treatment in Puntland • Families question rescue operation, seek return of the dead and injured • Rights groups blame ‘communication gap’ as Islamabad does not recognise Puntland KARACHI / ISLAMABAD: The Foreign Office on Wednesday confirmed that three Pakistanis were among five crew members killed aboard the hijacked oil tanker MT Honour 25 before the vessel was recovered by Puntland security forces, as families of the dead and injured seamen appealed to the government to bring their loved ones home. T",2026-10-01T05:02:32+00:00
Dawn,local,www.dawn.com/feeds/latest-news,Judicial sympathy cannot override remission law: FCC,https://www.dawn.com/news/2033879/judicial-sympathy-cannot-override-remission-law-fcc,2026-10-01 02:02:11+00:00,Pakistan,none@none.com (Nasir Iqbal),"ISLAMABAD: The Federal Cons­titutional Court (FCC) on Wed­nes­day ruled that judicial sympathy should not be permitted to override statutory commands in cases of excessive remission granted to prisoners. “Where the sentence relates to an offence punishable with heinous crimes and the legislature has consciously prescribed safeguards to ensure that a sentence of imprisonment for life retains its substantive penal content, judicial sympathy cannot be permitted to override statutory commands,” observed Justice Rozi Khan Barrech. Justice Barrech was heading a two-judge FCC Branch Registry Quetta b",2026-10-01T05:02:20+00:00
Dawn,local,www.dawn.com/feeds/latest-news,FBR unearths Rs9.41bn wealth fraud,https://www.dawn.com/news/2033866/fbr-unearths-rs941bn-wealth-fraud,2026-10-01 02:02:28+00:00,Business,none@none.com (The Newspaper's Staff Reporter),"ISLAMABAD: The Federal Board of Revenue (FBR) has uncovered a fraud in which taxpayers illegally amended previous wealth statements to declare unexplained assets worth Rs9.41 billion. The FBR said on Wednesday that it has registered a criminal case under the Anti-Money Laundering Act 2010, and is processing further cases. The Directorate General of Intelligence and Investigation (Inland Revenue) unearthed the fraud through a detailed analysis of FBR’s database, supported by Pakistan Revenue Automation Ltd (PRAL). The analysis identified 85 taxpayers who, between March 2025 and June 2026, revis",2026-10-01T05:02:20+00:00
Dawn,local,www.dawn.com/feeds/latest-news,T-bill yields jump beyond policy rate,https://www.dawn.com/news/2033864/t-bill-yields-jump-beyond-policy-rate,2026-10-01 02:02:28+00:00,Business,none@none.com (Shahid Iqbal),"KARACHI: The government on Wednesday raised the cut-off yields on treasury bills by up to 75 basis points, significantly surpassing returns on risk-free papers above the State Bank of Pakistan’s policy rate of 11.5 per cent. In the latest T-bill auction, the government raised profit rates on all tenors, fuelling speculation in the financial market about a possible interest rate hike at the next SBP Monetary Policy Committee meeting on Oct 26. The largest increase of 75bps was recorded in the benchmark six-month treasury bills, with the rate rising to 12.45pc from 11.70pc in the previous auctio",2026-10-01T05:02:20+00:00
Dawn,local,www.dawn.com/feeds/latest-news,LPG gets 8pc costlier ahead of winter,https://www.dawn.com/news/2033865/lpg-gets-8pc-costlier-ahead-of-winter,2026-10-01 02:02:28+00:00,Business,none@none.com (Khaleeq Kiani),"ISLAMABAD: Ahead of winter, the Oil and Gas Regulatory Authority (Ogra) on Wednesday notified an eight per cent increase in liquefied petroleum gas (LPG), raising the cost of the 11.8kg domestic cylinder by Rs244.14 for October following a surge in the global market. In a notification, Ogra set the price of LPG at Rs279.34 per kg for October, up from Rs258.64 per kg in September, an increase of about Rs21 per kg. As such, the price of the 11.8kg domestic cylinder was set at Rs3,296.23 for October against Rs3,052.09 in September. According to Ogra’s calculation, the producer price of LPG (40pc ",2026-10-01T05:02:20+00:00
Dawn,local,www.dawn.com/feeds/latest-news,IHC questions 7-year moratorium on OMCs,https://www.dawn.com/news/2033867/ihc-questions-7-year-moratorium-on-omcs,2026-10-01 02:02:28+00:00,Business,none@none.com (Malik Asad),"ISLAMABAD: The Islamabad High Court (IHC) has sought a comprehensive report from the Oil and Gas Regulatory Authority (Ogra) on the continued operation of a moratorium on the establishment of new oil marketing companies (OMCs), which was imposed in 2019 as an interim measure but has allegedly remained in force for nearly seven years. Justice Arbab Muhammad Tahir issued notices to the respondents while hearing a petition filed by Fuelex Petroleum Pvt Ltd, challenging Ogra’s refusal to entertain its application for an OMC licence. The petitioner has challenged an April 14, 2026 letter issued by ",2026-10-01T05:02:20+00:00
Dawn,local,www.dawn.com/feeds/latest-news,India’s opposition parties call for protests over ‘vote theft’,https://www.dawn.com/news/2033915/indias-opposition-parties-call-for-protests-over-vote-theft,2026-10-01 02:02:44+00:00,World,none@none.com (AFP),"NEW DELHI: India’s opposition parties announced on Wednesday planned protests to “save democracy”, escalating their campaign against the election commission after a newspaper investigation suggested impropriety in a large-scale voter roll revision. Politicians have accused the head of the Election Commission of India — long regarded as the guardian of the world’s largest democracy — of acting at the behest of Prime Minister Narendra Modi’s Hindu nationalist Bharatiya Janata Party. The election body has rejected the allegations, saying all its decisions were legally valid, while its chief Gyane",2026-10-01T05:02:20+00:00
Dawn,local,www.dawn.com/feeds/pakistan,PM to gather allies as tensions with PTI mount,https://www.dawn.com/news/2033889/pm-to-gather-allies-as-tensions-with-pti-mount,2026-10-01 02:22:52+00:00,Pakistan,none@none.com (Syed Irfan Raza),"• Shehbaz to meet PPP leaders to discuss KP issues, protest threat • Sherry, Qamar meet PML-N leaders • Tariq Fazal says ‘emergency’ in KP under consideration due to ‘terrorism’ • Nayyar Bokhari urges talks, says Constitution provides remedies if govt fails to fulfil responsibilities ISLAMABAD: As political challenges mount for the PML-N government in light of multiple planned protests, Prime Minister Shehbaz Sharif plans to hold extensive consultations with his allies to discuss the political and security situation, particularly in Khyber Pakht­unkhwa ruled by archrival PTI. A source in the P",2026-10-01T05:02:32+00:00
BBC,international,feeds.bbci.co.uk/news/world/rss.xml,What we know about stabbing on Flydubai flight to Israel,https://www.bbc.co.uk/news/articles/cqjdv7pmj9dno?at_medium=RSS&at_campaign=rss,2026-10-01 02:31:24+00:00,,,"A pilot has been arrested and is being questioned after another pilot was stabbed, officials say.",2026-10-01T05:02:20+00:00
Dawn,local,www.dawn.com/feeds/latest-news,IHC asks govt to settle Afghan students’ stay issue in 30 days,https://www.dawn.com/news/2033885/ihc-asks-govt-to-settle-afghan-students-stay-issue-in-30-days,2026-10-01 02:45:44+00:00,Pakistan,none@none.com (Malik Asad),"ISLAMABAD: The Islamabad High Court (IHC) on Wednesday disposed of a writ petition filed by 87 Afghan national students seeking extension of their study visas, converting the case into a representation to be decided by the Ministry of Interior within 30 days regarding their stay in Pakistan. The order was passed by Justice Khadim Hussain Soomro on the petition of Ms Atta Reda and others vs the Federation of Pakistan and others. The petitioners, 87 Afghan nationals currently pur­suing undergraduate and postgraduate degrees in recognised Pakistani educational institutions, had filed the writ pet",2026-10-01T05:02:20+00:00
Dawn,local,www.dawn.com/feeds/latest-news,Iran gets US response as Washington pulls out of Iraq,https://www.dawn.com/news/2033884/iran-gets-us-response-as-washington-pulls-out-of-iraq,2026-10-01 02:56:25+00:00,World,none@none.com (Agencies),"• Tehran says it looks forward to restoring Islamabad MoU • Official says both sides largely agree on required steps but still disagree about the order in which to take them • US withdrawal from Iraq hailed as historic win • Trump says ‘time to go home’ after ‘victory’ BAGHDAD: The Iranian government claimed to have received a US response to its latest proposal to revive the collapsed ceasefire in the Gulf, while Trump insisted on Wednesday the US had “virtually total control” over the Strait of Hormuz. The official response was conveyed at a time when US-led coalition forces deployed in Iraq ",2026-10-01T05:02:20+00:00
Dawn,local,www.dawn.com/feeds/latest-news,Dar reviews SCO summit preparations,https://www.dawn.com/news/2033870/dar-reviews-sco-summit-preparations,2026-10-01 03:06:26+00:00,Pakistan,none@none.com (Syed Irfan Raza),"• SCO national coordinators call on FM, stress practical cooperation ahead of 2027 summit • Govt defends plan to procure 45 bulletproof vehicles for multilateral moot ISLAMABAD: Foreign Minister Ishaq Dar reviewed preparations for the Shanghai Cooperation Organisation (SCO) summit to be held in the federal capital next year, as a delegation comprising SCO national coordinators and other officials called on him at the foreign ministry office on Wednesday. FM Dar expressed satisfaction with the preparations and directed all departments to ensure close coordination, as he reviewed preparations fo",2026-10-01T05:02:20+00:00
Dawn,local,www.dawn.com/feeds/latest-news,Lahore ranked among cities with ‘extremely poor’ ozone levels,https://www.dawn.com/news/2033869/lahore-ranked-among-cities-with-extremely-poor-ozone-levels,2026-10-01 03:08:58+00:00,Pakistan,none@none.com (AFP),"PARIS: Highlighting the close relationship between climate change and air pollution, a new analysis by the EU’s Copernicus Climate Atmosphere Monitoring Service (CAMS) has ranked Lahore among cities whose ozone levels are “extremely poor”. Heatwaves and wildfires combined with human-caused emissions this year to expose one third of the world’s population to extremely high levels of ozone pollution, said the report, released on Wednesday. When heat and sunlight react with airborne emissions from wildfires, vehicles and industry, they create ground-level ozone pollution. At this level, ozone is ",2026-10-01T05:02:20+00:00
DW,international,rss.dw.com/xml/rss-en-all,Swiss glaciers lose more than 5% in ice volume in 2026,https://www.dw.com/en/swiss-glaciers-lose-more-than-5-in-ice-volume-in-2026/a-79495965?maca=en-rss-en-all-1573-xml-mrss,2026-10-01 03:13:00+00:00,News,,"Over the last five years, Swiss glaciers have lost nearly 20% of their mass, and 2026 saw the second-biggest loss of glacier volume on record. Experts warn there could be no ice left in the next 10-15 years.",2026-10-01T05:02:20+00:00
Dawn,local,www.dawn.com/feeds/latest-news,PTI rules out delaying Oct 4 march,https://www.dawn.com/news/2033883/pti-rules-out-delaying-oct-4-march,2026-10-01 03:27:22+00:00,Pakistan,none@none.com (Faiz Muhammad),"Former National Assembly Speaker Asad Qaiser briefs the media at the residence of MNA Fazal Mohammad Khan.—Dawn • Former NA speaker Asad Qaiser says party will proceed as planned • Emergency or governor’s rule could benefit ‘non-democratic powers’, warns Barrister Gohar CHARSADDA: The PTI leadership on Wednesday reiterated that the party would not postpone its protest march scheduled for Oct­o­ber 4, warning the governm­e­­nt that imposing emergency or governor’s rule in Khyber Pakht­un­khwa would not resolve the issue. Talking to reporters at the Sheikhabad residence of MNA Fazal Mohammad Kha",2026-10-01T05:02:20+00:00
Dawn,local,www.dawn.com/feeds/latest-news,Asian Development Bank backs ML-1 modernisation,https://www.dawn.com/news/2033863/asian-development-bank-backs-ml-1-modernisation,2026-10-01 03:31:09+00:00,Business,none@none.com (Amin Ahmed),"ISLAMABAD: After extensive consultations with the government, the Asian Development Bank (ADB) is finalising a $1.1 billion investment programme to improve the efficiency, safety and sustainability of railway transport along Pakistan Railways’ Main Line-1 between Karachi and Rohri by 2040. A fact-finding mission of the ADB has been planned for January 2027 to discuss and evaluate project details with the federal and Sindh governments. The mission will carry out assessments and management of environmental and social risks and impacts, labour and working conditions, resource conservation and pol",2026-10-01T05:02:20+00:00
BBC,international,feeds.bbci.co.uk/news/world/rss.xml,"Too early to say what motive for Dubai-Tel Aviv flight attack was, Israeli PM says",https://www.bbc.co.uk/news/articles/cqgmrm7xd8wyo?at_medium=RSS&at_campaign=rss,2026-10-01 03:43:06+00:00,,,"A pilot who stabbed another pilot on an Israel-bound plane is under investigation in Saudi Arabia, Benjamin Netanyahu says.",2026-10-01T05:02:20+00:00
Dawn,local,www.dawn.com/feeds/latest-news,Higher-than-expected sales tax receipts help FBR exceed quarterly collection targets,https://www.dawn.com/news/2033926/higher-than-expected-sales-tax-receipts-help-fbr-exceed-quarterly-collection-targets,2026-10-01 03:43:54+00:00,Business,none@none.com (),https://www.dawn.com/news/2033862,2026-10-01T05:02:20+00:00
Dawn,local,www.dawn.com/feeds/latest-news,Warrants out for KP CM over ‘no-show’ in Nov 26 protest case,https://www.dawn.com/news/2033880/warrants-out-for-kp-cm-over-no-show-in-nov-26-protest-case,2026-10-01 03:46:27+00:00,Pakistan,none@none.com (Malik Asad),"ISLAMABAD: An anti-terrorism court (ATC) on Wednesday re-issued ar­­rest warrants for Khyber Pakhtunkhwa Chief Minis­­ter Sohail Afridi and other individuals in connection with the Nov 26 protest case after they failed to comply with judicial summons. The accused did not appear during Wednes­day’s hearing, prompting Judge Tahir Abbas Sipra to re-issue arrest warrants in connection with a case registered at the Margalla police station. During the hearing, the police also failed to submit the case challan. The court directed the police to submit the challan promptly and adjourned the hearing unt",2026-10-01T05:02:20+00:00
Dawn,local,www.dawn.com/feeds/latest-news,Stocks post modest gains on select buying,https://www.dawn.com/news/2033861/stocks-post-modest-gains-on-select-buying,2026-10-01 03:52:08+00:00,Business,none@none.com (Muhammad Kashif),"KARACHI: The Pakistan Stock Exchange (PSX) on Wednesday witnessed strong buying interest at attractive valuations, propelling the benchmark KSE-100 index above 171,000 intraday before closing well below the day’s high, posting modest gains and snapping a two-session losing streak. Topline Securities Ltd said the index rallied over 1,892 points to hit an intraday high of 171,492.53 on selective buying but pared most gains amid profit-taking and geopolitical concerns over the US-Iran conflict, closing at 169,969.33 points, up 368.92 points, or 0.22pc. Ali Najib, Deputy Head of Trading at Arif Ha",2026-10-01T05:02:20+00:00
BBC,international,feeds.bbci.co.uk/news/world/rss.xml,"Plummeting Israel flight like 'rollercoaster', says passenger",https://www.bbc.co.uk/news/videos/cwm2r2v42vdeo?at_medium=RSS&at_campaign=rss,2026-10-01 03:52:20+00:00,,,"An aeroplane flying to Israel fell 17,000ft (5,200m) in less than two minutes before it was diverted.",2026-10-01T05:02:20+00:00
Dawn,local,www.dawn.com/feeds/latest-news,Dialogue urged with Poonch protesters to resolve unrest,https://www.dawn.com/news/2033878/dialogue-urged-with-poonch-protesters-to-resolve-unrest,2026-10-01 03:54:40+00:00,Pakistan,none@none.com (Tariq Naqash),"MUZAFFARABAD: Former Azad Jammu and Kashmir (AJK) Prime Minister Raja Farooq Haider on Wednesday called for dialogue with protesters in Poonch, urging newly elected President Dr Najeeb Naqi and Prime Minister Iftikhar Gillani to engage with them and understand their demands. In response to questions about the prevailing situation in the region, Mr Haider said Poonch was the historic centre of the freedom movement and expressed concern over the developments there. He acknowledged his differences with the protesters, which he said he had already expressed publicly, but maintained that the issue ",2026-10-01T05:02:20+00:00
Dawn,local,www.dawn.com/feeds/latest-news,Pakistan reach Asian Games cricket final after six-wicket win over Bangladesh,https://www.dawn.com/news/2033925/pakistan-reach-asian-games-cricket-final-after-six-wicket-win-over-bangladesh,2026-10-01 03:56:30+00:00,Sport,none@none.com (Dawn Sport),"Abdul Samad’s blistering unbeaten 30 off 15 balls powered Pakistan into the Asian Games men’s cricket final as they beat Bangladesh by six wickets in a rain-reduced semi-final at Korogi Sports Park in Nisshin, Japan on Thursday. Chasing 112 in 13 overs, Pakistan recovered from 53-4 to reach 112-4 in 11.3 overs, with Samad and Hasan Nawaz putting on an unbeaten 59-run partnership for the fifth wicket. Samad provided the decisive acceleration, hitting five fours and a six in his 15-ball innings. He took apart Mustafizur Rahman in the 10th over to swing the contest decisively Pakistan’s way. With",2026-10-01T05:02:20+00:00
Dawn,local,www.dawn.com/feeds/latest-news,Balochistan's Bhag shuts down over rising crime,https://www.dawn.com/news/2033877/balochistans-bhag-shuts-down-over-rising-crime,2026-10-01 03:56:33+00:00,Pakistan,none@none.com (Ali Jan Mangi),"• Markets, bazaars remain closed as traders and residents join protest • Organisers give administration four days to improve security situation DERA MURAD JAMALI: Residents of Bhag city in Kachhi district observed a shutter-down strike on Wednesday following a call by the All Parties Action Committee to protest a deteriorating law and order situation marked by increasing incidents of theft, highway robberies, street crime and looting. Political, social and tribal leaders, traders, transporters and people from different segments of society participated in the protest, expressing concern over a ",2026-10-01T05:02:20+00:00
Dawn,local,www.dawn.com/feeds/latest-news,UK accuses Chinese agency of spying on AI research,https://www.dawn.com/news/2033913/uk-accuses-chinese-agency-of-spying-on-ai-research,2026-10-01 04:00:49+00:00,World,none@none.com (Reuters),"LONDON: Britain’s MI5 spy agency issued an unprecedented alert on Wednesday to warn that a Chinese organisation was involved in funding academic research into topics such as AI on behalf of Beijing’s state security service. In its “Espionage Alert”, MI5 said more than 100 UK-based academics had contributed to projects funded by the China General Technology Research Institute (CGTRI), which had “very strong ties” to the Chinese Ministry of State Security (MSS), Beijing’s civilian intelligence service. “MI5 has identified that the primary purpose of CGTRI is to fund academic research that direct",2026-10-01T05:02:20+00:00
Dawn,local,www.dawn.com/feeds/latest-news,Parents in Dalbandin want 7-year old daughter's murder to be tried by special court,https://www.dawn.com/news/2033932/parents-in-dalbandin-want-7-year-old-daughters-murder-to-be-tried-by-special-court,2026-10-01 04:01:29+00:00,Pakistan,none@none.com (),https://www.dawn.com/news/2033876,2026-10-01T05:02:20+00:00
BBC,international,feeds.bbci.co.uk/news/business/rss.xml,"AI boom could trigger market shocks, Bank of England boss warns",https://www.bbc.co.uk/news/articles/cv8e30enrkxyo?at_medium=RSS&at_campaign=rss,2026-10-01 04:03:17+00:00,,,"Andrew Bailey says the central bank is watching the waves of cash being invested in artificial intelligence ""very carefully"".",2026-10-01T05:02:27+00:00
Dawn,local,www.dawn.com/feeds/latest-news,Premier set to inaugurate major road projects soon,https://www.dawn.com/news/2033882/premier-set-to-inaugurate-major-road-projects-soon,2026-10-01 04:04:15+00:00,Pakistan,none@none.com (Syed Irfan Raza),"NA Speaker Ayaz Sadiq, Chinese envoy Jiang Zaidong, PM Shehbaz Sharif and Deputy PM Ishaq Dar cut a cake to mark the 77th anniversary of the founding of the People’s Republic of China.—PM Office ISLAMABAD: Prime Minister Shehbaz Sharif will inaugurate several major highway projects in the coming months, incl­u­ding the Lodhran–Multan Expressway, exp­­ansion of the Pindi Bhat­tian-Faisal­abad Mot­or­way and the Peshawar No­­rthern Bypass, a feder­­al minister said on Wednesday. Federal Minister for Com­­mu­ni­c­a­tions Aleem Khan made the rem­arks while presiding over a me­­­­eting of the Natio",2026-10-01T05:02:20+00:00
Dawn,local,www.dawn.com/feeds/latest-news,"Europe’s factories selling arms to Ukraine are ‘mly targets’, says Russia",https://www.dawn.com/news/2033914/europes-factories-selling-arms-to-ukraine-are-mly-targets-says-russia,2026-10-01 04:04:58+00:00,World,none@none.com (Reuters),"MOSCOW/BRUSSELS: Factories in Europe producing arms for Ukraine are legitimate and potential military targets for Russia , Foreign Ministry spokeswoman Maria Zakharova said on Wednesday. Zakharova told a press briefing that European countries were directly involved in the conflict through their military support for Ukraine, adding that such activity delayed a resolution to the war. She was responding to a question about Poland’s apparent readiness to host a factory producing Patriot interceptor missiles for Ukraine. Nato and many European countries say they will continue to do everything they ",2026-10-01T05:02:20+00:00
Dawn,local,www.dawn.com/feeds/latest-news,Balochistan CM Bugti calls for joint efforts to tackle malnutrition,https://www.dawn.com/news/2033875/balochistan-cm-bugti-calls-for-joint-efforts-to-tackle-malnutrition,2026-10-01 04:07:05+00:00,Pakistan,none@none.com (The Newspaper's Staff Correspondent),"QUETTA: Balochistan Chief Minister Sarfraz Bugti on Wednesday called for stronger coordination with the World Food Programme (WFP) to tackle malnutrition and improve food security, particularly for women and children. He made the remarks during a meeting with WFP Pakistan Country Director Anita Hirsh, during which the two sides reviewed ongoing projects, the food security situation in the province and future areas of cooperation. The discussions focused on making joint efforts more effective for expanding WFP-supported initiatives in Balochistan. Published in Dawn, October 1st, 2026",2026-10-01T05:02:20+00:00
Dawn,local,www.dawn.com/feeds/latest-news,Pakistan crush India 3-0 to storm into Asian Games volleyball semi-finals,https://www.dawn.com/news/2033936/pakistan-crush-india-3-0-to-storm-into-asian-games-volleyball-semi-finals,2026-10-01 04:07:31+00:00,Sport,none@none.com (Dawn Sport),"Pakistan produced a commanding performance to beat arch-rivals India 3-0 and march into the semi-finals of the Asian Games men’s volleyball quarter-final at the Okazaki Chuo Sogo Park Gymnasium on Thursday. Pakistan won 25-19, 25-23, 25-18, beating India at the Asian Games for the second straight edition and ending India’s run in the competition. Murad Khan was the standout for Pakistan with a match-high 22 points, while Usman Faryad Ali added nine. Mohammad Hamad chipped in with eight and Musawer Khan contributed seven. Captain Murad Jehan also got on the scoresheet with four points. Pakistan",2026-10-01T05:02:20+00:00
Dawn,local,www.dawn.com/feeds/latest-news,"Norway probes Epstein links to politicians, diplomats",https://www.dawn.com/news/2033912/norway-probes-epstein-links-to-politicians-diplomats,2026-10-01 04:15:58+00:00,World,none@none.com (Reuters),"OSLO: Norway’s parliament began public hearings on Wednesday over ties bet­ween the late US sex offe­nder Jeffrey Epstein and Norwegian diplomats and politicians in a scandal that has shaken the nation’s elite. US President Donald Tru­mp’s Department of Justice in January released millions of Epstein-related documents, revealing connections to politicians, royals and the ultra-rich around the world. Norway, home of the Nobel Peace Prize and often a fulcrum of international diplomacy, has seen a major fallout, triggering parliamentary inquiries and police investigations. The government must exp",2026-10-01T05:02:20+00:00
Dawn,local,www.dawn.com/feeds/latest-news,Polar oceans transformed as warming melts ice habitats,https://www.dawn.com/news/2033911/polar-oceans-transformed-as-warming-melts-ice-habitats,2026-10-01 04:21:11+00:00,World,none@none.com (AFP),"PARIS: Climate change is increasingly reshaping the polar oceans, with Arctic waters warming rapidly, sea ice shrinking and wildlife losing habitat at both ends of the planet, an annual report said on Wednesday. The Copernicus Ocean State Report depicts profound changes across the world’s seas, from record-breaking heatwaves in the Mediterranean and Black seas to shifts in marine ecosystems and increasingly acidic waters. “The message is very clear. The ocean is changing rapidly,” said Pierre Bahurel, director general of Mercator Ocean International, which runs the European Union’s Copernicus ",2026-10-01T05:02:20+00:00
BBC,international,feeds.bbci.co.uk/news/world/rss.xml,"US death row inmate Christa Pike taken to hospital after surviving two lethal injections, says lawyer",https://www.bbc.co.uk/news/articles/cq8r6rjdvlx6o?at_medium=RSS&at_campaign=rss,2026-10-01 04:35:26+00:00,,,"Her lawyer says Pike is being ""provided life-saving measures"" after two syringes of pentobarbital.",2026-10-01T05:02:20+00:00
Dawn,local,www.dawn.com/feeds/latest-news,Editorial: Measure of success for bond markets must be who buys them and how actively they trade,https://www.dawn.com/news/2033938/editorial-measure-of-success-for-bond-markets-must-be-who-buys-them-and-how-actively-they-trade,2026-10-01 04:49:15+00:00,Pakistan,none@none.com (),https://www.dawn.com/news/2033918,2026-10-01T05:02:20+00:00
Dawn,local,www.dawn.com/feeds/latest-news,"If new administrative units are to be carved out in Pakistan, the decision belongs exclusively to the public",https://www.dawn.com/news/2033939/if-new-administrative-units-are-to-be-carved-out-in-pakistan-the-decision-belongs-exclusively-to-the-public,2026-10-01 04:55:47+00:00,Pakistan,none@none.com (),https://www.dawn.com/news/2033922,2026-10-01T05:02:20+00:00
Dawn,local,www.dawn.com/feeds/latest-news,'Calibrated' air strikes carried out at 2 locations against terrorist hideouts in Afghanistan: info ministry,https://www.dawn.com/news/2033937/calibrated-air-strikes-carried-out-at-2-locations-against-terrorist-hideouts-in-afghanistan-info-ministry,2026-10-01 04:56:59+00:00,Pakistan,none@none.com (News Desk),"Pakistan carried out “well-planned and calibrated” air strikes against terrorist hideouts in Afghanistan, the information ministry said on Thursday. In a post on X, the ministry said, “In continuation of Operation Ghazab lil Haq and Pakistan’s resolve to eliminate terrorists, their networks and supporters, well-planned and calibrated aerial strikes against the hideouts and safe havens of terrorist organisations of Fitna al Khwarij and Fitna al Hindustan have been conducted, killing multiple terrorists.” The state uses the term Fitna al Khawarij for the banned Tehreek-i-Taliban Pakistan (TTP) a",2026-10-01T05:02:20+00:00
