model_group,measure,source_row,source_total,month,units,raw_units,date,fiscal_year,source_sheet
Honda Civic,Production,9,5813.0,Jul,554,554,2007-07-01,2007-08,2007-08
Honda Civic,Sales,10,5762.0,Jul,418,418,2007-07-01,2007-08,2007-08
Honda City,Production,12,8220.0,Jul,1046,1046,2007-07-01,2007-08,2007-08
Honda City,Sales,13,8439.0,Jul,611,611,2007-07-01,2007-08,2007-08
Suzuki Liana,Production,15,2605.0,Jul,353,353,2007-07-01,2007-08,2007-08
Suzuki Liana,Sales,16,2983.0,Jul,318,318,2007-07-01,2007-08,2007-08
Toyota Corolla,Production,18,33672.0,Jul,3745,3745,2007-07-01,2007-08,2007-08
Toyota Corolla,Sales,19,33640.0,Jul,3414,3414,2007-07-01,2007-08,2007-08
Suzuki Cultus,Production,26,27662.0,Jul,709,709,2007-07-01,2007-08,2007-08
Suzuki Cultus,Sales,27,27563.0,Jul,389,389,2007-07-01,2007-08,2007-08
Suzuki Alto,Production,29,18805.0,Jul,1981,1981,2007-07-01,2007-08,2007-08
Suzuki Alto,Sales,30,19097.0,Jul,1320,1320,2007-07-01,2007-08,2007-08
Hyundai Santro,Production,32,2028.0,Jul,302,302,2007-07-01,2007-08,2007-08
Hyundai Santro,Sales,33,2227.0,Jul,302,302,2007-07-01,2007-08,2007-08
Daihatsu Cuore,Production,40,12406.0,Jul,1104,1104,2007-07-01,2007-08,2007-08
Daihatsu Cuore,Sales,41,12204.0,Jul,1054,1054,2007-07-01,2007-08,2007-08
Suzuki Mehran,Production,43,36249.0,Jul,2976,2976,2007-07-01,2007-08,2007-08
Suzuki Mehran,Sales,44,35526.0,Jul,2690,2690,2007-07-01,2007-08,2007-08
Suzuki Bolan,Production,46,17250.0,Jul,1182,1182,2007-07-01,2007-08,2007-08
Suzuki Bolan,Sales,47,17209.0,Jul,1139,1139,2007-07-01,2007-08,2007-08
Honda Civic,Production,9,5813.0,Aug,533,533,2007-08-01,2007-08,2007-08
Honda Civic,Sales,10,5762.0,Aug,630,630,2007-08-01,2007-08,2007-08
Honda City,Production,12,8220.0,Aug,960,960,2007-08-01,2007-08,2007-08
Honda City,Sales,13,8439.0,Aug,1506,1506,2007-08-01,2007-08,2007-08
Suzuki Liana,Production,15,2605.0,Aug,199,199,2007-08-01,2007-08,2007-08
Suzuki Liana,Sales,16,2983.0,Aug,613,613,2007-08-01,2007-08,2007-08
Toyota Corolla,Production,18,33672.0,Aug,3404,3404,2007-08-01,2007-08,2007-08
Toyota Corolla,Sales,19,33640.0,Aug,3711,3711,2007-08-01,2007-08,2007-08
Suzuki Cultus,Production,26,27662.0,Aug,3166,3166,2007-08-01,2007-08,2007-08
Suzuki Cultus,Sales,27,27563.0,Aug,3398,3398,2007-08-01,2007-08,2007-08
Suzuki Alto,Production,29,18805.0,Aug,1847,1847,2007-08-01,2007-08,2007-08
Suzuki Alto,Sales,30,19097.0,Aug,2617,2617,2007-08-01,2007-08,2007-08
Hyundai Santro,Production,32,2028.0,Aug,253,253,2007-08-01,2007-08,2007-08
Hyundai Santro,Sales,33,2227.0,Aug,391,391,2007-08-01,2007-08,2007-08
Daihatsu Cuore,Production,40,12406.0,Aug,1235,1235,2007-08-01,2007-08,2007-08
Daihatsu Cuore,Sales,41,12204.0,Aug,1277,1277,2007-08-01,2007-08,2007-08
Suzuki Mehran,Production,43,36249.0,Aug,3328,3328,2007-08-01,2007-08,2007-08
Suzuki Mehran,Sales,44,35526.0,Aug,3566,3566,2007-08-01,2007-08,2007-08
Suzuki Bolan,Production,46,17250.0,Aug,1562,1562,2007-08-01,2007-08,2007-08
Suzuki Bolan,Sales,47,17209.0,Aug,1611,1611,2007-08-01,2007-08,2007-08
Honda Civic,Production,9,5813.0,Sep,405,405,2007-09-01,2007-08,2007-08
Honda Civic,Sales,10,5762.0,Sep,305,305,2007-09-01,2007-08,2007-08
Honda City,Production,12,8220.0,Sep,1035,1035,2007-09-01,2007-08,2007-08
Honda City,Sales,13,8439.0,Sep,497,497,2007-09-01,2007-08,2007-08
Suzuki Liana,Production,15,2605.0,Sep,514,514,2007-09-01,2007-08,2007-08
Suzuki Liana,Sales,16,2983.0,Sep,386,386,2007-09-01,2007-08,2007-08
Toyota Corolla,Production,18,33672.0,Sep,2826,2826,2007-09-01,2007-08,2007-08
Toyota Corolla,Sales,19,33640.0,Sep,2546,2546,2007-09-01,2007-08,2007-08
Suzuki Cultus,Production,26,27662.0,Sep,3019,3019,2007-09-01,2007-08,2007-08
Suzuki Cultus,Sales,27,27563.0,Sep,2340,2340,2007-09-01,2007-08,2007-08
Suzuki Alto,Production,29,18805.0,Sep,1777,1777,2007-09-01,2007-08,2007-08
Suzuki Alto,Sales,30,19097.0,Sep,1253,1253,2007-09-01,2007-08,2007-08
Hyundai Santro,Production,32,2028.0,Sep,333,333,2007-09-01,2007-08,2007-08
Hyundai Santro,Sales,33,2227.0,Sep,301,301,2007-09-01,2007-08,2007-08
Daihatsu Cuore,Production,40,12406.0,Sep,837,837,2007-09-01,2007-08,2007-08
Daihatsu Cuore,Sales,41,12204.0,Sep,841,841,2007-09-01,2007-08,2007-08
Suzuki Mehran,Production,43,36249.0,Sep,3109,3109,2007-09-01,2007-08,2007-08
Suzuki Mehran,Sales,44,35526.0,Sep,2603,2603,2007-09-01,2007-08,2007-08
Suzuki Bolan,Production,46,17250.0,Sep,1610,1610,2007-09-01,2007-08,2007-08
Suzuki Bolan,Sales,47,17209.0,Sep,1593,1593,2007-09-01,2007-08,2007-08
Honda Civic,Production,9,5813.0,Oct,662,662,2007-10-01,2007-08,2007-08
Honda Civic,Sales,10,5762.0,Oct,581,581,2007-10-01,2007-08,2007-08
Honda City,Production,12,8220.0,Oct,778,778,2007-10-01,2007-08,2007-08
Honda City,Sales,13,8439.0,Oct,621,621,2007-10-01,2007-08,2007-08
Suzuki Liana,Production,15,2605.0,Oct,439,439,2007-10-01,2007-08,2007-08
Suzuki Liana,Sales,16,2983.0,Oct,162,162,2007-10-01,2007-08,2007-08
Toyota Corolla,Production,18,33672.0,Oct,2543,2543,2007-10-01,2007-08,2007-08
Toyota Corolla,Sales,19,33640.0,Oct,2531,2531,2007-10-01,2007-08,2007-08
Suzuki Cultus,Production,26,27662.0,Oct,3131,3131,2007-10-01,2007-08,2007-08
Suzuki Cultus,Sales,27,27563.0,Oct,2838,2838,2007-10-01,2007-08,2007-08
Suzuki Alto,Production,29,18805.0,Oct,1590,1590,2007-10-01,2007-08,2007-08
Suzuki Alto,Sales,30,19097.0,Oct,1537,1537,2007-10-01,2007-08,2007-08
Hyundai Santro,Production,32,2028.0,Oct,134,134,2007-10-01,2007-08,2007-08
Hyundai Santro,Sales,33,2227.0,Oct,158,158,2007-10-01,2007-08,2007-08
Daihatsu Cuore,Production,40,12406.0,Oct,749,749,2007-10-01,2007-08,2007-08
Daihatsu Cuore,Sales,41,12204.0,Oct,715,715,2007-10-01,2007-08,2007-08
Suzuki Mehran,Production,43,36249.0,Oct,2814,2814,2007-10-01,2007-08,2007-08
Suzuki Mehran,Sales,44,35526.0,Oct,3014,3014,2007-10-01,2007-08,2007-08
Suzuki Bolan,Production,46,17250.0,Oct,1410,1410,2007-10-01,2007-08,2007-08
Suzuki Bolan,Sales,47,17209.0,Oct,1370,1370,2007-10-01,2007-08,2007-08
Honda Civic,Production,9,5813.0,Nov,423,423,2007-11-01,2007-08,2007-08
Honda Civic,Sales,10,5762.0,Nov,348,348,2007-11-01,2007-08,2007-08
Honda City,Production,12,8220.0,Nov,657,657,2007-11-01,2007-08,2007-08
Honda City,Sales,13,8439.0,Nov,605,605,2007-11-01,2007-08,2007-08
Suzuki Liana,Production,15,2605.0,Nov,306,306,2007-11-01,2007-08,2007-08
Suzuki Liana,Sales,16,2983.0,Nov,192,192,2007-11-01,2007-08,2007-08
Toyota Corolla,Production,18,33672.0,Nov,2702,2702,2007-11-01,2007-08,2007-08
Toyota Corolla,Sales,19,33640.0,Nov,2637,2637,2007-11-01,2007-08,2007-08
Suzuki Cultus,Production,26,27662.0,Nov,2047,2047,2007-11-01,2007-08,2007-08
Suzuki Cultus,Sales,27,27563.0,Nov,1712,1712,2007-11-01,2007-08,2007-08
Suzuki Alto,Production,29,18805.0,Nov,1947,1947,2007-11-01,2007-08,2007-08
Suzuki Alto,Sales,30,19097.0,Nov,1264,1264,2007-11-01,2007-08,2007-08
Hyundai Santro,Production,32,2028.0,Nov,86,86,2007-11-01,2007-08,2007-08
Hyundai Santro,Sales,33,2227.0,Nov,152,152,2007-11-01,2007-08,2007-08
Daihatsu Cuore,Production,40,12406.0,Nov,960,960,2007-11-01,2007-08,2007-08
Daihatsu Cuore,Sales,41,12204.0,Nov,971,971,2007-11-01,2007-08,2007-08
Suzuki Mehran,Production,43,36249.0,Nov,3475,3475,2007-11-01,2007-08,2007-08
Suzuki Mehran,Sales,44,35526.0,Nov,3480,3480,2007-11-01,2007-08,2007-08
Suzuki Bolan,Production,46,17250.0,Nov,1821,1821,2007-11-01,2007-08,2007-08
Suzuki Bolan,Sales,47,17209.0,Nov,1817,1817,2007-11-01,2007-08,2007-08
Honda Civic,Production,9,5813.0,Dec,363,363,2007-12-01,2007-08,2007-08
Honda Civic,Sales,10,5762.0,Dec,315,315,2007-12-01,2007-08,2007-08
Honda City,Production,12,8220.0,Dec,297,297,2007-12-01,2007-08,2007-08
Honda City,Sales,13,8439.0,Dec,328,328,2007-12-01,2007-08,2007-08
Suzuki Liana,Production,15,2605.0,Dec,10,10,2007-12-01,2007-08,2007-08
Suzuki Liana,Sales,16,2983.0,Dec,175,175,2007-12-01,2007-08,2007-08
Toyota Corolla,Production,18,33672.0,Dec,1690,1690,2007-12-01,2007-08,2007-08
Toyota Corolla,Sales,19,33640.0,Dec,1141,1141,2007-12-01,2007-08,2007-08
Suzuki Cultus,Production,26,27662.0,Dec,1739,1739,2007-12-01,2007-08,2007-08
Suzuki Cultus,Sales,27,27563.0,Dec,1674,1674,2007-12-01,2007-08,2007-08
Suzuki Alto,Production,29,18805.0,Dec,1452,1452,2007-12-01,2007-08,2007-08
Suzuki Alto,Sales,30,19097.0,Dec,821,821,2007-12-01,2007-08,2007-08
Hyundai Santro,Production,32,2028.0,Dec,81,81,2007-12-01,2007-08,2007-08
Hyundai Santro,Sales,33,2227.0,Dec,76,76,2007-12-01,2007-08,2007-08
Daihatsu Cuore,Production,40,12406.0,Dec,443,443,2007-12-01,2007-08,2007-08
Daihatsu Cuore,Sales,41,12204.0,Dec,380,380,2007-12-01,2007-08,2007-08
Suzuki Mehran,Production,43,36249.0,Dec,2193,2193,2007-12-01,2007-08,2007-08
Suzuki Mehran,Sales,44,35526.0,Dec,2233,2233,2007-12-01,2007-08,2007-08
Suzuki Bolan,Production,46,17250.0,Dec,1326,1326,2007-12-01,2007-08,2007-08
Suzuki Bolan,Sales,47,17209.0,Dec,1271,1271,2007-12-01,2007-08,2007-08
Honda Civic,Production,9,5813.0,Jan,477,477,2008-01-01,2007-08,2007-08
Honda Civic,Sales,10,5762.0,Jan,521,521,2008-01-01,2007-08,2007-08
Honda City,Production,12,8220.0,Jan,423,423,2008-01-01,2007-08,2007-08
Honda City,Sales,13,8439.0,Jan,852,852,2008-01-01,2007-08,2007-08
Suzuki Liana,Production,15,2605.0,Jan,30,30,2008-01-01,2007-08,2007-08
Suzuki Liana,Sales,16,2983.0,Jan,180,180,2008-01-01,2007-08,2007-08
Toyota Corolla,Production,18,33672.0,Jan,1888,1888,2008-01-01,2007-08,2007-08
Toyota Corolla,Sales,19,33640.0,Jan,2485,2485,2008-01-01,2007-08,2007-08
Suzuki Cultus,Production,26,27662.0,Jan,1524,1524,2008-01-01,2007-08,2007-08
Suzuki Cultus,Sales,27,27563.0,Jan,2080,2080,2008-01-01,2007-08,2007-08
Suzuki Alto,Production,29,18805.0,Jan,632,632,2008-01-01,2007-08,2007-08
Suzuki Alto,Sales,30,19097.0,Jan,1386,1386,2008-01-01,2007-08,2007-08
Hyundai Santro,Production,32,2028.0,Jan,96,96,2008-01-01,2007-08,2007-08
Hyundai Santro,Sales,33,2227.0,Jan,101,101,2008-01-01,2007-08,2007-08
Daihatsu Cuore,Production,40,12406.0,Jan,1422,1422,2008-01-01,2007-08,2007-08
Daihatsu Cuore,Sales,41,12204.0,Jan,1314,1314,2008-01-01,2007-08,2007-08
Suzuki Mehran,Production,43,36249.0,Jan,3047,3047,2008-01-01,2007-08,2007-08
Suzuki Mehran,Sales,44,35526.0,Jan,2669,2669,2008-01-01,2007-08,2007-08
Suzuki Bolan,Production,46,17250.0,Jan,1128,1128,2008-01-01,2007-08,2007-08
Suzuki Bolan,Sales,47,17209.0,Jan,1103,1103,2008-01-01,2007-08,2007-08
Honda Civic,Production,9,5813.0,Feb,598,598,2008-02-01,2007-08,2007-08
Honda Civic,Sales,10,5762.0,Feb,579,579,2008-02-01,2007-08,2007-08
Honda City,Production,12,8220.0,Feb,572,572,2008-02-01,2007-08,2007-08
Honda City,Sales,13,8439.0,Feb,641,641,2008-02-01,2007-08,2007-08
Suzuki Liana,Production,15,2605.0,Feb,175,175,2008-02-01,2007-08,2007-08
Suzuki Liana,Sales,16,2983.0,Feb,186,186,2008-02-01,2007-08,2007-08
Toyota Corolla,Production,18,33672.0,Feb,2654,2654,2008-02-01,2007-08,2007-08
Toyota Corolla,Sales,19,33640.0,Feb,2704,2704,2008-02-01,2007-08,2007-08
Suzuki Cultus,Production,26,27662.0,Feb,2040,2040,2008-02-01,2007-08,2007-08
Suzuki Cultus,Sales,27,27563.0,Feb,2204,2204,2008-02-01,2007-08,2007-08
Suzuki Alto,Production,29,18805.0,Feb,1509,1509,2008-02-01,2007-08,2007-08
Suzuki Alto,Sales,30,19097.0,Feb,1417,1417,2008-02-01,2007-08,2007-08
Hyundai Santro,Production,32,2028.0,Feb,81,81,2008-02-01,2007-08,2007-08
Hyundai Santro,Sales,33,2227.0,Feb,102,102,2008-02-01,2007-08,2007-08
Daihatsu Cuore,Production,40,12406.0,Feb,1106,1106,2008-02-01,2007-08,2007-08
Daihatsu Cuore,Sales,41,12204.0,Feb,982,982,2008-02-01,2007-08,2007-08
Suzuki Mehran,Production,43,36249.0,Feb,3008,3008,2008-02-01,2007-08,2007-08
Suzuki Mehran,Sales,44,35526.0,Feb,3030,3030,2008-02-01,2007-08,2007-08
Suzuki Bolan,Production,46,17250.0,Feb,1516,1516,2008-02-01,2007-08,2007-08
Suzuki Bolan,Sales,47,17209.0,Feb,1526,1526,2008-02-01,2007-08,2007-08
Honda Civic,Production,9,5813.0,Mar,332,332,2008-03-01,2007-08,2007-08
Honda Civic,Sales,10,5762.0,Mar,449,449,2008-03-01,2007-08,2007-08
Honda City,Production,12,8220.0,Mar,438,438,2008-03-01,2007-08,2007-08
Honda City,Sales,13,8439.0,Mar,694,694,2008-03-01,2007-08,2007-08
Suzuki Liana,Production,15,2605.0,Mar,280,280,2008-03-01,2007-08,2007-08
Suzuki Liana,Sales,16,2983.0,Mar,208,208,2008-03-01,2007-08,2007-08
Toyota Corolla,Production,18,33672.0,Mar,2944,2944,2008-03-01,2007-08,2007-08
Toyota Corolla,Sales,19,33640.0,Mar,3054,3054,2008-03-01,2007-08,2007-08
Suzuki Cultus,Production,26,27662.0,Mar,2477,2477,2008-03-01,2007-08,2007-08
Suzuki Cultus,Sales,27,27563.0,Mar,2707,2707,2008-03-01,2007-08,2007-08
Suzuki Alto,Production,29,18805.0,Mar,1672,1672,2008-03-01,2007-08,2007-08
Suzuki Alto,Sales,30,19097.0,Mar,2070,2070,2008-03-01,2007-08,2007-08
Hyundai Santro,Production,32,2028.0,Mar,161,161,2008-03-01,2007-08,2007-08
Hyundai Santro,Sales,33,2227.0,Mar,162,162,2008-03-01,2007-08,2007-08
Daihatsu Cuore,Production,40,12406.0,Mar,1077,1077,2008-03-01,2007-08,2007-08
Daihatsu Cuore,Sales,41,12204.0,Mar,1137,1137,2008-03-01,2007-08,2007-08
Suzuki Mehran,Production,43,36249.0,Mar,2983,2983,2008-03-01,2007-08,2007-08
Suzuki Mehran,Sales,44,35526.0,Mar,3390,3390,2008-03-01,2007-08,2007-08
Suzuki Bolan,Production,46,17250.0,Mar,1496,1496,2008-03-01,2007-08,2007-08
Suzuki Bolan,Sales,47,17209.0,Mar,1554,1554,2008-03-01,2007-08,2007-08
Honda Civic,Production,9,5813.0,Apr,419,419,2008-04-01,2007-08,2007-08
Honda Civic,Sales,10,5762.0,Apr,527,527,2008-04-01,2007-08,2007-08
Honda City,Production,12,8220.0,Apr,361,361,2008-04-01,2007-08,2007-08
Honda City,Sales,13,8439.0,Apr,484,484,2008-04-01,2007-08,2007-08
Suzuki Liana,Production,15,2605.0,Apr,145,145,2008-04-01,2007-08,2007-08
Suzuki Liana,Sales,16,2983.0,Apr,196,196,2008-04-01,2007-08,2007-08
Toyota Corolla,Production,18,33672.0,Apr,3091,3091,2008-04-01,2007-08,2007-08
Toyota Corolla,Sales,19,33640.0,Apr,3054,3054,2008-04-01,2007-08,2007-08
Suzuki Cultus,Production,26,27662.0,Apr,2980,2980,2008-04-01,2007-08,2007-08
Suzuki Cultus,Sales,27,27563.0,Apr,2795,2795,2008-04-01,2007-08,2007-08
Suzuki Alto,Production,29,18805.0,Apr,1604,1604,2008-04-01,2007-08,2007-08
Suzuki Alto,Sales,30,19097.0,Apr,1865,1865,2008-04-01,2007-08,2007-08
Hyundai Santro,Production,32,2028.0,Apr,181,181,2008-04-01,2007-08,2007-08
Hyundai Santro,Sales,33,2227.0,Apr,179,179,2008-04-01,2007-08,2007-08
Daihatsu Cuore,Production,40,12406.0,Apr,1361,1361,2008-04-01,2007-08,2007-08
Daihatsu Cuore,Sales,41,12204.0,Apr,1337,1337,2008-04-01,2007-08,2007-08
Suzuki Mehran,Production,43,36249.0,Apr,3599,3599,2008-04-01,2007-08,2007-08
Suzuki Mehran,Sales,44,35526.0,Apr,3160,3160,2008-04-01,2007-08,2007-08
Suzuki Bolan,Production,46,17250.0,Apr,1679,1679,2008-04-01,2007-08,2007-08
Suzuki Bolan,Sales,47,17209.0,Apr,1657,1657,2008-04-01,2007-08,2007-08
Honda Civic,Production,9,5813.0,May,418,418,2008-05-01,2007-08,2007-08
Honda Civic,Sales,10,5762.0,May,417,417,2008-05-01,2007-08,2007-08
Honda City,Production,12,8220.0,May,782,782,2008-05-01,2007-08,2007-08
Honda City,Sales,13,8439.0,May,658,658,2008-05-01,2007-08,2007-08
Suzuki Liana,Production,15,2605.0,May,96,96,2008-05-01,2007-08,2007-08
Suzuki Liana,Sales,16,2983.0,May,148,148,2008-05-01,2007-08,2007-08
Toyota Corolla,Production,18,33672.0,May,3034,3034,2008-05-01,2007-08,2007-08
Toyota Corolla,Sales,19,33640.0,May,2923,2923,2008-05-01,2007-08,2007-08
Suzuki Cultus,Production,26,27662.0,May,2966,2966,2008-05-01,2007-08,2007-08
Suzuki Cultus,Sales,27,27563.0,May,2221,2221,2008-05-01,2007-08,2007-08
Suzuki Alto,Production,29,18805.0,May,1608,1608,2008-05-01,2007-08,2007-08
Suzuki Alto,Sales,30,19097.0,May,1627,1627,2008-05-01,2007-08,2007-08
Hyundai Santro,Production,32,2028.0,May,222,222,2008-05-01,2007-08,2007-08
Hyundai Santro,Sales,33,2227.0,May,101,101,2008-05-01,2007-08,2007-08
Daihatsu Cuore,Production,40,12406.0,May,1223,1223,2008-05-01,2007-08,2007-08
Daihatsu Cuore,Sales,41,12204.0,May,1217,1217,2008-05-01,2007-08,2007-08
Suzuki Mehran,Production,43,36249.0,May,3633,3633,2008-05-01,2007-08,2007-08
Suzuki Mehran,Sales,44,35526.0,May,3303,3303,2008-05-01,2007-08,2007-08
Suzuki Bolan,Production,46,17250.0,May,1461,1461,2008-05-01,2007-08,2007-08
Suzuki Bolan,Sales,47,17209.0,May,1412,1412,2008-05-01,2007-08,2007-08
Honda Civic,Production,9,5813.0,Jun,629,629,2008-06-01,2007-08,2007-08
Honda Civic,Sales,10,5762.0,Jun,672,672,2008-06-01,2007-08,2007-08
Honda City,Production,12,8220.0,Jun,871,871,2008-06-01,2007-08,2007-08
Honda City,Sales,13,8439.0,Jun,942,942,2008-06-01,2007-08,2007-08
Suzuki Liana,Production,15,2605.0,Jun,58,58,2008-06-01,2007-08,2007-08
Suzuki Liana,Sales,16,2983.0,Jun,219,219,2008-06-01,2007-08,2007-08
Toyota Corolla,Production,18,33672.0,Jun,3151,3151,2008-06-01,2007-08,2007-08
Toyota Corolla,Sales,19,33640.0,Jun,3440,3440,2008-06-01,2007-08,2007-08
Suzuki Cultus,Production,26,27662.0,Jun,1864,1864,2008-06-01,2007-08,2007-08
Suzuki Cultus,Sales,27,27563.0,Jun,3205,3205,2008-06-01,2007-08,2007-08
Suzuki Alto,Production,29,18805.0,Jun,1186,1186,2008-06-01,2007-08,2007-08
Suzuki Alto,Sales,30,19097.0,Jun,1920,1920,2008-06-01,2007-08,2007-08
Hyundai Santro,Production,32,2028.0,Jun,98,98,2008-06-01,2007-08,2007-08
Hyundai Santro,Sales,33,2227.0,Jun,202,202,2008-06-01,2007-08,2007-08
Daihatsu Cuore,Production,40,12406.0,Jun,889,889,2008-06-01,2007-08,2007-08
Daihatsu Cuore,Sales,41,12204.0,Jun,979,979,2008-06-01,2007-08,2007-08
Suzuki Mehran,Production,43,36249.0,Jun,2084,2084,2008-06-01,2007-08,2007-08
Suzuki Mehran,Sales,44,35526.0,Jun,2388,2388,2008-06-01,2007-08,2007-08
Suzuki Bolan,Production,46,17250.0,Jun,1059,1059,2008-06-01,2007-08,2007-08
Suzuki Bolan,Sales,47,17209.0,Jun,1156,1156,2008-06-01,2007-08,2007-08
Honda Civic,Production,8,4985.0,Jul,569,569,2008-07-01,2008-09,2008-09
Honda Civic,Sales,9,4662.0,Jul,400,400,2008-07-01,2008-09,2008-09
Honda City,Production,11,6755.0,Jul,983,983,2008-07-01,2008-09,2008-09
Honda City,Sales,12,6482.0,Jul,625,625,2008-07-01,2008-09,2008-09
Suzuki Liana,Production,14,684.0,Jul,11,11,2008-07-01,2008-09,2008-09
Suzuki Liana,Sales,15,851.0,Jul,59,59,2008-07-01,2008-09,2008-09
Toyota Corolla,Production,17,27054.0,Jul,379,379,2008-07-01,2008-09,2008-09
Toyota Corolla,Sales,18,26760.0,Jul,298,298,2008-07-01,2008-09,2008-09
Suzuki Cultus,Production,25,9181.0,Jul,900,900,2008-07-01,2008-09,2008-09
Suzuki Cultus,Sales,26,9198.0,Jul,653,653,2008-07-01,2008-09,2008-09
Suzuki Alto,Production,28,6641.0,Jul,1202,1202,2008-07-01,2008-09,2008-09
Suzuki Alto,Sales,29,6550.0,Jul,425,425,2008-07-01,2008-09,2008-09
Hyundai Santro,Production,31,327.0,Jul,9,9,2008-07-01,2008-09,2008-09
Hyundai Santro,Sales,32,404.0,Jul,27,27,2008-07-01,2008-09,2008-09
Daihatsu Cuore,Production,39,5803.0,Jul,1032,1032,2008-07-01,2008-09,2008-09
Daihatsu Cuore,Sales,40,5852.0,Jul,918,918,2008-07-01,2008-09,2008-09
Suzuki Mehran,Production,42,13239.0,Jul,2547,2547,2008-07-01,2008-09,2008-09
Suzuki Mehran,Sales,43,13421.0,Jul,1339,1339,2008-07-01,2008-09,2008-09
Suzuki Bolan,Production,45,9639.0,Jul,1075,1075,2008-07-01,2008-09,2008-09
Suzuki Bolan,Sales,46,8664.0,Jul,925,925,2008-07-01,2008-09,2008-09
Honda Civic,Production,8,4985.0,Aug,453,453,2008-08-01,2008-09,2008-09
Honda Civic,Sales,9,4662.0,Aug,405,405,2008-08-01,2008-09,2008-09
Honda City,Production,11,6755.0,Aug,807,807,2008-08-01,2008-09,2008-09
Honda City,Sales,12,6482.0,Aug,670,670,2008-08-01,2008-09,2008-09
Suzuki Liana,Production,14,684.0,Aug,66,66,2008-08-01,2008-09,2008-09
Suzuki Liana,Sales,15,851.0,Aug,101,101,2008-08-01,2008-09,2008-09
Toyota Corolla,Production,17,27054.0,Aug,471,471,2008-08-01,2008-09,2008-09
Toyota Corolla,Sales,18,26760.0,Aug,341,341,2008-08-01,2008-09,2008-09
Suzuki Cultus,Production,25,9181.0,Aug,1421,1421,2008-08-01,2008-09,2008-09
Suzuki Cultus,Sales,26,9198.0,Aug,1282,1282,2008-08-01,2008-09,2008-09
Suzuki Alto,Production,28,6641.0,Aug,1235,1235,2008-08-01,2008-09,2008-09
Suzuki Alto,Sales,29,6550.0,Aug,847,847,2008-08-01,2008-09,2008-09
Hyundai Santro,Production,31,327.0,Aug,75,75,2008-08-01,2008-09,2008-09
Hyundai Santro,Sales,32,404.0,Aug,15,15,2008-08-01,2008-09,2008-09
Daihatsu Cuore,Production,39,5803.0,Aug,1013,1013,2008-08-01,2008-09,2008-09
Daihatsu Cuore,Sales,40,5852.0,Aug,905,905,2008-08-01,2008-09,2008-09
Suzuki Mehran,Production,42,13239.0,Aug,1506,1506,2008-08-01,2008-09,2008-09
Suzuki Mehran,Sales,43,13421.0,Aug,1867,1867,2008-08-01,2008-09,2008-09
Suzuki Bolan,Production,45,9639.0,Aug,1123,1123,2008-08-01,2008-09,2008-09
Suzuki Bolan,Sales,46,8664.0,Aug,1214,1214,2008-08-01,2008-09,2008-09
Honda Civic,Production,8,4985.0,Sep,598,598,2008-09-01,2008-09,2008-09
Honda Civic,Sales,9,4662.0,Sep,342,342,2008-09-01,2008-09,2008-09
Honda City,Production,11,6755.0,Sep,471,471,2008-09-01,2008-09,2008-09
Honda City,Sales,12,6482.0,Sep,790,790,2008-09-01,2008-09,2008-09
Suzuki Liana,Production,14,684.0,Sep,143,143,2008-09-01,2008-09,2008-09
Suzuki Liana,Sales,15,851.0,Sep,102,102,2008-09-01,2008-09,2008-09
Toyota Corolla,Production,17,27054.0,Sep,1697,1697,2008-09-01,2008-09,2008-09
Toyota Corolla,Sales,18,26760.0,Sep,1280,1280,2008-09-01,2008-09,2008-09
Suzuki Cultus,Production,25,9181.0,Sep,1179,1179,2008-09-01,2008-09,2008-09
Suzuki Cultus,Sales,26,9198.0,Sep,1442,1442,2008-09-01,2008-09,2008-09
Suzuki Alto,Production,28,6641.0,Sep,498,498,2008-09-01,2008-09,2008-09
Suzuki Alto,Sales,29,6550.0,Sep,1009,1009,2008-09-01,2008-09,2008-09
Hyundai Santro,Production,31,327.0,Sep,9,9,2008-09-01,2008-09,2008-09
Hyundai Santro,Sales,32,404.0,Sep,44,44,2008-09-01,2008-09,2008-09
Daihatsu Cuore,Production,39,5803.0,Sep,718,718,2008-09-01,2008-09,2008-09
Daihatsu Cuore,Sales,40,5852.0,Sep,917,917,2008-09-01,2008-09,2008-09
Suzuki Mehran,Production,42,13239.0,Sep,926,926,2008-09-01,2008-09,2008-09
Suzuki Mehran,Sales,43,13421.0,Sep,1963,1963,2008-09-01,2008-09,2008-09
Suzuki Bolan,Production,45,9639.0,Sep,858,858,2008-09-01,2008-09,2008-09
Suzuki Bolan,Sales,46,8664.0,Sep,749,749,2008-09-01,2008-09,2008-09
Honda Civic,Production,8,4985.0,Oct,742,742,2008-10-01,2008-09,2008-09
Honda Civic,Sales,9,4662.0,Oct,754,754,2008-10-01,2008-09,2008-09
Honda City,Production,11,6755.0,Oct,397,397,2008-10-01,2008-09,2008-09
Honda City,Sales,12,6482.0,Oct,584,584,2008-10-01,2008-09,2008-09
Suzuki Liana,Production,14,684.0,Oct,149,149,2008-10-01,2008-09,2008-09
Suzuki Liana,Sales,15,851.0,Oct,114,114,2008-10-01,2008-09,2008-09
Toyota Corolla,Production,17,27054.0,Oct,2902,2902,2008-10-01,2008-09,2008-09
Toyota Corolla,Sales,18,26760.0,Oct,2905,2905,2008-10-01,2008-09,2008-09
Suzuki Cultus,Production,25,9181.0,Oct,1496,1496,2008-10-01,2008-09,2008-09
Suzuki Cultus,Sales,26,9198.0,Oct,1498,1498,2008-10-01,2008-09,2008-09
Suzuki Alto,Production,28,6641.0,Oct,1030,1030,2008-10-01,2008-09,2008-09
Suzuki Alto,Sales,29,6550.0,Oct,1231,1231,2008-10-01,2008-09,2008-09
Hyundai Santro,Production,31,327.0,Oct,0,0,2008-10-01,2008-09,2008-09
Hyundai Santro,Sales,32,404.0,Oct,11,11,2008-10-01,2008-09,2008-09
Daihatsu Cuore,Production,39,5803.0,Oct,640,640,2008-10-01,2008-09,2008-09
Daihatsu Cuore,Sales,40,5852.0,Oct,604,604,2008-10-01,2008-09,2008-09
Suzuki Mehran,Production,42,13239.0,Oct,1759,1759,2008-10-01,2008-09,2008-09
Suzuki Mehran,Sales,43,13421.0,Oct,1898,1898,2008-10-01,2008-09,2008-09
Suzuki Bolan,Production,45,9639.0,Oct,1219,1219,2008-10-01,2008-09,2008-09
Suzuki Bolan,Sales,46,8664.0,Oct,1280,1280,2008-10-01,2008-09,2008-09
Honda Civic,Production,8,4985.0,Nov,525,525,2008-11-01,2008-09,2008-09
Honda Civic,Sales,9,4662.0,Nov,293,293,2008-11-01,2008-09,2008-09
Honda City,Production,11,6755.0,Nov,195,195,2008-11-01,2008-09,2008-09
Honda City,Sales,12,6482.0,Nov,272,272,2008-11-01,2008-09,2008-09
Suzuki Liana,Production,14,684.0,Nov,14,14,2008-11-01,2008-09,2008-09
Suzuki Liana,Sales,15,851.0,Nov,35,35,2008-11-01,2008-09,2008-09
Toyota Corolla,Production,17,27054.0,Nov,3053,3053,2008-11-01,2008-09,2008-09
Toyota Corolla,Sales,18,26760.0,Nov,3030,3030,2008-11-01,2008-09,2008-09
Suzuki Cultus,Production,25,9181.0,Nov,616,616,2008-11-01,2008-09,2008-09
Suzuki Cultus,Sales,26,9198.0,Nov,613,613,2008-11-01,2008-09,2008-09
Suzuki Alto,Production,28,6641.0,Nov,306,306,2008-11-01,2008-09,2008-09
Suzuki Alto,Sales,29,6550.0,Nov,200,200,2008-11-01,2008-09,2008-09
Hyundai Santro,Production,31,327.0,Nov,0,0,2008-11-01,2008-09,2008-09
Hyundai Santro,Sales,32,404.0,Nov,19,19,2008-11-01,2008-09,2008-09
Daihatsu Cuore,Production,39,5803.0,Nov,530,530,2008-11-01,2008-09,2008-09
Daihatsu Cuore,Sales,40,5852.0,Nov,173,173,2008-11-01,2008-09,2008-09
Suzuki Mehran,Production,42,13239.0,Nov,517,517,2008-11-01,2008-09,2008-09
Suzuki Mehran,Sales,43,13421.0,Nov,558,558,2008-11-01,2008-09,2008-09
Suzuki Bolan,Production,45,9639.0,Nov,1132,1132,2008-11-01,2008-09,2008-09
Suzuki Bolan,Sales,46,8664.0,Nov,1257,1257,2008-11-01,2008-09,2008-09
Honda Civic,Production,8,4985.0,Dec,414,414,2008-12-01,2008-09,2008-09
Honda Civic,Sales,9,4662.0,Dec,105,105,2008-12-01,2008-09,2008-09
Honda City,Production,11,6755.0,Dec,10,10,2008-12-01,2008-09,2008-09
Honda City,Sales,12,6482.0,Dec,45,45,2008-12-01,2008-09,2008-09
Suzuki Liana,Production,14,684.0,Dec,3,3,2008-12-01,2008-09,2008-09
Suzuki Liana,Sales,15,851.0,Dec,158,158,2008-12-01,2008-09,2008-09
Toyota Corolla,Production,17,27054.0,Dec,1628,1628,2008-12-01,2008-09,2008-09
Toyota Corolla,Sales,18,26760.0,Dec,1253,1253,2008-12-01,2008-09,2008-09
Suzuki Cultus,Production,25,9181.0,Dec,521,521,2008-12-01,2008-09,2008-09
Suzuki Cultus,Sales,26,9198.0,Dec,254,254,2008-12-01,2008-09,2008-09
Suzuki Alto,Production,28,6641.0,Dec,396,396,2008-12-01,2008-09,2008-09
Suzuki Alto,Sales,29,6550.0,Dec,100,100,2008-12-01,2008-09,2008-09
Hyundai Santro,Production,31,327.0,Dec,0,0,2008-12-01,2008-09,2008-09
Hyundai Santro,Sales,32,404.0,Dec,11,11,2008-12-01,2008-09,2008-09
Daihatsu Cuore,Production,39,5803.0,Dec,70,70,2008-12-01,2008-09,2008-09
Daihatsu Cuore,Sales,40,5852.0,Dec,87,87,2008-12-01,2008-09,2008-09
Suzuki Mehran,Production,42,13239.0,Dec,598,598,2008-12-01,2008-09,2008-09
Suzuki Mehran,Sales,43,13421.0,Dec,208,208,2008-12-01,2008-09,2008-09
Suzuki Bolan,Production,45,9639.0,Dec,894,894,2008-12-01,2008-09,2008-09
Suzuki Bolan,Sales,46,8664.0,Dec,468,468,2008-12-01,2008-09,2008-09
Honda Civic,Production,8,4985.0,Jan,683,683,2009-01-01,2008-09,2008-09
Honda Civic,Sales,9,4662.0,Jan,475,475,2009-01-01,2008-09,2008-09
Honda City,Production,11,6755.0,Jan,46,46,2009-01-01,2008-09,2008-09
Honda City,Sales,12,6482.0,Jan,3,3,2009-01-01,2008-09,2008-09
Suzuki Liana,Production,14,684.0,Jan,0,0,2009-01-01,2008-09,2008-09
Suzuki Liana,Sales,15,851.0,Jan,21,21,2009-01-01,2008-09,2008-09
Toyota Corolla,Production,17,27054.0,Jan,2581,2581,2009-01-01,2008-09,2008-09
Toyota Corolla,Sales,18,26760.0,Jan,3103,3103,2009-01-01,2008-09,2008-09
Suzuki Cultus,Production,25,9181.0,Jan,403,403,2009-01-01,2008-09,2008-09
Suzuki Cultus,Sales,26,9198.0,Jan,741,741,2009-01-01,2008-09,2008-09
Suzuki Alto,Production,28,6641.0,Jan,7,7,2009-01-01,2008-09,2008-09
Suzuki Alto,Sales,29,6550.0,Jan,733,733,2009-01-01,2008-09,2008-09
Hyundai Santro,Production,31,327.0,Jan,9,9,2009-01-01,2008-09,2008-09
Hyundai Santro,Sales,32,404.0,Jan,2,2,2009-01-01,2008-09,2008-09
Daihatsu Cuore,Production,39,5803.0,Jan,90,90,2009-01-01,2008-09,2008-09
Daihatsu Cuore,Sales,40,5852.0,Jan,285,285,2009-01-01,2008-09,2008-09
Suzuki Mehran,Production,42,13239.0,Jan,494,494,2009-01-01,2008-09,2008-09
Suzuki Mehran,Sales,43,13421.0,Jan,1078,1078,2009-01-01,2008-09,2008-09
Suzuki Bolan,Production,45,9639.0,Jan,709,709,2009-01-01,2008-09,2008-09
Suzuki Bolan,Sales,46,8664.0,Jan,473,473,2009-01-01,2008-09,2008-09
Honda Civic,Production,8,4985.0,Feb,145,145,2009-02-01,2008-09,2008-09
Honda Civic,Sales,9,4662.0,Feb,428,428,2009-02-01,2008-09,2008-09
Honda City,Production,11,6755.0,Feb,897,897,2009-02-01,2008-09,2008-09
Honda City,Sales,12,6482.0,Feb,795,795,2009-02-01,2008-09,2008-09
Suzuki Liana,Production,14,684.0,Feb,18,18,2009-02-01,2008-09,2008-09
Suzuki Liana,Sales,15,851.0,Feb,33,33,2009-02-01,2008-09,2008-09
Toyota Corolla,Production,17,27054.0,Feb,2406,2406,2009-02-01,2008-09,2008-09
Toyota Corolla,Sales,18,26760.0,Feb,2444,2444,2009-02-01,2008-09,2008-09
Suzuki Cultus,Production,25,9181.0,Feb,420,420,2009-02-01,2008-09,2008-09
Suzuki Cultus,Sales,26,9198.0,Feb,412,412,2009-02-01,2008-09,2008-09
Suzuki Alto,Production,28,6641.0,Feb,173,173,2009-02-01,2008-09,2008-09
Suzuki Alto,Sales,29,6550.0,Feb,170,170,2009-02-01,2008-09,2008-09
Hyundai Santro,Production,31,327.0,Feb,209,209,2009-02-01,2008-09,2008-09
Hyundai Santro,Sales,32,404.0,Feb,58,58,2009-02-01,2008-09,2008-09
Daihatsu Cuore,Production,39,5803.0,Feb,412,412,2009-02-01,2008-09,2008-09
Daihatsu Cuore,Sales,40,5852.0,Feb,524,524,2009-02-01,2008-09,2008-09
Suzuki Mehran,Production,42,13239.0,Feb,547,547,2009-02-01,2008-09,2008-09
Suzuki Mehran,Sales,43,13421.0,Feb,598,598,2009-02-01,2008-09,2008-09
Suzuki Bolan,Production,45,9639.0,Feb,506,506,2009-02-01,2008-09,2008-09
Suzuki Bolan,Sales,46,8664.0,Feb,312,312,2009-02-01,2008-09,2008-09
Honda Civic,Production,8,4985.0,Mar,78,78,2009-03-01,2008-09,2008-09
Honda Civic,Sales,9,4662.0,Mar,457,457,2009-03-01,2008-09,2008-09
Honda City,Production,11,6755.0,Mar,1287,1287,2009-03-01,2008-09,2008-09
Honda City,Sales,12,6482.0,Mar,1202,1202,2009-03-01,2008-09,2008-09
Suzuki Liana,Production,14,684.0,Mar,96,96,2009-03-01,2008-09,2008-09
Suzuki Liana,Sales,15,851.0,Mar,45,45,2009-03-01,2008-09,2008-09
Toyota Corolla,Production,17,27054.0,Mar,2706,2706,2009-03-01,2008-09,2008-09
Toyota Corolla,Sales,18,26760.0,Mar,2606,2606,2009-03-01,2008-09,2008-09
Suzuki Cultus,Production,25,9181.0,Mar,506,506,2009-03-01,2008-09,2008-09
Suzuki Cultus,Sales,26,9198.0,Mar,371,371,2009-03-01,2008-09,2008-09
Suzuki Alto,Production,28,6641.0,Mar,404,404,2009-03-01,2008-09,2008-09
Suzuki Alto,Sales,29,6550.0,Mar,255,255,2009-03-01,2008-09,2008-09
Hyundai Santro,Production,31,327.0,Mar,15,15,2009-03-01,2008-09,2008-09
Hyundai Santro,Sales,32,404.0,Mar,79,79,2009-03-01,2008-09,2008-09
Daihatsu Cuore,Production,39,5803.0,Mar,488,488,2009-03-01,2008-09,2008-09
Daihatsu Cuore,Sales,40,5852.0,Mar,397,397,2009-03-01,2008-09,2008-09
Suzuki Mehran,Production,42,13239.0,Mar,598,598,2009-03-01,2008-09,2008-09
Suzuki Mehran,Sales,43,13421.0,Mar,678,678,2009-03-01,2008-09,2008-09
Suzuki Bolan,Production,45,9639.0,Mar,610,610,2009-03-01,2008-09,2008-09
Suzuki Bolan,Sales,46,8664.0,Mar,435,435,2009-03-01,2008-09,2008-09
Honda Civic,Production,8,4985.0,Apr,235,235,2009-04-01,2008-09,2008-09
Honda Civic,Sales,9,4662.0,Apr,261,261,2009-04-01,2008-09,2008-09
Honda City,Production,11,6755.0,Apr,705,705,2009-04-01,2008-09,2008-09
Honda City,Sales,12,6482.0,Apr,675,675,2009-04-01,2008-09,2008-09
Suzuki Liana,Production,14,684.0,Apr,11,11,2009-04-01,2008-09,2008-09
Suzuki Liana,Sales,15,851.0,Apr,48,48,2009-04-01,2008-09,2008-09
Toyota Corolla,Production,17,27054.0,Apr,3201,3201,2009-04-01,2008-09,2008-09
Toyota Corolla,Sales,18,26760.0,Apr,3366,3366,2009-04-01,2008-09,2008-09
Suzuki Cultus,Production,25,9181.0,Apr,608,608,2009-04-01,2008-09,2008-09
Suzuki Cultus,Sales,26,9198.0,Apr,484,484,2009-04-01,2008-09,2008-09
Suzuki Alto,Production,28,6641.0,Apr,512,512,2009-04-01,2008-09,2008-09
Suzuki Alto,Sales,29,6550.0,Apr,341,341,2009-04-01,2008-09,2008-09
Hyundai Santro,Production,31,327.0,Apr,1,1,2009-04-01,2008-09,2008-09
Hyundai Santro,Sales,32,404.0,Apr,61,61,2009-04-01,2008-09,2008-09
Daihatsu Cuore,Production,39,5803.0,Apr,179,179,2009-04-01,2008-09,2008-09
Daihatsu Cuore,Sales,40,5852.0,Apr,320,320,2009-04-01,2008-09,2008-09
Suzuki Mehran,Production,42,13239.0,Apr,1108,1108,2009-04-01,2008-09,2008-09
Suzuki Mehran,Sales,43,13421.0,Apr,955,955,2009-04-01,2008-09,2008-09
Suzuki Bolan,Production,45,9639.0,Apr,594,594,2009-04-01,2008-09,2008-09
Suzuki Bolan,Sales,46,8664.0,Apr,453,453,2009-04-01,2008-09,2008-09
Honda Civic,Production,8,4985.0,May,245,245,2009-05-01,2008-09,2008-09
Honda Civic,Sales,9,4662.0,May,338,338,2009-05-01,2008-09,2008-09
Honda City,Production,11,6755.0,May,588,588,2009-05-01,2008-09,2008-09
Honda City,Sales,12,6482.0,May,363,363,2009-05-01,2008-09,2008-09
Suzuki Liana,Production,14,684.0,May,20,20,2009-05-01,2008-09,2008-09
Suzuki Liana,Sales,15,851.0,May,45,45,2009-05-01,2008-09,2008-09
Toyota Corolla,Production,17,27054.0,May,3008,3008,2009-05-01,2008-09,2008-09
Toyota Corolla,Sales,18,26760.0,May,3095,3095,2009-05-01,2008-09,2008-09
Suzuki Cultus,Production,25,9181.0,May,425,425,2009-05-01,2008-09,2008-09
Suzuki Cultus,Sales,26,9198.0,May,671,671,2009-05-01,2008-09,2008-09
Suzuki Alto,Production,28,6641.0,May,254,254,2009-05-01,2008-09,2008-09
Suzuki Alto,Sales,29,6550.0,May,571,571,2009-05-01,2008-09,2008-09
Hyundai Santro,Production,31,327.0,May,0,0,2009-05-01,2008-09,2008-09
Hyundai Santro,Sales,32,404.0,May,53,53,2009-05-01,2008-09,2008-09
Daihatsu Cuore,Production,39,5803.0,May,281,281,2009-05-01,2008-09,2008-09
Daihatsu Cuore,Sales,40,5852.0,May,325,325,2009-05-01,2008-09,2008-09
Suzuki Mehran,Production,42,13239.0,May,1356,1356,2009-05-01,2008-09,2008-09
Suzuki Mehran,Sales,43,13421.0,May,1143,1143,2009-05-01,2008-09,2008-09
Suzuki Bolan,Production,45,9639.0,May,467,467,2009-05-01,2008-09,2008-09
Suzuki Bolan,Sales,46,8664.0,May,540,540,2009-05-01,2008-09,2008-09
Honda Civic,Production,8,4985.0,Jun,298,298,2009-06-01,2008-09,2008-09
Honda Civic,Sales,9,4662.0,Jun,404,404,2009-06-01,2008-09,2008-09
Honda City,Production,11,6755.0,Jun,369,369,2009-06-01,2008-09,2008-09
Honda City,Sales,12,6482.0,Jun,458,458,2009-06-01,2008-09,2008-09
Suzuki Liana,Production,14,684.0,Jun,153,153,2009-06-01,2008-09,2008-09
Suzuki Liana,Sales,15,851.0,Jun,90,90,2009-06-01,2008-09,2008-09
Toyota Corolla,Production,17,27054.0,Jun,3022,3022,2009-06-01,2008-09,2008-09
Toyota Corolla,Sales,18,26760.0,Jun,3039,3039,2009-06-01,2008-09,2008-09
Suzuki Cultus,Production,25,9181.0,Jun,686,686,2009-06-01,2008-09,2008-09
Suzuki Cultus,Sales,26,9198.0,Jun,777,777,2009-06-01,2008-09,2008-09
Suzuki Alto,Production,28,6641.0,Jun,624,624,2009-06-01,2008-09,2008-09
Suzuki Alto,Sales,29,6550.0,Jun,668,668,2009-06-01,2008-09,2008-09
Hyundai Santro,Production,31,327.0,Jun,0,0,2009-06-01,2008-09,2008-09
Hyundai Santro,Sales,32,404.0,Jun,24,24,2009-06-01,2008-09,2008-09
Daihatsu Cuore,Production,39,5803.0,Jun,350,350,2009-06-01,2008-09,2008-09
Daihatsu Cuore,Sales,40,5852.0,Jun,397,397,2009-06-01,2008-09,2008-09
Suzuki Mehran,Production,42,13239.0,Jun,1283,1283,2009-06-01,2008-09,2008-09
Suzuki Mehran,Sales,43,13421.0,Jun,1136,1136,2009-06-01,2008-09,2008-09
Suzuki Bolan,Production,45,9639.0,Jun,452,452,2009-06-01,2008-09,2008-09
Suzuki Bolan,Sales,46,8664.0,Jun,558,558,2009-06-01,2008-09,2008-09
Honda Civic,Production,7,5648.0,Jul,243,243,2009-07-01,2009-10,2009-10
Honda Civic,Sales,8,5908.0,Jul,454,454,2009-07-01,2009-10,2009-10
Honda City,Production,10,7852.0,Jul,537,537,2009-07-01,2009-10,2009-10
Honda City,Sales,11,8212.0,Jul,686,686,2009-07-01,2009-10,2009-10
Suzuki Liana,Production,13,900.0,Jul,92,92,2009-07-01,2009-10,2009-10
Suzuki Liana,Sales,14,1025.0,Jul,87,87,2009-07-01,2009-10,2009-10
Suzuki Swift,Production,16,2578.0,Jul,0,0,2009-07-01,2009-10,2009-10
Suzuki Swift,Sales,17,2353.0,Jul,0,0,2009-07-01,2009-10,2009-10
Toyota Corolla,Production,19,43382.0,Jul,3241,3241,2009-07-01,2009-10,2009-10
Toyota Corolla,Sales,20,43510.0,Jul,3124,3124,2009-07-01,2009-10,2009-10
Suzuki Cultus,Production,27,12453.0,Jul,955,955,2009-07-01,2009-10,2009-10
Suzuki Cultus,Sales,28,12658.0,Jul,909,909,2009-07-01,2009-10,2009-10
Suzuki Alto,Production,30,10665.0,Jul,619,619,2009-07-01,2009-10,2009-10
Suzuki Alto,Sales,31,10794.0,Jul,629,629,2009-07-01,2009-10,2009-10
Hyundai Santro,Production,33,212.0,Jul,31,31,2009-07-01,2009-10,2009-10
Hyundai Santro,Sales,34,244.0,Jul,17,17,2009-07-01,2009-10,2009-10
Daihatsu Cuore,Production,41,5145.0,Jul,320,320,2009-07-01,2009-10,2009-10
Daihatsu Cuore,Sales,42,5301.0,Jul,331,331,2009-07-01,2009-10,2009-10
Suzuki Mehran,Production,44,22271.0,Jul,1865,1865,2009-07-01,2009-10,2009-10
Suzuki Mehran,Sales,45,22513.0,Jul,1377,1377,2009-07-01,2009-10,2009-10
Suzuki Bolan,Production,47,10541.0,Jul,830,830,2009-07-01,2009-10,2009-10
Suzuki Bolan,Sales,48,11439.0,Jul,946,946,2009-07-01,2009-10,2009-10
Honda Civic,Production,7,5648.0,Aug,419,419,2009-08-01,2009-10,2009-10
Honda Civic,Sales,8,5908.0,Aug,423,423,2009-08-01,2009-10,2009-10
Honda City,Production,10,7852.0,Aug,691,691,2009-08-01,2009-10,2009-10
Honda City,Sales,11,8212.0,Aug,630,630,2009-08-01,2009-10,2009-10
Suzuki Liana,Production,13,900.0,Aug,91,91,2009-08-01,2009-10,2009-10
Suzuki Liana,Sales,14,1025.0,Aug,101,101,2009-08-01,2009-10,2009-10
Suzuki Swift,Production,16,2578.0,Aug,0,0,2009-08-01,2009-10,2009-10
Suzuki Swift,Sales,17,2353.0,Aug,0,0,2009-08-01,2009-10,2009-10
Toyota Corolla,Production,19,43382.0,Aug,3155,3155,2009-08-01,2009-10,2009-10
Toyota Corolla,Sales,20,43510.0,Aug,3172,3172,2009-08-01,2009-10,2009-10
Suzuki Cultus,Production,27,12453.0,Aug,952,952,2009-08-01,2009-10,2009-10
Suzuki Cultus,Sales,28,12658.0,Aug,968,968,2009-08-01,2009-10,2009-10
Suzuki Alto,Production,30,10665.0,Aug,683,683,2009-08-01,2009-10,2009-10
Suzuki Alto,Sales,31,10794.0,Aug,733,733,2009-08-01,2009-10,2009-10
Hyundai Santro,Production,33,212.0,Aug,178,178,2009-08-01,2009-10,2009-10
Hyundai Santro,Sales,34,244.0,Aug,52,52,2009-08-01,2009-10,2009-10
Daihatsu Cuore,Production,41,5145.0,Aug,349,349,2009-08-01,2009-10,2009-10
Daihatsu Cuore,Sales,42,5301.0,Aug,379,379,2009-08-01,2009-10,2009-10
Suzuki Mehran,Production,44,22271.0,Aug,1900,1900,2009-08-01,2009-10,2009-10
Suzuki Mehran,Sales,45,22513.0,Aug,1983,1983,2009-08-01,2009-10,2009-10
Suzuki Bolan,Production,47,10541.0,Aug,461,461,2009-08-01,2009-10,2009-10
Suzuki Bolan,Sales,48,11439.0,Aug,949,949,2009-08-01,2009-10,2009-10
Honda Civic,Production,7,5648.0,Sep,420,420,2009-09-01,2009-10,2009-10
Honda Civic,Sales,8,5908.0,Sep,431,431,2009-09-01,2009-10,2009-10
Honda City,Production,10,7852.0,Sep,570,570,2009-09-01,2009-10,2009-10
Honda City,Sales,11,8212.0,Sep,639,639,2009-09-01,2009-10,2009-10
Suzuki Liana,Production,13,900.0,Sep,116,116,2009-09-01,2009-10,2009-10
Suzuki Liana,Sales,14,1025.0,Sep,170,170,2009-09-01,2009-10,2009-10
Suzuki Swift,Production,16,2578.0,Sep,0,0,2009-09-01,2009-10,2009-10
Suzuki Swift,Sales,17,2353.0,Sep,0,0,2009-09-01,2009-10,2009-10
Toyota Corolla,Production,19,43382.0,Sep,2661,2661,2009-09-01,2009-10,2009-10
Toyota Corolla,Sales,20,43510.0,Sep,2655,2655,2009-09-01,2009-10,2009-10
Suzuki Cultus,Production,27,12453.0,Sep,922,922,2009-09-01,2009-10,2009-10
Suzuki Cultus,Sales,28,12658.0,Sep,975,975,2009-09-01,2009-10,2009-10
Suzuki Alto,Production,30,10665.0,Sep,1162,1162,2009-09-01,2009-10,2009-10
Suzuki Alto,Sales,31,10794.0,Sep,1003,1003,2009-09-01,2009-10,2009-10
Hyundai Santro,Production,33,212.0,Sep,2,2,2009-09-01,2009-10,2009-10
Hyundai Santro,Sales,34,244.0,Sep,46,46,2009-09-01,2009-10,2009-10
Daihatsu Cuore,Production,41,5145.0,Sep,327,327,2009-09-01,2009-10,2009-10
Daihatsu Cuore,Sales,42,5301.0,Sep,409,409,2009-09-01,2009-10,2009-10
Suzuki Mehran,Production,44,22271.0,Sep,1456,1456,2009-09-01,2009-10,2009-10
Suzuki Mehran,Sales,45,22513.0,Sep,1798,1798,2009-09-01,2009-10,2009-10
Suzuki Bolan,Production,47,10541.0,Sep,474,474,2009-09-01,2009-10,2009-10
Suzuki Bolan,Sales,48,11439.0,Sep,736,736,2009-09-01,2009-10,2009-10
Honda Civic,Production,7,5648.0,Oct,429,429,2009-10-01,2009-10,2009-10
Honda Civic,Sales,8,5908.0,Oct,417,417,2009-10-01,2009-10,2009-10
Honda City,Production,10,7852.0,Oct,591,591,2009-10-01,2009-10,2009-10
Honda City,Sales,11,8212.0,Oct,670,670,2009-10-01,2009-10,2009-10
Suzuki Liana,Production,13,900.0,Oct,96,96,2009-10-01,2009-10,2009-10
Suzuki Liana,Sales,14,1025.0,Oct,59,59,2009-10-01,2009-10,2009-10
Suzuki Swift,Production,16,2578.0,Oct,5,5,2009-10-01,2009-10,2009-10
Suzuki Swift,Sales,17,2353.0,Oct,0,0,2009-10-01,2009-10,2009-10
Toyota Corolla,Production,19,43382.0,Oct,3933,3933,2009-10-01,2009-10,2009-10
Toyota Corolla,Sales,20,43510.0,Oct,3951,3951,2009-10-01,2009-10,2009-10
Suzuki Cultus,Production,27,12453.0,Oct,1159,1159,2009-10-01,2009-10,2009-10
Suzuki Cultus,Sales,28,12658.0,Oct,1201,1201,2009-10-01,2009-10,2009-10
Suzuki Alto,Production,30,10665.0,Oct,1327,1327,2009-10-01,2009-10,2009-10
Suzuki Alto,Sales,31,10794.0,Oct,1265,1265,2009-10-01,2009-10,2009-10
Hyundai Santro,Production,33,212.0,Oct,1,1,2009-10-01,2009-10,2009-10
Hyundai Santro,Sales,34,244.0,Oct,60,60,2009-10-01,2009-10,2009-10
Daihatsu Cuore,Production,41,5145.0,Oct,434,434,2009-10-01,2009-10,2009-10
Daihatsu Cuore,Sales,42,5301.0,Oct,425,425,2009-10-01,2009-10,2009-10
Suzuki Mehran,Production,44,22271.0,Oct,2345,2345,2009-10-01,2009-10,2009-10
Suzuki Mehran,Sales,45,22513.0,Oct,2324,2324,2009-10-01,2009-10,2009-10
Suzuki Bolan,Production,47,10541.0,Oct,1039,1039,2009-10-01,2009-10,2009-10
Suzuki Bolan,Sales,48,11439.0,Oct,738,738,2009-10-01,2009-10,2009-10
Honda Civic,Production,7,5648.0,Nov,435,435,2009-11-01,2009-10,2009-10
Honda Civic,Sales,8,5908.0,Nov,363,363,2009-11-01,2009-10,2009-10
Honda City,Production,10,7852.0,Nov,542,542,2009-11-01,2009-10,2009-10
Honda City,Sales,11,8212.0,Nov,391,391,2009-11-01,2009-10,2009-10
Suzuki Liana,Production,13,900.0,Nov,83,83,2009-11-01,2009-10,2009-10
Suzuki Liana,Sales,14,1025.0,Nov,74,74,2009-11-01,2009-10,2009-10
Suzuki Swift,Production,16,2578.0,Nov,92,92,2009-11-01,2009-10,2009-10
Suzuki Swift,Sales,17,2353.0,Nov,0,0,2009-11-01,2009-10,2009-10
Toyota Corolla,Production,19,43382.0,Nov,3157,3157,2009-11-01,2009-10,2009-10
Toyota Corolla,Sales,20,43510.0,Nov,3183,3183,2009-11-01,2009-10,2009-10
Suzuki Cultus,Production,27,12453.0,Nov,995,995,2009-11-01,2009-10,2009-10
Suzuki Cultus,Sales,28,12658.0,Nov,880,880,2009-11-01,2009-10,2009-10
Suzuki Alto,Production,30,10665.0,Nov,1126,1126,2009-11-01,2009-10,2009-10
Suzuki Alto,Sales,31,10794.0,Nov,675,675,2009-11-01,2009-10,2009-10
Hyundai Santro,Production,33,212.0,Nov,0,0,2009-11-01,2009-10,2009-10
Hyundai Santro,Sales,34,244.0,Nov,22,22,2009-11-01,2009-10,2009-10
Daihatsu Cuore,Production,41,5145.0,Nov,287,287,2009-11-01,2009-10,2009-10
Daihatsu Cuore,Sales,42,5301.0,Nov,285,285,2009-11-01,2009-10,2009-10
Suzuki Mehran,Production,44,22271.0,Nov,1884,1884,2009-11-01,2009-10,2009-10
Suzuki Mehran,Sales,45,22513.0,Nov,1740,1740,2009-11-01,2009-10,2009-10
Suzuki Bolan,Production,47,10541.0,Nov,911,911,2009-11-01,2009-10,2009-10
Suzuki Bolan,Sales,48,11439.0,Nov,962,962,2009-11-01,2009-10,2009-10
Honda Civic,Production,7,5648.0,Dec,456,456,2009-12-01,2009-10,2009-10
Honda Civic,Sales,8,5908.0,Dec,224,224,2009-12-01,2009-10,2009-10
Honda City,Production,10,7852.0,Dec,532,532,2009-12-01,2009-10,2009-10
Honda City,Sales,11,8212.0,Dec,343,343,2009-12-01,2009-10,2009-10
Suzuki Liana,Production,13,900.0,Dec,66,66,2009-12-01,2009-10,2009-10
Suzuki Liana,Sales,14,1025.0,Dec,42,42,2009-12-01,2009-10,2009-10
Suzuki Swift,Production,16,2578.0,Dec,176,176,2009-12-01,2009-10,2009-10
Suzuki Swift,Sales,17,2353.0,Dec,2,2,2009-12-01,2009-10,2009-10
Toyota Corolla,Production,19,43382.0,Dec,2033,2033,2009-12-01,2009-10,2009-10
Toyota Corolla,Sales,20,43510.0,Dec,2044,2044,2009-12-01,2009-10,2009-10
Suzuki Cultus,Production,27,12453.0,Dec,981,981,2009-12-01,2009-10,2009-10
Suzuki Cultus,Sales,28,12658.0,Dec,805,805,2009-12-01,2009-10,2009-10
Suzuki Alto,Production,30,10665.0,Dec,640,640,2009-12-01,2009-10,2009-10
Suzuki Alto,Sales,31,10794.0,Dec,729,729,2009-12-01,2009-10,2009-10
Hyundai Santro,Production,33,212.0,Dec,0,0,2009-12-01,2009-10,2009-10
Hyundai Santro,Sales,34,244.0,Dec,18,18,2009-12-01,2009-10,2009-10
Daihatsu Cuore,Production,41,5145.0,Dec,217,217,2009-12-01,2009-10,2009-10
Daihatsu Cuore,Sales,42,5301.0,Dec,206,206,2009-12-01,2009-10,2009-10
Suzuki Mehran,Production,44,22271.0,Dec,1458,1458,2009-12-01,2009-10,2009-10
Suzuki Mehran,Sales,45,22513.0,Dec,1765,1765,2009-12-01,2009-10,2009-10
Suzuki Bolan,Production,47,10541.0,Dec,822,822,2009-12-01,2009-10,2009-10
Suzuki Bolan,Sales,48,11439.0,Dec,890,890,2009-12-01,2009-10,2009-10
Honda Civic,Production,7,5648.0,Jan,419,419,2010-01-01,2009-10,2009-10
Honda Civic,Sales,8,5908.0,Jan,627,627,2010-01-01,2009-10,2009-10
Honda City,Production,10,7852.0,Jan,749,749,2010-01-01,2009-10,2009-10
Honda City,Sales,11,8212.0,Jan,952,952,2010-01-01,2009-10,2009-10
Suzuki Liana,Production,13,900.0,Jan,54,54,2010-01-01,2009-10,2009-10
Suzuki Liana,Sales,14,1025.0,Jan,88,88,2010-01-01,2009-10,2009-10
Suzuki Swift,Production,16,2578.0,Jan,502,502,2010-01-01,2009-10,2009-10
Suzuki Swift,Sales,17,2353.0,Jan,502,502,2010-01-01,2009-10,2009-10
Toyota Corolla,Production,19,43382.0,Jan,4385,4385,2010-01-01,2009-10,2009-10
Toyota Corolla,Sales,20,43510.0,Jan,4207,4207,2010-01-01,2009-10,2009-10
Suzuki Cultus,Production,27,12453.0,Jan,880,880,2010-01-01,2009-10,2009-10
Suzuki Cultus,Sales,28,12658.0,Jan,950,950,2010-01-01,2009-10,2009-10
Suzuki Alto,Production,30,10665.0,Jan,662,662,2010-01-01,2009-10,2009-10
Suzuki Alto,Sales,31,10794.0,Jan,860,860,2010-01-01,2009-10,2009-10
Hyundai Santro,Production,33,212.0,Jan,0,0,2010-01-01,2009-10,2009-10
Hyundai Santro,Sales,34,244.0,Jan,19,19,2010-01-01,2009-10,2009-10
Daihatsu Cuore,Production,41,5145.0,Jan,682,682,2010-01-01,2009-10,2009-10
Daihatsu Cuore,Sales,42,5301.0,Jan,643,643,2010-01-01,2009-10,2009-10
Suzuki Mehran,Production,44,22271.0,Jan,1745,1745,2010-01-01,2009-10,2009-10
Suzuki Mehran,Sales,45,22513.0,Jan,1666,1666,2010-01-01,2009-10,2009-10
Suzuki Bolan,Production,47,10541.0,Jan,962,962,2010-01-01,2009-10,2009-10
Suzuki Bolan,Sales,48,11439.0,Jan,886,886,2010-01-01,2009-10,2009-10
Honda Civic,Production,7,5648.0,Feb,480,480,2010-02-01,2009-10,2009-10
Honda Civic,Sales,8,5908.0,Feb,606,606,2010-02-01,2009-10,2009-10
Honda City,Production,10,7852.0,Feb,696,696,2010-02-01,2009-10,2009-10
Honda City,Sales,11,8212.0,Feb,803,803,2010-02-01,2009-10,2009-10
Suzuki Liana,Production,13,900.0,Feb,44,44,2010-02-01,2009-10,2009-10
Suzuki Liana,Sales,14,1025.0,Feb,30,30,2010-02-01,2009-10,2009-10
Suzuki Swift,Production,16,2578.0,Feb,487,487,2010-02-01,2009-10,2009-10
Suzuki Swift,Sales,17,2353.0,Feb,505,505,2010-02-01,2009-10,2009-10
Toyota Corolla,Production,19,43382.0,Feb,3432,3432,2010-02-01,2009-10,2009-10
Toyota Corolla,Sales,20,43510.0,Feb,3481,3481,2010-02-01,2009-10,2009-10
Suzuki Cultus,Production,27,12453.0,Feb,860,860,2010-02-01,2009-10,2009-10
Suzuki Cultus,Sales,28,12658.0,Feb,900,900,2010-02-01,2009-10,2009-10
Suzuki Alto,Production,30,10665.0,Feb,687,687,2010-02-01,2009-10,2009-10
Suzuki Alto,Sales,31,10794.0,Feb,857,857,2010-02-01,2009-10,2009-10
Hyundai Santro,Production,33,212.0,Feb,0,0,2010-02-01,2009-10,2009-10
Hyundai Santro,Sales,34,244.0,Feb,7,7,2010-02-01,2009-10,2009-10
Daihatsu Cuore,Production,41,5145.0,Feb,573,573,2010-02-01,2009-10,2009-10
Daihatsu Cuore,Sales,42,5301.0,Feb,553,553,2010-02-01,2009-10,2009-10
Suzuki Mehran,Production,44,22271.0,Feb,1713,1713,2010-02-01,2009-10,2009-10
Suzuki Mehran,Sales,45,22513.0,Feb,1707,1707,2010-02-01,2009-10,2009-10
Suzuki Bolan,Production,47,10541.0,Feb,885,885,2010-02-01,2009-10,2009-10
Suzuki Bolan,Sales,48,11439.0,Feb,861,861,2010-02-01,2009-10,2009-10
Honda Civic,Production,7,5648.0,Mar,661,661,2010-03-01,2009-10,2009-10
Honda Civic,Sales,8,5908.0,Mar,520,520,2010-03-01,2009-10,2009-10
Honda City,Production,10,7852.0,Mar,670,670,2010-03-01,2009-10,2009-10
Honda City,Sales,11,8212.0,Mar,631,631,2010-03-01,2009-10,2009-10
Suzuki Liana,Production,13,900.0,Mar,70,70,2010-03-01,2009-10,2009-10
Suzuki Liana,Sales,14,1025.0,Mar,119,119,2010-03-01,2009-10,2009-10
Suzuki Swift,Production,16,2578.0,Mar,508,508,2010-03-01,2009-10,2009-10
Suzuki Swift,Sales,17,2353.0,Mar,408,408,2010-03-01,2009-10,2009-10
Toyota Corolla,Production,19,43382.0,Mar,4157,4157,2010-03-01,2009-10,2009-10
Toyota Corolla,Sales,20,43510.0,Mar,4147,4147,2010-03-01,2009-10,2009-10
Suzuki Cultus,Production,27,12453.0,Mar,1314,1314,2010-03-01,2009-10,2009-10
Suzuki Cultus,Sales,28,12658.0,Mar,1200,1200,2010-03-01,2009-10,2009-10
Suzuki Alto,Production,30,10665.0,Mar,946,946,2010-03-01,2009-10,2009-10
Suzuki Alto,Sales,31,10794.0,Mar,887,887,2010-03-01,2009-10,2009-10
Hyundai Santro,Production,33,212.0,Mar,0,0,2010-03-01,2009-10,2009-10
Hyundai Santro,Sales,34,244.0,Mar,2,2,2010-03-01,2009-10,2009-10
Daihatsu Cuore,Production,41,5145.0,Mar,469,469,2010-03-01,2009-10,2009-10
Daihatsu Cuore,Sales,42,5301.0,Mar,496,496,2010-03-01,2009-10,2009-10
Suzuki Mehran,Production,44,22271.0,Mar,1944,1944,2010-03-01,2009-10,2009-10
Suzuki Mehran,Sales,45,22513.0,Mar,1868,1868,2010-03-01,2009-10,2009-10
Suzuki Bolan,Production,47,10541.0,Mar,1003,1003,2010-03-01,2009-10,2009-10
Suzuki Bolan,Sales,48,11439.0,Mar,930,930,2010-03-01,2009-10,2009-10
Honda Civic,Production,7,5648.0,Apr,299,299,2010-04-01,2009-10,2009-10
Honda Civic,Sales,8,5908.0,Apr,441,441,2010-04-01,2009-10,2009-10
Honda City,Production,10,7852.0,Apr,571,571,2010-04-01,2009-10,2009-10
Honda City,Sales,11,8212.0,Apr,631,631,2010-04-01,2009-10,2009-10
Suzuki Liana,Production,13,900.0,Apr,56,56,2010-04-01,2009-10,2009-10
Suzuki Liana,Sales,14,1025.0,Apr,78,78,2010-04-01,2009-10,2009-10
Suzuki Swift,Production,16,2578.0,Apr,509,509,2010-04-01,2009-10,2009-10
Suzuki Swift,Sales,17,2353.0,Apr,279,279,2010-04-01,2009-10,2009-10
Toyota Corolla,Production,19,43382.0,Apr,4309,4309,2010-04-01,2009-10,2009-10
Toyota Corolla,Sales,20,43510.0,Apr,4558,4558,2010-04-01,2009-10,2009-10
Suzuki Cultus,Production,27,12453.0,Apr,1287,1287,2010-04-01,2009-10,2009-10
Suzuki Cultus,Sales,28,12658.0,Apr,1104,1104,2010-04-01,2009-10,2009-10
Suzuki Alto,Production,30,10665.0,Apr,1148,1148,2010-04-01,2009-10,2009-10
Suzuki Alto,Sales,31,10794.0,Apr,1002,1002,2010-04-01,2009-10,2009-10
Hyundai Santro,Production,33,212.0,Apr,0,0,2010-04-01,2009-10,2009-10
Hyundai Santro,Sales,34,244.0,Apr,1,1,2010-04-01,2009-10,2009-10
Daihatsu Cuore,Production,41,5145.0,Apr,288,288,2010-04-01,2009-10,2009-10
Daihatsu Cuore,Sales,42,5301.0,Apr,327,327,2010-04-01,2009-10,2009-10
Suzuki Mehran,Production,44,22271.0,Apr,1723,1723,2010-04-01,2009-10,2009-10
Suzuki Mehran,Sales,45,22513.0,Apr,1802,1802,2010-04-01,2009-10,2009-10
Suzuki Bolan,Production,47,10541.0,Apr,1032,1032,2010-04-01,2009-10,2009-10
Suzuki Bolan,Sales,48,11439.0,Apr,1112,1112,2010-04-01,2009-10,2009-10
Honda Civic,Production,7,5648.0,May,780,780,2010-05-01,2009-10,2009-10
Honda Civic,Sales,8,5908.0,May,700,700,2010-05-01,2009-10,2009-10
Honda City,Production,10,7852.0,May,870,870,2010-05-01,2009-10,2009-10
Honda City,Sales,11,8212.0,May,810,810,2010-05-01,2009-10,2009-10
Suzuki Liana,Production,13,900.0,May,65,65,2010-05-01,2009-10,2009-10
Suzuki Liana,Sales,14,1025.0,May,95,95,2010-05-01,2009-10,2009-10
Suzuki Swift,Production,16,2578.0,May,5,5,2010-05-01,2009-10,2009-10
Suzuki Swift,Sales,17,2353.0,May,300,300,2010-05-01,2009-10,2009-10
Toyota Corolla,Production,19,43382.0,May,4304,4304,2010-05-01,2009-10,2009-10
Toyota Corolla,Sales,20,43510.0,May,4235,4235,2010-05-01,2009-10,2009-10
Suzuki Cultus,Production,27,12453.0,May,1195,1195,2010-05-01,2009-10,2009-10
Suzuki Cultus,Sales,28,12658.0,May,1250,1250,2010-05-01,2009-10,2009-10
Suzuki Alto,Production,30,10665.0,May,1016,1016,2010-05-01,2009-10,2009-10
Suzuki Alto,Sales,31,10794.0,May,1009,1009,2010-05-01,2009-10,2009-10
Hyundai Santro,Production,33,212.0,May,0,0,2010-05-01,2009-10,2009-10
Hyundai Santro,Sales,34,244.0,May,0,0,2010-05-01,2009-10,2009-10
Daihatsu Cuore,Production,41,5145.0,May,630,630,2010-05-01,2009-10,2009-10
Daihatsu Cuore,Sales,42,5301.0,May,619,619,2010-05-01,2009-10,2009-10
Suzuki Mehran,Production,44,22271.0,May,1894,1894,2010-05-01,2009-10,2009-10
Suzuki Mehran,Sales,45,22513.0,May,1801,1801,2010-05-01,2009-10,2009-10
Suzuki Bolan,Production,47,10541.0,May,981,981,2010-05-01,2009-10,2009-10
Suzuki Bolan,Sales,48,11439.0,May,1000,1000,2010-05-01,2009-10,2009-10
Honda Civic,Production,7,5648.0,Jun,607,607,2010-06-01,2009-10,2009-10
Honda Civic,Sales,8,5908.0,Jun,702,702,2010-06-01,2009-10,2009-10
Honda City,Production,10,7852.0,Jun,833,833,2010-06-01,2009-10,2009-10
Honda City,Sales,11,8212.0,Jun,1026,1026,2010-06-01,2009-10,2009-10
Suzuki Liana,Production,13,900.0,Jun,67,67,2010-06-01,2009-10,2009-10
Suzuki Liana,Sales,14,1025.0,Jun,82,82,2010-06-01,2009-10,2009-10
Suzuki Swift,Production,16,2578.0,Jun,294,294,2010-06-01,2009-10,2009-10
Suzuki Swift,Sales,17,2353.0,Jun,357,357,2010-06-01,2009-10,2009-10
Toyota Corolla,Production,19,43382.0,Jun,4615,4615,2010-06-01,2009-10,2009-10
Toyota Corolla,Sales,20,43510.0,Jun,4753,4753,2010-06-01,2009-10,2009-10
Suzuki Cultus,Production,27,12453.0,Jun,953,953,2010-06-01,2009-10,2009-10
Suzuki Cultus,Sales,28,12658.0,Jun,1516,1516,2010-06-01,2009-10,2009-10
Suzuki Alto,Production,30,10665.0,Jun,649,649,2010-06-01,2009-10,2009-10
Suzuki Alto,Sales,31,10794.0,Jun,1145,1145,2010-06-01,2009-10,2009-10
Hyundai Santro,Production,33,212.0,Jun,0,0,2010-06-01,2009-10,2009-10
Hyundai Santro,Sales,34,244.0,Jun,0,0,2010-06-01,2009-10,2009-10
Daihatsu Cuore,Production,41,5145.0,Jun,569,569,2010-06-01,2009-10,2009-10
Daihatsu Cuore,Sales,42,5301.0,Jun,628,628,2010-06-01,2009-10,2009-10
Suzuki Mehran,Production,44,22271.0,Jun,2344,2344,2010-06-01,2009-10,2009-10
Suzuki Mehran,Sales,45,22513.0,Jun,2682,2682,2010-06-01,2009-10,2009-10
Suzuki Bolan,Production,47,10541.0,Jun,1141,1141,2010-06-01,2009-10,2009-10
Suzuki Bolan,Sales,48,11439.0,Jun,1429,1429,2010-06-01,2009-10,2009-10
Honda Civic,Production,7,6408.0,Jul,710,710,2010-07-01,2010-11,2010-11
Honda Civic,Sales,8,6365.0,Jul,518,518,2010-07-01,2010-11,2010-11
Honda City,Production,10,9294.0,Jul,850,850,2010-07-01,2010-11,2010-11
Honda City,Sales,11,9121.0,Jul,754,754,2010-07-01,2010-11,2010-11
Suzuki Liana,Production,13,614.0,Jul,28,28,2010-07-01,2010-11,2010-11
Suzuki Liana,Sales,14,470.0,Jul,17,17,2010-07-01,2010-11,2010-11
Suzuki Swift,Production,16,4376.0,Jul,351,351,2010-07-01,2010-11,2010-11
Suzuki Swift,Sales,17,4080.0,Jul,195,195,2010-07-01,2010-11,2010-11
Toyota Corolla,Production,19,41419.0,Jul,4521,4521,2010-07-01,2010-11,2010-11
Toyota Corolla,Sales,20,41111.0,Jul,4400,4400,2010-07-01,2010-11,2010-11
Suzuki Cultus,Production,27,12414.0,Jul,1112,1112,2010-07-01,2010-11,2010-11
Suzuki Cultus,Sales,28,11428.0,Jul,704,704,2010-07-01,2010-11,2010-11
Suzuki Alto,Production,30,12873.0,Jul,1154,1154,2010-07-01,2010-11,2010-11
Suzuki Alto,Sales,31,11932.0,Jul,631,631,2010-07-01,2010-11,2010-11
Hyundai Santro,Production,33,0.0,Jul,0,0,2010-07-01,2010-11,2010-11
Hyundai Santro,Sales,34,0.0,Jul,0,0,2010-07-01,2010-11,2010-11
Daihatsu Cuore,Production,41,6280.0,Jul,463,463,2010-07-01,2010-11,2010-11
Daihatsu Cuore,Sales,42,6007.0,Jul,421,421,2010-07-01,2010-11,2010-11
Suzuki Mehran,Production,44,25935.0,Jul,2288,2288,2010-07-01,2010-11,2010-11
Suzuki Mehran,Sales,45,24119.0,Jul,1306,1306,2010-07-01,2010-11,2010-11
Suzuki Bolan,Production,47,14359.0,Jul,1253,1253,2010-07-01,2010-11,2010-11
Suzuki Bolan,Sales,48,13311.0,Jul,850,850,2010-07-01,2010-11,2010-11
Honda Civic,Production,7,6408.0,Aug,418,418,2010-08-01,2010-11,2010-11
Honda Civic,Sales,8,6365.0,Aug,492,492,2010-08-01,2010-11,2010-11
Honda City,Production,10,9294.0,Aug,604,604,2010-08-01,2010-11,2010-11
Honda City,Sales,11,9121.0,Aug,688,688,2010-08-01,2010-11,2010-11
Suzuki Liana,Production,13,614.0,Aug,80,80,2010-08-01,2010-11,2010-11
Suzuki Liana,Sales,14,470.0,Aug,34,34,2010-08-01,2010-11,2010-11
Suzuki Swift,Production,16,4376.0,Aug,202,202,2010-08-01,2010-11,2010-11
Suzuki Swift,Sales,17,4080.0,Aug,226,226,2010-08-01,2010-11,2010-11
Toyota Corolla,Production,19,41419.0,Aug,2876,2876,2010-08-01,2010-11,2010-11
Toyota Corolla,Sales,20,41111.0,Aug,2901,2901,2010-08-01,2010-11,2010-11
Suzuki Cultus,Production,27,12414.0,Aug,923,923,2010-08-01,2010-11,2010-11
Suzuki Cultus,Sales,28,11428.0,Aug,1050,1050,2010-08-01,2010-11,2010-11
Suzuki Alto,Production,30,12873.0,Aug,1041,1041,2010-08-01,2010-11,2010-11
Suzuki Alto,Sales,31,11932.0,Aug,1141,1141,2010-08-01,2010-11,2010-11
Hyundai Santro,Production,33,0.0,Aug,0,0,2010-08-01,2010-11,2010-11
Hyundai Santro,Sales,34,0.0,Aug,0,0,2010-08-01,2010-11,2010-11
Daihatsu Cuore,Production,41,6280.0,Aug,358,358,2010-08-01,2010-11,2010-11
Daihatsu Cuore,Sales,42,6007.0,Aug,392,392,2010-08-01,2010-11,2010-11
Suzuki Mehran,Production,44,25935.0,Aug,1534,1534,2010-08-01,2010-11,2010-11
Suzuki Mehran,Sales,45,24119.0,Aug,1905,1905,2010-08-01,2010-11,2010-11
Suzuki Bolan,Production,47,14359.0,Aug,926,926,2010-08-01,2010-11,2010-11
Suzuki Bolan,Sales,48,13311.0,Aug,1000,1000,2010-08-01,2010-11,2010-11
Honda Civic,Production,7,6408.0,Sep,546,546,2010-09-01,2010-11,2010-11
Honda Civic,Sales,8,6365.0,Sep,548,548,2010-09-01,2010-11,2010-11
Honda City,Production,10,9294.0,Sep,839,839,2010-09-01,2010-11,2010-11
Honda City,Sales,11,9121.0,Sep,832,832,2010-09-01,2010-11,2010-11
Suzuki Liana,Production,13,614.0,Sep,8,8,2010-09-01,2010-11,2010-11
Suzuki Liana,Sales,14,470.0,Sep,22,22,2010-09-01,2010-11,2010-11
Suzuki Swift,Production,16,4376.0,Sep,191,191,2010-09-01,2010-11,2010-11
Suzuki Swift,Sales,17,4080.0,Sep,252,252,2010-09-01,2010-11,2010-11
Toyota Corolla,Production,19,41419.0,Sep,3141,3141,2010-09-01,2010-11,2010-11
Toyota Corolla,Sales,20,41111.0,Sep,3070,3070,2010-09-01,2010-11,2010-11
Suzuki Cultus,Production,27,12414.0,Sep,1031,1031,2010-09-01,2010-11,2010-11
Suzuki Cultus,Sales,28,11428.0,Sep,1106,1106,2010-09-01,2010-11,2010-11
Suzuki Alto,Production,30,12873.0,Sep,933,933,2010-09-01,2010-11,2010-11
Suzuki Alto,Sales,31,11932.0,Sep,1047,1047,2010-09-01,2010-11,2010-11
Hyundai Santro,Production,33,0.0,Sep,0,0,2010-09-01,2010-11,2010-11
Hyundai Santro,Sales,34,0.0,Sep,0,0,2010-09-01,2010-11,2010-11
Daihatsu Cuore,Production,41,6280.0,Sep,333,333,2010-09-01,2010-11,2010-11
Daihatsu Cuore,Sales,42,6007.0,Sep,323,323,2010-09-01,2010-11,2010-11
Suzuki Mehran,Production,44,25935.0,Sep,1911,1911,2010-09-01,2010-11,2010-11
Suzuki Mehran,Sales,45,24119.0,Sep,2145,2145,2010-09-01,2010-11,2010-11
Suzuki Bolan,Production,47,14359.0,Sep,1088,1088,2010-09-01,2010-11,2010-11
Suzuki Bolan,Sales,48,13311.0,Sep,1060,1060,2010-09-01,2010-11,2010-11
Honda Civic,Production,7,6408.0,Oct,659,659,2010-10-01,2010-11,2010-11
Honda Civic,Sales,8,6365.0,Oct,573,573,2010-10-01,2010-11,2010-11
Honda City,Production,10,9294.0,Oct,855,855,2010-10-01,2010-11,2010-11
Honda City,Sales,11,9121.0,Oct,767,767,2010-10-01,2010-11,2010-11
Suzuki Liana,Production,13,614.0,Oct,79,79,2010-10-01,2010-11,2010-11
Suzuki Liana,Sales,14,470.0,Oct,50,50,2010-10-01,2010-11,2010-11
Suzuki Swift,Production,16,4376.0,Oct,269,269,2010-10-01,2010-11,2010-11
Suzuki Swift,Sales,17,4080.0,Oct,296,296,2010-10-01,2010-11,2010-11
Toyota Corolla,Production,19,41419.0,Oct,3973,3973,2010-10-01,2010-11,2010-11
Toyota Corolla,Sales,20,41111.0,Oct,3891,3891,2010-10-01,2010-11,2010-11
Suzuki Cultus,Production,27,12414.0,Oct,1084,1084,2010-10-01,2010-11,2010-11
Suzuki Cultus,Sales,28,11428.0,Oct,963,963,2010-10-01,2010-11,2010-11
Suzuki Alto,Production,30,12873.0,Oct,1067,1067,2010-10-01,2010-11,2010-11
Suzuki Alto,Sales,31,11932.0,Oct,1100,1100,2010-10-01,2010-11,2010-11
Hyundai Santro,Production,33,0.0,Oct,0,0,2010-10-01,2010-11,2010-11
Hyundai Santro,Sales,34,0.0,Oct,0,0,2010-10-01,2010-11,2010-11
Daihatsu Cuore,Production,41,6280.0,Oct,740,740,2010-10-01,2010-11,2010-11
Daihatsu Cuore,Sales,42,6007.0,Oct,757,757,2010-10-01,2010-11,2010-11
Suzuki Mehran,Production,44,25935.0,Oct,2169,2169,2010-10-01,2010-11,2010-11
Suzuki Mehran,Sales,45,24119.0,Oct,2248,2248,2010-10-01,2010-11,2010-11
Suzuki Bolan,Production,47,14359.0,Oct,1273,1273,2010-10-01,2010-11,2010-11
Suzuki Bolan,Sales,48,13311.0,Oct,1266,1266,2010-10-01,2010-11,2010-11
Honda Civic,Production,7,6408.0,Nov,449,449,2010-11-01,2010-11,2010-11
Honda Civic,Sales,8,6365.0,Nov,446,446,2010-11-01,2010-11,2010-11
Honda City,Production,10,9294.0,Nov,696,696,2010-11-01,2010-11,2010-11
Honda City,Sales,11,9121.0,Nov,629,629,2010-11-01,2010-11,2010-11
Suzuki Liana,Production,13,614.0,Nov,53,53,2010-11-01,2010-11,2010-11
Suzuki Liana,Sales,14,470.0,Nov,39,39,2010-11-01,2010-11,2010-11
Suzuki Swift,Production,16,4376.0,Nov,270,270,2010-11-01,2010-11,2010-11
Suzuki Swift,Sales,17,4080.0,Nov,301,301,2010-11-01,2010-11,2010-11
Toyota Corolla,Production,19,41419.0,Nov,2862,2862,2010-11-01,2010-11,2010-11
Toyota Corolla,Sales,20,41111.0,Nov,2887,2887,2010-11-01,2010-11,2010-11
Suzuki Cultus,Production,27,12414.0,Nov,1015,1015,2010-11-01,2010-11,2010-11
Suzuki Cultus,Sales,28,11428.0,Nov,977,977,2010-11-01,2010-11,2010-11
Suzuki Alto,Production,30,12873.0,Nov,970,970,2010-11-01,2010-11,2010-11
Suzuki Alto,Sales,31,11932.0,Nov,1031,1031,2010-11-01,2010-11,2010-11
Hyundai Santro,Production,33,0.0,Nov,0,0,2010-11-01,2010-11,2010-11
Hyundai Santro,Sales,34,0.0,Nov,0,0,2010-11-01,2010-11,2010-11
Daihatsu Cuore,Production,41,6280.0,Nov,814,814,2010-11-01,2010-11,2010-11
Daihatsu Cuore,Sales,42,6007.0,Nov,755,755,2010-11-01,2010-11,2010-11
Suzuki Mehran,Production,44,25935.0,Nov,2108,2108,2010-11-01,2010-11,2010-11
Suzuki Mehran,Sales,45,24119.0,Nov,1992,1992,2010-11-01,2010-11,2010-11
Suzuki Bolan,Production,47,14359.0,Nov,1263,1263,2010-11-01,2010-11,2010-11
Suzuki Bolan,Sales,48,13311.0,Nov,1202,1202,2010-11-01,2010-11,2010-11
Honda Civic,Production,7,6408.0,Dec,568,568,2010-12-01,2010-11,2010-11
Honda Civic,Sales,8,6365.0,Dec,341,341,2010-12-01,2010-11,2010-11
Honda City,Production,10,9294.0,Dec,574,574,2010-12-01,2010-11,2010-11
Honda City,Sales,11,9121.0,Dec,287,287,2010-12-01,2010-11,2010-11
Suzuki Liana,Production,13,614.0,Dec,40,40,2010-12-01,2010-11,2010-11
Suzuki Liana,Sales,14,470.0,Dec,26,26,2010-12-01,2010-11,2010-11
Suzuki Swift,Production,16,4376.0,Dec,311,311,2010-12-01,2010-11,2010-11
Suzuki Swift,Sales,17,4080.0,Dec,202,202,2010-12-01,2010-11,2010-11
Toyota Corolla,Production,19,41419.0,Dec,1877,1877,2010-12-01,2010-11,2010-11
Toyota Corolla,Sales,20,41111.0,Dec,1568,1568,2010-12-01,2010-11,2010-11
Suzuki Cultus,Production,27,12414.0,Dec,924,924,2010-12-01,2010-11,2010-11
Suzuki Cultus,Sales,28,11428.0,Dec,799,799,2010-12-01,2010-11,2010-11
Suzuki Alto,Production,30,12873.0,Dec,814,814,2010-12-01,2010-11,2010-11
Suzuki Alto,Sales,31,11932.0,Dec,812,812,2010-12-01,2010-11,2010-11
Hyundai Santro,Production,33,0.0,Dec,0,0,2010-12-01,2010-11,2010-11
Hyundai Santro,Sales,34,0.0,Dec,0,0,2010-12-01,2010-11,2010-11
Daihatsu Cuore,Production,41,6280.0,Dec,343,343,2010-12-01,2010-11,2010-11
Daihatsu Cuore,Sales,42,6007.0,Dec,311,311,2010-12-01,2010-11,2010-11
Suzuki Mehran,Production,44,25935.0,Dec,1945,1945,2010-12-01,2010-11,2010-11
Suzuki Mehran,Sales,45,24119.0,Dec,1995,1995,2010-12-01,2010-11,2010-11
Suzuki Bolan,Production,47,14359.0,Dec,1175,1175,2010-12-01,2010-11,2010-11
Suzuki Bolan,Sales,48,13311.0,Dec,1105,1105,2010-12-01,2010-11,2010-11
Honda Civic,Production,7,6408.0,Jan,542,542,2011-01-01,2010-11,2010-11
Honda Civic,Sales,8,6365.0,Jan,814,814,2011-01-01,2010-11,2010-11
Honda City,Production,10,9294.0,Jan,969,969,2011-01-01,2010-11,2010-11
Honda City,Sales,11,9121.0,Jan,1090,1090,2011-01-01,2010-11,2010-11
Suzuki Liana,Production,13,614.0,Jan,40,40,2011-01-01,2010-11,2010-11
Suzuki Liana,Sales,14,470.0,Jan,52,52,2011-01-01,2010-11,2010-11
Suzuki Swift,Production,16,4376.0,Jan,499,499,2011-01-01,2010-11,2010-11
Suzuki Swift,Sales,17,4080.0,Jan,500,500,2011-01-01,2010-11,2010-11
Toyota Corolla,Production,19,41419.0,Jan,4724,4724,2011-01-01,2010-11,2010-11
Toyota Corolla,Sales,20,41111.0,Jan,5023,5023,2011-01-01,2010-11,2010-11
Suzuki Cultus,Production,27,12414.0,Jan,493,493,2011-01-01,2010-11,2010-11
Suzuki Cultus,Sales,28,11428.0,Jan,908,908,2011-01-01,2010-11,2010-11
Suzuki Alto,Production,30,12873.0,Jan,584,584,2011-01-01,2010-11,2010-11
Suzuki Alto,Sales,31,11932.0,Jan,676,676,2011-01-01,2010-11,2010-11
Hyundai Santro,Production,33,0.0,Jan,0,0,2011-01-01,2010-11,2010-11
Hyundai Santro,Sales,34,0.0,Jan,0,0,2011-01-01,2010-11,2010-11
Daihatsu Cuore,Production,41,6280.0,Jan,567,567,2011-01-01,2010-11,2010-11
Daihatsu Cuore,Sales,42,6007.0,Jan,545,545,2011-01-01,2010-11,2010-11
Suzuki Mehran,Production,44,25935.0,Jan,2490,2490,2011-01-01,2010-11,2010-11
Suzuki Mehran,Sales,45,24119.0,Jan,2226,2226,2011-01-01,2010-11,2010-11
Suzuki Bolan,Production,47,14359.0,Jan,1117,1117,2011-01-01,2010-11,2010-11
Suzuki Bolan,Sales,48,13311.0,Jan,1100,1100,2011-01-01,2010-11,2010-11
Honda Civic,Production,7,6408.0,Feb,657,657,2011-02-01,2010-11,2010-11
Honda Civic,Sales,8,6365.0,Feb,714,714,2011-02-01,2010-11,2010-11
Honda City,Production,10,9294.0,Feb,898,898,2011-02-01,2010-11,2010-11
Honda City,Sales,11,9121.0,Feb,951,951,2011-02-01,2010-11,2010-11
Suzuki Liana,Production,13,614.0,Feb,70,70,2011-02-01,2010-11,2010-11
Suzuki Liana,Sales,14,470.0,Feb,65,65,2011-02-01,2010-11,2010-11
Suzuki Swift,Production,16,4376.0,Feb,425,425,2011-02-01,2010-11,2010-11
Suzuki Swift,Sales,17,4080.0,Feb,448,448,2011-02-01,2010-11,2010-11
Toyota Corolla,Production,19,41419.0,Feb,3765,3765,2011-02-01,2010-11,2010-11
Toyota Corolla,Sales,20,41111.0,Feb,3683,3683,2011-02-01,2010-11,2010-11
Suzuki Cultus,Production,27,12414.0,Feb,441,441,2011-02-01,2010-11,2010-11
Suzuki Cultus,Sales,28,11428.0,Feb,412,412,2011-02-01,2010-11,2010-11
Suzuki Alto,Production,30,12873.0,Feb,1292,1292,2011-02-01,2010-11,2010-11
Suzuki Alto,Sales,31,11932.0,Feb,1000,1000,2011-02-01,2010-11,2010-11
Hyundai Santro,Production,33,0.0,Feb,0,0,2011-02-01,2010-11,2010-11
Hyundai Santro,Sales,34,0.0,Feb,0,0,2011-02-01,2010-11,2010-11
Daihatsu Cuore,Production,41,6280.0,Feb,626,626,2011-02-01,2010-11,2010-11
Daihatsu Cuore,Sales,42,6007.0,Feb,690,690,2011-02-01,2010-11,2010-11
Suzuki Mehran,Production,44,25935.0,Feb,2228,2228,2011-02-01,2010-11,2010-11
Suzuki Mehran,Sales,45,24119.0,Feb,2613,2613,2011-02-01,2010-11,2010-11
Suzuki Bolan,Production,47,14359.0,Feb,545,545,2011-02-01,2010-11,2010-11
Suzuki Bolan,Sales,48,13311.0,Feb,1069,1069,2011-02-01,2010-11,2010-11
Honda Civic,Production,7,6408.0,Mar,665,665,2011-03-01,2010-11,2010-11
Honda Civic,Sales,8,6365.0,Mar,705,705,2011-03-01,2010-11,2010-11
Honda City,Production,10,9294.0,Mar,981,981,2011-03-01,2010-11,2010-11
Honda City,Sales,11,9121.0,Mar,965,965,2011-03-01,2010-11,2010-11
Suzuki Liana,Production,13,614.0,Mar,81,81,2011-03-01,2010-11,2010-11
Suzuki Liana,Sales,14,470.0,Mar,31,31,2011-03-01,2010-11,2010-11
Suzuki Swift,Production,16,4376.0,Mar,408,408,2011-03-01,2010-11,2010-11
Suzuki Swift,Sales,17,4080.0,Mar,354,354,2011-03-01,2010-11,2010-11
Toyota Corolla,Production,19,41419.0,Mar,3867,3867,2011-03-01,2010-11,2010-11
Toyota Corolla,Sales,20,41111.0,Mar,3397,3397,2011-03-01,2010-11,2010-11
Suzuki Cultus,Production,27,12414.0,Mar,1960,1960,2011-03-01,2010-11,2010-11
Suzuki Cultus,Sales,28,11428.0,Mar,1435,1435,2011-03-01,2010-11,2010-11
Suzuki Alto,Production,30,12873.0,Mar,1931,1931,2011-03-01,2010-11,2010-11
Suzuki Alto,Sales,31,11932.0,Mar,1957,1957,2011-03-01,2010-11,2010-11
Hyundai Santro,Production,33,0.0,Mar,0,0,2011-03-01,2010-11,2010-11
Hyundai Santro,Sales,34,0.0,Mar,0,0,2011-03-01,2010-11,2010-11
Daihatsu Cuore,Production,41,6280.0,Mar,428,428,2011-03-01,2010-11,2010-11
Daihatsu Cuore,Sales,42,6007.0,Mar,469,469,2011-03-01,2010-11,2010-11
Suzuki Mehran,Production,44,25935.0,Mar,2500,2500,2011-03-01,2010-11,2010-11
Suzuki Mehran,Sales,45,24119.0,Mar,2654,2654,2011-03-01,2010-11,2010-11
Suzuki Bolan,Production,47,14359.0,Mar,2125,2125,2011-03-01,2010-11,2010-11
Suzuki Bolan,Sales,48,13311.0,Mar,1612,1612,2011-03-01,2010-11,2010-11
Honda Civic,Production,7,6408.0,Apr,596,596,2011-04-01,2010-11,2010-11
Honda Civic,Sales,8,6365.0,Apr,612,612,2011-04-01,2010-11,2010-11
Honda City,Production,10,9294.0,Apr,986,986,2011-04-01,2010-11,2010-11
Honda City,Sales,11,9121.0,Apr,1028,1028,2011-04-01,2010-11,2010-11
Suzuki Liana,Production,13,614.0,Apr,4,4,2011-04-01,2010-11,2010-11
Suzuki Liana,Sales,14,470.0,Apr,50,50,2011-04-01,2010-11,2010-11
Suzuki Swift,Production,16,4376.0,Apr,508,508,2011-04-01,2010-11,2010-11
Suzuki Swift,Sales,17,4080.0,Apr,507,507,2011-04-01,2010-11,2010-11
Toyota Corolla,Production,19,41419.0,Apr,3618,3618,2011-04-01,2010-11,2010-11
Toyota Corolla,Sales,20,41111.0,Apr,4122,4122,2011-04-01,2010-11,2010-11
Suzuki Cultus,Production,27,12414.0,Apr,1038,1038,2011-04-01,2010-11,2010-11
Suzuki Cultus,Sales,28,11428.0,Apr,1264,1264,2011-04-01,2010-11,2010-11
Suzuki Alto,Production,30,12873.0,Apr,1022,1022,2011-04-01,2010-11,2010-11
Suzuki Alto,Sales,31,11932.0,Apr,1101,1101,2011-04-01,2010-11,2010-11
Hyundai Santro,Production,33,0.0,Apr,0,0,2011-04-01,2010-11,2010-11
Hyundai Santro,Sales,34,0.0,Apr,0,0,2011-04-01,2010-11,2010-11
Daihatsu Cuore,Production,41,6280.0,Apr,298,298,2011-04-01,2010-11,2010-11
Daihatsu Cuore,Sales,42,6007.0,Apr,312,312,2011-04-01,2010-11,2010-11
Suzuki Mehran,Production,44,25935.0,Apr,2191,2191,2011-04-01,2010-11,2010-11
Suzuki Mehran,Sales,45,24119.0,Apr,1875,1875,2011-04-01,2010-11,2010-11
Suzuki Bolan,Production,47,14359.0,Apr,1166,1166,2011-04-01,2010-11,2010-11
Suzuki Bolan,Sales,48,13311.0,Apr,1301,1301,2011-04-01,2010-11,2010-11
Honda Civic,Production,7,6408.0,May,303,303,2011-05-01,2010-11,2010-11
Honda Civic,Sales,8,6365.0,May,362,362,2011-05-01,2010-11,2010-11
Honda City,Production,10,9294.0,May,637,637,2011-05-01,2010-11,2010-11
Honda City,Sales,11,9121.0,May,582,582,2011-05-01,2010-11,2010-11
Suzuki Liana,Production,13,614.0,May,75,75,2011-05-01,2010-11,2010-11
Suzuki Liana,Sales,14,470.0,May,61,61,2011-05-01,2010-11,2010-11
Suzuki Swift,Production,16,4376.0,May,472,472,2011-05-01,2010-11,2010-11
Suzuki Swift,Sales,17,4080.0,May,552,552,2011-05-01,2010-11,2010-11
Toyota Corolla,Production,19,41419.0,May,3301,3301,2011-05-01,2010-11,2010-11
Toyota Corolla,Sales,20,41111.0,May,3331,3331,2011-05-01,2010-11,2010-11
Suzuki Cultus,Production,27,12414.0,May,1249,1249,2011-05-01,2010-11,2010-11
Suzuki Cultus,Sales,28,11428.0,May,1321,1321,2011-05-01,2010-11,2010-11
Suzuki Alto,Production,30,12873.0,May,996,996,2011-05-01,2010-11,2010-11
Suzuki Alto,Sales,31,11932.0,May,1056,1056,2011-05-01,2010-11,2010-11
Hyundai Santro,Production,33,0.0,May,0,0,2011-05-01,2010-11,2010-11
Hyundai Santro,Sales,34,0.0,May,0,0,2011-05-01,2010-11,2010-11
Daihatsu Cuore,Production,41,6280.0,May,621,621,2011-05-01,2010-11,2010-11
Daihatsu Cuore,Sales,42,6007.0,May,569,569,2011-05-01,2010-11,2010-11
Suzuki Mehran,Production,44,25935.0,May,2152,2152,2011-05-01,2010-11,2010-11
Suzuki Mehran,Sales,45,24119.0,May,2343,2343,2011-05-01,2010-11,2010-11
Suzuki Bolan,Production,47,14359.0,May,1178,1178,2011-05-01,2010-11,2010-11
Suzuki Bolan,Sales,48,13311.0,May,1302,1302,2011-05-01,2010-11,2010-11
Honda Civic,Production,7,6408.0,Jun,295,295,2011-06-01,2010-11,2010-11
Honda Civic,Sales,8,6365.0,Jun,240,240,2011-06-01,2010-11,2010-11
Honda City,Production,10,9294.0,Jun,405,405,2011-06-01,2010-11,2010-11
Honda City,Sales,11,9121.0,Jun,548,548,2011-06-01,2010-11,2010-11
Suzuki Liana,Production,13,614.0,Jun,56,56,2011-06-01,2010-11,2010-11
Suzuki Liana,Sales,14,470.0,Jun,23,23,2011-06-01,2010-11,2010-11
Suzuki Swift,Production,16,4376.0,Jun,470,470,2011-06-01,2010-11,2010-11
Suzuki Swift,Sales,17,4080.0,Jun,247,247,2011-06-01,2010-11,2010-11
Toyota Corolla,Production,19,41419.0,Jun,2894,2894,2011-06-01,2010-11,2010-11
Toyota Corolla,Sales,20,41111.0,Jun,2838,2838,2011-06-01,2010-11,2010-11
Suzuki Cultus,Production,27,12414.0,Jun,1144,1144,2011-06-01,2010-11,2010-11
Suzuki Cultus,Sales,28,11428.0,Jun,489,489,2011-06-01,2010-11,2010-11
Suzuki Alto,Production,30,12873.0,Jun,1069,1069,2011-06-01,2010-11,2010-11
Suzuki Alto,Sales,31,11932.0,Jun,380,380,2011-06-01,2010-11,2010-11
Hyundai Santro,Production,33,0.0,Jun,0,0,2011-06-01,2010-11,2010-11
Hyundai Santro,Sales,34,0.0,Jun,0,0,2011-06-01,2010-11,2010-11
Daihatsu Cuore,Production,41,6280.0,Jun,689,689,2011-06-01,2010-11,2010-11
Daihatsu Cuore,Sales,42,6007.0,Jun,463,463,2011-06-01,2010-11,2010-11
Suzuki Mehran,Production,44,25935.0,Jun,2419,2419,2011-06-01,2010-11,2010-11
Suzuki Mehran,Sales,45,24119.0,Jun,817,817,2011-06-01,2010-11,2010-11
Suzuki Bolan,Production,47,14359.0,Jun,1250,1250,2011-06-01,2010-11,2010-11
Suzuki Bolan,Sales,48,13311.0,Jun,444,444,2011-06-01,2010-11,2010-11
Honda Civic,Production,7,5396.0,Jul,333,333,2011-07-01,2011-12,2011-12
Honda Civic,Sales,8,4977.0,Jul,333,333,2011-07-01,2011-12,2011-12
Honda City,Production,10,7089.0,Jul,605,605,2011-07-01,2011-12,2011-12
Honda City,Sales,11,7142.0,Jul,637,637,2011-07-01,2011-12,2011-12
Suzuki Liana,Production,13,334.0,Jul,13,13,2011-07-01,2011-12,2011-12
Suzuki Liana,Sales,14,450.0,Jul,100,100,2011-07-01,2011-12,2011-12
Suzuki Swift,Production,16,7128.0,Jul,493,493,2011-07-01,2011-12,2011-12
Suzuki Swift,Sales,17,7040.0,Jul,751,751,2011-07-01,2011-12,2011-12
Toyota Corolla,Production,19,46352.0,Jul,3859,3859,2011-07-01,2011-12,2011-12
Toyota Corolla,Sales,20,46207.0,Jul,3681,3681,2011-07-01,2011-12,2011-12
Suzuki Cultus,Production,27,13600.0,Jul,929,929,2011-07-01,2011-12,2011-12
Suzuki Cultus,Sales,28,13693.0,Jul,1700,1700,2011-07-01,2011-12,2011-12
Suzuki Alto,Production,30,15288.0,Jul,990,990,2011-07-01,2011-12,2011-12
Suzuki Alto,Sales,31,16288.0,Jul,1728,1728,2011-07-01,2011-12,2011-12
Hyundai Santro,Production,33,0.0,Jul,0,0,2011-07-01,2011-12,2011-12
Hyundai Santro,Sales,34,0.0,Jul,0,0,2011-07-01,2011-12,2011-12
Daihatsu Cuore,Production,41,3635.0,Jul,336,336,2011-07-01,2011-12,2011-12
Daihatsu Cuore,Sales,42,3857.0,Jul,458,458,2011-07-01,2011-12,2011-12
Suzuki Mehran,Production,44,33839.0,Jul,2082,2082,2011-07-01,2011-12,2011-12
Suzuki Mehran,Sales,45,35131.0,Jul,3650,3650,2011-07-01,2011-12,2011-12
Suzuki Bolan,Production,47,21594.0,Jul,1051,1051,2011-07-01,2011-12,2011-12
Suzuki Bolan,Sales,48,22540.0,Jul,1818,1818,2011-07-01,2011-12,2011-12
Honda Civic,Production,7,5396.0,Aug,572,572,2011-08-01,2011-12,2011-12
Honda Civic,Sales,8,4977.0,Aug,599,599,2011-08-01,2011-12,2011-12
Honda City,Production,10,7089.0,Aug,843,843,2011-08-01,2011-12,2011-12
Honda City,Sales,11,7142.0,Aug,838,838,2011-08-01,2011-12,2011-12
Suzuki Liana,Production,13,334.0,Aug,61,61,2011-08-01,2011-12,2011-12
Suzuki Liana,Sales,14,450.0,Aug,27,27,2011-08-01,2011-12,2011-12
Suzuki Swift,Production,16,7128.0,Aug,529,529,2011-08-01,2011-12,2011-12
Suzuki Swift,Sales,17,7040.0,Aug,523,523,2011-08-01,2011-12,2011-12
Toyota Corolla,Production,19,46352.0,Aug,3214,3214,2011-08-01,2011-12,2011-12
Toyota Corolla,Sales,20,46207.0,Aug,3681,3681,2011-08-01,2011-12,2011-12
Suzuki Cultus,Production,27,13600.0,Aug,963,963,2011-08-01,2011-12,2011-12
Suzuki Cultus,Sales,28,13693.0,Aug,972,972,2011-08-01,2011-12,2011-12
Suzuki Alto,Production,30,15288.0,Aug,846,846,2011-08-01,2011-12,2011-12
Suzuki Alto,Sales,31,16288.0,Aug,853,853,2011-08-01,2011-12,2011-12
Hyundai Santro,Production,33,0.0,Aug,0,0,2011-08-01,2011-12,2011-12
Hyundai Santro,Sales,34,0.0,Aug,0,0,2011-08-01,2011-12,2011-12
Daihatsu Cuore,Production,41,3635.0,Aug,367,367,2011-08-01,2011-12,2011-12
Daihatsu Cuore,Sales,42,3857.0,Aug,382,382,2011-08-01,2011-12,2011-12
Suzuki Mehran,Production,44,33839.0,Aug,1773,1773,2011-08-01,2011-12,2011-12
Suzuki Mehran,Sales,45,35131.0,Aug,1865,1865,2011-08-01,2011-12,2011-12
Suzuki Bolan,Production,47,21594.0,Aug,945,945,2011-08-01,2011-12,2011-12
Suzuki Bolan,Sales,48,22540.0,Aug,957,957,2011-08-01,2011-12,2011-12
Honda Civic,Production,7,5396.0,Sep,837,837,2011-09-01,2011-12,2011-12
Honda Civic,Sales,8,4977.0,Sep,778,778,2011-09-01,2011-12,2011-12
Honda City,Production,10,7089.0,Sep,1063,1063,2011-09-01,2011-12,2011-12
Honda City,Sales,11,7142.0,Sep,1087,1087,2011-09-01,2011-12,2011-12
Suzuki Liana,Production,13,334.0,Sep,48,48,2011-09-01,2011-12,2011-12
Suzuki Liana,Sales,14,450.0,Sep,29,29,2011-09-01,2011-12,2011-12
Suzuki Swift,Production,16,7128.0,Sep,544,544,2011-09-01,2011-12,2011-12
Suzuki Swift,Sales,17,7040.0,Sep,552,552,2011-09-01,2011-12,2011-12
Toyota Corolla,Production,19,46352.0,Sep,3272,3272,2011-09-01,2011-12,2011-12
Toyota Corolla,Sales,20,46207.0,Sep,3320,3320,2011-09-01,2011-12,2011-12
Suzuki Cultus,Production,27,13600.0,Sep,1181,1181,2011-09-01,2011-12,2011-12
Suzuki Cultus,Sales,28,13693.0,Sep,1038,1038,2011-09-01,2011-12,2011-12
Suzuki Alto,Production,30,15288.0,Sep,1096,1096,2011-09-01,2011-12,2011-12
Suzuki Alto,Sales,31,16288.0,Sep,1052,1052,2011-09-01,2011-12,2011-12
Hyundai Santro,Production,33,0.0,Sep,0,0,2011-09-01,2011-12,2011-12
Hyundai Santro,Sales,34,0.0,Sep,0,0,2011-09-01,2011-12,2011-12
Daihatsu Cuore,Production,41,3635.0,Sep,452,452,2011-09-01,2011-12,2011-12
Daihatsu Cuore,Sales,42,3857.0,Sep,442,442,2011-09-01,2011-12,2011-12
Suzuki Mehran,Production,44,33839.0,Sep,2768,2768,2011-09-01,2011-12,2011-12
Suzuki Mehran,Sales,45,35131.0,Sep,2900,2900,2011-09-01,2011-12,2011-12
Suzuki Bolan,Production,47,21594.0,Sep,1093,1093,2011-09-01,2011-12,2011-12
Suzuki Bolan,Sales,48,22540.0,Sep,1314,1314,2011-09-01,2011-12,2011-12
Honda Civic,Production,7,5396.0,Oct,602,602,2011-10-01,2011-12,2011-12
Honda Civic,Sales,8,4977.0,Oct,536,536,2011-10-01,2011-12,2011-12
Honda City,Production,10,7089.0,Oct,1118,1118,2011-10-01,2011-12,2011-12
Honda City,Sales,11,7142.0,Oct,1085,1085,2011-10-01,2011-12,2011-12
Suzuki Liana,Production,13,334.0,Oct,94,94,2011-10-01,2011-12,2011-12
Suzuki Liana,Sales,14,450.0,Oct,12,12,2011-10-01,2011-12,2011-12
Suzuki Swift,Production,16,7128.0,Oct,716,716,2011-10-01,2011-12,2011-12
Suzuki Swift,Sales,17,7040.0,Oct,502,502,2011-10-01,2011-12,2011-12
Toyota Corolla,Production,19,46352.0,Oct,4557,4557,2011-10-01,2011-12,2011-12
Toyota Corolla,Sales,20,46207.0,Oct,4493,4493,2011-10-01,2011-12,2011-12
Suzuki Cultus,Production,27,13600.0,Oct,1513,1513,2011-10-01,2011-12,2011-12
Suzuki Cultus,Sales,28,13693.0,Oct,1287,1287,2011-10-01,2011-12,2011-12
Suzuki Alto,Production,30,15288.0,Oct,1342,1342,2011-10-01,2011-12,2011-12
Suzuki Alto,Sales,31,16288.0,Oct,1104,1104,2011-10-01,2011-12,2011-12
Hyundai Santro,Production,33,0.0,Oct,0,0,2011-10-01,2011-12,2011-12
Hyundai Santro,Sales,34,0.0,Oct,0,0,2011-10-01,2011-12,2011-12
Daihatsu Cuore,Production,41,3635.0,Oct,488,488,2011-10-01,2011-12,2011-12
Daihatsu Cuore,Sales,42,3857.0,Oct,250,250,2011-10-01,2011-12,2011-12
Suzuki Mehran,Production,44,33839.0,Oct,3761,3761,2011-10-01,2011-12,2011-12
Suzuki Mehran,Sales,45,35131.0,Oct,2999,2999,2011-10-01,2011-12,2011-12
Suzuki Bolan,Production,47,21594.0,Oct,1980,1980,2011-10-01,2011-12,2011-12
Suzuki Bolan,Sales,48,22540.0,Oct,1422,1422,2011-10-01,2011-12,2011-12
Honda Civic,Production,7,5396.0,Nov,302,302,2011-11-01,2011-12,2011-12
Honda Civic,Sales,8,4977.0,Nov,369,369,2011-11-01,2011-12,2011-12
Honda City,Production,10,7089.0,Nov,403,403,2011-11-01,2011-12,2011-12
Honda City,Sales,11,7142.0,Nov,528,528,2011-11-01,2011-12,2011-12
Suzuki Liana,Production,13,334.0,Nov,18,18,2011-11-01,2011-12,2011-12
Suzuki Liana,Sales,14,450.0,Nov,20,20,2011-11-01,2011-12,2011-12
Suzuki Swift,Production,16,7128.0,Nov,456,456,2011-11-01,2011-12,2011-12
Suzuki Swift,Sales,17,7040.0,Nov,474,474,2011-11-01,2011-12,2011-12
Toyota Corolla,Production,19,46352.0,Nov,2818,2818,2011-11-01,2011-12,2011-12
Toyota Corolla,Sales,20,46207.0,Nov,2692,2692,2011-11-01,2011-12,2011-12
Suzuki Cultus,Production,27,13600.0,Nov,1020,1020,2011-11-01,2011-12,2011-12
Suzuki Cultus,Sales,28,13693.0,Nov,1019,1019,2011-11-01,2011-12,2011-12
Suzuki Alto,Production,30,15288.0,Nov,1096,1096,2011-11-01,2011-12,2011-12
Suzuki Alto,Sales,31,16288.0,Nov,1216,1216,2011-11-01,2011-12,2011-12
Hyundai Santro,Production,33,0.0,Nov,0,0,2011-11-01,2011-12,2011-12
Hyundai Santro,Sales,34,0.0,Nov,0,0,2011-11-01,2011-12,2011-12
Daihatsu Cuore,Production,41,3635.0,Nov,222,222,2011-11-01,2011-12,2011-12
Daihatsu Cuore,Sales,42,3857.0,Nov,191,191,2011-11-01,2011-12,2011-12
Suzuki Mehran,Production,44,33839.0,Nov,2262,2262,2011-11-01,2011-12,2011-12
Suzuki Mehran,Sales,45,35131.0,Nov,2720,2720,2011-11-01,2011-12,2011-12
Suzuki Bolan,Production,47,21594.0,Nov,1380,1380,2011-11-01,2011-12,2011-12
Suzuki Bolan,Sales,48,22540.0,Nov,1369,1369,2011-11-01,2011-12,2011-12
Honda Civic,Production,7,5396.0,Dec,0,0,2011-12-01,2011-12,2011-12
Honda Civic,Sales,8,4977.0,Dec,49,49,2011-12-01,2011-12,2011-12
Honda City,Production,10,7089.0,Dec,0,0,2011-12-01,2011-12,2011-12
Honda City,Sales,11,7142.0,Dec,22,22,2011-12-01,2011-12,2011-12
Suzuki Liana,Production,13,334.0,Dec,0,0,2011-12-01,2011-12,2011-12
Suzuki Liana,Sales,14,450.0,Dec,11,11,2011-12-01,2011-12,2011-12
Suzuki Swift,Production,16,7128.0,Dec,541,541,2011-12-01,2011-12,2011-12
Suzuki Swift,Sales,17,7040.0,Dec,445,445,2011-12-01,2011-12,2011-12
Toyota Corolla,Production,19,46352.0,Dec,2324,2324,2011-12-01,2011-12,2011-12
Toyota Corolla,Sales,20,46207.0,Dec,2153,2153,2011-12-01,2011-12,2011-12
Suzuki Cultus,Production,27,13600.0,Dec,1043,1043,2011-12-01,2011-12,2011-12
Suzuki Cultus,Sales,28,13693.0,Dec,1018,1018,2011-12-01,2011-12,2011-12
Suzuki Alto,Production,30,15288.0,Dec,971,971,2011-12-01,2011-12,2011-12
Suzuki Alto,Sales,31,16288.0,Dec,826,826,2011-12-01,2011-12,2011-12
Hyundai Santro,Production,33,0.0,Dec,0,0,2011-12-01,2011-12,2011-12
Hyundai Santro,Sales,34,0.0,Dec,0,0,2011-12-01,2011-12,2011-12
Daihatsu Cuore,Production,41,3635.0,Dec,195,195,2011-12-01,2011-12,2011-12
Daihatsu Cuore,Sales,42,3857.0,Dec,161,161,2011-12-01,2011-12,2011-12
Suzuki Mehran,Production,44,33839.0,Dec,2697,2697,2011-12-01,2011-12,2011-12
Suzuki Mehran,Sales,45,35131.0,Dec,2880,2880,2011-12-01,2011-12,2011-12
Suzuki Bolan,Production,47,21594.0,Dec,1603,1603,2011-12-01,2011-12,2011-12
Suzuki Bolan,Sales,48,22540.0,Dec,1968,1968,2011-12-01,2011-12,2011-12
Honda Civic,Production,7,5396.0,Jan,0,0,2012-01-01,2011-12,2011-12
Honda Civic,Sales,8,4977.0,Jan,92,92,2012-01-01,2011-12,2011-12
Honda City,Production,10,7089.0,Jan,0,0,2012-01-01,2011-12,2011-12
Honda City,Sales,11,7142.0,Jan,38,38,2012-01-01,2011-12,2011-12
Suzuki Liana,Production,13,334.0,Jan,0,0,2012-01-01,2011-12,2011-12
Suzuki Liana,Sales,14,450.0,Jan,60,60,2012-01-01,2011-12,2011-12
Suzuki Swift,Production,16,7128.0,Jan,659,659,2012-01-01,2011-12,2011-12
Suzuki Swift,Sales,17,7040.0,Jan,600,600,2012-01-01,2011-12,2011-12
Toyota Corolla,Production,19,46352.0,Jan,5159,5159,2012-01-01,2011-12,2011-12
Toyota Corolla,Sales,20,46207.0,Jan,4865,4865,2012-01-01,2011-12,2011-12
Suzuki Cultus,Production,27,13600.0,Jan,1080,1080,2012-01-01,2011-12,2011-12
Suzuki Cultus,Sales,28,13693.0,Jan,1191,1191,2012-01-01,2011-12,2011-12
Suzuki Alto,Production,30,15288.0,Jan,1878,1878,2012-01-01,2011-12,2011-12
Suzuki Alto,Sales,31,16288.0,Jan,1582,1582,2012-01-01,2011-12,2011-12
Hyundai Santro,Production,33,0.0,Jan,0,0,2012-01-01,2011-12,2011-12
Hyundai Santro,Sales,34,0.0,Jan,0,0,2012-01-01,2011-12,2011-12
Daihatsu Cuore,Production,41,3635.0,Jan,244,244,2012-01-01,2011-12,2011-12
Daihatsu Cuore,Sales,42,3857.0,Jan,361,361,2012-01-01,2011-12,2011-12
Suzuki Mehran,Production,44,33839.0,Jan,2897,2897,2012-01-01,2011-12,2011-12
Suzuki Mehran,Sales,45,35131.0,Jan,2361,2361,2012-01-01,2011-12,2011-12
Suzuki Bolan,Production,47,21594.0,Jan,2068,2068,2012-01-01,2011-12,2011-12
Suzuki Bolan,Sales,48,22540.0,Jan,1975,1975,2012-01-01,2011-12,2011-12
Honda Civic,Production,7,5396.0,Feb,0,0,2012-02-01,2011-12,2011-12
Honda Civic,Sales,8,4977.0,Feb,25,25,2012-02-01,2011-12,2011-12
Honda City,Production,10,7089.0,Feb,0,0,2012-02-01,2011-12,2011-12
Honda City,Sales,11,7142.0,Feb,8,8,2012-02-01,2011-12,2011-12
Suzuki Liana,Production,13,334.0,Feb,0,0,2012-02-01,2011-12,2011-12
Suzuki Liana,Sales,14,450.0,Feb,57,57,2012-02-01,2011-12,2011-12
Suzuki Swift,Production,16,7128.0,Feb,644,644,2012-02-01,2011-12,2011-12
Suzuki Swift,Sales,17,7040.0,Feb,653,653,2012-02-01,2011-12,2011-12
Toyota Corolla,Production,19,46352.0,Feb,3915,3915,2012-02-01,2011-12,2011-12
Toyota Corolla,Sales,20,46207.0,Feb,4155,4155,2012-02-01,2011-12,2011-12
Suzuki Cultus,Production,27,13600.0,Feb,1107,1107,2012-02-01,2011-12,2011-12
Suzuki Cultus,Sales,28,13693.0,Feb,1348,1348,2012-02-01,2011-12,2011-12
Suzuki Alto,Production,30,15288.0,Feb,1766,1766,2012-02-01,2011-12,2011-12
Suzuki Alto,Sales,31,16288.0,Feb,1493,1493,2012-02-01,2011-12,2011-12
Hyundai Santro,Production,33,0.0,Feb,0,0,2012-02-01,2011-12,2011-12
Hyundai Santro,Sales,34,0.0,Feb,0,0,2012-02-01,2011-12,2011-12
Daihatsu Cuore,Production,41,3635.0,Feb,648,648,2012-02-01,2011-12,2011-12
Daihatsu Cuore,Sales,42,3857.0,Feb,520,520,2012-02-01,2011-12,2011-12
Suzuki Mehran,Production,44,33839.0,Feb,2947,2947,2012-02-01,2011-12,2011-12
Suzuki Mehran,Sales,45,35131.0,Feb,3092,3092,2012-02-01,2011-12,2011-12
Suzuki Bolan,Production,47,21594.0,Feb,2229,2229,2012-02-01,2011-12,2011-12
Suzuki Bolan,Sales,48,22540.0,Feb,1890,1890,2012-02-01,2011-12,2011-12
Honda Civic,Production,7,5396.0,Mar,1140,1140,2012-03-01,2011-12,2011-12
Honda Civic,Sales,8,4977.0,Mar,966,966,2012-03-01,2011-12,2011-12
Honda City,Production,10,7089.0,Mar,0,0,2012-03-01,2011-12,2011-12
Honda City,Sales,11,7142.0,Mar,9,9,2012-03-01,2011-12,2011-12
Suzuki Liana,Production,13,334.0,Mar,1,1,2012-03-01,2011-12,2011-12
Suzuki Liana,Sales,14,450.0,Mar,58,58,2012-03-01,2011-12,2011-12
Suzuki Swift,Production,16,7128.0,Mar,640,640,2012-03-01,2011-12,2011-12
Suzuki Swift,Sales,17,7040.0,Mar,701,701,2012-03-01,2011-12,2011-12
Toyota Corolla,Production,19,46352.0,Mar,3823,3823,2012-03-01,2011-12,2011-12
Toyota Corolla,Sales,20,46207.0,Mar,3774,3774,2012-03-01,2011-12,2011-12
Suzuki Cultus,Production,27,13600.0,Mar,1069,1069,2012-03-01,2011-12,2011-12
Suzuki Cultus,Sales,28,13693.0,Mar,1025,1025,2012-03-01,2011-12,2011-12
Suzuki Alto,Production,30,15288.0,Mar,1754,1754,2012-03-01,2011-12,2011-12
Suzuki Alto,Sales,31,16288.0,Mar,1964,1964,2012-03-01,2011-12,2011-12
Hyundai Santro,Production,33,0.0,Mar,0,0,2012-03-01,2011-12,2011-12
Hyundai Santro,Sales,34,0.0,Mar,0,0,2012-03-01,2011-12,2011-12
Daihatsu Cuore,Production,41,3635.0,Mar,656,656,2012-03-01,2011-12,2011-12
Daihatsu Cuore,Sales,42,3857.0,Mar,421,421,2012-03-01,2011-12,2011-12
Suzuki Mehran,Production,44,33839.0,Mar,2787,2787,2012-03-01,2011-12,2011-12
Suzuki Mehran,Sales,45,35131.0,Mar,3116,3116,2012-03-01,2011-12,2011-12
Suzuki Bolan,Production,47,21594.0,Mar,2268,2268,2012-03-01,2011-12,2011-12
Suzuki Bolan,Sales,48,22540.0,Mar,2435,2435,2012-03-01,2011-12,2011-12
Honda Civic,Production,7,5396.0,Apr,600,600,2012-04-01,2011-12,2011-12
Honda Civic,Sales,8,4977.0,Apr,597,597,2012-04-01,2011-12,2011-12
Honda City,Production,10,7089.0,Apr,180,180,2012-04-01,2011-12,2011-12
Honda City,Sales,11,7142.0,Apr,155,155,2012-04-01,2011-12,2011-12
Suzuki Liana,Production,13,334.0,Apr,50,50,2012-04-01,2011-12,2011-12
Suzuki Liana,Sales,14,450.0,Apr,28,28,2012-04-01,2011-12,2011-12
Suzuki Swift,Production,16,7128.0,Apr,519,519,2012-04-01,2011-12,2011-12
Suzuki Swift,Sales,17,7040.0,Apr,708,708,2012-04-01,2011-12,2011-12
Toyota Corolla,Production,19,46352.0,Apr,4406,4406,2012-04-01,2011-12,2011-12
Toyota Corolla,Sales,20,46207.0,Apr,4431,4431,2012-04-01,2011-12,2011-12
Suzuki Cultus,Production,27,13600.0,Apr,1065,1065,2012-04-01,2011-12,2011-12
Suzuki Cultus,Sales,28,13693.0,Apr,711,711,2012-04-01,2011-12,2011-12
Suzuki Alto,Production,30,15288.0,Apr,1672,1672,2012-04-01,2011-12,2011-12
Suzuki Alto,Sales,31,16288.0,Apr,1015,1015,2012-04-01,2011-12,2011-12
Hyundai Santro,Production,33,0.0,Apr,0,0,2012-04-01,2011-12,2011-12
Hyundai Santro,Sales,34,0.0,Apr,0,0,2012-04-01,2011-12,2011-12
Daihatsu Cuore,Production,41,3635.0,Apr,27,27,2012-04-01,2011-12,2011-12
Daihatsu Cuore,Sales,42,3857.0,Apr,313,313,2012-04-01,2011-12,2011-12
Suzuki Mehran,Production,44,33839.0,Apr,3328,3328,2012-04-01,2011-12,2011-12
Suzuki Mehran,Sales,45,35131.0,Apr,3266,3266,2012-04-01,2011-12,2011-12
Suzuki Bolan,Production,47,21594.0,Apr,2426,2426,2012-04-01,2011-12,2011-12
Suzuki Bolan,Sales,48,22540.0,Apr,2136,2136,2012-04-01,2011-12,2011-12
Honda Civic,Production,7,5396.0,May,59,59,2012-05-01,2011-12,2011-12
Honda Civic,Sales,8,4977.0,May,100,100,2012-05-01,2011-12,2011-12
Honda City,Production,10,7089.0,May,1238,1238,2012-05-01,2011-12,2011-12
Honda City,Sales,11,7142.0,May,1050,1050,2012-05-01,2011-12,2011-12
Suzuki Liana,Production,13,334.0,May,28,28,2012-05-01,2011-12,2011-12
Suzuki Liana,Sales,14,450.0,May,23,23,2012-05-01,2011-12,2011-12
Suzuki Swift,Production,16,7128.0,May,523,523,2012-05-01,2011-12,2011-12
Suzuki Swift,Sales,17,7040.0,May,503,503,2012-05-01,2011-12,2011-12
Toyota Corolla,Production,19,46352.0,May,4571,4571,2012-05-01,2011-12,2011-12
Toyota Corolla,Sales,20,46207.0,May,4475,4475,2012-05-01,2011-12,2011-12
Suzuki Cultus,Production,27,13600.0,May,1208,1208,2012-05-01,2011-12,2011-12
Suzuki Cultus,Sales,28,13693.0,May,1212,1212,2012-05-01,2011-12,2011-12
Suzuki Alto,Production,30,15288.0,May,1352,1352,2012-05-01,2011-12,2011-12
Suzuki Alto,Sales,31,16288.0,May,1380,1380,2012-05-01,2011-12,2011-12
Hyundai Santro,Production,33,0.0,May,0,0,2012-05-01,2011-12,2011-12
Hyundai Santro,Sales,34,0.0,May,0,0,2012-05-01,2011-12,2011-12
Daihatsu Cuore,Production,41,3635.0,May,0,0,2012-05-01,2011-12,2011-12
Daihatsu Cuore,Sales,42,3857.0,May,63,63,2012-05-01,2011-12,2011-12
Suzuki Mehran,Production,44,33839.0,May,3142,3142,2012-05-01,2011-12,2011-12
Suzuki Mehran,Sales,45,35131.0,May,3625,3625,2012-05-01,2011-12,2011-12
Suzuki Bolan,Production,47,21594.0,May,1986,1986,2012-05-01,2011-12,2011-12
Suzuki Bolan,Sales,48,22540.0,May,2503,2503,2012-05-01,2011-12,2011-12
Honda Civic,Production,7,5396.0,Jun,951,951,2012-06-01,2011-12,2011-12
Honda Civic,Sales,8,4977.0,Jun,533,533,2012-06-01,2011-12,2011-12
Honda City,Production,10,7089.0,Jun,1639,1639,2012-06-01,2011-12,2011-12
Honda City,Sales,11,7142.0,Jun,1685,1685,2012-06-01,2011-12,2011-12
Suzuki Liana,Production,13,334.0,Jun,21,21,2012-06-01,2011-12,2011-12
Suzuki Liana,Sales,14,450.0,Jun,25,25,2012-06-01,2011-12,2011-12
Suzuki Swift,Production,16,7128.0,Jun,864,864,2012-06-01,2011-12,2011-12
Suzuki Swift,Sales,17,7040.0,Jun,628,628,2012-06-01,2011-12,2011-12
Toyota Corolla,Production,19,46352.0,Jun,4434,4434,2012-06-01,2011-12,2011-12
Toyota Corolla,Sales,20,46207.0,Jun,4487,4487,2012-06-01,2011-12,2011-12
Suzuki Cultus,Production,27,13600.0,Jun,1422,1422,2012-06-01,2011-12,2011-12
Suzuki Cultus,Sales,28,13693.0,Jun,1172,1172,2012-06-01,2011-12,2011-12
Suzuki Alto,Production,30,15288.0,Jun,525,525,2012-06-01,2011-12,2011-12
Suzuki Alto,Sales,31,16288.0,Jun,2075,2075,2012-06-01,2011-12,2011-12
Hyundai Santro,Production,33,0.0,Jun,0,0,2012-06-01,2011-12,2011-12
Hyundai Santro,Sales,34,0.0,Jun,0,0,2012-06-01,2011-12,2011-12
Daihatsu Cuore,Production,41,3635.0,Jun,0,0,2012-06-01,2011-12,2011-12
Daihatsu Cuore,Sales,42,3857.0,Jun,295,295,2012-06-01,2011-12,2011-12
Suzuki Mehran,Production,44,33839.0,Jun,3395,3395,2012-06-01,2011-12,2011-12
Suzuki Mehran,Sales,45,35131.0,Jun,2657,2657,2012-06-01,2011-12,2011-12
Suzuki Bolan,Production,47,21594.0,Jun,2565,2565,2012-06-01,2011-12,2011-12
Suzuki Bolan,Sales,48,22540.0,Jun,2753,2753,2012-06-01,2011-12,2011-12
Honda Civic,Production,7,9608.0,Jul,490,490,2012-07-01,2012-13,2012-13
Honda Civic,Sales,8,9950.0,Jul,506,506,2012-07-01,2012-13,2012-13
Honda City,Production,10,11638.0,Jul,1663,1663,2012-07-01,2012-13,2012-13
Honda City,Sales,11,11285.0,Jul,1144,1144,2012-07-01,2012-13,2012-13
Suzuki Liana,Production,13,150.0,Jul,23,23,2012-07-01,2012-13,2012-13
Suzuki Liana,Sales,14,164.0,Jul,25,25,2012-07-01,2012-13,2012-13
Suzuki Swift,Production,16,5945.0,Jul,743,743,2012-07-01,2012-13,2012-13
Suzuki Swift,Sales,17,6096.0,Jul,684,684,2012-07-01,2012-13,2012-13
Toyota Corolla,Production,19,32882.0,Jul,2914,2914,2012-07-01,2012-13,2012-13
Toyota Corolla,Sales,20,32608.0,Jul,2464,2464,2012-07-01,2012-13,2012-13
Suzuki Cultus,Production,27,12785.0,Jul,1451,1451,2012-07-01,2012-13,2012-13
Suzuki Cultus,Sales,28,13308.0,Jul,1135,1135,2012-07-01,2012-13,2012-13
Suzuki Alto,Production,30,0.0,Jul,0,0,2012-07-01,2012-13,2012-13
Suzuki Alto,Sales,31,0.0,Jul,0,0,2012-07-01,2012-13,2012-13
Hyundai Santro,Production,33,0.0,Jul,0,0,2012-07-01,2012-13,2012-13
Hyundai Santro,Sales,34,0.0,Jul,0,0,2012-07-01,2012-13,2012-13
Daihatsu Cuore,Production,41,0.0,Jul,0,0,2012-07-01,2012-13,2012-13
Daihatsu Cuore,Sales,42,71.0,Jul,59,59,2012-07-01,2012-13,2012-13
Suzuki Mehran,Production,44,34278.0,Jul,2641,2641,2012-07-01,2012-13,2012-13
Suzuki Mehran,Sales,45,32407.0,Jul,2217,2217,2012-07-01,2012-13,2012-13
Suzuki Bolan,Production,47,13046.0,Jul,1007,1007,2012-07-01,2012-13,2012-13
Suzuki Bolan,Sales,48,12941.0,Jul,762,762,2012-07-01,2012-13,2012-13
Honda Civic,Production,7,9608.0,Aug,0,0,2012-08-01,2012-13,2012-13
Honda Civic,Sales,8,9950.0,Aug,201,201,2012-08-01,2012-13,2012-13
Honda City,Production,10,11638.0,Aug,1266,1266,2012-08-01,2012-13,2012-13
Honda City,Sales,11,11285.0,Aug,1040,1040,2012-08-01,2012-13,2012-13
Suzuki Liana,Production,13,150.0,Aug,21,21,2012-08-01,2012-13,2012-13
Suzuki Liana,Sales,14,164.0,Aug,20,20,2012-08-01,2012-13,2012-13
Suzuki Swift,Production,16,5945.0,Aug,668,668,2012-08-01,2012-13,2012-13
Suzuki Swift,Sales,17,6096.0,Aug,608,608,2012-08-01,2012-13,2012-13
Toyota Corolla,Production,19,32882.0,Aug,2627,2627,2012-08-01,2012-13,2012-13
Toyota Corolla,Sales,20,32608.0,Aug,2800,2800,2012-08-01,2012-13,2012-13
Suzuki Cultus,Production,27,12785.0,Aug,854,854,2012-08-01,2012-13,2012-13
Suzuki Cultus,Sales,28,13308.0,Aug,1173,1173,2012-08-01,2012-13,2012-13
Suzuki Alto,Production,30,0.0,Aug,0,0,2012-08-01,2012-13,2012-13
Suzuki Alto,Sales,31,0.0,Aug,0,0,2012-08-01,2012-13,2012-13
Hyundai Santro,Production,33,0.0,Aug,0,0,2012-08-01,2012-13,2012-13
Hyundai Santro,Sales,34,0.0,Aug,0,0,2012-08-01,2012-13,2012-13
Daihatsu Cuore,Production,41,0.0,Aug,0,0,2012-08-01,2012-13,2012-13
Daihatsu Cuore,Sales,42,71.0,Aug,10,10,2012-08-01,2012-13,2012-13
Suzuki Mehran,Production,44,34278.0,Aug,2674,2674,2012-08-01,2012-13,2012-13
Suzuki Mehran,Sales,45,32407.0,Aug,2615,2615,2012-08-01,2012-13,2012-13
Suzuki Bolan,Production,47,13046.0,Aug,906,906,2012-08-01,2012-13,2012-13
Suzuki Bolan,Sales,48,12941.0,Aug,862,862,2012-08-01,2012-13,2012-13
Honda Civic,Production,7,9608.0,Sep,833,833,2012-09-01,2012-13,2012-13
Honda Civic,Sales,8,9950.0,Sep,778,778,2012-09-01,2012-13,2012-13
Honda City,Production,10,11638.0,Sep,937,937,2012-09-01,2012-13,2012-13
Honda City,Sales,11,11285.0,Sep,752,752,2012-09-01,2012-13,2012-13
Suzuki Liana,Production,13,150.0,Sep,24,24,2012-09-01,2012-13,2012-13
Suzuki Liana,Sales,14,164.0,Sep,9,9,2012-09-01,2012-13,2012-13
Suzuki Swift,Production,16,5945.0,Sep,630,630,2012-09-01,2012-13,2012-13
Suzuki Swift,Sales,17,6096.0,Sep,610,610,2012-09-01,2012-13,2012-13
Toyota Corolla,Production,19,32882.0,Sep,2614,2614,2012-09-01,2012-13,2012-13
Toyota Corolla,Sales,20,32608.0,Sep,1768,1768,2012-09-01,2012-13,2012-13
Suzuki Cultus,Production,27,12785.0,Sep,823,823,2012-09-01,2012-13,2012-13
Suzuki Cultus,Sales,28,13308.0,Sep,1022,1022,2012-09-01,2012-13,2012-13
Suzuki Alto,Production,30,0.0,Sep,0,0,2012-09-01,2012-13,2012-13
Suzuki Alto,Sales,31,0.0,Sep,0,0,2012-09-01,2012-13,2012-13
Hyundai Santro,Production,33,0.0,Sep,0,0,2012-09-01,2012-13,2012-13
Hyundai Santro,Sales,34,0.0,Sep,0,0,2012-09-01,2012-13,2012-13
Daihatsu Cuore,Production,41,0.0,Sep,0,0,2012-09-01,2012-13,2012-13
Daihatsu Cuore,Sales,42,71.0,Sep,2,2,2012-09-01,2012-13,2012-13
Suzuki Mehran,Production,44,34278.0,Sep,2502,2502,2012-09-01,2012-13,2012-13
Suzuki Mehran,Sales,45,32407.0,Sep,2551,2551,2012-09-01,2012-13,2012-13
Suzuki Bolan,Production,47,13046.0,Sep,942,942,2012-09-01,2012-13,2012-13
Suzuki Bolan,Sales,48,12941.0,Sep,989,989,2012-09-01,2012-13,2012-13
Honda Civic,Production,7,9608.0,Oct,717,717,2012-10-01,2012-13,2012-13
Honda Civic,Sales,8,9950.0,Oct,805,805,2012-10-01,2012-13,2012-13
Honda City,Production,10,11638.0,Oct,833,833,2012-10-01,2012-13,2012-13
Honda City,Sales,11,11285.0,Oct,783,783,2012-10-01,2012-13,2012-13
Suzuki Liana,Production,13,150.0,Oct,25,25,2012-10-01,2012-13,2012-13
Suzuki Liana,Sales,14,164.0,Oct,32,32,2012-10-01,2012-13,2012-13
Suzuki Swift,Production,16,5945.0,Oct,428,428,2012-10-01,2012-13,2012-13
Suzuki Swift,Sales,17,6096.0,Oct,500,500,2012-10-01,2012-13,2012-13
Toyota Corolla,Production,19,32882.0,Oct,1956,1956,2012-10-01,2012-13,2012-13
Toyota Corolla,Sales,20,32608.0,Oct,2155,2155,2012-10-01,2012-13,2012-13
Suzuki Cultus,Production,27,12785.0,Oct,763,763,2012-10-01,2012-13,2012-13
Suzuki Cultus,Sales,28,13308.0,Oct,987,987,2012-10-01,2012-13,2012-13
Suzuki Alto,Production,30,0.0,Oct,0,0,2012-10-01,2012-13,2012-13
Suzuki Alto,Sales,31,0.0,Oct,0,0,2012-10-01,2012-13,2012-13
Hyundai Santro,Production,33,0.0,Oct,0,0,2012-10-01,2012-13,2012-13
Hyundai Santro,Sales,34,0.0,Oct,0,0,2012-10-01,2012-13,2012-13
Daihatsu Cuore,Production,41,0.0,Oct,0,0,2012-10-01,2012-13,2012-13
Daihatsu Cuore,Sales,42,71.0,Oct,0,0,2012-10-01,2012-13,2012-13
Suzuki Mehran,Production,44,34278.0,Oct,2225,2225,2012-10-01,2012-13,2012-13
Suzuki Mehran,Sales,45,32407.0,Oct,2052,2052,2012-10-01,2012-13,2012-13
Suzuki Bolan,Production,47,13046.0,Oct,996,996,2012-10-01,2012-13,2012-13
Suzuki Bolan,Sales,48,12941.0,Oct,870,870,2012-10-01,2012-13,2012-13
Honda Civic,Production,7,9608.0,Nov,788,788,2012-11-01,2012-13,2012-13
Honda Civic,Sales,8,9950.0,Nov,843,843,2012-11-01,2012-13,2012-13
Honda City,Production,10,11638.0,Nov,562,562,2012-11-01,2012-13,2012-13
Honda City,Sales,11,11285.0,Nov,577,577,2012-11-01,2012-13,2012-13
Suzuki Liana,Production,13,150.0,Nov,2,2,2012-11-01,2012-13,2012-13
Suzuki Liana,Sales,14,164.0,Nov,10,10,2012-11-01,2012-13,2012-13
Suzuki Swift,Production,16,5945.0,Nov,396,396,2012-11-01,2012-13,2012-13
Suzuki Swift,Sales,17,6096.0,Nov,359,359,2012-11-01,2012-13,2012-13
Toyota Corolla,Production,19,32882.0,Nov,1686,1686,2012-11-01,2012-13,2012-13
Toyota Corolla,Sales,20,32608.0,Nov,1860,1860,2012-11-01,2012-13,2012-13
Suzuki Cultus,Production,27,12785.0,Nov,940,940,2012-11-01,2012-13,2012-13
Suzuki Cultus,Sales,28,13308.0,Nov,1031,1031,2012-11-01,2012-13,2012-13
Suzuki Alto,Production,30,0.0,Nov,0,0,2012-11-01,2012-13,2012-13
Suzuki Alto,Sales,31,0.0,Nov,0,0,2012-11-01,2012-13,2012-13
Hyundai Santro,Production,33,0.0,Nov,0,0,2012-11-01,2012-13,2012-13
Hyundai Santro,Sales,34,0.0,Nov,0,0,2012-11-01,2012-13,2012-13
Daihatsu Cuore,Production,41,0.0,Nov,0,0,2012-11-01,2012-13,2012-13
Daihatsu Cuore,Sales,42,71.0,Nov,0,0,2012-11-01,2012-13,2012-13
Suzuki Mehran,Production,44,34278.0,Nov,2482,2482,2012-11-01,2012-13,2012-13
Suzuki Mehran,Sales,45,32407.0,Nov,2658,2658,2012-11-01,2012-13,2012-13
Suzuki Bolan,Production,47,13046.0,Nov,1095,1095,2012-11-01,2012-13,2012-13
Suzuki Bolan,Sales,48,12941.0,Nov,878,878,2012-11-01,2012-13,2012-13
Honda Civic,Production,7,9608.0,Dec,596,596,2012-12-01,2012-13,2012-13
Honda Civic,Sales,8,9950.0,Dec,586,586,2012-12-01,2012-13,2012-13
Honda City,Production,10,11638.0,Dec,343,343,2012-12-01,2012-13,2012-13
Honda City,Sales,11,11285.0,Dec,278,278,2012-12-01,2012-13,2012-13
Suzuki Liana,Production,13,150.0,Dec,0,0,2012-12-01,2012-13,2012-13
Suzuki Liana,Sales,14,164.0,Dec,14,14,2012-12-01,2012-13,2012-13
Suzuki Swift,Production,16,5945.0,Dec,247,247,2012-12-01,2012-13,2012-13
Suzuki Swift,Sales,17,6096.0,Dec,362,362,2012-12-01,2012-13,2012-13
Toyota Corolla,Production,19,32882.0,Dec,786,786,2012-12-01,2012-13,2012-13
Toyota Corolla,Sales,20,32608.0,Dec,1382,1382,2012-12-01,2012-13,2012-13
Suzuki Cultus,Production,27,12785.0,Dec,1028,1028,2012-12-01,2012-13,2012-13
Suzuki Cultus,Sales,28,13308.0,Dec,845,845,2012-12-01,2012-13,2012-13
Suzuki Alto,Production,30,0.0,Dec,0,0,2012-12-01,2012-13,2012-13
Suzuki Alto,Sales,31,0.0,Dec,0,0,2012-12-01,2012-13,2012-13
Hyundai Santro,Production,33,0.0,Dec,0,0,2012-12-01,2012-13,2012-13
Hyundai Santro,Sales,34,0.0,Dec,0,0,2012-12-01,2012-13,2012-13
Daihatsu Cuore,Production,41,0.0,Dec,0,0,2012-12-01,2012-13,2012-13
Daihatsu Cuore,Sales,42,71.0,Dec,0,0,2012-12-01,2012-13,2012-13
Suzuki Mehran,Production,44,34278.0,Dec,2464,2464,2012-12-01,2012-13,2012-13
Suzuki Mehran,Sales,45,32407.0,Dec,2710,2710,2012-12-01,2012-13,2012-13
Suzuki Bolan,Production,47,13046.0,Dec,1238,1238,2012-12-01,2012-13,2012-13
Suzuki Bolan,Sales,48,12941.0,Dec,1204,1204,2012-12-01,2012-13,2012-13
Honda Civic,Production,7,9608.0,Jan,841,841,2013-01-01,2012-13,2012-13
Honda Civic,Sales,8,9950.0,Jan,999,999,2013-01-01,2012-13,2012-13
Honda City,Production,10,11638.0,Jan,1059,1059,2013-01-01,2012-13,2012-13
Honda City,Sales,11,11285.0,Jan,1221,1221,2013-01-01,2012-13,2012-13
Suzuki Liana,Production,13,150.0,Jan,7,7,2013-01-01,2012-13,2012-13
Suzuki Liana,Sales,14,164.0,Jan,2,2,2013-01-01,2012-13,2012-13
Suzuki Swift,Production,16,5945.0,Jan,604,604,2013-01-01,2012-13,2012-13
Suzuki Swift,Sales,17,6096.0,Jan,501,501,2013-01-01,2012-13,2012-13
Toyota Corolla,Production,19,32882.0,Jan,3418,3418,2013-01-01,2012-13,2012-13
Toyota Corolla,Sales,20,32608.0,Jan,3296,3296,2013-01-01,2012-13,2012-13
Suzuki Cultus,Production,27,12785.0,Jan,1122,1122,2013-01-01,2012-13,2012-13
Suzuki Cultus,Sales,28,13308.0,Jan,1266,1266,2013-01-01,2012-13,2012-13
Suzuki Alto,Production,30,0.0,Jan,0,0,2013-01-01,2012-13,2012-13
Suzuki Alto,Sales,31,0.0,Jan,0,0,2013-01-01,2012-13,2012-13
Hyundai Santro,Production,33,0.0,Jan,0,0,2013-01-01,2012-13,2012-13
Hyundai Santro,Sales,34,0.0,Jan,0,0,2013-01-01,2012-13,2012-13
Daihatsu Cuore,Production,41,0.0,Jan,0,0,2013-01-01,2012-13,2012-13
Daihatsu Cuore,Sales,42,71.0,Jan,0,0,2013-01-01,2012-13,2012-13
Suzuki Mehran,Production,44,34278.0,Jan,3117,3117,2013-01-01,2012-13,2012-13
Suzuki Mehran,Sales,45,32407.0,Jan,2968,2968,2013-01-01,2012-13,2012-13
Suzuki Bolan,Production,47,13046.0,Jan,1241,1241,2013-01-01,2012-13,2012-13
Suzuki Bolan,Sales,48,12941.0,Jan,1318,1318,2013-01-01,2012-13,2012-13
Honda Civic,Production,7,9608.0,Feb,872,872,2013-02-01,2012-13,2012-13
Honda Civic,Sales,8,9950.0,Feb,918,918,2013-02-01,2012-13,2012-13
Honda City,Production,10,11638.0,Feb,883,883,2013-02-01,2012-13,2012-13
Honda City,Sales,11,11285.0,Feb,1097,1097,2013-02-01,2012-13,2012-13
Suzuki Liana,Production,13,150.0,Feb,24,24,2013-02-01,2012-13,2012-13
Suzuki Liana,Sales,14,164.0,Feb,12,12,2013-02-01,2012-13,2012-13
Suzuki Swift,Production,16,5945.0,Feb,356,356,2013-02-01,2012-13,2012-13
Suzuki Swift,Sales,17,6096.0,Feb,510,510,2013-02-01,2012-13,2012-13
Toyota Corolla,Production,19,32882.0,Feb,2975,2975,2013-02-01,2012-13,2012-13
Toyota Corolla,Sales,20,32608.0,Feb,3337,3337,2013-02-01,2012-13,2012-13
Suzuki Cultus,Production,27,12785.0,Feb,1094,1094,2013-02-01,2012-13,2012-13
Suzuki Cultus,Sales,28,13308.0,Feb,1169,1169,2013-02-01,2012-13,2012-13
Suzuki Alto,Production,30,0.0,Feb,0,0,2013-02-01,2012-13,2012-13
Suzuki Alto,Sales,31,0.0,Feb,0,0,2013-02-01,2012-13,2012-13
Hyundai Santro,Production,33,0.0,Feb,0,0,2013-02-01,2012-13,2012-13
Hyundai Santro,Sales,34,0.0,Feb,0,0,2013-02-01,2012-13,2012-13
Daihatsu Cuore,Production,41,0.0,Feb,0,0,2013-02-01,2012-13,2012-13
Daihatsu Cuore,Sales,42,71.0,Feb,0,0,2013-02-01,2012-13,2012-13
Suzuki Mehran,Production,44,34278.0,Feb,2510,2510,2013-02-01,2012-13,2012-13
Suzuki Mehran,Sales,45,32407.0,Feb,2800,2800,2013-02-01,2012-13,2012-13
Suzuki Bolan,Production,47,13046.0,Feb,1206,1206,2013-02-01,2012-13,2012-13
Suzuki Bolan,Sales,48,12941.0,Feb,1501,1501,2013-02-01,2012-13,2012-13
Honda Civic,Production,7,9608.0,Mar,1233,1233,2013-03-01,2012-13,2012-13
Honda Civic,Sales,8,9950.0,Mar,1206,1206,2013-03-01,2012-13,2012-13
Honda City,Production,10,11638.0,Mar,797,797,2013-03-01,2012-13,2012-13
Honda City,Sales,11,11285.0,Mar,1022,1022,2013-03-01,2012-13,2012-13
Suzuki Liana,Production,13,150.0,Mar,24,24,2013-03-01,2012-13,2012-13
Suzuki Liana,Sales,14,164.0,Mar,14,14,2013-03-01,2012-13,2012-13
Suzuki Swift,Production,16,5945.0,Mar,515,515,2013-03-01,2012-13,2012-13
Suzuki Swift,Sales,17,6096.0,Mar,535,535,2013-03-01,2012-13,2012-13
Toyota Corolla,Production,19,32882.0,Mar,3101,3101,2013-03-01,2012-13,2012-13
Toyota Corolla,Sales,20,32608.0,Mar,3284,3284,2013-03-01,2012-13,2012-13
Suzuki Cultus,Production,27,12785.0,Mar,1224,1224,2013-03-01,2012-13,2012-13
Suzuki Cultus,Sales,28,13308.0,Mar,1228,1228,2013-03-01,2012-13,2012-13
Suzuki Alto,Production,30,0.0,Mar,0,0,2013-03-01,2012-13,2012-13
Suzuki Alto,Sales,31,0.0,Mar,0,0,2013-03-01,2012-13,2012-13
Hyundai Santro,Production,33,0.0,Mar,0,0,2013-03-01,2012-13,2012-13
Hyundai Santro,Sales,34,0.0,Mar,0,0,2013-03-01,2012-13,2012-13
Daihatsu Cuore,Production,41,0.0,Mar,0,0,2013-03-01,2012-13,2012-13
Daihatsu Cuore,Sales,42,71.0,Mar,0,0,2013-03-01,2012-13,2012-13
Suzuki Mehran,Production,44,34278.0,Mar,3297,3297,2013-03-01,2012-13,2012-13
Suzuki Mehran,Sales,45,32407.0,Mar,2988,2988,2013-03-01,2012-13,2012-13
Suzuki Bolan,Production,47,13046.0,Mar,1120,1120,2013-03-01,2012-13,2012-13
Suzuki Bolan,Sales,48,12941.0,Mar,1304,1304,2013-03-01,2012-13,2012-13
Honda Civic,Production,7,9608.0,Apr,717,717,2013-04-01,2012-13,2012-13
Honda Civic,Sales,8,9950.0,Apr,680,680,2013-04-01,2012-13,2012-13
Honda City,Production,10,11638.0,Apr,1400,1400,2013-04-01,2012-13,2012-13
Honda City,Sales,11,11285.0,Apr,1100,1100,2013-04-01,2012-13,2012-13
Suzuki Liana,Production,13,150.0,Apr,0,0,2013-04-01,2012-13,2012-13
Suzuki Liana,Sales,14,164.0,Apr,9,9,2013-04-01,2012-13,2012-13
Suzuki Swift,Production,16,5945.0,Apr,420,420,2013-04-01,2012-13,2012-13
Suzuki Swift,Sales,17,6096.0,Apr,480,480,2013-04-01,2012-13,2012-13
Toyota Corolla,Production,19,32882.0,Apr,3637,3637,2013-04-01,2012-13,2012-13
Toyota Corolla,Sales,20,32608.0,Apr,3284,3284,2013-04-01,2012-13,2012-13
Suzuki Cultus,Production,27,12785.0,Apr,941,941,2013-04-01,2012-13,2012-13
Suzuki Cultus,Sales,28,13308.0,Apr,1056,1056,2013-04-01,2012-13,2012-13
Suzuki Alto,Production,30,0.0,Apr,0,0,2013-04-01,2012-13,2012-13
Suzuki Alto,Sales,31,0.0,Apr,0,0,2013-04-01,2012-13,2012-13
Hyundai Santro,Production,33,0.0,Apr,0,0,2013-04-01,2012-13,2012-13
Hyundai Santro,Sales,34,0.0,Apr,0,0,2013-04-01,2012-13,2012-13
Daihatsu Cuore,Production,41,0.0,Apr,0,0,2013-04-01,2012-13,2012-13
Daihatsu Cuore,Sales,42,71.0,Apr,0,0,2013-04-01,2012-13,2012-13
Suzuki Mehran,Production,44,34278.0,Apr,2755,2755,2013-04-01,2012-13,2012-13
Suzuki Mehran,Sales,45,32407.0,Apr,3019,3019,2013-04-01,2012-13,2012-13
Suzuki Bolan,Production,47,13046.0,Apr,742,742,2013-04-01,2012-13,2012-13
Suzuki Bolan,Sales,48,12941.0,Apr,756,756,2013-04-01,2012-13,2012-13
Honda Civic,Production,7,9608.0,May,1382,1382,2013-05-01,2012-13,2012-13
Honda Civic,Sales,8,9950.0,May,1236,1236,2013-05-01,2012-13,2012-13
Honda City,Production,10,11638.0,May,754,754,2013-05-01,2012-13,2012-13
Honda City,Sales,11,11285.0,May,1156,1156,2013-05-01,2012-13,2012-13
Suzuki Liana,Production,13,150.0,May,0,0,2013-05-01,2012-13,2012-13
Suzuki Liana,Sales,14,164.0,May,4,4,2013-05-01,2012-13,2012-13
Suzuki Swift,Production,16,5945.0,May,386,386,2013-05-01,2012-13,2012-13
Suzuki Swift,Sales,17,6096.0,May,500,500,2013-05-01,2012-13,2012-13
Toyota Corolla,Production,19,32882.0,May,3637,3637,2013-05-01,2012-13,2012-13
Toyota Corolla,Sales,20,32608.0,May,3339,3339,2013-05-01,2012-13,2012-13
Suzuki Cultus,Production,27,12785.0,May,1368,1368,2013-05-01,2012-13,2012-13
Suzuki Cultus,Sales,28,13308.0,May,1394,1394,2013-05-01,2012-13,2012-13
Suzuki Alto,Production,30,0.0,May,0,0,2013-05-01,2012-13,2012-13
Suzuki Alto,Sales,31,0.0,May,0,0,2013-05-01,2012-13,2012-13
Hyundai Santro,Production,33,0.0,May,0,0,2013-05-01,2012-13,2012-13
Hyundai Santro,Sales,34,0.0,May,0,0,2013-05-01,2012-13,2012-13
Daihatsu Cuore,Production,41,0.0,May,0,0,2013-05-01,2012-13,2012-13
Daihatsu Cuore,Sales,42,71.0,May,0,0,2013-05-01,2012-13,2012-13
Suzuki Mehran,Production,44,34278.0,May,3908,3908,2013-05-01,2012-13,2012-13
Suzuki Mehran,Sales,45,32407.0,May,3070,3070,2013-05-01,2012-13,2012-13
Suzuki Bolan,Production,47,13046.0,May,1223,1223,2013-05-01,2012-13,2012-13
Suzuki Bolan,Sales,48,12941.0,May,1087,1087,2013-05-01,2012-13,2012-13
Honda Civic,Production,7,9608.0,Jun,1139,1139,2013-06-01,2012-13,2012-13
Honda Civic,Sales,8,9950.0,Jun,1192,1192,2013-06-01,2012-13,2012-13
Honda City,Production,10,11638.0,Jun,1141,1141,2013-06-01,2012-13,2012-13
Honda City,Sales,11,11285.0,Jun,1115,1115,2013-06-01,2012-13,2012-13
Suzuki Liana,Production,13,150.0,Jun,0,0,2013-06-01,2012-13,2012-13
Suzuki Liana,Sales,14,164.0,Jun,13,13,2013-06-01,2012-13,2012-13
Suzuki Swift,Production,16,5945.0,Jun,552,552,2013-06-01,2012-13,2012-13
Suzuki Swift,Sales,17,6096.0,Jun,447,447,2013-06-01,2012-13,2012-13
Toyota Corolla,Production,19,32882.0,Jun,3531,3531,2013-06-01,2012-13,2012-13
Toyota Corolla,Sales,20,32608.0,Jun,3639,3639,2013-06-01,2012-13,2012-13
Suzuki Cultus,Production,27,12785.0,Jun,1177,1177,2013-06-01,2012-13,2012-13
Suzuki Cultus,Sales,28,13308.0,Jun,1002,1002,2013-06-01,2012-13,2012-13
Suzuki Alto,Production,30,0.0,Jun,0,0,2013-06-01,2012-13,2012-13
Suzuki Alto,Sales,31,0.0,Jun,0,0,2013-06-01,2012-13,2012-13
Hyundai Santro,Production,33,0.0,Jun,0,0,2013-06-01,2012-13,2012-13
Hyundai Santro,Sales,34,0.0,Jun,0,0,2013-06-01,2012-13,2012-13
Daihatsu Cuore,Production,41,0.0,Jun,0,0,2013-06-01,2012-13,2012-13
Daihatsu Cuore,Sales,42,71.0,Jun,0,0,2013-06-01,2012-13,2012-13
Suzuki Mehran,Production,44,34278.0,Jun,3703,3703,2013-06-01,2012-13,2012-13
Suzuki Mehran,Sales,45,32407.0,Jun,2759,2759,2013-06-01,2012-13,2012-13
Suzuki Bolan,Production,47,13046.0,Jun,1330,1330,2013-06-01,2012-13,2012-13
Suzuki Bolan,Sales,48,12941.0,Jun,1410,1410,2013-06-01,2012-13,2012-13
Honda Civic,Production,7,10020.0,Jul,777,777,2013-07-01,2013-14,2013-14
Honda Civic,Sales,8,9933.0,Jul,800,800,2013-07-01,2013-14,2013-14
Honda City,Production,10,13585.0,Jul,1179,1179,2013-07-01,2013-14,2013-14
Honda City,Sales,11,13741.0,Jul,1162,1162,2013-07-01,2013-14,2013-14
Suzuki Liana,Production,13,144.0,Jul,0,0,2013-07-01,2013-14,2013-14
Suzuki Liana,Sales,14,161.0,Jul,5,5,2013-07-01,2013-14,2013-14
Suzuki Swift,Production,16,5047.0,Jul,535,535,2013-07-01,2013-14,2013-14
Suzuki Swift,Sales,17,5128.0,Jul,440,440,2013-07-01,2013-14,2013-14
Toyota Corolla,Production,19,28124.0,Jul,2361,2361,2013-07-01,2013-14,2013-14
Toyota Corolla,Sales,20,29087.0,Jul,2368,2368,2013-07-01,2013-14,2013-14
Suzuki Cultus,Production,27,14467.0,Jul,1069,1069,2013-07-01,2013-14,2013-14
Suzuki Cultus,Sales,28,14682.0,Jul,1225,1225,2013-07-01,2013-14,2013-14
Suzuki WagonR,Production,30,2532.0,Jul,0,0,2013-07-01,2013-14,2013-14
Suzuki WagonR,Sales,31,1621.0,Jul,0,0,2013-07-01,2013-14,2013-14
Hyundai Santro,Production,33,210.0,Jul,0,0,2013-07-01,2013-14,2013-14
Hyundai Santro,Sales,34,152.0,Jul,0,0,2013-07-01,2013-14,2013-14
Suzuki Mehran,Production,41,28485.0,Jul,2404,2404,2013-07-01,2013-14,2013-14
Suzuki Mehran,Sales,42,29509.0,Jul,2299,2299,2013-07-01,2013-14,2013-14
Suzuki Bolan,Production,44,13991.0,Jul,988,988,2013-07-01,2013-14,2013-14
Suzuki Bolan,Sales,45,14088.0,Jul,989,989,2013-07-01,2013-14,2013-14
Honda Civic,Production,7,10020.0,Aug,961,961,2013-08-01,2013-14,2013-14
Honda Civic,Sales,8,9933.0,Aug,955,955,2013-08-01,2013-14,2013-14
Honda City,Production,10,13585.0,Aug,1145,1145,2013-08-01,2013-14,2013-14
Honda City,Sales,11,13741.0,Aug,1172,1172,2013-08-01,2013-14,2013-14
Suzuki Liana,Production,13,144.0,Aug,0,0,2013-08-01,2013-14,2013-14
Suzuki Liana,Sales,14,161.0,Aug,8,8,2013-08-01,2013-14,2013-14
Suzuki Swift,Production,16,5047.0,Aug,448,448,2013-08-01,2013-14,2013-14
Suzuki Swift,Sales,17,5128.0,Aug,467,467,2013-08-01,2013-14,2013-14
Toyota Corolla,Production,19,28124.0,Aug,2567,2567,2013-08-01,2013-14,2013-14
Toyota Corolla,Sales,20,29087.0,Aug,2627,2627,2013-08-01,2013-14,2013-14
Suzuki Cultus,Production,27,14467.0,Aug,1047,1047,2013-08-01,2013-14,2013-14
Suzuki Cultus,Sales,28,14682.0,Aug,1018,1018,2013-08-01,2013-14,2013-14
Suzuki WagonR,Production,30,2532.0,Aug,0,0,2013-08-01,2013-14,2013-14
Suzuki WagonR,Sales,31,1621.0,Aug,0,0,2013-08-01,2013-14,2013-14
Hyundai Santro,Production,33,210.0,Aug,0,0,2013-08-01,2013-14,2013-14
Hyundai Santro,Sales,34,152.0,Aug,0,0,2013-08-01,2013-14,2013-14
Suzuki Mehran,Production,41,28485.0,Aug,2010,2010,2013-08-01,2013-14,2013-14
Suzuki Mehran,Sales,42,29509.0,Aug,2260,2260,2013-08-01,2013-14,2013-14
Suzuki Bolan,Production,44,13991.0,Aug,1095,1095,2013-08-01,2013-14,2013-14
Suzuki Bolan,Sales,45,14088.0,Aug,1085,1085,2013-08-01,2013-14,2013-14
Honda Civic,Production,7,10020.0,Sep,1059,1059,2013-09-01,2013-14,2013-14
Honda Civic,Sales,8,9933.0,Sep,1021,1021,2013-09-01,2013-14,2013-14
Honda City,Production,10,13585.0,Sep,1341,1341,2013-09-01,2013-14,2013-14
Honda City,Sales,11,13741.0,Sep,1194,1194,2013-09-01,2013-14,2013-14
Suzuki Liana,Production,13,144.0,Sep,0,0,2013-09-01,2013-14,2013-14
Suzuki Liana,Sales,14,161.0,Sep,17,17,2013-09-01,2013-14,2013-14
Suzuki Swift,Production,16,5047.0,Sep,441,441,2013-09-01,2013-14,2013-14
Suzuki Swift,Sales,17,5128.0,Sep,489,489,2013-09-01,2013-14,2013-14
Toyota Corolla,Production,19,28124.0,Sep,1931,1931,2013-09-01,2013-14,2013-14
Toyota Corolla,Sales,20,29087.0,Sep,2114,2114,2013-09-01,2013-14,2013-14
Suzuki Cultus,Production,27,14467.0,Sep,1133,1133,2013-09-01,2013-14,2013-14
Suzuki Cultus,Sales,28,14682.0,Sep,1108,1108,2013-09-01,2013-14,2013-14
Suzuki WagonR,Production,30,2532.0,Sep,0,0,2013-09-01,2013-14,2013-14
Suzuki WagonR,Sales,31,1621.0,Sep,0,0,2013-09-01,2013-14,2013-14
Hyundai Santro,Production,33,210.0,Sep,0,0,2013-09-01,2013-14,2013-14
Hyundai Santro,Sales,34,152.0,Sep,0,0,2013-09-01,2013-14,2013-14
Suzuki Mehran,Production,41,28485.0,Sep,1990,1990,2013-09-01,2013-14,2013-14
Suzuki Mehran,Sales,42,29509.0,Sep,2623,2623,2013-09-01,2013-14,2013-14
Suzuki Bolan,Production,44,13991.0,Sep,1064,1064,2013-09-01,2013-14,2013-14
Suzuki Bolan,Sales,45,14088.0,Sep,1093,1093,2013-09-01,2013-14,2013-14
Honda Civic,Production,7,10020.0,Oct,781,781,2013-10-01,2013-14,2013-14
Honda Civic,Sales,8,9933.0,Oct,716,716,2013-10-01,2013-14,2013-14
Honda City,Production,10,13585.0,Oct,1079,1079,2013-10-01,2013-14,2013-14
Honda City,Sales,11,13741.0,Oct,1004,1004,2013-10-01,2013-14,2013-14
Suzuki Liana,Production,13,144.0,Oct,72,72,2013-10-01,2013-14,2013-14
Suzuki Liana,Sales,14,161.0,Oct,31,31,2013-10-01,2013-14,2013-14
Suzuki Swift,Production,16,5047.0,Oct,438,438,2013-10-01,2013-14,2013-14
Suzuki Swift,Sales,17,5128.0,Oct,361,361,2013-10-01,2013-14,2013-14
Toyota Corolla,Production,19,28124.0,Oct,2140,2140,2013-10-01,2013-14,2013-14
Toyota Corolla,Sales,20,29087.0,Oct,2266,2266,2013-10-01,2013-14,2013-14
Suzuki Cultus,Production,27,14467.0,Oct,1378,1378,2013-10-01,2013-14,2013-14
Suzuki Cultus,Sales,28,14682.0,Oct,1258,1258,2013-10-01,2013-14,2013-14
Suzuki WagonR,Production,30,2532.0,Oct,10,10,2013-10-01,2013-14,2013-14
Suzuki WagonR,Sales,31,1621.0,Oct,0,0,2013-10-01,2013-14,2013-14
Hyundai Santro,Production,33,210.0,Oct,0,0,2013-10-01,2013-14,2013-14
Hyundai Santro,Sales,34,152.0,Oct,0,0,2013-10-01,2013-14,2013-14
Suzuki Mehran,Production,41,28485.0,Oct,2116,2116,2013-10-01,2013-14,2013-14
Suzuki Mehran,Sales,42,29509.0,Oct,1972,1972,2013-10-01,2013-14,2013-14
Suzuki Bolan,Production,44,13991.0,Oct,1148,1148,2013-10-01,2013-14,2013-14
Suzuki Bolan,Sales,45,14088.0,Oct,1082,1082,2013-10-01,2013-14,2013-14
Honda Civic,Production,7,10020.0,Nov,562,562,2013-11-01,2013-14,2013-14
Honda Civic,Sales,8,9933.0,Nov,490,490,2013-11-01,2013-14,2013-14
Honda City,Production,10,13585.0,Nov,938,938,2013-11-01,2013-14,2013-14
Honda City,Sales,11,13741.0,Nov,820,820,2013-11-01,2013-14,2013-14
Suzuki Liana,Production,13,144.0,Nov,0,0,2013-11-01,2013-14,2013-14
Suzuki Liana,Sales,14,161.0,Nov,0,0,2013-11-01,2013-14,2013-14
Suzuki Swift,Production,16,5047.0,Nov,233,233,2013-11-01,2013-14,2013-14
Suzuki Swift,Sales,17,5128.0,Nov,328,328,2013-11-01,2013-14,2013-14
Toyota Corolla,Production,19,28124.0,Nov,1844,1844,2013-11-01,2013-14,2013-14
Toyota Corolla,Sales,20,29087.0,Nov,1966,1966,2013-11-01,2013-14,2013-14
Suzuki Cultus,Production,27,14467.0,Nov,1455,1455,2013-11-01,2013-14,2013-14
Suzuki Cultus,Sales,28,14682.0,Nov,1262,1262,2013-11-01,2013-14,2013-14
Suzuki WagonR,Production,30,2532.0,Nov,0,0,2013-11-01,2013-14,2013-14
Suzuki WagonR,Sales,31,1621.0,Nov,0,0,2013-11-01,2013-14,2013-14
Hyundai Santro,Production,33,210.0,Nov,0,0,2013-11-01,2013-14,2013-14
Hyundai Santro,Sales,34,152.0,Nov,0,0,2013-11-01,2013-14,2013-14
Suzuki Mehran,Production,41,28485.0,Nov,1813,1813,2013-11-01,2013-14,2013-14
Suzuki Mehran,Sales,42,29509.0,Nov,2568,2568,2013-11-01,2013-14,2013-14
Suzuki Bolan,Production,44,13991.0,Nov,1227,1227,2013-11-01,2013-14,2013-14
Suzuki Bolan,Sales,45,14088.0,Nov,1003,1003,2013-11-01,2013-14,2013-14
Honda Civic,Production,7,10020.0,Dec,528,528,2013-12-01,2013-14,2013-14
Honda Civic,Sales,8,9933.0,Dec,265,265,2013-12-01,2013-14,2013-14
Honda City,Production,10,13585.0,Dec,556,556,2013-12-01,2013-14,2013-14
Honda City,Sales,11,13741.0,Dec,390,390,2013-12-01,2013-14,2013-14
Suzuki Liana,Production,13,144.0,Dec,72,72,2013-12-01,2013-14,2013-14
Suzuki Liana,Sales,14,161.0,Dec,26,26,2013-12-01,2013-14,2013-14
Suzuki Swift,Production,16,5047.0,Dec,351,351,2013-12-01,2013-14,2013-14
Suzuki Swift,Sales,17,5128.0,Dec,329,329,2013-12-01,2013-14,2013-14
Toyota Corolla,Production,19,28124.0,Dec,1611,1611,2013-12-01,2013-14,2013-14
Toyota Corolla,Sales,20,29087.0,Dec,1534,1534,2013-12-01,2013-14,2013-14
Suzuki Cultus,Production,27,14467.0,Dec,1570,1570,2013-12-01,2013-14,2013-14
Suzuki Cultus,Sales,28,14682.0,Dec,1384,1384,2013-12-01,2013-14,2013-14
Suzuki WagonR,Production,30,2532.0,Dec,0,0,2013-12-01,2013-14,2013-14
Suzuki WagonR,Sales,31,1621.0,Dec,0,0,2013-12-01,2013-14,2013-14
Hyundai Santro,Production,33,210.0,Dec,0,0,2013-12-01,2013-14,2013-14
Hyundai Santro,Sales,34,152.0,Dec,0,0,2013-12-01,2013-14,2013-14
Suzuki Mehran,Production,41,28485.0,Dec,1818,1818,2013-12-01,2013-14,2013-14
Suzuki Mehran,Sales,42,29509.0,Dec,1979,1979,2013-12-01,2013-14,2013-14
Suzuki Bolan,Production,44,13991.0,Dec,1476,1476,2013-12-01,2013-14,2013-14
Suzuki Bolan,Sales,45,14088.0,Dec,1306,1306,2013-12-01,2013-14,2013-14
Honda Civic,Production,7,10020.0,Jan,850,850,2014-01-01,2013-14,2013-14
Honda Civic,Sales,8,9933.0,Jan,1278,1278,2014-01-01,2013-14,2013-14
Honda City,Production,10,13585.0,Jan,1178,1178,2014-01-01,2013-14,2013-14
Honda City,Sales,11,13741.0,Jan,1322,1322,2014-01-01,2013-14,2013-14
Suzuki Liana,Production,13,144.0,Jan,0,0,2014-01-01,2013-14,2013-14
Suzuki Liana,Sales,14,161.0,Jan,22,22,2014-01-01,2013-14,2013-14
Suzuki Swift,Production,16,5047.0,Jan,495,495,2014-01-01,2013-14,2013-14
Suzuki Swift,Sales,17,5128.0,Jan,465,465,2014-01-01,2013-14,2013-14
Toyota Corolla,Production,19,28124.0,Jan,3465,3465,2014-01-01,2013-14,2013-14
Toyota Corolla,Sales,20,29087.0,Jan,3611,3611,2014-01-01,2013-14,2013-14
Suzuki Cultus,Production,27,14467.0,Jan,1215,1215,2014-01-01,2013-14,2013-14
Suzuki Cultus,Sales,28,14682.0,Jan,1456,1456,2014-01-01,2013-14,2013-14
Suzuki WagonR,Production,30,2532.0,Jan,0,0,2014-01-01,2013-14,2013-14
Suzuki WagonR,Sales,31,1621.0,Jan,0,0,2014-01-01,2013-14,2013-14
Hyundai Santro,Production,33,210.0,Jan,82,82,2014-01-01,2013-14,2013-14
Hyundai Santro,Sales,34,152.0,Jan,18,18,2014-01-01,2013-14,2013-14
Suzuki Mehran,Production,41,28485.0,Jan,2503,2503,2014-01-01,2013-14,2013-14
Suzuki Mehran,Sales,42,29509.0,Jan,2531,2531,2014-01-01,2013-14,2013-14
Suzuki Bolan,Production,44,13991.0,Jan,1020,1020,2014-01-01,2013-14,2013-14
Suzuki Bolan,Sales,45,14088.0,Jan,1252,1252,2014-01-01,2013-14,2013-14
Honda Civic,Production,7,10020.0,Feb,843,843,2014-02-01,2013-14,2013-14
Honda Civic,Sales,8,9933.0,Feb,941,941,2014-02-01,2013-14,2013-14
Honda City,Production,10,13585.0,Feb,1029,1029,2014-02-01,2013-14,2013-14
Honda City,Sales,11,13741.0,Feb,1291,1291,2014-02-01,2013-14,2013-14
Suzuki Liana,Production,13,144.0,Feb,0,0,2014-02-01,2013-14,2013-14
Suzuki Liana,Sales,14,161.0,Feb,1,1,2014-02-01,2013-14,2013-14
Suzuki Swift,Production,16,5047.0,Feb,361,361,2014-02-01,2013-14,2013-14
Suzuki Swift,Sales,17,5128.0,Feb,442,442,2014-02-01,2013-14,2013-14
Toyota Corolla,Production,19,28124.0,Feb,2914,2914,2014-02-01,2013-14,2013-14
Toyota Corolla,Sales,20,29087.0,Feb,3141,3141,2014-02-01,2013-14,2013-14
Suzuki Cultus,Production,27,14467.0,Feb,1207,1207,2014-02-01,2013-14,2013-14
Suzuki Cultus,Sales,28,14682.0,Feb,1346,1346,2014-02-01,2013-14,2013-14
Suzuki WagonR,Production,30,2532.0,Feb,0,0,2014-02-01,2013-14,2013-14
Suzuki WagonR,Sales,31,1621.0,Feb,0,0,2014-02-01,2013-14,2013-14
Hyundai Santro,Production,33,210.0,Feb,128,128,2014-02-01,2013-14,2013-14
Hyundai Santro,Sales,34,152.0,Feb,46,46,2014-02-01,2013-14,2013-14
Suzuki Mehran,Production,41,28485.0,Feb,2734,2734,2014-02-01,2013-14,2013-14
Suzuki Mehran,Sales,42,29509.0,Feb,2874,2874,2014-02-01,2013-14,2013-14
Suzuki Bolan,Production,44,13991.0,Feb,1102,1102,2014-02-01,2013-14,2013-14
Suzuki Bolan,Sales,45,14088.0,Feb,1156,1156,2014-02-01,2013-14,2013-14
Honda Civic,Production,7,10020.0,Mar,661,661,2014-03-01,2013-14,2013-14
Honda Civic,Sales,8,9933.0,Mar,740,740,2014-03-01,2013-14,2013-14
Honda City,Production,10,13585.0,Mar,1223,1223,2014-03-01,2013-14,2013-14
Honda City,Sales,11,13741.0,Mar,1231,1231,2014-03-01,2013-14,2013-14
Suzuki Liana,Production,13,144.0,Mar,0,0,2014-03-01,2013-14,2013-14
Suzuki Liana,Sales,14,161.0,Mar,13,13,2014-03-01,2013-14,2013-14
Suzuki Swift,Production,16,5047.0,Mar,398,398,2014-03-01,2013-14,2013-14
Suzuki Swift,Sales,17,5128.0,Mar,384,384,2014-03-01,2013-14,2013-14
Toyota Corolla,Production,19,28124.0,Mar,3635,3635,2014-03-01,2013-14,2013-14
Toyota Corolla,Sales,20,29087.0,Mar,3399,3399,2014-03-01,2013-14,2013-14
Suzuki Cultus,Production,27,14467.0,Mar,1216,1216,2014-03-01,2013-14,2013-14
Suzuki Cultus,Sales,28,14682.0,Mar,1018,1018,2014-03-01,2013-14,2013-14
Suzuki WagonR,Production,30,2532.0,Mar,314,314,2014-03-01,2013-14,2013-14
Suzuki WagonR,Sales,31,1621.0,Mar,0,0,2014-03-01,2013-14,2013-14
Hyundai Santro,Production,33,210.0,Mar,0,0,2014-03-01,2013-14,2013-14
Hyundai Santro,Sales,34,152.0,Mar,35,35,2014-03-01,2013-14,2013-14
Suzuki Mehran,Production,41,28485.0,Mar,2998,2998,2014-03-01,2013-14,2013-14
Suzuki Mehran,Sales,42,29509.0,Mar,2206,2206,2014-03-01,2013-14,2013-14
Suzuki Bolan,Production,44,13991.0,Mar,1349,1349,2014-03-01,2013-14,2013-14
Suzuki Bolan,Sales,45,14088.0,Mar,1297,1297,2014-03-01,2013-14,2013-14
Honda Civic,Production,7,10020.0,Apr,778,778,2014-04-01,2013-14,2013-14
Honda Civic,Sales,8,9933.0,Apr,750,750,2014-04-01,2013-14,2013-14
Honda City,Production,10,13585.0,Apr,1229,1229,2014-04-01,2013-14,2013-14
Honda City,Sales,11,13741.0,Apr,1200,1200,2014-04-01,2013-14,2013-14
Suzuki Liana,Production,13,144.0,Apr,0,0,2014-04-01,2013-14,2013-14
Suzuki Liana,Sales,14,161.0,Apr,8,8,2014-04-01,2013-14,2013-14
Suzuki Swift,Production,16,5047.0,Apr,405,405,2014-04-01,2013-14,2013-14
Suzuki Swift,Sales,17,5128.0,Apr,415,415,2014-04-01,2013-14,2013-14
Toyota Corolla,Production,19,28124.0,Apr,2362,2362,2014-04-01,2013-14,2013-14
Toyota Corolla,Sales,20,29087.0,Apr,2648,2648,2014-04-01,2013-14,2013-14
Suzuki Cultus,Production,27,14467.0,Apr,1235,1235,2014-04-01,2013-14,2013-14
Suzuki Cultus,Sales,28,14682.0,Apr,1446,1446,2014-04-01,2013-14,2013-14
Suzuki WagonR,Production,30,2532.0,Apr,414,414,2014-04-01,2013-14,2013-14
Suzuki WagonR,Sales,31,1621.0,Apr,309,309,2014-04-01,2013-14,2013-14
Hyundai Santro,Production,33,210.0,Apr,0,0,2014-04-01,2013-14,2013-14
Hyundai Santro,Sales,34,152.0,Apr,19,19,2014-04-01,2013-14,2013-14
Suzuki Mehran,Production,41,28485.0,Apr,3083,3083,2014-04-01,2013-14,2013-14
Suzuki Mehran,Sales,42,29509.0,Apr,2890,2890,2014-04-01,2013-14,2013-14
Suzuki Bolan,Production,44,13991.0,Apr,1220,1220,2014-04-01,2013-14,2013-14
Suzuki Bolan,Sales,45,14088.0,Apr,1152,1152,2014-04-01,2013-14,2013-14
Honda Civic,Production,7,10020.0,May,999,999,2014-05-01,2013-14,2013-14
Honda Civic,Sales,8,9933.0,May,871,871,2014-05-01,2013-14,2013-14
Honda City,Production,10,13585.0,May,1287,1287,2014-05-01,2013-14,2013-14
Honda City,Sales,11,13741.0,May,1389,1389,2014-05-01,2013-14,2013-14
Suzuki Liana,Production,13,144.0,May,0,0,2014-05-01,2013-14,2013-14
Suzuki Liana,Sales,14,161.0,May,8,8,2014-05-01,2013-14,2013-14
Suzuki Swift,Production,16,5047.0,May,386,386,2014-05-01,2013-14,2013-14
Suzuki Swift,Sales,17,5128.0,May,500,500,2014-05-01,2013-14,2013-14
Toyota Corolla,Production,19,28124.0,May,2668,2668,2014-05-01,2013-14,2013-14
Toyota Corolla,Sales,20,29087.0,May,2443,2443,2014-05-01,2013-14,2013-14
Suzuki Cultus,Production,27,14467.0,May,851,851,2014-05-01,2013-14,2013-14
Suzuki Cultus,Sales,28,14682.0,May,990,990,2014-05-01,2013-14,2013-14
Suzuki WagonR,Production,30,2532.0,May,809,809,2014-05-01,2013-14,2013-14
Suzuki WagonR,Sales,31,1621.0,May,528,528,2014-05-01,2013-14,2013-14
Hyundai Santro,Production,33,210.0,May,0,0,2014-05-01,2013-14,2013-14
Hyundai Santro,Sales,34,152.0,May,15,15,2014-05-01,2013-14,2013-14
Suzuki Mehran,Production,41,28485.0,May,2367,2367,2014-05-01,2013-14,2013-14
Suzuki Mehran,Sales,42,29509.0,May,2361,2361,2014-05-01,2013-14,2013-14
Suzuki Bolan,Production,44,13991.0,May,1194,1194,2014-05-01,2013-14,2013-14
Suzuki Bolan,Sales,45,14088.0,May,1452,1452,2014-05-01,2013-14,2013-14
Honda Civic,Production,7,10020.0,Jun,1221,1221,2014-06-01,2013-14,2013-14
Honda Civic,Sales,8,9933.0,Jun,1106,1106,2014-06-01,2013-14,2013-14
Honda City,Production,10,13585.0,Jun,1401,1401,2014-06-01,2013-14,2013-14
Honda City,Sales,11,13741.0,Jun,1566,1566,2014-06-01,2013-14,2013-14
Suzuki Liana,Production,13,144.0,Jun,0,0,2014-06-01,2013-14,2013-14
Suzuki Liana,Sales,14,161.0,Jun,22,22,2014-06-01,2013-14,2013-14
Suzuki Swift,Production,16,5047.0,Jun,556,556,2014-06-01,2013-14,2013-14
Suzuki Swift,Sales,17,5128.0,Jun,508,508,2014-06-01,2013-14,2013-14
Toyota Corolla,Production,19,28124.0,Jun,626,626,2014-06-01,2013-14,2013-14
Toyota Corolla,Sales,20,29087.0,Jun,970,970,2014-06-01,2013-14,2013-14
Suzuki Cultus,Production,27,14467.0,Jun,1091,1091,2014-06-01,2013-14,2013-14
Suzuki Cultus,Sales,28,14682.0,Jun,1171,1171,2014-06-01,2013-14,2013-14
Suzuki WagonR,Production,30,2532.0,Jun,985,985,2014-06-01,2013-14,2013-14
Suzuki WagonR,Sales,31,1621.0,Jun,784,784,2014-06-01,2013-14,2013-14
Hyundai Santro,Production,33,210.0,Jun,0,0,2014-06-01,2013-14,2013-14
Hyundai Santro,Sales,34,152.0,Jun,19,19,2014-06-01,2013-14,2013-14
Suzuki Mehran,Production,41,28485.0,Jun,2649,2649,2014-06-01,2013-14,2013-14
Suzuki Mehran,Sales,42,29509.0,Jun,2946,2946,2014-06-01,2013-14,2013-14
Suzuki Bolan,Production,44,13991.0,Jun,1108,1108,2014-06-01,2013-14,2013-14
Suzuki Bolan,Sales,45,14088.0,Jun,1221,1221,2014-06-01,2013-14,2013-14
Honda Civic,Production,7,8341.0,Jul,755,755,2014-07-01,2014-15,2014-15
Honda Civic,Sales,8,7805.0,Jul,631,631,2014-07-01,2014-15,2014-15
Honda City,Production,10,15930.0,Jul,694,694,2014-07-01,2014-15,2014-15
Honda City,Sales,11,15817.0,Jul,874,874,2014-07-01,2014-15,2014-15
Suzuki Liana,Production,13,0.0,Jul,0,0,2014-07-01,2014-15,2014-15
Suzuki Liana,Sales,14,23.0,Jul,4,4,2014-07-01,2014-15,2014-15
Suzuki Swift,Production,16,3319.0,Jul,315,315,2014-07-01,2014-15,2014-15
Suzuki Swift,Sales,17,3490.0,Jul,262,262,2014-07-01,2014-15,2014-15
Toyota Corolla,Production,19,51392.0,Jul,1055,1055,2014-07-01,2014-15,2014-15
Toyota Corolla,Sales,20,51398.0,Jul,673,673,2014-07-01,2014-15,2014-15
Suzuki Cultus,Production,27,14142.0,Jul,805,805,2014-07-01,2014-15,2014-15
Suzuki Cultus,Sales,28,13837.0,Jul,807,807,2014-07-01,2014-15,2014-15
Suzuki WagonR,Production,30,5067.0,Jul,714,714,2014-07-01,2014-15,2014-15
Suzuki WagonR,Sales,31,5246.0,Jul,364,364,2014-07-01,2014-15,2014-15
Hyundai Santro,Production,33,0.0,Jul,0,0,2014-07-01,2014-15,2014-15
Hyundai Santro,Sales,34,50.0,Jul,4,4,2014-07-01,2014-15,2014-15
Suzuki Mehran,Production,41,30381.0,Jul,1882,1882,2014-07-01,2014-15,2014-15
Suzuki Mehran,Sales,42,29886.0,Jul,1475,1475,2014-07-01,2014-15,2014-15
Suzuki Bolan,Production,44,23952.0,Jul,836,836,2014-07-01,2014-15,2014-15
Suzuki Bolan,Sales,45,23582.0,Jul,817,817,2014-07-01,2014-15,2014-15
Honda Civic,Production,7,8341.0,Aug,805,805,2014-08-01,2014-15,2014-15
Honda Civic,Sales,8,7805.0,Aug,587,587,2014-08-01,2014-15,2014-15
Honda City,Production,10,15930.0,Aug,1210,1210,2014-08-01,2014-15,2014-15
Honda City,Sales,11,15817.0,Aug,1047,1047,2014-08-01,2014-15,2014-15
Suzuki Liana,Production,13,0.0,Aug,0,0,2014-08-01,2014-15,2014-15
Suzuki Liana,Sales,14,23.0,Aug,4,4,2014-08-01,2014-15,2014-15
Suzuki Swift,Production,16,3319.0,Aug,446,446,2014-08-01,2014-15,2014-15
Suzuki Swift,Sales,17,3490.0,Aug,355,355,2014-08-01,2014-15,2014-15
Toyota Corolla,Production,19,51392.0,Aug,3141,3141,2014-08-01,2014-15,2014-15
Toyota Corolla,Sales,20,51398.0,Aug,3515,3515,2014-08-01,2014-15,2014-15
Suzuki Cultus,Production,27,14142.0,Aug,1289,1289,2014-08-01,2014-15,2014-15
Suzuki Cultus,Sales,28,13837.0,Aug,1257,1257,2014-08-01,2014-15,2014-15
Suzuki WagonR,Production,30,5067.0,Aug,579,579,2014-08-01,2014-15,2014-15
Suzuki WagonR,Sales,31,5246.0,Aug,345,345,2014-08-01,2014-15,2014-15
Hyundai Santro,Production,33,0.0,Aug,0,0,2014-08-01,2014-15,2014-15
Hyundai Santro,Sales,34,50.0,Aug,10,10,2014-08-01,2014-15,2014-15
Suzuki Mehran,Production,41,30381.0,Aug,2488,2488,2014-08-01,2014-15,2014-15
Suzuki Mehran,Sales,42,29886.0,Aug,2330,2330,2014-08-01,2014-15,2014-15
Suzuki Bolan,Production,44,23952.0,Aug,1213,1213,2014-08-01,2014-15,2014-15
Suzuki Bolan,Sales,45,23582.0,Aug,1105,1105,2014-08-01,2014-15,2014-15
Honda Civic,Production,7,8341.0,Sep,661,661,2014-09-01,2014-15,2014-15
Honda Civic,Sales,8,7805.0,Sep,671,671,2014-09-01,2014-15,2014-15
Honda City,Production,10,15930.0,Sep,1311,1311,2014-09-01,2014-15,2014-15
Honda City,Sales,11,15817.0,Sep,1077,1077,2014-09-01,2014-15,2014-15
Suzuki Liana,Production,13,0.0,Sep,0,0,2014-09-01,2014-15,2014-15
Suzuki Liana,Sales,14,23.0,Sep,5,5,2014-09-01,2014-15,2014-15
Suzuki Swift,Production,16,3319.0,Sep,501,501,2014-09-01,2014-15,2014-15
Suzuki Swift,Sales,17,3490.0,Sep,333,333,2014-09-01,2014-15,2014-15
Toyota Corolla,Production,19,51392.0,Sep,4463,4463,2014-09-01,2014-15,2014-15
Toyota Corolla,Sales,20,51398.0,Sep,4358,4358,2014-09-01,2014-15,2014-15
Suzuki Cultus,Production,27,14142.0,Sep,1167,1167,2014-09-01,2014-15,2014-15
Suzuki Cultus,Sales,28,13837.0,Sep,917,917,2014-09-01,2014-15,2014-15
Suzuki WagonR,Production,30,5067.0,Sep,427,427,2014-09-01,2014-15,2014-15
Suzuki WagonR,Sales,31,5246.0,Sep,258,258,2014-09-01,2014-15,2014-15
Hyundai Santro,Production,33,0.0,Sep,0,0,2014-09-01,2014-15,2014-15
Hyundai Santro,Sales,34,50.0,Sep,11,11,2014-09-01,2014-15,2014-15
Suzuki Mehran,Production,41,30381.0,Sep,2560,2560,2014-09-01,2014-15,2014-15
Suzuki Mehran,Sales,42,29886.0,Sep,2436,2436,2014-09-01,2014-15,2014-15
Suzuki Bolan,Production,44,23952.0,Sep,1374,1374,2014-09-01,2014-15,2014-15
Suzuki Bolan,Sales,45,23582.0,Sep,1098,1098,2014-09-01,2014-15,2014-15
Honda Civic,Production,7,8341.0,Oct,476,476,2014-10-01,2014-15,2014-15
Honda Civic,Sales,8,7805.0,Oct,622,622,2014-10-01,2014-15,2014-15
Honda City,Production,10,15930.0,Oct,1285,1285,2014-10-01,2014-15,2014-15
Honda City,Sales,11,15817.0,Oct,1113,1113,2014-10-01,2014-15,2014-15
Suzuki Liana,Production,13,0.0,Oct,0,0,2014-10-01,2014-15,2014-15
Suzuki Liana,Sales,14,23.0,Oct,1,1,2014-10-01,2014-15,2014-15
Suzuki Swift,Production,16,3319.0,Oct,423,423,2014-10-01,2014-15,2014-15
Suzuki Swift,Sales,17,3490.0,Oct,273,273,2014-10-01,2014-15,2014-15
Toyota Corolla,Production,19,51392.0,Oct,4152,4152,2014-10-01,2014-15,2014-15
Toyota Corolla,Sales,20,51398.0,Oct,4099,4099,2014-10-01,2014-15,2014-15
Suzuki Cultus,Production,27,14142.0,Oct,1281,1281,2014-10-01,2014-15,2014-15
Suzuki Cultus,Sales,28,13837.0,Oct,1264,1264,2014-10-01,2014-15,2014-15
Suzuki WagonR,Production,30,5067.0,Oct,88,88,2014-10-01,2014-15,2014-15
Suzuki WagonR,Sales,31,5246.0,Oct,321,321,2014-10-01,2014-15,2014-15
Hyundai Santro,Production,33,0.0,Oct,0,0,2014-10-01,2014-15,2014-15
Hyundai Santro,Sales,34,50.0,Oct,8,8,2014-10-01,2014-15,2014-15
Suzuki Mehran,Production,41,30381.0,Oct,2191,2191,2014-10-01,2014-15,2014-15
Suzuki Mehran,Sales,42,29886.0,Oct,2323,2323,2014-10-01,2014-15,2014-15
Suzuki Bolan,Production,44,23952.0,Oct,1259,1259,2014-10-01,2014-15,2014-15
Suzuki Bolan,Sales,45,23582.0,Oct,1208,1208,2014-10-01,2014-15,2014-15
Honda Civic,Production,7,8341.0,Nov,379,379,2014-11-01,2014-15,2014-15
Honda Civic,Sales,8,7805.0,Nov,342,342,2014-11-01,2014-15,2014-15
Honda City,Production,10,15930.0,Nov,995,995,2014-11-01,2014-15,2014-15
Honda City,Sales,11,15817.0,Nov,924,924,2014-11-01,2014-15,2014-15
Suzuki Liana,Production,13,0.0,Nov,0,0,2014-11-01,2014-15,2014-15
Suzuki Liana,Sales,14,23.0,Nov,5,5,2014-11-01,2014-15,2014-15
Suzuki Swift,Production,16,3319.0,Nov,382,382,2014-11-01,2014-15,2014-15
Suzuki Swift,Sales,17,3490.0,Nov,237,237,2014-11-01,2014-15,2014-15
Toyota Corolla,Production,19,51392.0,Nov,4311,4311,2014-11-01,2014-15,2014-15
Toyota Corolla,Sales,20,51398.0,Nov,4202,4202,2014-11-01,2014-15,2014-15
Suzuki Cultus,Production,27,14142.0,Nov,1189,1189,2014-11-01,2014-15,2014-15
Suzuki Cultus,Sales,28,13837.0,Nov,1180,1180,2014-11-01,2014-15,2014-15
Suzuki WagonR,Production,30,5067.0,Nov,17,17,2014-11-01,2014-15,2014-15
Suzuki WagonR,Sales,31,5246.0,Nov,222,222,2014-11-01,2014-15,2014-15
Hyundai Santro,Production,33,0.0,Nov,0,0,2014-11-01,2014-15,2014-15
Hyundai Santro,Sales,34,50.0,Nov,5,5,2014-11-01,2014-15,2014-15
Suzuki Mehran,Production,41,30381.0,Nov,1966,1966,2014-11-01,2014-15,2014-15
Suzuki Mehran,Sales,42,29886.0,Nov,2040,2040,2014-11-01,2014-15,2014-15
Suzuki Bolan,Production,44,23952.0,Nov,1153,1153,2014-11-01,2014-15,2014-15
Suzuki Bolan,Sales,45,23582.0,Nov,1186,1186,2014-11-01,2014-15,2014-15
Honda Civic,Production,7,8341.0,Dec,292,292,2014-12-01,2014-15,2014-15
Honda Civic,Sales,8,7805.0,Dec,173,173,2014-12-01,2014-15,2014-15
Honda City,Production,10,15930.0,Dec,782,782,2014-12-01,2014-15,2014-15
Honda City,Sales,11,15817.0,Dec,517,517,2014-12-01,2014-15,2014-15
Suzuki Liana,Production,13,0.0,Dec,0,0,2014-12-01,2014-15,2014-15
Suzuki Liana,Sales,14,23.0,Dec,0,0,2014-12-01,2014-15,2014-15
Suzuki Swift,Production,16,3319.0,Dec,213,213,2014-12-01,2014-15,2014-15
Suzuki Swift,Sales,17,3490.0,Dec,201,201,2014-12-01,2014-15,2014-15
Toyota Corolla,Production,19,51392.0,Dec,3620,3620,2014-12-01,2014-15,2014-15
Toyota Corolla,Sales,20,51398.0,Dec,3882,3882,2014-12-01,2014-15,2014-15
Suzuki Cultus,Production,27,14142.0,Dec,1335,1335,2014-12-01,2014-15,2014-15
Suzuki Cultus,Sales,28,13837.0,Dec,1182,1182,2014-12-01,2014-15,2014-15
Suzuki WagonR,Production,30,5067.0,Dec,20,20,2014-12-01,2014-15,2014-15
Suzuki WagonR,Sales,31,5246.0,Dec,195,195,2014-12-01,2014-15,2014-15
Hyundai Santro,Production,33,0.0,Dec,0,0,2014-12-01,2014-15,2014-15
Hyundai Santro,Sales,34,50.0,Dec,6,6,2014-12-01,2014-15,2014-15
Suzuki Mehran,Production,41,30381.0,Dec,2730,2730,2014-12-01,2014-15,2014-15
Suzuki Mehran,Sales,42,29886.0,Dec,2093,2093,2014-12-01,2014-15,2014-15
Suzuki Bolan,Production,44,23952.0,Dec,1260,1260,2014-12-01,2014-15,2014-15
Suzuki Bolan,Sales,45,23582.0,Dec,1273,1273,2014-12-01,2014-15,2014-15
Honda Civic,Production,7,8341.0,Jan,996,996,2015-01-01,2014-15,2014-15
Honda Civic,Sales,8,7805.0,Jan,1118,1118,2015-01-01,2014-15,2014-15
Honda City,Production,10,15930.0,Jan,1257,1257,2015-01-01,2014-15,2014-15
Honda City,Sales,11,15817.0,Jan,2103,2103,2015-01-01,2014-15,2014-15
Suzuki Liana,Production,13,0.0,Jan,0,0,2015-01-01,2014-15,2014-15
Suzuki Liana,Sales,14,23.0,Jan,3,3,2015-01-01,2014-15,2014-15
Suzuki Swift,Production,16,3319.0,Jan,131,131,2015-01-01,2014-15,2014-15
Suzuki Swift,Sales,17,3490.0,Jan,313,313,2015-01-01,2014-15,2014-15
Toyota Corolla,Production,19,51392.0,Jan,6016,6016,2015-01-01,2014-15,2014-15
Toyota Corolla,Sales,20,51398.0,Jan,5864,5864,2015-01-01,2014-15,2014-15
Suzuki Cultus,Production,27,14142.0,Jan,1089,1089,2015-01-01,2014-15,2014-15
Suzuki Cultus,Sales,28,13837.0,Jan,1140,1140,2015-01-01,2014-15,2014-15
Suzuki WagonR,Production,30,5067.0,Jan,170,170,2015-01-01,2014-15,2014-15
Suzuki WagonR,Sales,31,5246.0,Jan,475,475,2015-01-01,2014-15,2014-15
Hyundai Santro,Production,33,0.0,Jan,0,0,2015-01-01,2014-15,2014-15
Hyundai Santro,Sales,34,50.0,Jan,2,2,2015-01-01,2014-15,2014-15
Suzuki Mehran,Production,41,30381.0,Jan,2582,2582,2015-01-01,2014-15,2014-15
Suzuki Mehran,Sales,42,29886.0,Jan,3467,3467,2015-01-01,2014-15,2014-15
Suzuki Bolan,Production,44,23952.0,Jan,1730,1730,2015-01-01,2014-15,2014-15
Suzuki Bolan,Sales,45,23582.0,Jan,1285,1285,2015-01-01,2014-15,2014-15
Honda Civic,Production,7,8341.0,Feb,492,492,2015-02-01,2014-15,2014-15
Honda Civic,Sales,8,7805.0,Feb,715,715,2015-02-01,2014-15,2014-15
Honda City,Production,10,15930.0,Feb,1564,1564,2015-02-01,2014-15,2014-15
Honda City,Sales,11,15817.0,Feb,1527,1527,2015-02-01,2014-15,2014-15
Suzuki Liana,Production,13,0.0,Feb,0,0,2015-02-01,2014-15,2014-15
Suzuki Liana,Sales,14,23.0,Feb,0,0,2015-02-01,2014-15,2014-15
Suzuki Swift,Production,16,3319.0,Feb,100,100,2015-02-01,2014-15,2014-15
Suzuki Swift,Sales,17,3490.0,Feb,314,314,2015-02-01,2014-15,2014-15
Toyota Corolla,Production,19,51392.0,Feb,4685,4685,2015-02-01,2014-15,2014-15
Toyota Corolla,Sales,20,51398.0,Feb,4449,4449,2015-02-01,2014-15,2014-15
Suzuki Cultus,Production,27,14142.0,Feb,950,950,2015-02-01,2014-15,2014-15
Suzuki Cultus,Sales,28,13837.0,Feb,1162,1162,2015-02-01,2014-15,2014-15
Suzuki WagonR,Production,30,5067.0,Feb,503,503,2015-02-01,2014-15,2014-15
Suzuki WagonR,Sales,31,5246.0,Feb,513,513,2015-02-01,2014-15,2014-15
Hyundai Santro,Production,33,0.0,Feb,0,0,2015-02-01,2014-15,2014-15
Hyundai Santro,Sales,34,50.0,Feb,1,1,2015-02-01,2014-15,2014-15
Suzuki Mehran,Production,41,30381.0,Feb,1858,1858,2015-02-01,2014-15,2014-15
Suzuki Mehran,Sales,42,29886.0,Feb,2921,2921,2015-02-01,2014-15,2014-15
Suzuki Bolan,Production,44,23952.0,Feb,1828,1828,2015-02-01,2014-15,2014-15
Suzuki Bolan,Sales,45,23582.0,Feb,2439,2439,2015-02-01,2014-15,2014-15
Honda Civic,Production,7,8341.0,Mar,906,906,2015-03-01,2014-15,2014-15
Honda Civic,Sales,8,7805.0,Mar,797,797,2015-03-01,2014-15,2014-15
Honda City,Production,10,15930.0,Mar,1545,1545,2015-03-01,2014-15,2014-15
Honda City,Sales,11,15817.0,Mar,1567,1567,2015-03-01,2014-15,2014-15
Suzuki Liana,Production,13,0.0,Mar,0,0,2015-03-01,2014-15,2014-15
Suzuki Liana,Sales,14,23.0,Mar,1,1,2015-03-01,2014-15,2014-15
Suzuki Swift,Production,16,3319.0,Mar,116,116,2015-03-01,2014-15,2014-15
Suzuki Swift,Sales,17,3490.0,Mar,301,301,2015-03-01,2014-15,2014-15
Toyota Corolla,Production,19,51392.0,Mar,4860,4860,2015-03-01,2014-15,2014-15
Toyota Corolla,Sales,20,51398.0,Mar,5196,5196,2015-03-01,2014-15,2014-15
Suzuki Cultus,Production,27,14142.0,Mar,1699,1699,2015-03-01,2014-15,2014-15
Suzuki Cultus,Sales,28,13837.0,Mar,1593,1593,2015-03-01,2014-15,2014-15
Suzuki WagonR,Production,30,5067.0,Mar,660,660,2015-03-01,2014-15,2014-15
Suzuki WagonR,Sales,31,5246.0,Mar,644,644,2015-03-01,2014-15,2014-15
Hyundai Santro,Production,33,0.0,Mar,0,0,2015-03-01,2014-15,2014-15
Hyundai Santro,Sales,34,50.0,Mar,2,2,2015-03-01,2014-15,2014-15
Suzuki Mehran,Production,41,30381.0,Mar,3554,3554,2015-03-01,2014-15,2014-15
Suzuki Mehran,Sales,42,29886.0,Mar,3184,3184,2015-03-01,2014-15,2014-15
Suzuki Bolan,Production,44,23952.0,Mar,3486,3486,2015-03-01,2014-15,2014-15
Suzuki Bolan,Sales,45,23582.0,Mar,3521,3521,2015-03-01,2014-15,2014-15
Honda Civic,Production,7,8341.0,Apr,908,908,2015-04-01,2014-15,2014-15
Honda Civic,Sales,8,7805.0,Apr,743,743,2015-04-01,2014-15,2014-15
Honda City,Production,10,15930.0,Apr,1815,1815,2015-04-01,2014-15,2014-15
Honda City,Sales,11,15817.0,Apr,1633,1633,2015-04-01,2014-15,2014-15
Suzuki Liana,Production,13,0.0,Apr,0,0,2015-04-01,2014-15,2014-15
Suzuki Liana,Sales,14,23.0,Apr,0,0,2015-04-01,2014-15,2014-15
Suzuki Swift,Production,16,3319.0,Apr,267,267,2015-04-01,2014-15,2014-15
Suzuki Swift,Sales,17,3490.0,Apr,342,342,2015-04-01,2014-15,2014-15
Toyota Corolla,Production,19,51392.0,Apr,5461,5461,2015-04-01,2014-15,2014-15
Toyota Corolla,Sales,20,51398.0,Apr,5412,5412,2015-04-01,2014-15,2014-15
Suzuki Cultus,Production,27,14142.0,Apr,1021,1021,2015-04-01,2014-15,2014-15
Suzuki Cultus,Sales,28,13837.0,Apr,895,895,2015-04-01,2014-15,2014-15
Suzuki WagonR,Production,30,5067.0,Apr,663,663,2015-04-01,2014-15,2014-15
Suzuki WagonR,Sales,31,5246.0,Apr,690,690,2015-04-01,2014-15,2014-15
Hyundai Santro,Production,33,0.0,Apr,0,0,2015-04-01,2014-15,2014-15
Hyundai Santro,Sales,34,50.0,Apr,1,1,2015-04-01,2014-15,2014-15
Suzuki Mehran,Production,41,30381.0,Apr,2876,2876,2015-04-01,2014-15,2014-15
Suzuki Mehran,Sales,42,29886.0,Apr,2634,2634,2015-04-01,2014-15,2014-15
Suzuki Bolan,Production,44,23952.0,Apr,3367,3367,2015-04-01,2014-15,2014-15
Suzuki Bolan,Sales,45,23582.0,Apr,3248,3248,2015-04-01,2014-15,2014-15
Honda Civic,Production,7,8341.0,May,898,898,2015-05-01,2014-15,2014-15
Honda Civic,Sales,8,7805.0,May,720,720,2015-05-01,2014-15,2014-15
Honda City,Production,10,15930.0,May,1800,1800,2015-05-01,2014-15,2014-15
Honda City,Sales,11,15817.0,May,1633,1633,2015-05-01,2014-15,2014-15
Suzuki Liana,Production,13,0.0,May,0,0,2015-05-01,2014-15,2014-15
Suzuki Liana,Sales,14,23.0,May,0,0,2015-05-01,2014-15,2014-15
Suzuki Swift,Production,16,3319.0,May,240,240,2015-05-01,2014-15,2014-15
Suzuki Swift,Sales,17,3490.0,May,289,289,2015-05-01,2014-15,2014-15
Toyota Corolla,Production,19,51392.0,May,5002,5002,2015-05-01,2014-15,2014-15
Toyota Corolla,Sales,20,51398.0,May,5030,5030,2015-05-01,2014-15,2014-15
Suzuki Cultus,Production,27,14142.0,May,1135,1135,2015-05-01,2014-15,2014-15
Suzuki Cultus,Sales,28,13837.0,May,1353,1353,2015-05-01,2014-15,2014-15
Suzuki WagonR,Production,30,5067.0,May,646,646,2015-05-01,2014-15,2014-15
Suzuki WagonR,Sales,31,5246.0,May,680,680,2015-05-01,2014-15,2014-15
Hyundai Santro,Production,33,0.0,May,0,0,2015-05-01,2014-15,2014-15
Hyundai Santro,Sales,34,50.0,May,0,0,2015-05-01,2014-15,2014-15
Suzuki Mehran,Production,41,30381.0,May,2794,2794,2015-05-01,2014-15,2014-15
Suzuki Mehran,Sales,42,29886.0,May,2677,2677,2015-05-01,2014-15,2014-15
Suzuki Bolan,Production,44,23952.0,May,3268,3268,2015-05-01,2014-15,2014-15
Suzuki Bolan,Sales,45,23582.0,May,3399,3399,2015-05-01,2014-15,2014-15
Honda Civic,Production,7,8341.0,Jun,773,773,2015-06-01,2014-15,2014-15
Honda Civic,Sales,8,7805.0,Jun,686,686,2015-06-01,2014-15,2014-15
Honda City,Production,10,15930.0,Jun,1672,1672,2015-06-01,2014-15,2014-15
Honda City,Sales,11,15817.0,Jun,1802,1802,2015-06-01,2014-15,2014-15
Suzuki Liana,Production,13,0.0,Jun,0,0,2015-06-01,2014-15,2014-15
Suzuki Liana,Sales,14,23.0,Jun,0,0,2015-06-01,2014-15,2014-15
Suzuki Swift,Production,16,3319.0,Jun,185,185,2015-06-01,2014-15,2014-15
Suzuki Swift,Sales,17,3490.0,Jun,270,270,2015-06-01,2014-15,2014-15
Toyota Corolla,Production,19,51392.0,Jun,4626,4626,2015-06-01,2014-15,2014-15
Toyota Corolla,Sales,20,51398.0,Jun,4718,4718,2015-06-01,2014-15,2014-15
Suzuki Cultus,Production,27,14142.0,Jun,1182,1182,2015-06-01,2014-15,2014-15
Suzuki Cultus,Sales,28,13837.0,Jun,1087,1087,2015-06-01,2014-15,2014-15
Suzuki WagonR,Production,30,5067.0,Jun,580,580,2015-06-01,2014-15,2014-15
Suzuki WagonR,Sales,31,5246.0,Jun,539,539,2015-06-01,2014-15,2014-15
Hyundai Santro,Production,33,0.0,Jun,0,0,2015-06-01,2014-15,2014-15
Hyundai Santro,Sales,34,50.0,Jun,0,0,2015-06-01,2014-15,2014-15
Suzuki Mehran,Production,41,30381.0,Jun,2900,2900,2015-06-01,2014-15,2014-15
Suzuki Mehran,Sales,42,29886.0,Jun,2306,2306,2015-06-01,2014-15,2014-15
Suzuki Bolan,Production,44,23952.0,Jun,3178,3178,2015-06-01,2014-15,2014-15
Suzuki Bolan,Sales,45,23582.0,Jun,3003,3003,2015-06-01,2014-15,2014-15
Honda Cars (Civic & City),Production,7,25061.0,Jul,1840,1840,2015-07-01,2015-16,2015-16
Honda Cars (Civic & City),Sales,8,25726.0,Jul,2181,2181,2015-07-01,2015-16,2015-16
Suzuki Liana,Production,10,0.0,Jul,0,0,2015-07-01,2015-16,2015-16
Suzuki Liana,Sales,11,0.0,Jul,0,0,2015-07-01,2015-16,2015-16
Suzuki Swift,Production,13,4176.0,Jul,240,240,2015-07-01,2015-16,2015-16
Suzuki Swift,Sales,14,4143.0,Jul,310,310,2015-07-01,2015-16,2015-16
Toyota Corolla,Production,16,57474.0,Jul,3906,3906,2015-07-01,2015-16,2015-16
Toyota Corolla,Sales,17,57452.0,Jul,3868,3868,2015-07-01,2015-16,2015-16
Suzuki Cultus,Production,24,16772.0,Jul,1057,1057,2015-07-01,2015-16,2015-16
Suzuki Cultus,Sales,25,16450.0,Jul,970,970,2015-07-01,2015-16,2015-16
Suzuki WagonR,Production,27,9504.0,Jul,432,432,2015-07-01,2015-16,2015-16
Suzuki WagonR,Sales,28,9709.0,Jul,529,529,2015-07-01,2015-16,2015-16
Hyundai Santro,Production,30,0.0,Jul,0,0,2015-07-01,2015-16,2015-16
Hyundai Santro,Sales,31,7.0,Jul,2,2,2015-07-01,2015-16,2015-16
Suzuki Mehran,Production,38,36869.0,Jul,2750,2750,2015-07-01,2015-16,2015-16
Suzuki Mehran,Sales,39,37504.0,Jul,2607,2607,2015-07-01,2015-16,2015-16
Suzuki Bolan,Production,41,30088.0,Jul,2769,2769,2015-07-01,2015-16,2015-16
Suzuki Bolan,Sales,42,30154.0,Jul,2546,2546,2015-07-01,2015-16,2015-16
Honda Cars (Civic & City),Production,7,25061.0,Aug,2236,2236,2015-08-01,2015-16,2015-16
Honda Cars (Civic & City),Sales,8,25726.0,Aug,2002,2002,2015-08-01,2015-16,2015-16
Suzuki Liana,Production,10,0.0,Aug,0,0,2015-08-01,2015-16,2015-16
Suzuki Liana,Sales,11,0.0,Aug,0,0,2015-08-01,2015-16,2015-16
Suzuki Swift,Production,13,4176.0,Aug,412,412,2015-08-01,2015-16,2015-16
Suzuki Swift,Sales,14,4143.0,Aug,364,364,2015-08-01,2015-16,2015-16
Toyota Corolla,Production,16,57474.0,Aug,4993,4993,2015-08-01,2015-16,2015-16
Toyota Corolla,Sales,17,57452.0,Aug,4972,4972,2015-08-01,2015-16,2015-16
Suzuki Cultus,Production,24,16772.0,Aug,1529,1529,2015-08-01,2015-16,2015-16
Suzuki Cultus,Sales,25,16450.0,Aug,1284,1284,2015-08-01,2015-16,2015-16
Suzuki WagonR,Production,27,9504.0,Aug,626,626,2015-08-01,2015-16,2015-16
Suzuki WagonR,Sales,28,9709.0,Aug,655,655,2015-08-01,2015-16,2015-16
Hyundai Santro,Production,30,0.0,Aug,0,0,2015-08-01,2015-16,2015-16
Hyundai Santro,Sales,31,7.0,Aug,0,0,2015-08-01,2015-16,2015-16
Suzuki Mehran,Production,38,36869.0,Aug,3377,3377,2015-08-01,2015-16,2015-16
Suzuki Mehran,Sales,39,37504.0,Aug,3015,3015,2015-08-01,2015-16,2015-16
Suzuki Bolan,Production,41,30088.0,Aug,3629,3629,2015-08-01,2015-16,2015-16
Suzuki Bolan,Sales,42,30154.0,Aug,3863,3863,2015-08-01,2015-16,2015-16
Honda Cars (Civic & City),Production,7,25061.0,Sep,1861,1861,2015-09-01,2015-16,2015-16
Honda Cars (Civic & City),Sales,8,25726.0,Sep,2001,2001,2015-09-01,2015-16,2015-16
Suzuki Liana,Production,10,0.0,Sep,0,0,2015-09-01,2015-16,2015-16
Suzuki Liana,Sales,11,0.0,Sep,0,0,2015-09-01,2015-16,2015-16
Suzuki Swift,Production,13,4176.0,Sep,297,297,2015-09-01,2015-16,2015-16
Suzuki Swift,Sales,14,4143.0,Sep,304,304,2015-09-01,2015-16,2015-16
Toyota Corolla,Production,16,57474.0,Sep,4680,4680,2015-09-01,2015-16,2015-16
Toyota Corolla,Sales,17,57452.0,Sep,4672,4672,2015-09-01,2015-16,2015-16
Suzuki Cultus,Production,24,16772.0,Sep,1303,1303,2015-09-01,2015-16,2015-16
Suzuki Cultus,Sales,25,16450.0,Sep,1266,1266,2015-09-01,2015-16,2015-16
Suzuki WagonR,Production,27,9504.0,Sep,603,603,2015-09-01,2015-16,2015-16
Suzuki WagonR,Sales,28,9709.0,Sep,613,613,2015-09-01,2015-16,2015-16
Hyundai Santro,Production,30,0.0,Sep,0,0,2015-09-01,2015-16,2015-16
Hyundai Santro,Sales,31,7.0,Sep,1,1,2015-09-01,2015-16,2015-16
Suzuki Mehran,Production,38,36869.0,Sep,3261,3261,2015-09-01,2015-16,2015-16
Suzuki Mehran,Sales,39,37504.0,Sep,2860,2860,2015-09-01,2015-16,2015-16
Suzuki Bolan,Production,41,30088.0,Sep,3332,3332,2015-09-01,2015-16,2015-16
Suzuki Bolan,Sales,42,30154.0,Sep,3487,3487,2015-09-01,2015-16,2015-16
Honda Cars (Civic & City),Production,7,25061.0,Oct,1861,1861,2015-10-01,2015-16,2015-16
Honda Cars (Civic & City),Sales,8,25726.0,Oct,1875,1875,2015-10-01,2015-16,2015-16
Suzuki Liana,Production,10,0.0,Oct,0,0,2015-10-01,2015-16,2015-16
Suzuki Liana,Sales,11,0.0,Oct,0,0,2015-10-01,2015-16,2015-16
Suzuki Swift,Production,13,4176.0,Oct,353,353,2015-10-01,2015-16,2015-16
Suzuki Swift,Sales,14,4143.0,Oct,320,320,2015-10-01,2015-16,2015-16
Toyota Corolla,Production,16,57474.0,Oct,4885,4885,2015-10-01,2015-16,2015-16
Toyota Corolla,Sales,17,57452.0,Oct,4912,4912,2015-10-01,2015-16,2015-16
Suzuki Cultus,Production,24,16772.0,Oct,1360,1360,2015-10-01,2015-16,2015-16
Suzuki Cultus,Sales,25,16450.0,Oct,1340,1340,2015-10-01,2015-16,2015-16
Suzuki WagonR,Production,27,9504.0,Oct,820,820,2015-10-01,2015-16,2015-16
Suzuki WagonR,Sales,28,9709.0,Oct,772,772,2015-10-01,2015-16,2015-16
Hyundai Santro,Production,30,0.0,Oct,0,0,2015-10-01,2015-16,2015-16
Hyundai Santro,Sales,31,7.0,Oct,0,0,2015-10-01,2015-16,2015-16
Suzuki Mehran,Production,38,36869.0,Oct,3099,3099,2015-10-01,2015-16,2015-16
Suzuki Mehran,Sales,39,37504.0,Oct,3367,3367,2015-10-01,2015-16,2015-16
Suzuki Bolan,Production,41,30088.0,Oct,3237,3237,2015-10-01,2015-16,2015-16
Suzuki Bolan,Sales,42,30154.0,Oct,3123,3123,2015-10-01,2015-16,2015-16
Honda Cars (Civic & City),Production,7,25061.0,Nov,1674,1674,2015-11-01,2015-16,2015-16
Honda Cars (Civic & City),Sales,8,25726.0,Nov,1523,1523,2015-11-01,2015-16,2015-16
Suzuki Liana,Production,10,0.0,Nov,0,0,2015-11-01,2015-16,2015-16
Suzuki Liana,Sales,11,0.0,Nov,0,0,2015-11-01,2015-16,2015-16
Suzuki Swift,Production,13,4176.0,Nov,793,793,2015-11-01,2015-16,2015-16
Suzuki Swift,Sales,14,4143.0,Nov,430,430,2015-11-01,2015-16,2015-16
Toyota Corolla,Production,16,57474.0,Nov,4965,4965,2015-11-01,2015-16,2015-16
Toyota Corolla,Sales,17,57452.0,Nov,4960,4960,2015-11-01,2015-16,2015-16
Suzuki Cultus,Production,24,16772.0,Nov,1529,1529,2015-11-01,2015-16,2015-16
Suzuki Cultus,Sales,25,16450.0,Nov,1413,1413,2015-11-01,2015-16,2015-16
Suzuki WagonR,Production,27,9504.0,Nov,772,772,2015-11-01,2015-16,2015-16
Suzuki WagonR,Sales,28,9709.0,Nov,793,793,2015-11-01,2015-16,2015-16
Hyundai Santro,Production,30,0.0,Nov,0,0,2015-11-01,2015-16,2015-16
Hyundai Santro,Sales,31,7.0,Nov,0,0,2015-11-01,2015-16,2015-16
Suzuki Mehran,Production,38,36869.0,Nov,3041,3041,2015-11-01,2015-16,2015-16
Suzuki Mehran,Sales,39,37504.0,Nov,3298,3298,2015-11-01,2015-16,2015-16
Suzuki Bolan,Production,41,30088.0,Nov,3105,3105,2015-11-01,2015-16,2015-16
Suzuki Bolan,Sales,42,30154.0,Nov,3307,3307,2015-11-01,2015-16,2015-16
Honda Cars (Civic & City),Production,7,25061.0,Dec,1361,1361,2015-12-01,2015-16,2015-16
Honda Cars (Civic & City),Sales,8,25726.0,Dec,1028,1028,2015-12-01,2015-16,2015-16
Suzuki Liana,Production,10,0.0,Dec,0,0,2015-12-01,2015-16,2015-16
Suzuki Liana,Sales,11,0.0,Dec,0,0,2015-12-01,2015-16,2015-16
Suzuki Swift,Production,13,4176.0,Dec,804,804,2015-12-01,2015-16,2015-16
Suzuki Swift,Sales,14,4143.0,Dec,246,246,2015-12-01,2015-16,2015-16
Toyota Corolla,Production,16,57474.0,Dec,4230,4230,2015-12-01,2015-16,2015-16
Toyota Corolla,Sales,17,57452.0,Dec,4297,4297,2015-12-01,2015-16,2015-16
Suzuki Cultus,Production,24,16772.0,Dec,1493,1493,2015-12-01,2015-16,2015-16
Suzuki Cultus,Sales,25,16450.0,Dec,1685,1685,2015-12-01,2015-16,2015-16
Suzuki WagonR,Production,27,9504.0,Dec,830,830,2015-12-01,2015-16,2015-16
Suzuki WagonR,Sales,28,9709.0,Dec,703,703,2015-12-01,2015-16,2015-16
Hyundai Santro,Production,30,0.0,Dec,0,0,2015-12-01,2015-16,2015-16
Hyundai Santro,Sales,31,7.0,Dec,0,0,2015-12-01,2015-16,2015-16
Suzuki Mehran,Production,38,36869.0,Dec,3574,3574,2015-12-01,2015-16,2015-16
Suzuki Mehran,Sales,39,37504.0,Dec,2870,2870,2015-12-01,2015-16,2015-16
Suzuki Bolan,Production,41,30088.0,Dec,3595,3595,2015-12-01,2015-16,2015-16
Suzuki Bolan,Sales,42,30154.0,Dec,3190,3190,2015-12-01,2015-16,2015-16
Honda Cars (Civic & City),Production,7,25061.0,Jan,2304,2304,2016-01-01,2015-16,2015-16
Honda Cars (Civic & City),Sales,8,25726.0,Jan,3015,3015,2016-01-01,2015-16,2015-16
Suzuki Liana,Production,10,0.0,Jan,0,0,2016-01-01,2015-16,2015-16
Suzuki Liana,Sales,11,0.0,Jan,0,0,2016-01-01,2015-16,2015-16
Suzuki Swift,Production,13,4176.0,Jan,9,9,2016-01-01,2015-16,2015-16
Suzuki Swift,Sales,14,4143.0,Jan,344,344,2016-01-01,2015-16,2015-16
Toyota Corolla,Production,16,57474.0,Jan,5628,5628,2016-01-01,2015-16,2015-16
Toyota Corolla,Sales,17,57452.0,Jan,5544,5544,2016-01-01,2015-16,2015-16
Suzuki Cultus,Production,24,16772.0,Jan,1703,1703,2016-01-01,2015-16,2015-16
Suzuki Cultus,Sales,25,16450.0,Jan,1018,1018,2016-01-01,2015-16,2015-16
Suzuki WagonR,Production,27,9504.0,Jan,992,992,2016-01-01,2015-16,2015-16
Suzuki WagonR,Sales,28,9709.0,Jan,1100,1100,2016-01-01,2015-16,2015-16
Hyundai Santro,Production,30,0.0,Jan,0,0,2016-01-01,2015-16,2015-16
Hyundai Santro,Sales,31,7.0,Jan,1,1,2016-01-01,2015-16,2015-16
Suzuki Mehran,Production,38,36869.0,Jan,3644,3644,2016-01-01,2015-16,2015-16
Suzuki Mehran,Sales,39,37504.0,Jan,4275,4275,2016-01-01,2015-16,2015-16
Suzuki Bolan,Production,41,30088.0,Jan,3053,3053,2016-01-01,2015-16,2015-16
Suzuki Bolan,Sales,42,30154.0,Jan,2786,2786,2016-01-01,2015-16,2015-16
Honda Cars (Civic & City),Production,7,25061.0,Feb,2188,2188,2016-02-01,2015-16,2015-16
Honda Cars (Civic & City),Sales,8,25726.0,Feb,2168,2168,2016-02-01,2015-16,2015-16
Suzuki Liana,Production,10,0.0,Feb,0,0,2016-02-01,2015-16,2015-16
Suzuki Liana,Sales,11,0.0,Feb,0,0,2016-02-01,2015-16,2015-16
Suzuki Swift,Production,13,4176.0,Feb,3,3,2016-02-01,2015-16,2015-16
Suzuki Swift,Sales,14,4143.0,Feb,296,296,2016-02-01,2015-16,2015-16
Toyota Corolla,Production,16,57474.0,Feb,4915,4915,2016-02-01,2015-16,2015-16
Toyota Corolla,Sales,17,57452.0,Feb,4844,4844,2016-02-01,2015-16,2015-16
Suzuki Cultus,Production,24,16772.0,Feb,1132,1132,2016-02-01,2015-16,2015-16
Suzuki Cultus,Sales,25,16450.0,Feb,1141,1141,2016-02-01,2015-16,2015-16
Suzuki WagonR,Production,27,9504.0,Feb,569,569,2016-02-01,2015-16,2015-16
Suzuki WagonR,Sales,28,9709.0,Feb,855,855,2016-02-01,2015-16,2015-16
Hyundai Santro,Production,30,0.0,Feb,0,0,2016-02-01,2015-16,2015-16
Hyundai Santro,Sales,31,7.0,Feb,0,0,2016-02-01,2015-16,2015-16
Suzuki Mehran,Production,38,36869.0,Feb,2101,2101,2016-02-01,2015-16,2015-16
Suzuki Mehran,Sales,39,37504.0,Feb,3177,3177,2016-02-01,2015-16,2015-16
Suzuki Bolan,Production,41,30088.0,Feb,1000,1000,2016-02-01,2015-16,2015-16
Suzuki Bolan,Sales,42,30154.0,Feb,1546,1546,2016-02-01,2015-16,2015-16
Honda Cars (Civic & City),Production,7,25061.0,Mar,2748,2748,2016-03-01,2015-16,2015-16
Honda Cars (Civic & City),Sales,8,25726.0,Mar,2749,2749,2016-03-01,2015-16,2015-16
Suzuki Liana,Production,10,0.0,Mar,0,0,2016-03-01,2015-16,2015-16
Suzuki Liana,Sales,11,0.0,Mar,0,0,2016-03-01,2015-16,2015-16
Suzuki Swift,Production,13,4176.0,Mar,374,374,2016-03-01,2015-16,2015-16
Suzuki Swift,Sales,14,4143.0,Mar,382,382,2016-03-01,2015-16,2015-16
Toyota Corolla,Production,16,57474.0,Mar,5238,5238,2016-03-01,2015-16,2015-16
Toyota Corolla,Sales,17,57452.0,Mar,5275,5275,2016-03-01,2015-16,2015-16
Suzuki Cultus,Production,24,16772.0,Mar,1478,1478,2016-03-01,2015-16,2015-16
Suzuki Cultus,Sales,25,16450.0,Mar,1630,1630,2016-03-01,2015-16,2015-16
Suzuki WagonR,Production,27,9504.0,Mar,911,911,2016-03-01,2015-16,2015-16
Suzuki WagonR,Sales,28,9709.0,Mar,837,837,2016-03-01,2015-16,2015-16
Hyundai Santro,Production,30,0.0,Mar,0,0,2016-03-01,2015-16,2015-16
Hyundai Santro,Sales,31,7.0,Mar,1,1,2016-03-01,2015-16,2015-16
Suzuki Mehran,Production,38,36869.0,Mar,3046,3046,2016-03-01,2015-16,2015-16
Suzuki Mehran,Sales,39,37504.0,Mar,2898,2898,2016-03-01,2015-16,2015-16
Suzuki Bolan,Production,41,30088.0,Mar,1517,1517,2016-03-01,2015-16,2015-16
Suzuki Bolan,Sales,42,30154.0,Mar,1500,1500,2016-03-01,2015-16,2015-16
Honda Cars (Civic & City),Production,7,25061.0,Apr,2585,2585,2016-04-01,2015-16,2015-16
Honda Cars (Civic & City),Sales,8,25726.0,Apr,2751,2751,2016-04-01,2015-16,2015-16
Suzuki Liana,Production,10,0.0,Apr,0,0,2016-04-01,2015-16,2015-16
Suzuki Liana,Sales,11,0.0,Apr,0,0,2016-04-01,2015-16,2015-16
Suzuki Swift,Production,13,4176.0,Apr,310,310,2016-04-01,2015-16,2015-16
Suzuki Swift,Sales,14,4143.0,Apr,329,329,2016-04-01,2015-16,2015-16
Toyota Corolla,Production,16,57474.0,Apr,4881,4881,2016-04-01,2015-16,2015-16
Toyota Corolla,Sales,17,57452.0,Apr,4859,4859,2016-04-01,2015-16,2015-16
Suzuki Cultus,Production,24,16772.0,Apr,1549,1549,2016-04-01,2015-16,2015-16
Suzuki Cultus,Sales,25,16450.0,Apr,1527,1527,2016-04-01,2015-16,2015-16
Suzuki WagonR,Production,27,9504.0,Apr,847,847,2016-04-01,2015-16,2015-16
Suzuki WagonR,Sales,28,9709.0,Apr,925,925,2016-04-01,2015-16,2015-16
Hyundai Santro,Production,30,0.0,Apr,0,0,2016-04-01,2015-16,2015-16
Hyundai Santro,Sales,31,7.0,Apr,2,2,2016-04-01,2015-16,2015-16
Suzuki Mehran,Production,38,36869.0,Apr,3492,3492,2016-04-01,2015-16,2015-16
Suzuki Mehran,Sales,39,37504.0,Apr,3202,3202,2016-04-01,2015-16,2015-16
Suzuki Bolan,Production,41,30088.0,Apr,1800,1800,2016-04-01,2015-16,2015-16
Suzuki Bolan,Sales,42,30154.0,Apr,1428,1428,2016-04-01,2015-16,2015-16
Honda Cars (Civic & City),Production,7,25061.0,May,2648,2648,2016-05-01,2015-16,2015-16
Honda Cars (Civic & City),Sales,8,25726.0,May,2507,2507,2016-05-01,2015-16,2015-16
Suzuki Liana,Production,10,0.0,May,0,0,2016-05-01,2015-16,2015-16
Suzuki Liana,Sales,11,0.0,May,0,0,2016-05-01,2015-16,2015-16
Suzuki Swift,Production,13,4176.0,May,262,262,2016-05-01,2015-16,2015-16
Suzuki Swift,Sales,14,4143.0,May,436,436,2016-05-01,2015-16,2015-16
Toyota Corolla,Production,16,57474.0,May,5234,5234,2016-05-01,2015-16,2015-16
Toyota Corolla,Sales,17,57452.0,May,5207,5207,2016-05-01,2015-16,2015-16
Suzuki Cultus,Production,24,16772.0,May,1396,1396,2016-05-01,2015-16,2015-16
Suzuki Cultus,Sales,25,16450.0,May,1576,1576,2016-05-01,2015-16,2015-16
Suzuki WagonR,Production,27,9504.0,May,1110,1110,2016-05-01,2015-16,2015-16
Suzuki WagonR,Sales,28,9709.0,May,708,708,2016-05-01,2015-16,2015-16
Hyundai Santro,Production,30,0.0,May,0,0,2016-05-01,2015-16,2015-16
Hyundai Santro,Sales,31,7.0,May,0,0,2016-05-01,2015-16,2015-16
Suzuki Mehran,Production,38,36869.0,May,2952,2952,2016-05-01,2015-16,2015-16
Suzuki Mehran,Sales,39,37504.0,May,3122,3122,2016-05-01,2015-16,2015-16
Suzuki Bolan,Production,41,30088.0,May,1533,1533,2016-05-01,2015-16,2015-16
Suzuki Bolan,Sales,42,30154.0,May,1722,1722,2016-05-01,2015-16,2015-16
Honda Cars (Civic & City),Production,7,25061.0,Jun,1755,1755,2016-06-01,2015-16,2015-16
Honda Cars (Civic & City),Sales,8,25726.0,Jun,1926,1926,2016-06-01,2015-16,2015-16
Suzuki Liana,Production,10,0.0,Jun,0,0,2016-06-01,2015-16,2015-16
Suzuki Liana,Sales,11,0.0,Jun,0,0,2016-06-01,2015-16,2015-16
Suzuki Swift,Production,13,4176.0,Jun,319,319,2016-06-01,2015-16,2015-16
Suzuki Swift,Sales,14,4143.0,Jun,382,382,2016-06-01,2015-16,2015-16
Toyota Corolla,Production,16,57474.0,Jun,3919,3919,2016-06-01,2015-16,2015-16
Toyota Corolla,Sales,17,57452.0,Jun,4042,4042,2016-06-01,2015-16,2015-16
Suzuki Cultus,Production,24,16772.0,Jun,1243,1243,2016-06-01,2015-16,2015-16
Suzuki Cultus,Sales,25,16450.0,Jun,1600,1600,2016-06-01,2015-16,2015-16
Suzuki WagonR,Production,27,9504.0,Jun,992,992,2016-06-01,2015-16,2015-16
Suzuki WagonR,Sales,28,9709.0,Jun,1219,1219,2016-06-01,2015-16,2015-16
Hyundai Santro,Production,30,0.0,Jun,0,0,2016-06-01,2015-16,2015-16
Hyundai Santro,Sales,31,7.0,Jun,0,0,2016-06-01,2015-16,2015-16
Suzuki Mehran,Production,38,36869.0,Jun,2532,2532,2016-06-01,2015-16,2015-16
Suzuki Mehran,Sales,39,37504.0,Jun,2813,2813,2016-06-01,2015-16,2015-16
Suzuki Bolan,Production,41,30088.0,Jun,1518,1518,2016-06-01,2015-16,2015-16
Suzuki Bolan,Sales,42,30154.0,Jun,1656,1656,2016-06-01,2015-16,2015-16
Honda Cars (Civic & City),Production,7,36531.0,Jul,1955,1955,2016-07-01,2016-17,2016-17
Honda Cars (Civic & City),Sales,8,37004.0,Jul,2121,2121,2016-07-01,2016-17,2016-17
Suzuki Swift,Production,10,4376.0,Jul,294,294,2016-07-01,2016-17,2016-17
Suzuki Swift,Sales,11,4245.0,Jul,346,346,2016-07-01,2016-17,2016-17
Toyota Corolla,Production,13,52874.0,Jul,3769,3769,2016-07-01,2016-17,2016-17
Toyota Corolla,Sales,14,52676.0,Jul,3678,3678,2016-07-01,2016-17,2016-17
Suzuki Cultus,Production,21,17797.0,Jul,1205,1205,2016-07-01,2016-17,2016-17
Suzuki Cultus,Sales,22,17006.0,Jul,1138,1138,2016-07-01,2016-17,2016-17
Suzuki WagonR,Production,24,17516.0,Jul,1028,1028,2016-07-01,2016-17,2016-17
Suzuki WagonR,Sales,25,17671.0,Jul,1093,1093,2016-07-01,2016-17,2016-17
Hyundai Santro,Production,27,0.0,Jul,0,0,2016-07-01,2016-17,2016-17
Hyundai Santro,Sales,28,1.0,Jul,0,0,2016-07-01,2016-17,2016-17
Suzuki Mehran,Production,35,38311.0,Jul,2759,2759,2016-07-01,2016-17,2016-17
Suzuki Mehran,Sales,36,37933.0,Jul,2589,2589,2016-07-01,2016-17,2016-17
Suzuki Bolan,Production,38,19531.0,Jul,1481,1481,2016-07-01,2016-17,2016-17
Suzuki Bolan,Sales,39,19245.0,Jul,1182,1182,2016-07-01,2016-17,2016-17
Honda Cars (Civic & City),Production,7,36531.0,Aug,3181,3181,2016-08-01,2016-17,2016-17
Honda Cars (Civic & City),Sales,8,37004.0,Aug,3174,3174,2016-08-01,2016-17,2016-17
Suzuki Swift,Production,10,4376.0,Aug,498,498,2016-08-01,2016-17,2016-17
Suzuki Swift,Sales,11,4245.0,Aug,343,343,2016-08-01,2016-17,2016-17
Toyota Corolla,Production,13,52874.0,Aug,4609,4609,2016-08-01,2016-17,2016-17
Toyota Corolla,Sales,14,52676.0,Aug,4572,4572,2016-08-01,2016-17,2016-17
Suzuki Cultus,Production,21,17797.0,Aug,1489,1489,2016-08-01,2016-17,2016-17
Suzuki Cultus,Sales,22,17006.0,Aug,1052,1052,2016-08-01,2016-17,2016-17
Suzuki WagonR,Production,24,17516.0,Aug,1327,1327,2016-08-01,2016-17,2016-17
Suzuki WagonR,Sales,25,17671.0,Aug,1259,1259,2016-08-01,2016-17,2016-17
Hyundai Santro,Production,27,0.0,Aug,0,0,2016-08-01,2016-17,2016-17
Hyundai Santro,Sales,28,1.0,Aug,0,0,2016-08-01,2016-17,2016-17
Suzuki Mehran,Production,35,38311.0,Aug,3609,3609,2016-08-01,2016-17,2016-17
Suzuki Mehran,Sales,36,37933.0,Aug,3087,3087,2016-08-01,2016-17,2016-17
Suzuki Bolan,Production,38,19531.0,Aug,2020,2020,2016-08-01,2016-17,2016-17
Suzuki Bolan,Sales,39,19245.0,Aug,1683,1683,2016-08-01,2016-17,2016-17
Honda Cars (Civic & City),Production,7,36531.0,Sep,2521,2521,2016-09-01,2016-17,2016-17
Honda Cars (Civic & City),Sales,8,37004.0,Sep,2764,2764,2016-09-01,2016-17,2016-17
Suzuki Swift,Production,10,4376.0,Sep,379,379,2016-09-01,2016-17,2016-17
Suzuki Swift,Sales,11,4245.0,Sep,357,357,2016-09-01,2016-17,2016-17
Toyota Corolla,Production,13,52874.0,Sep,4355,4355,2016-09-01,2016-17,2016-17
Toyota Corolla,Sales,14,52676.0,Sep,4405,4405,2016-09-01,2016-17,2016-17
Suzuki Cultus,Production,21,17797.0,Sep,1659,1659,2016-09-01,2016-17,2016-17
Suzuki Cultus,Sales,22,17006.0,Sep,1132,1132,2016-09-01,2016-17,2016-17
Suzuki WagonR,Production,24,17516.0,Sep,1249,1249,2016-09-01,2016-17,2016-17
Suzuki WagonR,Sales,25,17671.0,Sep,1033,1033,2016-09-01,2016-17,2016-17
Hyundai Santro,Production,27,0.0,Sep,0,0,2016-09-01,2016-17,2016-17
Hyundai Santro,Sales,28,1.0,Sep,0,0,2016-09-01,2016-17,2016-17
Suzuki Mehran,Production,35,38311.0,Sep,2715,2715,2016-09-01,2016-17,2016-17
Suzuki Mehran,Sales,36,37933.0,Sep,2572,2572,2016-09-01,2016-17,2016-17
Suzuki Bolan,Production,38,19531.0,Sep,1557,1557,2016-09-01,2016-17,2016-17
Suzuki Bolan,Sales,39,19245.0,Sep,1825,1825,2016-09-01,2016-17,2016-17
Honda Cars (Civic & City),Production,7,36531.0,Oct,2872,2872,2016-10-01,2016-17,2016-17
Honda Cars (Civic & City),Sales,8,37004.0,Oct,3000,3000,2016-10-01,2016-17,2016-17
Suzuki Swift,Production,10,4376.0,Oct,407,407,2016-10-01,2016-17,2016-17
Suzuki Swift,Sales,11,4245.0,Oct,337,337,2016-10-01,2016-17,2016-17
Toyota Corolla,Production,13,52874.0,Oct,4095,4095,2016-10-01,2016-17,2016-17
Toyota Corolla,Sales,14,52676.0,Oct,3954,3954,2016-10-01,2016-17,2016-17
Suzuki Cultus,Production,21,17797.0,Oct,1522,1522,2016-10-01,2016-17,2016-17
Suzuki Cultus,Sales,22,17006.0,Oct,1188,1188,2016-10-01,2016-17,2016-17
Suzuki WagonR,Production,24,17516.0,Oct,1454,1454,2016-10-01,2016-17,2016-17
Suzuki WagonR,Sales,25,17671.0,Oct,1446,1446,2016-10-01,2016-17,2016-17
Hyundai Santro,Production,27,0.0,Oct,0,0,2016-10-01,2016-17,2016-17
Hyundai Santro,Sales,28,1.0,Oct,0,0,2016-10-01,2016-17,2016-17
Suzuki Mehran,Production,35,38311.0,Oct,2975,2975,2016-10-01,2016-17,2016-17
Suzuki Mehran,Sales,36,37933.0,Oct,3095,3095,2016-10-01,2016-17,2016-17
Suzuki Bolan,Production,38,19531.0,Oct,1987,1987,2016-10-01,2016-17,2016-17
Suzuki Bolan,Sales,39,19245.0,Oct,1434,1434,2016-10-01,2016-17,2016-17
Honda Cars (Civic & City),Production,7,36531.0,Nov,3149,3149,2016-11-01,2016-17,2016-17
Honda Cars (Civic & City),Sales,8,37004.0,Nov,3096,3096,2016-11-01,2016-17,2016-17
Suzuki Swift,Production,10,4376.0,Nov,352,352,2016-11-01,2016-17,2016-17
Suzuki Swift,Sales,11,4245.0,Nov,406,406,2016-11-01,2016-17,2016-17
Toyota Corolla,Production,13,52874.0,Nov,5113,5113,2016-11-01,2016-17,2016-17
Toyota Corolla,Sales,14,52676.0,Nov,5019,5019,2016-11-01,2016-17,2016-17
Suzuki Cultus,Production,21,17797.0,Nov,1543,1543,2016-11-01,2016-17,2016-17
Suzuki Cultus,Sales,22,17006.0,Nov,1295,1295,2016-11-01,2016-17,2016-17
Suzuki WagonR,Production,24,17516.0,Nov,1361,1361,2016-11-01,2016-17,2016-17
Suzuki WagonR,Sales,25,17671.0,Nov,1352,1352,2016-11-01,2016-17,2016-17
Hyundai Santro,Production,27,0.0,Nov,0,0,2016-11-01,2016-17,2016-17
Hyundai Santro,Sales,28,1.0,Nov,0,0,2016-11-01,2016-17,2016-17
Suzuki Mehran,Production,35,38311.0,Nov,2945,2945,2016-11-01,2016-17,2016-17
Suzuki Mehran,Sales,36,37933.0,Nov,3051,3051,2016-11-01,2016-17,2016-17
Suzuki Bolan,Production,38,19531.0,Nov,1661,1661,2016-11-01,2016-17,2016-17
Suzuki Bolan,Sales,39,19245.0,Nov,1799,1799,2016-11-01,2016-17,2016-17
Honda Cars (Civic & City),Production,7,36531.0,Dec,2664,2664,2016-12-01,2016-17,2016-17
Honda Cars (Civic & City),Sales,8,37004.0,Dec,2416,2416,2016-12-01,2016-17,2016-17
Suzuki Swift,Production,10,4376.0,Dec,313,313,2016-12-01,2016-17,2016-17
Suzuki Swift,Sales,11,4245.0,Dec,324,324,2016-12-01,2016-17,2016-17
Toyota Corolla,Production,13,52874.0,Dec,4005,4005,2016-12-01,2016-17,2016-17
Toyota Corolla,Sales,14,52676.0,Dec,4140,4140,2016-12-01,2016-17,2016-17
Suzuki Cultus,Production,21,17797.0,Dec,1777,1777,2016-12-01,2016-17,2016-17
Suzuki Cultus,Sales,22,17006.0,Dec,1298,1298,2016-12-01,2016-17,2016-17
Suzuki WagonR,Production,24,17516.0,Dec,1388,1388,2016-12-01,2016-17,2016-17
Suzuki WagonR,Sales,25,17671.0,Dec,1382,1382,2016-12-01,2016-17,2016-17
Hyundai Santro,Production,27,0.0,Dec,0,0,2016-12-01,2016-17,2016-17
Hyundai Santro,Sales,28,1.0,Dec,1,1,2016-12-01,2016-17,2016-17
Suzuki Mehran,Production,35,38311.0,Dec,3267,3267,2016-12-01,2016-17,2016-17
Suzuki Mehran,Sales,36,37933.0,Dec,2773,2773,2016-12-01,2016-17,2016-17
Suzuki Bolan,Production,38,19531.0,Dec,1713,1713,2016-12-01,2016-17,2016-17
Suzuki Bolan,Sales,39,19245.0,Dec,1690,1690,2016-12-01,2016-17,2016-17
Honda Cars (Civic & City),Production,7,36531.0,Jan,3800,3800,2017-01-01,2016-17,2016-17
Honda Cars (Civic & City),Sales,8,37004.0,Jan,4002,4002,2017-01-01,2016-17,2016-17
Suzuki Swift,Production,10,4376.0,Jan,377,377,2017-01-01,2016-17,2016-17
Suzuki Swift,Sales,11,4245.0,Jan,412,412,2017-01-01,2016-17,2016-17
Toyota Corolla,Production,13,52874.0,Jan,4967,4967,2017-01-01,2016-17,2016-17
Toyota Corolla,Sales,14,52676.0,Jan,5108,5108,2017-01-01,2016-17,2016-17
Suzuki Cultus,Production,21,17797.0,Jan,1926,1926,2017-01-01,2016-17,2016-17
Suzuki Cultus,Sales,22,17006.0,Jan,1366,1366,2017-01-01,2016-17,2016-17
Suzuki WagonR,Production,24,17516.0,Jan,1536,1536,2017-01-01,2016-17,2016-17
Suzuki WagonR,Sales,25,17671.0,Jan,1602,1602,2017-01-01,2016-17,2016-17
Hyundai Santro,Production,27,0.0,Jan,0,0,2017-01-01,2016-17,2016-17
Hyundai Santro,Sales,28,1.0,Jan,0,0,2017-01-01,2016-17,2016-17
Suzuki Mehran,Production,35,38311.0,Jan,3404,3404,2017-01-01,2016-17,2016-17
Suzuki Mehran,Sales,36,37933.0,Jan,3735,3735,2017-01-01,2016-17,2016-17
Suzuki Bolan,Production,38,19531.0,Jan,1620,1620,2017-01-01,2016-17,2016-17
Suzuki Bolan,Sales,39,19245.0,Jan,2030,2030,2017-01-01,2016-17,2016-17
Honda Cars (Civic & City),Production,7,36531.0,Feb,3700,3700,2017-02-01,2016-17,2016-17
Honda Cars (Civic & City),Sales,8,37004.0,Feb,3752,3752,2017-02-01,2016-17,2016-17
Suzuki Swift,Production,10,4376.0,Feb,392,392,2017-02-01,2016-17,2016-17
Suzuki Swift,Sales,11,4245.0,Feb,348,348,2017-02-01,2016-17,2016-17
Toyota Corolla,Production,13,52874.0,Feb,4648,4648,2017-02-01,2016-17,2016-17
Toyota Corolla,Sales,14,52676.0,Feb,4625,4625,2017-02-01,2016-17,2016-17
Suzuki Cultus,Production,21,17797.0,Feb,1505,1505,2017-02-01,2016-17,2016-17
Suzuki Cultus,Sales,22,17006.0,Feb,1751,1751,2017-02-01,2016-17,2016-17
Suzuki WagonR,Production,24,17516.0,Feb,1788,1788,2017-02-01,2016-17,2016-17
Suzuki WagonR,Sales,25,17671.0,Feb,1645,1645,2017-02-01,2016-17,2016-17
Hyundai Santro,Production,27,0.0,Feb,0,0,2017-02-01,2016-17,2016-17
Hyundai Santro,Sales,28,1.0,Feb,0,0,2017-02-01,2016-17,2016-17
Suzuki Mehran,Production,35,38311.0,Feb,3403,3403,2017-02-01,2016-17,2016-17
Suzuki Mehran,Sales,36,37933.0,Feb,3360,3360,2017-02-01,2016-17,2016-17
Suzuki Bolan,Production,38,19531.0,Feb,1635,1635,2017-02-01,2016-17,2016-17
Suzuki Bolan,Sales,39,19245.0,Feb,1638,1638,2017-02-01,2016-17,2016-17
Honda Cars (Civic & City),Production,7,36531.0,Mar,3730,3730,2017-03-01,2016-17,2016-17
Honda Cars (Civic & City),Sales,8,37004.0,Mar,3795,3795,2017-03-01,2016-17,2016-17
Suzuki Swift,Production,10,4376.0,Mar,389,389,2017-03-01,2016-17,2016-17
Suzuki Swift,Sales,11,4245.0,Mar,408,408,2017-03-01,2016-17,2016-17
Toyota Corolla,Production,13,52874.0,Mar,5213,5213,2017-03-01,2016-17,2016-17
Toyota Corolla,Sales,14,52676.0,Mar,5193,5193,2017-03-01,2016-17,2016-17
Suzuki Cultus,Production,21,17797.0,Mar,710,710,2017-03-01,2016-17,2016-17
Suzuki Cultus,Sales,22,17006.0,Mar,1685,1685,2017-03-01,2016-17,2016-17
Suzuki WagonR,Production,24,17516.0,Mar,1713,1713,2017-03-01,2016-17,2016-17
Suzuki WagonR,Sales,25,17671.0,Mar,1783,1783,2017-03-01,2016-17,2016-17
Hyundai Santro,Production,27,0.0,Mar,0,0,2017-03-01,2016-17,2016-17
Hyundai Santro,Sales,28,1.0,Mar,0,0,2017-03-01,2016-17,2016-17
Suzuki Mehran,Production,35,38311.0,Mar,4889,4889,2017-03-01,2016-17,2016-17
Suzuki Mehran,Sales,36,37933.0,Mar,3774,3774,2017-03-01,2016-17,2016-17
Suzuki Bolan,Production,38,19531.0,Mar,1750,1750,2017-03-01,2016-17,2016-17
Suzuki Bolan,Sales,39,19245.0,Mar,1657,1657,2017-03-01,2016-17,2016-17
Honda Cars (Civic & City),Production,7,36531.0,Apr,3344,3344,2017-04-01,2016-17,2016-17
Honda Cars (Civic & City),Sales,8,37004.0,Apr,2992,2992,2017-04-01,2016-17,2016-17
Suzuki Swift,Production,10,4376.0,Apr,140,140,2017-04-01,2016-17,2016-17
Suzuki Swift,Sales,11,4245.0,Apr,301,301,2017-04-01,2016-17,2016-17
Toyota Corolla,Production,13,52874.0,Apr,4760,4760,2017-04-01,2016-17,2016-17
Toyota Corolla,Sales,14,52676.0,Apr,4753,4753,2017-04-01,2016-17,2016-17
Suzuki Cultus,Production,21,17797.0,Apr,1661,1661,2017-04-01,2016-17,2016-17
Suzuki Cultus,Sales,22,17006.0,Apr,1321,1321,2017-04-01,2016-17,2016-17
Suzuki WagonR,Production,24,17516.0,Apr,1609,1609,2017-04-01,2016-17,2016-17
Suzuki WagonR,Sales,25,17671.0,Apr,1484,1484,2017-04-01,2016-17,2016-17
Hyundai Santro,Production,27,0.0,Apr,0,0,2017-04-01,2016-17,2016-17
Hyundai Santro,Sales,28,1.0,Apr,0,0,2017-04-01,2016-17,2016-17
Suzuki Mehran,Production,35,38311.0,Apr,2963,2963,2017-04-01,2016-17,2016-17
Suzuki Mehran,Sales,36,37933.0,Apr,3831,3831,2017-04-01,2016-17,2016-17
Suzuki Bolan,Production,38,19531.0,Apr,1384,1384,2017-04-01,2016-17,2016-17
Suzuki Bolan,Sales,39,19245.0,Apr,1181,1181,2017-04-01,2016-17,2016-17
Honda Cars (Civic & City),Production,7,36531.0,May,3649,3649,2017-05-01,2016-17,2016-17
Honda Cars (Civic & City),Sales,8,37004.0,May,3784,3784,2017-05-01,2016-17,2016-17
Suzuki Swift,Production,10,4376.0,May,402,402,2017-05-01,2016-17,2016-17
Suzuki Swift,Sales,11,4245.0,May,289,289,2017-05-01,2016-17,2016-17
Toyota Corolla,Production,13,52874.0,May,4267,4267,2017-05-01,2016-17,2016-17
Toyota Corolla,Sales,14,52676.0,May,4220,4220,2017-05-01,2016-17,2016-17
Suzuki Cultus,Production,21,17797.0,May,1808,1808,2017-05-01,2016-17,2016-17
Suzuki Cultus,Sales,22,17006.0,May,2012,2012,2017-05-01,2016-17,2016-17
Suzuki WagonR,Production,24,17516.0,May,2128,2128,2017-05-01,2016-17,2016-17
Suzuki WagonR,Sales,25,17671.0,May,1927,1927,2017-05-01,2016-17,2016-17
Hyundai Santro,Production,27,0.0,May,0,0,2017-05-01,2016-17,2016-17
Hyundai Santro,Sales,28,1.0,May,0,0,2017-05-01,2016-17,2016-17
Suzuki Mehran,Production,35,38311.0,May,3175,3175,2017-05-01,2016-17,2016-17
Suzuki Mehran,Sales,36,37933.0,May,3385,3385,2017-05-01,2016-17,2016-17
Suzuki Bolan,Production,38,19531.0,May,1645,1645,2017-05-01,2016-17,2016-17
Suzuki Bolan,Sales,39,19245.0,May,1861,1861,2017-05-01,2016-17,2016-17
Honda Cars (Civic & City),Production,7,36531.0,Jun,1966,1966,2017-06-01,2016-17,2016-17
Honda Cars (Civic & City),Sales,8,37004.0,Jun,2108,2108,2017-06-01,2016-17,2016-17
Suzuki Swift,Production,10,4376.0,Jun,433,433,2017-06-01,2016-17,2016-17
Suzuki Swift,Sales,11,4245.0,Jun,374,374,2017-06-01,2016-17,2016-17
Toyota Corolla,Production,13,52874.0,Jun,3073,3073,2017-06-01,2016-17,2016-17
Toyota Corolla,Sales,14,52676.0,Jun,3009,3009,2017-06-01,2016-17,2016-17
Suzuki Cultus,Production,21,17797.0,Jun,992,992,2017-06-01,2016-17,2016-17
Suzuki Cultus,Sales,22,17006.0,Jun,1768,1768,2017-06-01,2016-17,2016-17
Suzuki WagonR,Production,24,17516.0,Jun,935,935,2017-06-01,2016-17,2016-17
Suzuki WagonR,Sales,25,17671.0,Jun,1665,1665,2017-06-01,2016-17,2016-17
Hyundai Santro,Production,27,0.0,Jun,0,0,2017-06-01,2016-17,2016-17
Hyundai Santro,Sales,28,1.0,Jun,0,0,2017-06-01,2016-17,2016-17
Suzuki Mehran,Production,35,38311.0,Jun,2207,2207,2017-06-01,2016-17,2016-17
Suzuki Mehran,Sales,36,37933.0,Jun,2681,2681,2017-06-01,2016-17,2016-17
Suzuki Bolan,Production,38,19531.0,Jun,1078,1078,2017-06-01,2016-17,2016-17
Suzuki Bolan,Sales,39,19245.0,Jun,1265,1265,2017-06-01,2016-17,2016-17
Honda Cars (Civic & City),Production,7,42710.0,Jul,3935,3935,2017-07-01,2017-18,2017-18
Honda Cars (Civic & City),Sales,8,42810.0,Jul,3820,3820,2017-07-01,2017-18,2017-18
Suzuki Swift,Production,10,4920.0,Jul,319,319,2017-07-01,2017-18,2017-18
Suzuki Swift,Sales,11,4916.0,Jul,288,288,2017-07-01,2017-18,2017-18
Toyota Corolla,Production,13,51218.0,Jul,4171,4171,2017-07-01,2017-18,2017-18
Toyota Corolla,Sales,14,51412.0,Jul,3875,3875,2017-07-01,2017-18,2017-18
Suzuki Cultus,Production,21,19894.0,Jul,2044,2044,2017-07-01,2017-18,2017-18
Suzuki Cultus,Sales,22,20483.0,Jul,1894,1894,2017-07-01,2017-18,2017-18
Suzuki WagonR,Production,24,29954.0,Jul,2380,2380,2017-07-01,2017-18,2017-18
Suzuki WagonR,Sales,25,29206.0,Jul,1936,1936,2017-07-01,2017-18,2017-18
Hyundai Santro,Production,27,0.0,Jul,0,0,2017-07-01,2017-18,2017-18
Hyundai Santro,Sales,28,0.0,Jul,0,0,2017-07-01,2017-18,2017-18
Suzuki Mehran,Production,35,47199.0,Jul,3983,3983,2017-07-01,2017-18,2017-18
Suzuki Mehran,Sales,36,46221.0,Jul,2863,2863,2017-07-01,2017-18,2017-18
Suzuki Bolan,Production,38,21879.0,Jul,1849,1849,2017-07-01,2017-18,2017-18
Suzuki Bolan,Sales,39,21738.0,Jul,1661,1661,2017-07-01,2017-18,2017-18
Honda Cars (Civic & City),Production,7,42710.0,Aug,3832,3832,2017-08-01,2017-18,2017-18
Honda Cars (Civic & City),Sales,8,42810.0,Aug,3945,3945,2017-08-01,2017-18,2017-18
Suzuki Swift,Production,10,4920.0,Aug,448,448,2017-08-01,2017-18,2017-18
Suzuki Swift,Sales,11,4916.0,Aug,434,434,2017-08-01,2017-18,2017-18
Toyota Corolla,Production,13,51218.0,Aug,4291,4291,2017-08-01,2017-18,2017-18
Toyota Corolla,Sales,14,51412.0,Aug,4782,4782,2017-08-01,2017-18,2017-18
Suzuki Cultus,Production,21,19894.0,Aug,1721,1721,2017-08-01,2017-18,2017-18
Suzuki Cultus,Sales,22,20483.0,Aug,1776,1776,2017-08-01,2017-18,2017-18
Suzuki WagonR,Production,24,29954.0,Aug,2547,2547,2017-08-01,2017-18,2017-18
Suzuki WagonR,Sales,25,29206.0,Aug,2201,2201,2017-08-01,2017-18,2017-18
Hyundai Santro,Production,27,0.0,Aug,0,0,2017-08-01,2017-18,2017-18
Hyundai Santro,Sales,28,0.0,Aug,0,0,2017-08-01,2017-18,2017-18
Suzuki Mehran,Production,35,47199.0,Aug,4000,4000,2017-08-01,2017-18,2017-18
Suzuki Mehran,Sales,36,46221.0,Aug,3963,3963,2017-08-01,2017-18,2017-18
Suzuki Bolan,Production,38,21879.0,Aug,1842,1842,2017-08-01,2017-18,2017-18
Suzuki Bolan,Sales,39,21738.0,Aug,1563,1563,2017-08-01,2017-18,2017-18
Honda Cars (Civic & City),Production,7,42710.0,Sep,2903,2903,2017-09-01,2017-18,2017-18
Honda Cars (Civic & City),Sales,8,42810.0,Sep,2769,2769,2017-09-01,2017-18,2017-18
Suzuki Swift,Production,10,4920.0,Sep,404,404,2017-09-01,2017-18,2017-18
Suzuki Swift,Sales,11,4916.0,Sep,322,322,2017-09-01,2017-18,2017-18
Toyota Corolla,Production,13,51218.0,Sep,4137,4137,2017-09-01,2017-18,2017-18
Toyota Corolla,Sales,14,51412.0,Sep,4108,4108,2017-09-01,2017-18,2017-18
Suzuki Cultus,Production,21,19894.0,Sep,1654,1654,2017-09-01,2017-18,2017-18
Suzuki Cultus,Sales,22,20483.0,Sep,1511,1511,2017-09-01,2017-18,2017-18
Suzuki WagonR,Production,24,29954.0,Sep,2661,2661,2017-09-01,2017-18,2017-18
Suzuki WagonR,Sales,25,29206.0,Sep,1652,1652,2017-09-01,2017-18,2017-18
Hyundai Santro,Production,27,0.0,Sep,0,0,2017-09-01,2017-18,2017-18
Hyundai Santro,Sales,28,0.0,Sep,0,0,2017-09-01,2017-18,2017-18
Suzuki Mehran,Production,35,47199.0,Sep,3868,3868,2017-09-01,2017-18,2017-18
Suzuki Mehran,Sales,36,46221.0,Sep,3690,3690,2017-09-01,2017-18,2017-18
Suzuki Bolan,Production,38,21879.0,Sep,1884,1884,2017-09-01,2017-18,2017-18
Suzuki Bolan,Sales,39,21738.0,Sep,1587,1587,2017-09-01,2017-18,2017-18
Honda Cars (Civic & City),Production,7,42710.0,Oct,3351,3351,2017-10-01,2017-18,2017-18
Honda Cars (Civic & City),Sales,8,42810.0,Oct,3415,3415,2017-10-01,2017-18,2017-18
Suzuki Swift,Production,10,4920.0,Oct,446,446,2017-10-01,2017-18,2017-18
Suzuki Swift,Sales,11,4916.0,Oct,374,374,2017-10-01,2017-18,2017-18
Toyota Corolla,Production,13,51218.0,Oct,4170,4170,2017-10-01,2017-18,2017-18
Toyota Corolla,Sales,14,51412.0,Oct,4216,4216,2017-10-01,2017-18,2017-18
Suzuki Cultus,Production,21,19894.0,Oct,1728,1728,2017-10-01,2017-18,2017-18
Suzuki Cultus,Sales,22,20483.0,Oct,1458,1458,2017-10-01,2017-18,2017-18
Suzuki WagonR,Production,24,29954.0,Oct,2980,2980,2017-10-01,2017-18,2017-18
Suzuki WagonR,Sales,25,29206.0,Oct,3478,3478,2017-10-01,2017-18,2017-18
Hyundai Santro,Production,27,0.0,Oct,0,0,2017-10-01,2017-18,2017-18
Hyundai Santro,Sales,28,0.0,Oct,0,0,2017-10-01,2017-18,2017-18
Suzuki Mehran,Production,35,47199.0,Oct,4105,4105,2017-10-01,2017-18,2017-18
Suzuki Mehran,Sales,36,46221.0,Oct,4355,4355,2017-10-01,2017-18,2017-18
Suzuki Bolan,Production,38,21879.0,Oct,2113,2113,2017-10-01,2017-18,2017-18
Suzuki Bolan,Sales,39,21738.0,Oct,2104,2104,2017-10-01,2017-18,2017-18
Honda Cars (Civic & City),Production,7,42710.0,Nov,3085,3085,2017-11-01,2017-18,2017-18
Honda Cars (Civic & City),Sales,8,42810.0,Nov,3208,3208,2017-11-01,2017-18,2017-18
Suzuki Swift,Production,10,4920.0,Nov,348,348,2017-11-01,2017-18,2017-18
Suzuki Swift,Sales,11,4916.0,Nov,342,342,2017-11-01,2017-18,2017-18
Toyota Corolla,Production,13,51218.0,Nov,4543,4543,2017-11-01,2017-18,2017-18
Toyota Corolla,Sales,14,51412.0,Nov,4537,4537,2017-11-01,2017-18,2017-18
Suzuki Cultus,Production,21,19894.0,Nov,1603,1603,2017-11-01,2017-18,2017-18
Suzuki Cultus,Sales,22,20483.0,Nov,1363,1363,2017-11-01,2017-18,2017-18
Suzuki WagonR,Production,24,29954.0,Nov,2110,2110,2017-11-01,2017-18,2017-18
Suzuki WagonR,Sales,25,29206.0,Nov,2116,2116,2017-11-01,2017-18,2017-18
Hyundai Santro,Production,27,0.0,Nov,0,0,2017-11-01,2017-18,2017-18
Hyundai Santro,Sales,28,0.0,Nov,0,0,2017-11-01,2017-18,2017-18
Suzuki Mehran,Production,35,47199.0,Nov,3838,3838,2017-11-01,2017-18,2017-18
Suzuki Mehran,Sales,36,46221.0,Nov,3958,3958,2017-11-01,2017-18,2017-18
Suzuki Bolan,Production,38,21879.0,Nov,1896,1896,2017-11-01,2017-18,2017-18
Suzuki Bolan,Sales,39,21738.0,Nov,1709,1709,2017-11-01,2017-18,2017-18
Honda Cars (Civic & City),Production,7,42710.0,Dec,2467,2467,2017-12-01,2017-18,2017-18
Honda Cars (Civic & City),Sales,8,42810.0,Dec,2464,2464,2017-12-01,2017-18,2017-18
Suzuki Swift,Production,10,4920.0,Dec,501,501,2017-12-01,2017-18,2017-18
Suzuki Swift,Sales,11,4916.0,Dec,381,381,2017-12-01,2017-18,2017-18
Toyota Corolla,Production,13,51218.0,Dec,3790,3790,2017-12-01,2017-18,2017-18
Toyota Corolla,Sales,14,51412.0,Dec,3807,3807,2017-12-01,2017-18,2017-18
Suzuki Cultus,Production,21,19894.0,Dec,1234,1234,2017-12-01,2017-18,2017-18
Suzuki Cultus,Sales,22,20483.0,Dec,1499,1499,2017-12-01,2017-18,2017-18
Suzuki WagonR,Production,24,29954.0,Dec,2992,2992,2017-12-01,2017-18,2017-18
Suzuki WagonR,Sales,25,29206.0,Dec,2758,2758,2017-12-01,2017-18,2017-18
Hyundai Santro,Production,27,0.0,Dec,0,0,2017-12-01,2017-18,2017-18
Hyundai Santro,Sales,28,0.0,Dec,0,0,2017-12-01,2017-18,2017-18
Suzuki Mehran,Production,35,47199.0,Dec,3695,3695,2017-12-01,2017-18,2017-18
Suzuki Mehran,Sales,36,46221.0,Dec,3390,3390,2017-12-01,2017-18,2017-18
Suzuki Bolan,Production,38,21879.0,Dec,1919,1919,2017-12-01,2017-18,2017-18
Suzuki Bolan,Sales,39,21738.0,Dec,1860,1860,2017-12-01,2017-18,2017-18
Honda Cars (Civic & City),Production,7,42710.0,Jan,4100,4100,2018-01-01,2017-18,2017-18
Honda Cars (Civic & City),Sales,8,42810.0,Jan,3888,3888,2018-01-01,2017-18,2017-18
Suzuki Swift,Production,10,4920.0,Jan,532,532,2018-01-01,2017-18,2017-18
Suzuki Swift,Sales,11,4916.0,Jan,512,512,2018-01-01,2017-18,2017-18
Toyota Corolla,Production,13,51218.0,Jan,4325,4325,2018-01-01,2017-18,2017-18
Toyota Corolla,Sales,14,51412.0,Jan,4243,4243,2018-01-01,2017-18,2017-18
Suzuki Cultus,Production,21,19894.0,Jan,2002,2002,2018-01-01,2017-18,2017-18
Suzuki Cultus,Sales,22,20483.0,Jan,2046,2046,2018-01-01,2017-18,2017-18
Suzuki WagonR,Production,24,29954.0,Jan,2550,2550,2018-01-01,2017-18,2017-18
Suzuki WagonR,Sales,25,29206.0,Jan,2703,2703,2018-01-01,2017-18,2017-18
Hyundai Santro,Production,27,0.0,Jan,0,0,2018-01-01,2017-18,2017-18
Hyundai Santro,Sales,28,0.0,Jan,0,0,2018-01-01,2017-18,2017-18
Suzuki Mehran,Production,35,47199.0,Jan,4822,4822,2018-01-01,2017-18,2017-18
Suzuki Mehran,Sales,36,46221.0,Jan,4324,4324,2018-01-01,2017-18,2017-18
Suzuki Bolan,Production,38,21879.0,Jan,2103,2103,2018-01-01,2017-18,2017-18
Suzuki Bolan,Sales,39,21738.0,Jan,2208,2208,2018-01-01,2017-18,2017-18
Honda Cars (Civic & City),Production,7,42710.0,Feb,3778,3778,2018-02-01,2017-18,2017-18
Honda Cars (Civic & City),Sales,8,42810.0,Feb,3900,3900,2018-02-01,2017-18,2017-18
Suzuki Swift,Production,10,4920.0,Feb,412,412,2018-02-01,2017-18,2017-18
Suzuki Swift,Sales,11,4916.0,Feb,479,479,2018-02-01,2017-18,2017-18
Toyota Corolla,Production,13,51218.0,Feb,3955,3955,2018-02-01,2017-18,2017-18
Toyota Corolla,Sales,14,51412.0,Feb,4034,4034,2018-02-01,2017-18,2017-18
Suzuki Cultus,Production,21,19894.0,Feb,1716,1716,2018-02-01,2017-18,2017-18
Suzuki Cultus,Sales,22,20483.0,Feb,2150,2150,2018-02-01,2017-18,2017-18
Suzuki WagonR,Production,24,29954.0,Feb,2191,2191,2018-02-01,2017-18,2017-18
Suzuki WagonR,Sales,25,29206.0,Feb,2092,2092,2018-02-01,2017-18,2017-18
Hyundai Santro,Production,27,0.0,Feb,0,0,2018-02-01,2017-18,2017-18
Hyundai Santro,Sales,28,0.0,Feb,0,0,2018-02-01,2017-18,2017-18
Suzuki Mehran,Production,35,47199.0,Feb,3833,3833,2018-02-01,2017-18,2017-18
Suzuki Mehran,Sales,36,46221.0,Feb,4360,4360,2018-02-01,2017-18,2017-18
Suzuki Bolan,Production,38,21879.0,Feb,1748,1748,2018-02-01,2017-18,2017-18
Suzuki Bolan,Sales,39,21738.0,Feb,2012,2012,2018-02-01,2017-18,2017-18
Honda Cars (Civic & City),Production,7,42710.0,Mar,4632,4632,2018-03-01,2017-18,2017-18
Honda Cars (Civic & City),Sales,8,42810.0,Mar,4665,4665,2018-03-01,2017-18,2017-18
Suzuki Swift,Production,10,4920.0,Mar,481,481,2018-03-01,2017-18,2017-18
Suzuki Swift,Sales,11,4916.0,Mar,461,461,2018-03-01,2017-18,2017-18
Toyota Corolla,Production,13,51218.0,Mar,4728,4728,2018-03-01,2017-18,2017-18
Toyota Corolla,Sales,14,51412.0,Mar,4642,4642,2018-03-01,2017-18,2017-18
Suzuki Cultus,Production,21,19894.0,Mar,1871,1871,2018-03-01,2017-18,2017-18
Suzuki Cultus,Sales,22,20483.0,Mar,1927,1927,2018-03-01,2017-18,2017-18
Suzuki WagonR,Production,24,29954.0,Mar,2393,2393,2018-03-01,2017-18,2017-18
Suzuki WagonR,Sales,25,29206.0,Mar,1835,1835,2018-03-01,2017-18,2017-18
Hyundai Santro,Production,27,0.0,Mar,0,0,2018-03-01,2017-18,2017-18
Hyundai Santro,Sales,28,0.0,Mar,0,0,2018-03-01,2017-18,2017-18
Suzuki Mehran,Production,35,47199.0,Mar,4294,4294,2018-03-01,2017-18,2017-18
Suzuki Mehran,Sales,36,46221.0,Mar,3899,3899,2018-03-01,2017-18,2017-18
Suzuki Bolan,Production,38,21879.0,Mar,1913,1913,2018-03-01,2017-18,2017-18
Suzuki Bolan,Sales,39,21738.0,Mar,1559,1559,2018-03-01,2017-18,2017-18
Honda Cars (Civic & City),Production,7,42710.0,Apr,3939,3939,2018-04-01,2017-18,2017-18
Honda Cars (Civic & City),Sales,8,42810.0,Apr,4045,4045,2018-04-01,2017-18,2017-18
Suzuki Swift,Production,10,4920.0,Apr,322,322,2018-04-01,2017-18,2017-18
Suzuki Swift,Sales,11,4916.0,Apr,532,532,2018-04-01,2017-18,2017-18
Toyota Corolla,Production,13,51218.0,Apr,4882,4882,2018-04-01,2017-18,2017-18
Toyota Corolla,Sales,14,51412.0,Apr,4946,4946,2018-04-01,2017-18,2017-18
Suzuki Cultus,Production,21,19894.0,Apr,1510,1510,2018-04-01,2017-18,2017-18
Suzuki Cultus,Sales,22,20483.0,Apr,2085,2085,2018-04-01,2017-18,2017-18
Suzuki WagonR,Production,24,29954.0,Apr,2510,2510,2018-04-01,2017-18,2017-18
Suzuki WagonR,Sales,25,29206.0,Apr,3053,3053,2018-04-01,2017-18,2017-18
Hyundai Santro,Production,27,0.0,Apr,0,0,2018-04-01,2017-18,2017-18
Hyundai Santro,Sales,28,0.0,Apr,0,0,2018-04-01,2017-18,2017-18
Suzuki Mehran,Production,35,47199.0,Apr,4235,4235,2018-04-01,2017-18,2017-18
Suzuki Mehran,Sales,36,46221.0,Apr,4648,4648,2018-04-01,2017-18,2017-18
Suzuki Bolan,Production,38,21879.0,Apr,1828,1828,2018-04-01,2017-18,2017-18
Suzuki Bolan,Sales,39,21738.0,Apr,2231,2231,2018-04-01,2017-18,2017-18
Honda Cars (Civic & City),Production,7,42710.0,May,3811,3811,2018-05-01,2017-18,2017-18
Honda Cars (Civic & City),Sales,8,42810.0,May,3750,3750,2018-05-01,2017-18,2017-18
Suzuki Swift,Production,10,4920.0,May,366,366,2018-05-01,2017-18,2017-18
Suzuki Swift,Sales,11,4916.0,May,439,439,2018-05-01,2017-18,2017-18
Toyota Corolla,Production,13,51218.0,May,4665,4665,2018-05-01,2017-18,2017-18
Toyota Corolla,Sales,14,51412.0,May,4676,4676,2018-05-01,2017-18,2017-18
Suzuki Cultus,Production,21,19894.0,May,1312,1312,2018-05-01,2017-18,2017-18
Suzuki Cultus,Sales,22,20483.0,May,1412,1412,2018-05-01,2017-18,2017-18
Suzuki WagonR,Production,24,29954.0,May,2276,2276,2018-05-01,2017-18,2017-18
Suzuki WagonR,Sales,25,29206.0,May,2702,2702,2018-05-01,2017-18,2017-18
Hyundai Santro,Production,27,0.0,May,0,0,2018-05-01,2017-18,2017-18
Hyundai Santro,Sales,28,0.0,May,0,0,2018-05-01,2017-18,2017-18
Suzuki Mehran,Production,35,47199.0,May,3222,3222,2018-05-01,2017-18,2017-18
Suzuki Mehran,Sales,36,46221.0,May,3557,3557,2018-05-01,2017-18,2017-18
Suzuki Bolan,Production,38,21879.0,May,1382,1382,2018-05-01,2017-18,2017-18
Suzuki Bolan,Sales,39,21738.0,May,1687,1687,2018-05-01,2017-18,2017-18
Honda Cars (Civic & City),Production,7,42710.0,Jun,2877,2877,2018-06-01,2017-18,2017-18
Honda Cars (Civic & City),Sales,8,42810.0,Jun,2941,2941,2018-06-01,2017-18,2017-18
Suzuki Swift,Production,10,4920.0,Jun,341,341,2018-06-01,2017-18,2017-18
Suzuki Swift,Sales,11,4916.0,Jun,352,352,2018-06-01,2017-18,2017-18
Toyota Corolla,Production,13,51218.0,Jun,3561,3561,2018-06-01,2017-18,2017-18
Toyota Corolla,Sales,14,51412.0,Jun,3546,3546,2018-06-01,2017-18,2017-18
Suzuki Cultus,Production,21,19894.0,Jun,1499,1499,2018-06-01,2017-18,2017-18
Suzuki Cultus,Sales,22,20483.0,Jun,1362,1362,2018-06-01,2017-18,2017-18
Suzuki WagonR,Production,24,29954.0,Jun,2364,2364,2018-06-01,2017-18,2017-18
Suzuki WagonR,Sales,25,29206.0,Jun,2680,2680,2018-06-01,2017-18,2017-18
Hyundai Santro,Production,27,0.0,Jun,0,0,2018-06-01,2017-18,2017-18
Hyundai Santro,Sales,28,0.0,Jun,0,0,2018-06-01,2017-18,2017-18
Suzuki Mehran,Production,35,47199.0,Jun,3304,3304,2018-06-01,2017-18,2017-18
Suzuki Mehran,Sales,36,46221.0,Jun,3214,3214,2018-06-01,2017-18,2017-18
Suzuki Bolan,Production,38,21879.0,Jun,1402,1402,2018-06-01,2017-18,2017-18
Suzuki Bolan,Sales,39,21738.0,Jun,1557,1557,2018-06-01,2017-18,2017-18
Honda Cars (Civic & City),Production,7,40452.0,Jul,4664,4664,2018-07-01,2018-19,2018-19
Honda Cars (Civic & City),Sales,8,39189.0,Jul,4609,4609,2018-07-01,2018-19,2018-19
Suzuki Swift,Production,10,5509.0,Jul,517,517,2018-07-01,2018-19,2018-19
Suzuki Swift,Sales,11,5050.0,Jul,484,484,2018-07-01,2018-19,2018-19
Toyota Corolla,Production,13,56684.0,Jul,4652,4652,2018-07-01,2018-19,2018-19
Toyota Corolla,Sales,14,56720.0,Jul,4566,4566,2018-07-01,2018-19,2018-19
Suzuki Cultus,Production,21,23584.0,Jul,1786,1786,2018-07-01,2018-19,2018-19
Suzuki Cultus,Sales,22,22763.0,Jul,1661,1661,2018-07-01,2018-19,2018-19
Suzuki WagonR,Production,24,33176.0,Jul,3245,3245,2018-07-01,2018-19,2018-19
Suzuki WagonR,Sales,25,32614.0,Jul,2772,2772,2018-07-01,2018-19,2018-19
Suzuki Mehran,Production,32,30649.0,Jul,4655,4655,2018-07-01,2018-19,2018-19
Suzuki Mehran,Sales,33,31981.0,Jul,3437,3437,2018-07-01,2018-19,2018-19
Suzuki Bolan,Production,35,17729.0,Jul,1858,1858,2018-07-01,2018-19,2018-19
Suzuki Bolan,Sales,36,17628.0,Jul,1346,1346,2018-07-01,2018-19,2018-19
Suzuki Alto,Production,38,1472.0,Jul,0,0,2018-07-01,2018-19,2018-19
Suzuki Alto,Sales,39,1685.0,Jul,0,0,2018-07-01,2018-19,2018-19
Honda Cars (Civic & City),Production,7,40452.0,Aug,3497,3497,2018-08-01,2018-19,2018-19
Honda Cars (Civic & City),Sales,8,39189.0,Aug,3469,3469,2018-08-01,2018-19,2018-19
Suzuki Swift,Production,10,5509.0,Aug,429,429,2018-08-01,2018-19,2018-19
Suzuki Swift,Sales,11,5050.0,Aug,355,355,2018-08-01,2018-19,2018-19
Toyota Corolla,Production,13,56684.0,Aug,4152,4152,2018-08-01,2018-19,2018-19
Toyota Corolla,Sales,14,56720.0,Aug,4204,4204,2018-08-01,2018-19,2018-19
Suzuki Cultus,Production,21,23584.0,Aug,1566,1566,2018-08-01,2018-19,2018-19
Suzuki Cultus,Sales,22,22763.0,Aug,1380,1380,2018-08-01,2018-19,2018-19
Suzuki WagonR,Production,24,33176.0,Aug,2718,2718,2018-08-01,2018-19,2018-19
Suzuki WagonR,Sales,25,32614.0,Aug,2450,2450,2018-08-01,2018-19,2018-19
Suzuki Mehran,Production,32,30649.0,Aug,3977,3977,2018-08-01,2018-19,2018-19
Suzuki Mehran,Sales,33,31981.0,Aug,2318,2318,2018-08-01,2018-19,2018-19
Suzuki Bolan,Production,35,17729.0,Aug,1638,1638,2018-08-01,2018-19,2018-19
Suzuki Bolan,Sales,36,17628.0,Aug,1213,1213,2018-08-01,2018-19,2018-19
Suzuki Alto,Production,38,1472.0,Aug,0,0,2018-08-01,2018-19,2018-19
Suzuki Alto,Sales,39,1685.0,Aug,0,0,2018-08-01,2018-19,2018-19
Honda Cars (Civic & City),Production,7,40452.0,Sep,4086,4086,2018-09-01,2018-19,2018-19
Honda Cars (Civic & City),Sales,8,39189.0,Sep,4083,4083,2018-09-01,2018-19,2018-19
Suzuki Swift,Production,10,5509.0,Sep,416,416,2018-09-01,2018-19,2018-19
Suzuki Swift,Sales,11,5050.0,Sep,454,454,2018-09-01,2018-19,2018-19
Toyota Corolla,Production,13,56684.0,Sep,4476,4476,2018-09-01,2018-19,2018-19
Toyota Corolla,Sales,14,56720.0,Sep,4426,4426,2018-09-01,2018-19,2018-19
Suzuki Cultus,Production,21,23584.0,Sep,1452,1452,2018-09-01,2018-19,2018-19
Suzuki Cultus,Sales,22,22763.0,Sep,1788,1788,2018-09-01,2018-19,2018-19
Suzuki WagonR,Production,24,33176.0,Sep,2748,2748,2018-09-01,2018-19,2018-19
Suzuki WagonR,Sales,25,32614.0,Sep,2667,2667,2018-09-01,2018-19,2018-19
Suzuki Mehran,Production,32,30649.0,Sep,4222,4222,2018-09-01,2018-19,2018-19
Suzuki Mehran,Sales,33,31981.0,Sep,2320,2320,2018-09-01,2018-19,2018-19
Suzuki Bolan,Production,35,17729.0,Sep,1434,1434,2018-09-01,2018-19,2018-19
Suzuki Bolan,Sales,36,17628.0,Sep,1219,1219,2018-09-01,2018-19,2018-19
Suzuki Alto,Production,38,1472.0,Sep,0,0,2018-09-01,2018-19,2018-19
Suzuki Alto,Sales,39,1685.0,Sep,0,0,2018-09-01,2018-19,2018-19
Honda Cars (Civic & City),Production,7,40452.0,Oct,4494,4494,2018-10-01,2018-19,2018-19
Honda Cars (Civic & City),Sales,8,39189.0,Oct,4482,4482,2018-10-01,2018-19,2018-19
Suzuki Swift,Production,10,5509.0,Oct,517,517,2018-10-01,2018-19,2018-19
Suzuki Swift,Sales,11,5050.0,Oct,544,544,2018-10-01,2018-19,2018-19
Toyota Corolla,Production,13,56684.0,Oct,5514,5514,2018-10-01,2018-19,2018-19
Toyota Corolla,Sales,14,56720.0,Oct,5618,5618,2018-10-01,2018-19,2018-19
Suzuki Cultus,Production,21,23584.0,Oct,2614,2614,2018-10-01,2018-19,2018-19
Suzuki Cultus,Sales,22,22763.0,Oct,2401,2401,2018-10-01,2018-19,2018-19
Suzuki WagonR,Production,24,33176.0,Oct,3513,3513,2018-10-01,2018-19,2018-19
Suzuki WagonR,Sales,25,32614.0,Oct,3339,3339,2018-10-01,2018-19,2018-19
Suzuki Mehran,Production,32,30649.0,Oct,4041,4041,2018-10-01,2018-19,2018-19
Suzuki Mehran,Sales,33,31981.0,Oct,3324,3324,2018-10-01,2018-19,2018-19
Suzuki Bolan,Production,35,17729.0,Oct,1860,1860,2018-10-01,2018-19,2018-19
Suzuki Bolan,Sales,36,17628.0,Oct,1634,1634,2018-10-01,2018-19,2018-19
Suzuki Alto,Production,38,1472.0,Oct,0,0,2018-10-01,2018-19,2018-19
Suzuki Alto,Sales,39,1685.0,Oct,0,0,2018-10-01,2018-19,2018-19
Honda Cars (Civic & City),Production,7,40452.0,Nov,3353,3353,2018-11-01,2018-19,2018-19
Honda Cars (Civic & City),Sales,8,39189.0,Nov,3152,3152,2018-11-01,2018-19,2018-19
Suzuki Swift,Production,10,5509.0,Nov,444,444,2018-11-01,2018-19,2018-19
Suzuki Swift,Sales,11,5050.0,Nov,317,317,2018-11-01,2018-19,2018-19
Toyota Corolla,Production,13,56684.0,Nov,5325,5325,2018-11-01,2018-19,2018-19
Toyota Corolla,Sales,14,56720.0,Nov,4957,4957,2018-11-01,2018-19,2018-19
Suzuki Cultus,Production,21,23584.0,Nov,2287,2287,2018-11-01,2018-19,2018-19
Suzuki Cultus,Sales,22,22763.0,Nov,1545,1545,2018-11-01,2018-19,2018-19
Suzuki WagonR,Production,24,33176.0,Nov,3232,3232,2018-11-01,2018-19,2018-19
Suzuki WagonR,Sales,25,32614.0,Nov,2113,2113,2018-11-01,2018-19,2018-19
Suzuki Mehran,Production,32,30649.0,Nov,3239,3239,2018-11-01,2018-19,2018-19
Suzuki Mehran,Sales,33,31981.0,Nov,2199,2199,2018-11-01,2018-19,2018-19
Suzuki Bolan,Production,35,17729.0,Nov,1641,1641,2018-11-01,2018-19,2018-19
Suzuki Bolan,Sales,36,17628.0,Nov,1051,1051,2018-11-01,2018-19,2018-19
Suzuki Alto,Production,38,1472.0,Nov,0,0,2018-11-01,2018-19,2018-19
Suzuki Alto,Sales,39,1685.0,Nov,0,0,2018-11-01,2018-19,2018-19
Honda Cars (Civic & City),Production,7,40452.0,Dec,1979,1979,2018-12-01,2018-19,2018-19
Honda Cars (Civic & City),Sales,8,39189.0,Dec,1989,1989,2018-12-01,2018-19,2018-19
Suzuki Swift,Production,10,5509.0,Dec,124,124,2018-12-01,2018-19,2018-19
Suzuki Swift,Sales,11,5050.0,Dec,355,355,2018-12-01,2018-19,2018-19
Toyota Corolla,Production,13,56684.0,Dec,3838,3838,2018-12-01,2018-19,2018-19
Toyota Corolla,Sales,14,56720.0,Dec,4179,4179,2018-12-01,2018-19,2018-19
Suzuki Cultus,Production,21,23584.0,Dec,1843,1843,2018-12-01,2018-19,2018-19
Suzuki Cultus,Sales,22,22763.0,Dec,1982,1982,2018-12-01,2018-19,2018-19
Suzuki WagonR,Production,24,33176.0,Dec,2104,2104,2018-12-01,2018-19,2018-19
Suzuki WagonR,Sales,25,32614.0,Dec,2740,2740,2018-12-01,2018-19,2018-19
Suzuki Mehran,Production,32,30649.0,Dec,2164,2164,2018-12-01,2018-19,2018-19
Suzuki Mehran,Sales,33,31981.0,Dec,3228,3228,2018-12-01,2018-19,2018-19
Suzuki Bolan,Production,35,17729.0,Dec,1180,1180,2018-12-01,2018-19,2018-19
Suzuki Bolan,Sales,36,17628.0,Dec,1668,1668,2018-12-01,2018-19,2018-19
Suzuki Alto,Production,38,1472.0,Dec,0,0,2018-12-01,2018-19,2018-19
Suzuki Alto,Sales,39,1685.0,Dec,0,0,2018-12-01,2018-19,2018-19
Honda Cars (Civic & City),Production,7,40452.0,Jan,3866,3866,2019-01-01,2018-19,2018-19
Honda Cars (Civic & City),Sales,8,39189.0,Jan,4026,4026,2019-01-01,2018-19,2018-19
Suzuki Swift,Production,10,5509.0,Jan,792,792,2019-01-01,2018-19,2018-19
Suzuki Swift,Sales,11,5050.0,Jan,371,371,2019-01-01,2018-19,2018-19
Toyota Corolla,Production,13,56684.0,Jan,5433,5433,2019-01-01,2018-19,2018-19
Toyota Corolla,Sales,14,56720.0,Jan,5353,5353,2019-01-01,2018-19,2018-19
Suzuki Cultus,Production,21,23584.0,Jan,2362,2362,2019-01-01,2018-19,2018-19
Suzuki Cultus,Sales,22,22763.0,Jan,2185,2185,2019-01-01,2018-19,2018-19
Suzuki WagonR,Production,24,33176.0,Jan,3285,3285,2019-01-01,2018-19,2018-19
Suzuki WagonR,Sales,25,32614.0,Jan,3100,3100,2019-01-01,2018-19,2018-19
Suzuki Mehran,Production,32,30649.0,Jan,3703,3703,2019-01-01,2018-19,2018-19
Suzuki Mehran,Sales,33,31981.0,Jan,2709,2709,2019-01-01,2018-19,2018-19
Suzuki Bolan,Production,35,17729.0,Jan,1242,1242,2019-01-01,2018-19,2018-19
Suzuki Bolan,Sales,36,17628.0,Jan,1609,1609,2019-01-01,2018-19,2018-19
Suzuki Alto,Production,38,1472.0,Jan,0,0,2019-01-01,2018-19,2018-19
Suzuki Alto,Sales,39,1685.0,Jan,0,0,2019-01-01,2018-19,2018-19
Honda Cars (Civic & City),Production,7,40452.0,Feb,2908,2908,2019-02-01,2018-19,2018-19
Honda Cars (Civic & City),Sales,8,39189.0,Feb,2950,2950,2019-02-01,2018-19,2018-19
Suzuki Swift,Production,10,5509.0,Feb,560,560,2019-02-01,2018-19,2018-19
Suzuki Swift,Sales,11,5050.0,Feb,344,344,2019-02-01,2018-19,2018-19
Toyota Corolla,Production,13,56684.0,Feb,4878,4878,2019-02-01,2018-19,2018-19
Toyota Corolla,Sales,14,56720.0,Feb,4945,4945,2019-02-01,2018-19,2018-19
Suzuki Cultus,Production,21,23584.0,Feb,2187,2187,2019-02-01,2018-19,2018-19
Suzuki Cultus,Sales,22,22763.0,Feb,1843,1843,2019-02-01,2018-19,2018-19
Suzuki WagonR,Production,24,33176.0,Feb,2827,2827,2019-02-01,2018-19,2018-19
Suzuki WagonR,Sales,25,32614.0,Feb,2419,2419,2019-02-01,2018-19,2018-19
Suzuki Mehran,Production,32,30649.0,Feb,2943,2943,2019-02-01,2018-19,2018-19
Suzuki Mehran,Sales,33,31981.0,Feb,2925,2925,2019-02-01,2018-19,2018-19
Suzuki Bolan,Production,35,17729.0,Feb,1273,1273,2019-02-01,2018-19,2018-19
Suzuki Bolan,Sales,36,17628.0,Feb,1645,1645,2019-02-01,2018-19,2018-19
Suzuki Alto,Production,38,1472.0,Feb,0,0,2019-02-01,2018-19,2018-19
Suzuki Alto,Sales,39,1685.0,Feb,0,0,2019-02-01,2018-19,2018-19
Honda Cars (Civic & City),Production,7,40452.0,Mar,3484,3484,2019-03-01,2018-19,2018-19
Honda Cars (Civic & City),Sales,8,39189.0,Mar,3449,3449,2019-03-01,2018-19,2018-19
Suzuki Swift,Production,10,5509.0,Mar,493,493,2019-03-01,2018-19,2018-19
Suzuki Swift,Sales,11,5050.0,Mar,386,386,2019-03-01,2018-19,2018-19
Toyota Corolla,Production,13,56684.0,Mar,4871,4871,2019-03-01,2018-19,2018-19
Toyota Corolla,Sales,14,56720.0,Mar,4741,4741,2019-03-01,2018-19,2018-19
Suzuki Cultus,Production,21,23584.0,Mar,2483,2483,2019-03-01,2018-19,2018-19
Suzuki Cultus,Sales,22,22763.0,Mar,2253,2253,2019-03-01,2018-19,2018-19
Suzuki WagonR,Production,24,33176.0,Mar,3375,3375,2019-03-01,2018-19,2018-19
Suzuki WagonR,Sales,25,32614.0,Mar,2982,2982,2019-03-01,2018-19,2018-19
Suzuki Mehran,Production,32,30649.0,Mar,1705,1705,2019-03-01,2018-19,2018-19
Suzuki Mehran,Sales,33,31981.0,Mar,3942,3942,2019-03-01,2018-19,2018-19
Suzuki Bolan,Production,35,17729.0,Mar,1954,1954,2019-03-01,2018-19,2018-19
Suzuki Bolan,Sales,36,17628.0,Mar,2144,2144,2019-03-01,2018-19,2018-19
Suzuki Alto,Production,38,1472.0,Mar,0,0,2019-03-01,2018-19,2018-19
Suzuki Alto,Sales,39,1685.0,Mar,0,0,2019-03-01,2018-19,2018-19
Honda Cars (Civic & City),Production,7,40452.0,Apr,3065,3065,2019-04-01,2018-19,2018-19
Honda Cars (Civic & City),Sales,8,39189.0,Apr,2310,2310,2019-04-01,2018-19,2018-19
Suzuki Swift,Production,10,5509.0,Apr,477,477,2019-04-01,2018-19,2018-19
Suzuki Swift,Sales,11,5050.0,Apr,453,453,2019-04-01,2018-19,2018-19
Toyota Corolla,Production,13,56684.0,Apr,5130,5130,2019-04-01,2018-19,2018-19
Toyota Corolla,Sales,14,56720.0,Apr,5256,5256,2019-04-01,2018-19,2018-19
Suzuki Cultus,Production,21,23584.0,Apr,1737,1737,2019-04-01,2018-19,2018-19
Suzuki Cultus,Sales,22,22763.0,Apr,2191,2191,2019-04-01,2018-19,2018-19
Suzuki WagonR,Production,24,33176.0,Apr,2586,2586,2019-04-01,2018-19,2018-19
Suzuki WagonR,Sales,25,32614.0,Apr,2641,2641,2019-04-01,2018-19,2018-19
Suzuki Mehran,Production,32,30649.0,Apr,0,0,2019-04-01,2018-19,2018-19
Suzuki Mehran,Sales,33,31981.0,Apr,2738,2738,2019-04-01,2018-19,2018-19
Suzuki Bolan,Production,35,17729.0,Apr,1417,1417,2019-04-01,2018-19,2018-19
Suzuki Bolan,Sales,36,17628.0,Apr,1487,1487,2019-04-01,2018-19,2018-19
Suzuki Alto,Production,38,1472.0,Apr,0,0,2019-04-01,2018-19,2018-19
Suzuki Alto,Sales,39,1685.0,Apr,0,0,2019-04-01,2018-19,2018-19
Honda Cars (Civic & City),Production,7,40452.0,May,2885,2885,2019-05-01,2018-19,2018-19
Honda Cars (Civic & City),Sales,8,39189.0,May,2564,2564,2019-05-01,2018-19,2018-19
Suzuki Swift,Production,10,5509.0,May,301,301,2019-05-01,2018-19,2018-19
Suzuki Swift,Sales,11,5050.0,May,425,425,2019-05-01,2018-19,2018-19
Toyota Corolla,Production,13,56684.0,May,4114,4114,2019-05-01,2018-19,2018-19
Toyota Corolla,Sales,14,56720.0,May,4069,4069,2019-05-01,2018-19,2018-19
Suzuki Cultus,Production,21,23584.0,May,1550,1550,2019-05-01,2018-19,2018-19
Suzuki Cultus,Sales,22,22763.0,May,2546,2546,2019-05-01,2018-19,2018-19
Suzuki WagonR,Production,24,33176.0,May,1832,1832,2019-05-01,2018-19,2018-19
Suzuki WagonR,Sales,25,32614.0,May,2765,2765,2019-05-01,2018-19,2018-19
Suzuki Mehran,Production,32,30649.0,May,0,0,2019-05-01,2018-19,2018-19
Suzuki Mehran,Sales,33,31981.0,May,1789,1789,2019-05-01,2018-19,2018-19
Suzuki Bolan,Production,35,17729.0,May,1203,1203,2019-05-01,2018-19,2018-19
Suzuki Bolan,Sales,36,17628.0,May,1270,1270,2019-05-01,2018-19,2018-19
Suzuki Alto,Production,38,1472.0,May,0,0,2019-05-01,2018-19,2018-19
Suzuki Alto,Sales,39,1685.0,May,0,0,2019-05-01,2018-19,2018-19
Honda Cars (Civic & City),Production,7,40452.0,Jun,2171,2171,2019-06-01,2018-19,2018-19
Honda Cars (Civic & City),Sales,8,39189.0,Jun,2106,2106,2019-06-01,2018-19,2018-19
Suzuki Swift,Production,10,5509.0,Jun,439,439,2019-06-01,2018-19,2018-19
Suzuki Swift,Sales,11,5050.0,Jun,562,562,2019-06-01,2018-19,2018-19
Toyota Corolla,Production,13,56684.0,Jun,4301,4301,2019-06-01,2018-19,2018-19
Toyota Corolla,Sales,14,56720.0,Jun,4406,4406,2019-06-01,2018-19,2018-19
Suzuki Cultus,Production,21,23584.0,Jun,1717,1717,2019-06-01,2018-19,2018-19
Suzuki Cultus,Sales,22,22763.0,Jun,988,988,2019-06-01,2018-19,2018-19
Suzuki WagonR,Production,24,33176.0,Jun,1711,1711,2019-06-01,2018-19,2018-19
Suzuki WagonR,Sales,25,32614.0,Jun,2626,2626,2019-06-01,2018-19,2018-19
Suzuki Mehran,Production,32,30649.0,Jun,0,0,2019-06-01,2018-19,2018-19
Suzuki Mehran,Sales,33,31981.0,Jun,1052,1052,2019-06-01,2018-19,2018-19
Suzuki Bolan,Production,35,17729.0,Jun,1029,1029,2019-06-01,2018-19,2018-19
Suzuki Bolan,Sales,36,17628.0,Jun,1342,1342,2019-06-01,2018-19,2018-19
Suzuki Alto,Production,38,1472.0,Jun,1472,1472,2019-06-01,2018-19,2018-19
Suzuki Alto,Sales,39,1685.0,Jun,1685,1685,2019-06-01,2018-19,2018-19
Honda Cars (Civic & City),Production,7,13271.0,Jul,2371,2371,2019-07-01,2019-20,2019-20
Honda Cars (Civic & City),Sales,8,14091.0,Jul,1452,1452,2019-07-01,2019-20,2019-20
Suzuki Swift,Production,10,1311.0,Jul,384,384,2019-07-01,2019-20,2019-20
Suzuki Swift,Sales,11,1828.0,Jul,174,174,2019-07-01,2019-20,2019-20
Toyota Corolla,Production,13,22180.0,Jul,2827,2827,2019-07-01,2019-20,2019-20
Toyota Corolla,Sales,14,22140.0,Jul,1981,1981,2019-07-01,2019-20,2019-20
Toyota Yaris,Production,16,1422.0,Jul,0,0,2019-07-01,2019-20,2019-20
Toyota Yaris,Sales,17,1327.0,Jul,0,0,2019-07-01,2019-20,2019-20
Suzuki Cultus,Production,24,10914.0,Jul,2293,2293,2019-07-01,2019-20,2019-20
Suzuki Cultus,Sales,25,12307.0,Jul,1208,1208,2019-07-01,2019-20,2019-20
Suzuki WagonR,Production,27,6991.0,Jul,2767,2767,2019-07-01,2019-20,2019-20
Suzuki WagonR,Sales,28,6984.0,Jul,843,843,2019-07-01,2019-20,2019-20
Suzuki Mehran,Production,35,0.0,Jul,0,0,2019-07-01,2019-20,2019-20
Suzuki Mehran,Sales,36,1703.0,Jul,394,394,2019-07-01,2019-20,2019-20
Suzuki Bolan,Production,38,4450.0,Jul,1367,1367,2019-07-01,2019-20,2019-20
Suzuki Bolan,Sales,39,5159.0,Jul,332,332,2019-07-01,2019-20,2019-20
Suzuki Alto,Production,41,33786.0,Jul,4463,4463,2019-07-01,2019-20,2019-20
Suzuki Alto,Sales,42,30916.0,Jul,4584,4584,2019-07-01,2019-20,2019-20
Honda Cars (Civic & City),Production,7,13271.0,Aug,1149,1149,2019-08-01,2019-20,2019-20
Honda Cars (Civic & City),Sales,8,14091.0,Aug,1106,1106,2019-08-01,2019-20,2019-20
Suzuki Swift,Production,10,1311.0,Aug,89,89,2019-08-01,2019-20,2019-20
Suzuki Swift,Sales,11,1828.0,Aug,164,164,2019-08-01,2019-20,2019-20
Toyota Corolla,Production,13,22180.0,Aug,2481,2481,2019-08-01,2019-20,2019-20
Toyota Corolla,Sales,14,22140.0,Aug,1727,1727,2019-08-01,2019-20,2019-20
Toyota Yaris,Production,16,1422.0,Aug,0,0,2019-08-01,2019-20,2019-20
Toyota Yaris,Sales,17,1327.0,Aug,0,0,2019-08-01,2019-20,2019-20
Suzuki Cultus,Production,24,10914.0,Aug,1007,1007,2019-08-01,2019-20,2019-20
Suzuki Cultus,Sales,25,12307.0,Aug,1289,1289,2019-08-01,2019-20,2019-20
Suzuki WagonR,Production,27,6991.0,Aug,1526,1526,2019-08-01,2019-20,2019-20
Suzuki WagonR,Sales,28,6984.0,Aug,645,645,2019-08-01,2019-20,2019-20
Suzuki Mehran,Production,35,0.0,Aug,0,0,2019-08-01,2019-20,2019-20
Suzuki Mehran,Sales,36,1703.0,Aug,389,389,2019-08-01,2019-20,2019-20
Suzuki Bolan,Production,38,4450.0,Aug,965,965,2019-08-01,2019-20,2019-20
Suzuki Bolan,Sales,39,5159.0,Aug,371,371,2019-08-01,2019-20,2019-20
Suzuki Alto,Production,41,33786.0,Aug,3419,3419,2019-08-01,2019-20,2019-20
Suzuki Alto,Sales,42,30916.0,Aug,3435,3435,2019-08-01,2019-20,2019-20
Honda Cars (Civic & City),Production,7,13271.0,Sep,1031,1031,2019-09-01,2019-20,2019-20
Honda Cars (Civic & City),Sales,8,14091.0,Sep,1368,1368,2019-09-01,2019-20,2019-20
Suzuki Swift,Production,10,1311.0,Sep,73,73,2019-09-01,2019-20,2019-20
Suzuki Swift,Sales,11,1828.0,Sep,186,186,2019-09-01,2019-20,2019-20
Toyota Corolla,Production,13,22180.0,Sep,1376,1376,2019-09-01,2019-20,2019-20
Toyota Corolla,Sales,14,22140.0,Sep,1795,1795,2019-09-01,2019-20,2019-20
Toyota Yaris,Production,16,1422.0,Sep,0,0,2019-09-01,2019-20,2019-20
Toyota Yaris,Sales,17,1327.0,Sep,0,0,2019-09-01,2019-20,2019-20
Suzuki Cultus,Production,24,10914.0,Sep,702,702,2019-09-01,2019-20,2019-20
Suzuki Cultus,Sales,25,12307.0,Sep,1101,1101,2019-09-01,2019-20,2019-20
Suzuki WagonR,Production,27,6991.0,Sep,1229,1229,2019-09-01,2019-20,2019-20
Suzuki WagonR,Sales,28,6984.0,Sep,680,680,2019-09-01,2019-20,2019-20
Suzuki Mehran,Production,35,0.0,Sep,0,0,2019-09-01,2019-20,2019-20
Suzuki Mehran,Sales,36,1703.0,Sep,466,466,2019-09-01,2019-20,2019-20
Suzuki Bolan,Production,38,4450.0,Sep,744,744,2019-09-01,2019-20,2019-20
Suzuki Bolan,Sales,39,5159.0,Sep,403,403,2019-09-01,2019-20,2019-20
Suzuki Alto,Production,41,33786.0,Sep,3935,3935,2019-09-01,2019-20,2019-20
Suzuki Alto,Sales,42,30916.0,Sep,4924,4924,2019-09-01,2019-20,2019-20
Honda Cars (Civic & City),Production,7,13271.0,Oct,857,857,2019-10-01,2019-20,2019-20
Honda Cars (Civic & City),Sales,8,14091.0,Oct,1032,1032,2019-10-01,2019-20,2019-20
Suzuki Swift,Production,10,1311.0,Oct,108,108,2019-10-01,2019-20,2019-20
Suzuki Swift,Sales,11,1828.0,Oct,151,151,2019-10-01,2019-20,2019-20
Toyota Corolla,Production,13,22180.0,Oct,1600,1600,2019-10-01,2019-20,2019-20
Toyota Corolla,Sales,14,22140.0,Oct,1982,1982,2019-10-01,2019-20,2019-20
Toyota Yaris,Production,16,1422.0,Oct,0,0,2019-10-01,2019-20,2019-20
Toyota Yaris,Sales,17,1327.0,Oct,0,0,2019-10-01,2019-20,2019-20
Suzuki Cultus,Production,24,10914.0,Oct,1192,1192,2019-10-01,2019-20,2019-20
Suzuki Cultus,Sales,25,12307.0,Oct,1179,1179,2019-10-01,2019-20,2019-20
Suzuki WagonR,Production,27,6991.0,Oct,543,543,2019-10-01,2019-20,2019-20
Suzuki WagonR,Sales,28,6984.0,Oct,530,530,2019-10-01,2019-20,2019-20
Suzuki Mehran,Production,35,0.0,Oct,0,0,2019-10-01,2019-20,2019-20
Suzuki Mehran,Sales,36,1703.0,Oct,245,245,2019-10-01,2019-20,2019-20
Suzuki Bolan,Production,38,4450.0,Oct,302,302,2019-10-01,2019-20,2019-20
Suzuki Bolan,Sales,39,5159.0,Oct,399,399,2019-10-01,2019-20,2019-20
Suzuki Alto,Production,41,33786.0,Oct,4945,4945,2019-10-01,2019-20,2019-20
Suzuki Alto,Sales,42,30916.0,Oct,4048,4048,2019-10-01,2019-20,2019-20
Honda Cars (Civic & City),Production,7,13271.0,Nov,477,477,2019-11-01,2019-20,2019-20
Honda Cars (Civic & City),Sales,8,14091.0,Nov,1074,1074,2019-11-01,2019-20,2019-20
Suzuki Swift,Production,10,1311.0,Nov,105,105,2019-11-01,2019-20,2019-20
Suzuki Swift,Sales,11,1828.0,Nov,184,184,2019-11-01,2019-20,2019-20
Toyota Corolla,Production,13,22180.0,Nov,1806,1806,2019-11-01,2019-20,2019-20
Toyota Corolla,Sales,14,22140.0,Nov,2172,2172,2019-11-01,2019-20,2019-20
Toyota Yaris,Production,16,1422.0,Nov,0,0,2019-11-01,2019-20,2019-20
Toyota Yaris,Sales,17,1327.0,Nov,0,0,2019-11-01,2019-20,2019-20
Suzuki Cultus,Production,24,10914.0,Nov,729,729,2019-11-01,2019-20,2019-20
Suzuki Cultus,Sales,25,12307.0,Nov,914,914,2019-11-01,2019-20,2019-20
Suzuki WagonR,Production,27,6991.0,Nov,291,291,2019-11-01,2019-20,2019-20
Suzuki WagonR,Sales,28,6984.0,Nov,641,641,2019-11-01,2019-20,2019-20
Suzuki Mehran,Production,35,0.0,Nov,0,0,2019-11-01,2019-20,2019-20
Suzuki Mehran,Sales,36,1703.0,Nov,128,128,2019-11-01,2019-20,2019-20
Suzuki Bolan,Production,38,4450.0,Nov,123,123,2019-11-01,2019-20,2019-20
Suzuki Bolan,Sales,39,5159.0,Nov,444,444,2019-11-01,2019-20,2019-20
Suzuki Alto,Production,41,33786.0,Nov,3213,3213,2019-11-01,2019-20,2019-20
Suzuki Alto,Sales,42,30916.0,Nov,2967,2967,2019-11-01,2019-20,2019-20
Honda Cars (Civic & City),Production,7,13271.0,Dec,373,373,2019-12-01,2019-20,2019-20
Honda Cars (Civic & City),Sales,8,14091.0,Dec,884,884,2019-12-01,2019-20,2019-20
Suzuki Swift,Production,10,1311.0,Dec,152,152,2019-12-01,2019-20,2019-20
Suzuki Swift,Sales,11,1828.0,Dec,277,277,2019-12-01,2019-20,2019-20
Toyota Corolla,Production,13,22180.0,Dec,1715,1715,2019-12-01,2019-20,2019-20
Toyota Corolla,Sales,14,22140.0,Dec,2085,2085,2019-12-01,2019-20,2019-20
Toyota Yaris,Production,16,1422.0,Dec,0,0,2019-12-01,2019-20,2019-20
Toyota Yaris,Sales,17,1327.0,Dec,0,0,2019-12-01,2019-20,2019-20
Suzuki Cultus,Production,24,10914.0,Dec,803,803,2019-12-01,2019-20,2019-20
Suzuki Cultus,Sales,25,12307.0,Dec,918,918,2019-12-01,2019-20,2019-20
Suzuki WagonR,Production,27,6991.0,Dec,388,388,2019-12-01,2019-20,2019-20
Suzuki WagonR,Sales,28,6984.0,Dec,1207,1207,2019-12-01,2019-20,2019-20
Suzuki Mehran,Production,35,0.0,Dec,0,0,2019-12-01,2019-20,2019-20
Suzuki Mehran,Sales,36,1703.0,Dec,75,75,2019-12-01,2019-20,2019-20
Suzuki Bolan,Production,38,4450.0,Dec,210,210,2019-12-01,2019-20,2019-20
Suzuki Bolan,Sales,39,5159.0,Dec,841,841,2019-12-01,2019-20,2019-20
Suzuki Alto,Production,41,33786.0,Dec,4732,4732,2019-12-01,2019-20,2019-20
Suzuki Alto,Sales,42,30916.0,Dec,3700,3700,2019-12-01,2019-20,2019-20
Honda Cars (Civic & City),Production,7,13271.0,Jan,1974,1974,2020-01-01,2019-20,2019-20
Honda Cars (Civic & City),Sales,8,14091.0,Jan,1878,1878,2020-01-01,2019-20,2019-20
Suzuki Swift,Production,10,1311.0,Jan,86,86,2020-01-01,2019-20,2019-20
Suzuki Swift,Sales,11,1828.0,Jan,144,144,2020-01-01,2019-20,2019-20
Toyota Corolla,Production,13,22180.0,Jan,3451,3451,2020-01-01,2019-20,2019-20
Toyota Corolla,Sales,14,22140.0,Jan,3445,3445,2020-01-01,2019-20,2019-20
Toyota Yaris,Production,16,1422.0,Jan,0,0,2020-01-01,2019-20,2019-20
Toyota Yaris,Sales,17,1327.0,Jan,0,0,2020-01-01,2019-20,2019-20
Suzuki Cultus,Production,24,10914.0,Jan,1389,1389,2020-01-01,2019-20,2019-20
Suzuki Cultus,Sales,25,12307.0,Jan,1701,1701,2020-01-01,2019-20,2019-20
Suzuki WagonR,Production,27,6991.0,Jan,145,145,2020-01-01,2019-20,2019-20
Suzuki WagonR,Sales,28,6984.0,Jan,567,567,2020-01-01,2019-20,2019-20
Suzuki Mehran,Production,35,0.0,Jan,0,0,2020-01-01,2019-20,2019-20
Suzuki Mehran,Sales,36,1703.0,Jan,2,2,2020-01-01,2019-20,2019-20
Suzuki Bolan,Production,38,4450.0,Jan,252,252,2020-01-01,2019-20,2019-20
Suzuki Bolan,Sales,39,5159.0,Jan,564,564,2020-01-01,2019-20,2019-20
Suzuki Alto,Production,41,33786.0,Jan,4178,4178,2020-01-01,2019-20,2019-20
Suzuki Alto,Sales,42,30916.0,Jan,1794,1794,2020-01-01,2019-20,2019-20
Honda Cars (Civic & City),Production,7,13271.0,Feb,1678,1678,2020-02-01,2019-20,2019-20
Honda Cars (Civic & City),Sales,8,14091.0,Feb,1868,1868,2020-02-01,2019-20,2019-20
Suzuki Swift,Production,10,1311.0,Feb,97,97,2020-02-01,2019-20,2019-20
Suzuki Swift,Sales,11,1828.0,Feb,186,186,2020-02-01,2019-20,2019-20
Toyota Corolla,Production,13,22180.0,Feb,3764,3764,2020-02-01,2019-20,2019-20
Toyota Corolla,Sales,14,22140.0,Feb,3715,3715,2020-02-01,2019-20,2019-20
Toyota Yaris,Production,16,1422.0,Feb,0,0,2020-02-01,2019-20,2019-20
Toyota Yaris,Sales,17,1327.0,Feb,0,0,2020-02-01,2019-20,2019-20
Suzuki Cultus,Production,24,10914.0,Feb,1107,1107,2020-02-01,2019-20,2019-20
Suzuki Cultus,Sales,25,12307.0,Feb,1535,1535,2020-02-01,2019-20,2019-20
Suzuki WagonR,Production,27,6991.0,Feb,52,52,2020-02-01,2019-20,2019-20
Suzuki WagonR,Sales,28,6984.0,Feb,699,699,2020-02-01,2019-20,2019-20
Suzuki Mehran,Production,35,0.0,Feb,0,0,2020-02-01,2019-20,2019-20
Suzuki Mehran,Sales,36,1703.0,Feb,3,3,2020-02-01,2019-20,2019-20
Suzuki Bolan,Production,38,4450.0,Feb,94,94,2020-02-01,2019-20,2019-20
Suzuki Bolan,Sales,39,5159.0,Feb,719,719,2020-02-01,2019-20,2019-20
Suzuki Alto,Production,41,33786.0,Feb,3067,3067,2020-02-01,2019-20,2019-20
Suzuki Alto,Sales,42,30916.0,Feb,1620,1620,2020-02-01,2019-20,2019-20
Honda Cars (Civic & City),Production,7,13271.0,Mar,1278,1278,2020-03-01,2019-20,2019-20
Honda Cars (Civic & City),Sales,8,14091.0,Mar,1327,1327,2020-03-01,2019-20,2019-20
Suzuki Swift,Production,10,1311.0,Mar,198,198,2020-03-01,2019-20,2019-20
Suzuki Swift,Sales,11,1828.0,Mar,82,82,2020-03-01,2019-20,2019-20
Toyota Corolla,Production,13,22180.0,Mar,2220,2220,2020-03-01,2019-20,2019-20
Toyota Corolla,Sales,14,22140.0,Mar,2089,2089,2020-03-01,2019-20,2019-20
Toyota Yaris,Production,16,1422.0,Mar,0,0,2020-03-01,2019-20,2019-20
Toyota Yaris,Sales,17,1327.0,Mar,0,0,2020-03-01,2019-20,2019-20
Suzuki Cultus,Production,24,10914.0,Mar,1090,1090,2020-03-01,2019-20,2019-20
Suzuki Cultus,Sales,25,12307.0,Mar,710,710,2020-03-01,2019-20,2019-20
Suzuki WagonR,Production,27,6991.0,Mar,50,50,2020-03-01,2019-20,2019-20
Suzuki WagonR,Sales,28,6984.0,Mar,310,310,2020-03-01,2019-20,2019-20
Suzuki Mehran,Production,35,0.0,Mar,0,0,2020-03-01,2019-20,2019-20
Suzuki Mehran,Sales,36,1703.0,Mar,0,0,2020-03-01,2019-20,2019-20
Suzuki Bolan,Production,38,4450.0,Mar,94,94,2020-03-01,2019-20,2019-20
Suzuki Bolan,Sales,39,5159.0,Mar,394,394,2020-03-01,2019-20,2019-20
Suzuki Alto,Production,41,33786.0,Mar,1502,1502,2020-03-01,2019-20,2019-20
Suzuki Alto,Sales,42,30916.0,Mar,884,884,2020-03-01,2019-20,2019-20
Honda Cars (Civic & City),Production,7,13271.0,Apr,0,0,2020-04-01,2019-20,2019-20
Honda Cars (Civic & City),Sales,8,14091.0,Apr,0,0,2020-04-01,2019-20,2019-20
Suzuki Swift,Production,10,1311.0,Apr,0,0,2020-04-01,2019-20,2019-20
Suzuki Swift,Sales,11,1828.0,Apr,0,0,2020-04-01,2019-20,2019-20
Toyota Corolla,Production,13,22180.0,Apr,0,0,2020-04-01,2019-20,2019-20
Toyota Corolla,Sales,14,22140.0,Apr,0,0,2020-04-01,2019-20,2019-20
Toyota Yaris,Production,16,1422.0,Apr,0,0,2020-04-01,2019-20,2019-20
Toyota Yaris,Sales,17,1327.0,Apr,0,0,2020-04-01,2019-20,2019-20
Suzuki Cultus,Production,24,10914.0,Apr,0,0,2020-04-01,2019-20,2019-20
Suzuki Cultus,Sales,25,12307.0,Apr,0,0,2020-04-01,2019-20,2019-20
Suzuki WagonR,Production,27,6991.0,Apr,0,0,2020-04-01,2019-20,2019-20
Suzuki WagonR,Sales,28,6984.0,Apr,0,0,2020-04-01,2019-20,2019-20
Suzuki Mehran,Production,35,0.0,Apr,0,0,2020-04-01,2019-20,2019-20
Suzuki Mehran,Sales,36,1703.0,Apr,0,0,2020-04-01,2019-20,2019-20
Suzuki Bolan,Production,38,4450.0,Apr,0,0,2020-04-01,2019-20,2019-20
Suzuki Bolan,Sales,39,5159.0,Apr,0,0,2020-04-01,2019-20,2019-20
Suzuki Alto,Production,41,33786.0,Apr,0,0,2020-04-01,2019-20,2019-20
Suzuki Alto,Sales,42,30916.0,Apr,0,0,2020-04-01,2019-20,2019-20
Honda Cars (Civic & City),Production,7,13271.0,May,71,71,2020-05-01,2019-20,2019-20
Honda Cars (Civic & City),Sales,8,14091.0,May,263,263,2020-05-01,2019-20,2019-20
Suzuki Swift,Production,10,1311.0,May,0,0,2020-05-01,2019-20,2019-20
Suzuki Swift,Sales,11,1828.0,May,78,78,2020-05-01,2019-20,2019-20
Toyota Corolla,Production,13,22180.0,May,196,196,2020-05-01,2019-20,2019-20
Toyota Corolla,Sales,14,22140.0,May,294,294,2020-05-01,2019-20,2019-20
Toyota Yaris,Production,16,1422.0,May,389,389,2020-05-01,2019-20,2019-20
Toyota Yaris,Sales,17,1327.0,May,167,167,2020-05-01,2019-20,2019-20
Suzuki Cultus,Production,24,10914.0,May,0,0,2020-05-01,2019-20,2019-20
Suzuki Cultus,Sales,25,12307.0,May,922,922,2020-05-01,2019-20,2019-20
Suzuki WagonR,Production,27,6991.0,May,0,0,2020-05-01,2019-20,2019-20
Suzuki WagonR,Sales,28,6984.0,May,386,386,2020-05-01,2019-20,2019-20
Suzuki Mehran,Production,35,0.0,May,0,0,2020-05-01,2019-20,2019-20
Suzuki Mehran,Sales,36,1703.0,May,0,0,2020-05-01,2019-20,2019-20
Suzuki Bolan,Production,38,4450.0,May,0,0,2020-05-01,2019-20,2019-20
Suzuki Bolan,Sales,39,5159.0,May,386,386,2020-05-01,2019-20,2019-20
Suzuki Alto,Production,41,33786.0,May,0,0,2020-05-01,2019-20,2019-20
Suzuki Alto,Sales,42,30916.0,May,1304,1304,2020-05-01,2019-20,2019-20
Honda Cars (Civic & City),Production,7,13271.0,Jun,2012,2012,2020-06-01,2019-20,2019-20
Honda Cars (Civic & City),Sales,8,14091.0,Jun,1839,1839,2020-06-01,2019-20,2019-20
Suzuki Swift,Production,10,1311.0,Jun,19,19,2020-06-01,2019-20,2019-20
Suzuki Swift,Sales,11,1828.0,Jun,202,202,2020-06-01,2019-20,2019-20
Toyota Corolla,Production,13,22180.0,Jun,744,744,2020-06-01,2019-20,2019-20
Toyota Corolla,Sales,14,22140.0,Jun,855,855,2020-06-01,2019-20,2019-20
Toyota Yaris,Production,16,1422.0,Jun,1033,1033,2020-06-01,2019-20,2019-20
Toyota Yaris,Sales,17,1327.0,Jun,1160,1160,2020-06-01,2019-20,2019-20
Suzuki Cultus,Production,24,10914.0,Jun,602,602,2020-06-01,2019-20,2019-20
Suzuki Cultus,Sales,25,12307.0,Jun,830,830,2020-06-01,2019-20,2019-20
Suzuki WagonR,Production,27,6991.0,Jun,0,0,2020-06-01,2019-20,2019-20
Suzuki WagonR,Sales,28,6984.0,Jun,476,476,2020-06-01,2019-20,2019-20
Suzuki Mehran,Production,35,0.0,Jun,0,0,2020-06-01,2019-20,2019-20
Suzuki Mehran,Sales,36,1703.0,Jun,1,1,2020-06-01,2019-20,2019-20
Suzuki Bolan,Production,38,4450.0,Jun,299,299,2020-06-01,2019-20,2019-20
Suzuki Bolan,Sales,39,5159.0,Jun,306,306,2020-06-01,2019-20,2019-20
Suzuki Alto,Production,41,33786.0,Jun,332,332,2020-06-01,2019-20,2019-20
Suzuki Alto,Sales,42,30916.0,Jun,1656,1656,2020-06-01,2019-20,2019-20
Honda Cars (Civic & City),Production,7,25081.0,Jul,2193,2193,2020-07-01,2020-21,2020-21
Honda Cars (Civic & City),Sales,8,25276.0,Jul,2210,2210,2020-07-01,2020-21,2020-21
Suzuki Swift,Production,10,2111.0,Jul,61,61,2020-07-01,2020-21,2020-21
Suzuki Swift,Sales,11,2316.0,Jul,182,182,2020-07-01,2020-21,2020-21
Toyota Corolla,Production,13,18552.0,Jul,1561,1561,2020-07-01,2020-21,2020-21
Toyota Corolla,Sales,14,18355.0,Jul,1528,1528,2020-07-01,2020-21,2020-21
Toyota Yaris,Production,16,29127.0,Jul,1879,1879,2020-07-01,2020-21,2020-21
Toyota Yaris,Sales,17,28295.0,Jul,1883,1883,2020-07-01,2020-21,2020-21
Hyundai Elantra,Production,19,1071.0,Jul,0,0,2020-07-01,2020-21,2020-21
Hyundai Elantra,Sales,20,855.0,Jul,0,0,2020-07-01,2020-21,2020-21
Suzuki Cultus,Production,27,18714.0,Jul,1428,1428,2020-07-01,2020-21,2020-21
Suzuki Cultus,Sales,28,17510.0,Jul,1077,1077,2020-07-01,2020-21,2020-21
Suzuki WagonR,Production,30,12280.0,Jul,300,300,2020-07-01,2020-21,2020-21
Suzuki WagonR,Sales,31,12659.0,Jul,566,566,2020-07-01,2020-21,2020-21
Suzuki Mehran,Production,38,0.0,Jul,0,0,2020-07-01,2020-21,2020-21
Suzuki Mehran,Sales,39,0.0,Jul,0,0,2020-07-01,2020-21,2020-21
Suzuki Bolan,Production,41,8864.0,Jul,730,730,2020-07-01,2020-21,2020-21
Suzuki Bolan,Sales,42,8196.0,Jul,519,519,2020-07-01,2020-21,2020-21
Suzuki Alto,Production,44,35994.0,Jul,128,128,2020-07-01,2020-21,2020-21
Suzuki Alto,Sales,45,37720.0,Jul,2158,2158,2020-07-01,2020-21,2020-21
Honda Cars (Civic & City),Production,7,25081.0,Aug,1865,1865,2020-08-01,2020-21,2020-21
Honda Cars (Civic & City),Sales,8,25276.0,Aug,1980,1980,2020-08-01,2020-21,2020-21
Suzuki Swift,Production,10,2111.0,Aug,104,104,2020-08-01,2020-21,2020-21
Suzuki Swift,Sales,11,2316.0,Aug,196,196,2020-08-01,2020-21,2020-21
Toyota Corolla,Production,13,18552.0,Aug,836,836,2020-08-01,2020-21,2020-21
Toyota Corolla,Sales,14,18355.0,Aug,867,867,2020-08-01,2020-21,2020-21
Toyota Yaris,Production,16,29127.0,Aug,1640,1640,2020-08-01,2020-21,2020-21
Toyota Yaris,Sales,17,28295.0,Aug,1705,1705,2020-08-01,2020-21,2020-21
Hyundai Elantra,Production,19,1071.0,Aug,0,0,2020-08-01,2020-21,2020-21
Hyundai Elantra,Sales,20,855.0,Aug,0,0,2020-08-01,2020-21,2020-21
Suzuki Cultus,Production,27,18714.0,Aug,960,960,2020-08-01,2020-21,2020-21
Suzuki Cultus,Sales,28,17510.0,Aug,1400,1400,2020-08-01,2020-21,2020-21
Suzuki WagonR,Production,30,12280.0,Aug,483,483,2020-08-01,2020-21,2020-21
Suzuki WagonR,Sales,31,12659.0,Aug,733,733,2020-08-01,2020-21,2020-21
Suzuki Mehran,Production,38,0.0,Aug,0,0,2020-08-01,2020-21,2020-21
Suzuki Mehran,Sales,39,0.0,Aug,0,0,2020-08-01,2020-21,2020-21
Suzuki Bolan,Production,41,8864.0,Aug,539,539,2020-08-01,2020-21,2020-21
Suzuki Bolan,Sales,42,8196.0,Aug,615,615,2020-08-01,2020-21,2020-21
Suzuki Alto,Production,44,35994.0,Aug,750,750,2020-08-01,2020-21,2020-21
Suzuki Alto,Sales,45,37720.0,Aug,2389,2389,2020-08-01,2020-21,2020-21
Honda Cars (Civic & City),Production,7,25081.0,Sep,2261,2261,2020-09-01,2020-21,2020-21
Honda Cars (Civic & City),Sales,8,25276.0,Sep,2293,2293,2020-09-01,2020-21,2020-21
Suzuki Swift,Production,10,2111.0,Sep,421,421,2020-09-01,2020-21,2020-21
Suzuki Swift,Sales,11,2316.0,Sep,252,252,2020-09-01,2020-21,2020-21
Toyota Corolla,Production,13,18552.0,Sep,1203,1203,2020-09-01,2020-21,2020-21
Toyota Corolla,Sales,14,18355.0,Sep,1219,1219,2020-09-01,2020-21,2020-21
Toyota Yaris,Production,16,29127.0,Sep,2426,2426,2020-09-01,2020-21,2020-21
Toyota Yaris,Sales,17,28295.0,Sep,2421,2421,2020-09-01,2020-21,2020-21
Hyundai Elantra,Production,19,1071.0,Sep,0,0,2020-09-01,2020-21,2020-21
Hyundai Elantra,Sales,20,855.0,Sep,0,0,2020-09-01,2020-21,2020-21
Suzuki Cultus,Production,27,18714.0,Sep,863,863,2020-09-01,2020-21,2020-21
Suzuki Cultus,Sales,28,17510.0,Sep,786,786,2020-09-01,2020-21,2020-21
Suzuki WagonR,Production,30,12280.0,Sep,1301,1301,2020-09-01,2020-21,2020-21
Suzuki WagonR,Sales,31,12659.0,Sep,1161,1161,2020-09-01,2020-21,2020-21
Suzuki Mehran,Production,38,0.0,Sep,0,0,2020-09-01,2020-21,2020-21
Suzuki Mehran,Sales,39,0.0,Sep,0,0,2020-09-01,2020-21,2020-21
Suzuki Bolan,Production,41,8864.0,Sep,802,802,2020-09-01,2020-21,2020-21
Suzuki Bolan,Sales,42,8196.0,Sep,624,624,2020-09-01,2020-21,2020-21
Suzuki Alto,Production,44,35994.0,Sep,2840,2840,2020-09-01,2020-21,2020-21
Suzuki Alto,Sales,45,37720.0,Sep,3104,3104,2020-09-01,2020-21,2020-21
Honda Cars (Civic & City),Production,7,25081.0,Oct,1719,1719,2020-10-01,2020-21,2020-21
Honda Cars (Civic & City),Sales,8,25276.0,Oct,1858,1858,2020-10-01,2020-21,2020-21
Suzuki Swift,Production,10,2111.0,Oct,81,81,2020-10-01,2020-21,2020-21
Suzuki Swift,Sales,11,2316.0,Oct,180,180,2020-10-01,2020-21,2020-21
Toyota Corolla,Production,13,18552.0,Oct,1307,1307,2020-10-01,2020-21,2020-21
Toyota Corolla,Sales,14,18355.0,Oct,1314,1314,2020-10-01,2020-21,2020-21
Toyota Yaris,Production,16,29127.0,Oct,3061,3061,2020-10-01,2020-21,2020-21
Toyota Yaris,Sales,17,28295.0,Oct,3058,3058,2020-10-01,2020-21,2020-21
Hyundai Elantra,Production,19,1071.0,Oct,0,0,2020-10-01,2020-21,2020-21
Hyundai Elantra,Sales,20,855.0,Oct,0,0,2020-10-01,2020-21,2020-21
Suzuki Cultus,Production,27,18714.0,Oct,590,590,2020-10-01,2020-21,2020-21
Suzuki Cultus,Sales,28,17510.0,Oct,816,816,2020-10-01,2020-21,2020-21
Suzuki WagonR,Production,30,12280.0,Oct,1351,1351,2020-10-01,2020-21,2020-21
Suzuki WagonR,Sales,31,12659.0,Oct,1198,1198,2020-10-01,2020-21,2020-21
Suzuki Mehran,Production,38,0.0,Oct,0,0,2020-10-01,2020-21,2020-21
Suzuki Mehran,Sales,39,0.0,Oct,0,0,2020-10-01,2020-21,2020-21
Suzuki Bolan,Production,41,8864.0,Oct,757,757,2020-10-01,2020-21,2020-21
Suzuki Bolan,Sales,42,8196.0,Oct,680,680,2020-10-01,2020-21,2020-21
Suzuki Alto,Production,44,35994.0,Oct,2735,2735,2020-10-01,2020-21,2020-21
Suzuki Alto,Sales,45,37720.0,Oct,2893,2893,2020-10-01,2020-21,2020-21
Honda Cars (Civic & City),Production,7,25081.0,Nov,2189,2189,2020-11-01,2020-21,2020-21
Honda Cars (Civic & City),Sales,8,25276.0,Nov,2088,2088,2020-11-01,2020-21,2020-21
Suzuki Swift,Production,10,2111.0,Nov,45,45,2020-11-01,2020-21,2020-21
Suzuki Swift,Sales,11,2316.0,Nov,114,114,2020-11-01,2020-21,2020-21
Toyota Corolla,Production,13,18552.0,Nov,1704,1704,2020-11-01,2020-21,2020-21
Toyota Corolla,Sales,14,18355.0,Nov,1704,1704,2020-11-01,2020-21,2020-21
Toyota Yaris,Production,16,29127.0,Nov,2308,2308,2020-11-01,2020-21,2020-21
Toyota Yaris,Sales,17,28295.0,Nov,2338,2338,2020-11-01,2020-21,2020-21
Hyundai Elantra,Production,19,1071.0,Nov,0,0,2020-11-01,2020-21,2020-21
Hyundai Elantra,Sales,20,855.0,Nov,0,0,2020-11-01,2020-21,2020-21
Suzuki Cultus,Production,27,18714.0,Nov,1753,1753,2020-11-01,2020-21,2020-21
Suzuki Cultus,Sales,28,17510.0,Nov,1517,1517,2020-11-01,2020-21,2020-21
Suzuki WagonR,Production,30,12280.0,Nov,336,336,2020-11-01,2020-21,2020-21
Suzuki WagonR,Sales,31,12659.0,Nov,881,881,2020-11-01,2020-21,2020-21
Suzuki Mehran,Production,38,0.0,Nov,0,0,2020-11-01,2020-21,2020-21
Suzuki Mehran,Sales,39,0.0,Nov,0,0,2020-11-01,2020-21,2020-21
Suzuki Bolan,Production,41,8864.0,Nov,350,350,2020-11-01,2020-21,2020-21
Suzuki Bolan,Sales,42,8196.0,Nov,549,549,2020-11-01,2020-21,2020-21
Suzuki Alto,Production,44,35994.0,Nov,2667,2667,2020-11-01,2020-21,2020-21
Suzuki Alto,Sales,45,37720.0,Nov,2723,2723,2020-11-01,2020-21,2020-21
Honda Cars (Civic & City),Production,7,25081.0,Dec,1470,1470,2020-12-01,2020-21,2020-21
Honda Cars (Civic & City),Sales,8,25276.0,Dec,1529,1529,2020-12-01,2020-21,2020-21
Suzuki Swift,Production,10,2111.0,Dec,0,0,2020-12-01,2020-21,2020-21
Suzuki Swift,Sales,11,2316.0,Dec,74,74,2020-12-01,2020-21,2020-21
Toyota Corolla,Production,13,18552.0,Dec,1829,1829,2020-12-01,2020-21,2020-21
Toyota Corolla,Sales,14,18355.0,Dec,1795,1795,2020-12-01,2020-21,2020-21
Toyota Yaris,Production,16,29127.0,Dec,1440,1440,2020-12-01,2020-21,2020-21
Toyota Yaris,Sales,17,28295.0,Dec,1440,1440,2020-12-01,2020-21,2020-21
Hyundai Elantra,Production,19,1071.0,Dec,0,0,2020-12-01,2020-21,2020-21
Hyundai Elantra,Sales,20,855.0,Dec,0,0,2020-12-01,2020-21,2020-21
Suzuki Cultus,Production,27,18714.0,Dec,1988,1988,2020-12-01,2020-21,2020-21
Suzuki Cultus,Sales,28,17510.0,Dec,1921,1921,2020-12-01,2020-21,2020-21
Suzuki WagonR,Production,30,12280.0,Dec,684,684,2020-12-01,2020-21,2020-21
Suzuki WagonR,Sales,31,12659.0,Dec,939,939,2020-12-01,2020-21,2020-21
Suzuki Mehran,Production,38,0.0,Dec,0,0,2020-12-01,2020-21,2020-21
Suzuki Mehran,Sales,39,0.0,Dec,0,0,2020-12-01,2020-21,2020-21
Suzuki Bolan,Production,41,8864.0,Dec,489,489,2020-12-01,2020-21,2020-21
Suzuki Bolan,Sales,42,8196.0,Dec,595,595,2020-12-01,2020-21,2020-21
Suzuki Alto,Production,44,35994.0,Dec,3614,3614,2020-12-01,2020-21,2020-21
Suzuki Alto,Sales,45,37720.0,Dec,2954,2954,2020-12-01,2020-21,2020-21
Honda Cars (Civic & City),Production,7,25081.0,Jan,1977,1977,2021-01-01,2020-21,2020-21
Honda Cars (Civic & City),Sales,8,25276.0,Jan,2063,2063,2021-01-01,2020-21,2020-21
Suzuki Swift,Production,10,2111.0,Jan,503,503,2021-01-01,2020-21,2020-21
Suzuki Swift,Sales,11,2316.0,Jan,364,364,2021-01-01,2020-21,2020-21
Toyota Corolla,Production,13,18552.0,Jan,1510,1510,2021-01-01,2020-21,2020-21
Toyota Corolla,Sales,14,18355.0,Jan,1525,1525,2021-01-01,2020-21,2020-21
Toyota Yaris,Production,16,29127.0,Jan,3005,3005,2021-01-01,2020-21,2020-21
Toyota Yaris,Sales,17,28295.0,Jan,2992,2992,2021-01-01,2020-21,2020-21
Hyundai Elantra,Production,19,1071.0,Jan,0,0,2021-01-01,2020-21,2020-21
Hyundai Elantra,Sales,20,855.0,Jan,0,0,2021-01-01,2020-21,2020-21
Suzuki Cultus,Production,27,18714.0,Jan,1012,1012,2021-01-01,2020-21,2020-21
Suzuki Cultus,Sales,28,17510.0,Jan,1470,1470,2021-01-01,2020-21,2020-21
Suzuki WagonR,Production,30,12280.0,Jan,1127,1127,2021-01-01,2020-21,2020-21
Suzuki WagonR,Sales,31,12659.0,Jan,1316,1316,2021-01-01,2020-21,2020-21
Suzuki Mehran,Production,38,0.0,Jan,0,0,2021-01-01,2020-21,2020-21
Suzuki Mehran,Sales,39,0.0,Jan,0,0,2021-01-01,2020-21,2020-21
Suzuki Bolan,Production,41,8864.0,Jan,1045,1045,2021-01-01,2020-21,2020-21
Suzuki Bolan,Sales,42,8196.0,Jan,986,986,2021-01-01,2020-21,2020-21
Suzuki Alto,Production,44,35994.0,Jan,3647,3647,2021-01-01,2020-21,2020-21
Suzuki Alto,Sales,45,37720.0,Jan,3827,3827,2021-01-01,2020-21,2020-21
Honda Cars (Civic & City),Production,7,25081.0,Feb,2208,2208,2021-02-01,2020-21,2020-21
Honda Cars (Civic & City),Sales,8,25276.0,Feb,2192,2192,2021-02-01,2020-21,2020-21
Suzuki Swift,Production,10,2111.0,Feb,144,144,2021-02-01,2020-21,2020-21
Suzuki Swift,Sales,11,2316.0,Feb,179,179,2021-02-01,2020-21,2020-21
Toyota Corolla,Production,13,18552.0,Feb,1159,1159,2021-02-01,2020-21,2020-21
Toyota Corolla,Sales,14,18355.0,Feb,1177,1177,2021-02-01,2020-21,2020-21
Toyota Yaris,Production,16,29127.0,Feb,2551,2551,2021-02-01,2020-21,2020-21
Toyota Yaris,Sales,17,28295.0,Feb,2566,2566,2021-02-01,2020-21,2020-21
Hyundai Elantra,Production,19,1071.0,Feb,0,0,2021-02-01,2020-21,2020-21
Hyundai Elantra,Sales,20,855.0,Feb,0,0,2021-02-01,2020-21,2020-21
Suzuki Cultus,Production,27,18714.0,Feb,1379,1379,2021-02-01,2020-21,2020-21
Suzuki Cultus,Sales,28,17510.0,Feb,1484,1484,2021-02-01,2020-21,2020-21
Suzuki WagonR,Production,30,12280.0,Feb,708,708,2021-02-01,2020-21,2020-21
Suzuki WagonR,Sales,31,12659.0,Feb,814,814,2021-02-01,2020-21,2020-21
Suzuki Mehran,Production,38,0.0,Feb,0,0,2021-02-01,2020-21,2020-21
Suzuki Mehran,Sales,39,0.0,Feb,0,0,2021-02-01,2020-21,2020-21
Suzuki Bolan,Production,41,8864.0,Feb,885,885,2021-02-01,2020-21,2020-21
Suzuki Bolan,Sales,42,8196.0,Feb,913,913,2021-02-01,2020-21,2020-21
Suzuki Alto,Production,44,35994.0,Feb,4096,4096,2021-02-01,2020-21,2020-21
Suzuki Alto,Sales,45,37720.0,Feb,4245,4245,2021-02-01,2020-21,2020-21
Honda Cars (Civic & City),Production,7,25081.0,Mar,2573,2573,2021-03-01,2020-21,2020-21
Honda Cars (Civic & City),Sales,8,25276.0,Mar,2603,2603,2021-03-01,2020-21,2020-21
Suzuki Swift,Production,10,2111.0,Mar,456,456,2021-03-01,2020-21,2020-21
Suzuki Swift,Sales,11,2316.0,Mar,355,355,2021-03-01,2020-21,2020-21
Toyota Corolla,Production,13,18552.0,Mar,2150,2150,2021-03-01,2020-21,2020-21
Toyota Corolla,Sales,14,18355.0,Mar,2126,2126,2021-03-01,2020-21,2020-21
Toyota Yaris,Production,16,29127.0,Mar,3353,3353,2021-03-01,2020-21,2020-21
Toyota Yaris,Sales,17,28295.0,Mar,3317,3317,2021-03-01,2020-21,2020-21
Hyundai Elantra,Production,19,1071.0,Mar,248,248,2021-03-01,2020-21,2020-21
Hyundai Elantra,Sales,20,855.0,Mar,46,46,2021-03-01,2020-21,2020-21
Suzuki Cultus,Production,27,18714.0,Mar,1716,1716,2021-03-01,2020-21,2020-21
Suzuki Cultus,Sales,28,17510.0,Mar,1637,1637,2021-03-01,2020-21,2020-21
Suzuki WagonR,Production,30,12280.0,Mar,1246,1246,2021-03-01,2020-21,2020-21
Suzuki WagonR,Sales,31,12659.0,Mar,1259,1259,2021-03-01,2020-21,2020-21
Suzuki Mehran,Production,38,0.0,Mar,0,0,2021-03-01,2020-21,2020-21
Suzuki Mehran,Sales,39,0.0,Mar,0,0,2021-03-01,2020-21,2020-21
Suzuki Bolan,Production,41,8864.0,Mar,996,996,2021-03-01,2020-21,2020-21
Suzuki Bolan,Sales,42,8196.0,Mar,1017,1017,2021-03-01,2020-21,2020-21
Suzuki Alto,Production,44,35994.0,Mar,4704,4704,2021-03-01,2020-21,2020-21
Suzuki Alto,Sales,45,37720.0,Mar,4745,4745,2021-03-01,2020-21,2020-21
Honda Cars (Civic & City),Production,7,25081.0,Apr,2091,2091,2021-04-01,2020-21,2020-21
Honda Cars (Civic & City),Sales,8,25276.0,Apr,2053,2053,2021-04-01,2020-21,2020-21
Suzuki Swift,Production,10,2111.0,Apr,0,0,2021-04-01,2020-21,2020-21
Suzuki Swift,Sales,11,2316.0,Apr,181,181,2021-04-01,2020-21,2020-21
Toyota Corolla,Production,13,18552.0,Apr,1687,1687,2021-04-01,2020-21,2020-21
Toyota Corolla,Sales,14,18355.0,Apr,1724,1724,2021-04-01,2020-21,2020-21
Toyota Yaris,Production,16,29127.0,Apr,2603,2603,2021-04-01,2020-21,2020-21
Toyota Yaris,Sales,17,28295.0,Apr,2600,2600,2021-04-01,2020-21,2020-21
Hyundai Elantra,Production,19,1071.0,Apr,203,203,2021-04-01,2020-21,2020-21
Hyundai Elantra,Sales,20,855.0,Apr,280,280,2021-04-01,2020-21,2020-21
Suzuki Cultus,Production,27,18714.0,Apr,1281,1281,2021-04-01,2020-21,2020-21
Suzuki Cultus,Sales,28,17510.0,Apr,1312,1312,2021-04-01,2020-21,2020-21
Suzuki WagonR,Production,30,12280.0,Apr,2117,2117,2021-04-01,2020-21,2020-21
Suzuki WagonR,Sales,31,12659.0,Apr,1447,1447,2021-04-01,2020-21,2020-21
Suzuki Mehran,Production,38,0.0,Apr,0,0,2021-04-01,2020-21,2020-21
Suzuki Mehran,Sales,39,0.0,Apr,0,0,2021-04-01,2020-21,2020-21
Suzuki Bolan,Production,41,8864.0,Apr,766,766,2021-04-01,2020-21,2020-21
Suzuki Bolan,Sales,42,8196.0,Apr,747,747,2021-04-01,2020-21,2020-21
Suzuki Alto,Production,44,35994.0,Apr,3668,3668,2021-04-01,2020-21,2020-21
Suzuki Alto,Sales,45,37720.0,Apr,4091,4091,2021-04-01,2020-21,2020-21
Honda Cars (Civic & City),Production,7,25081.0,May,1555,1555,2021-05-01,2020-21,2020-21
Honda Cars (Civic & City),Sales,8,25276.0,May,1581,1581,2021-05-01,2020-21,2020-21
Suzuki Swift,Production,10,2111.0,May,0,0,2021-05-01,2020-21,2020-21
Suzuki Swift,Sales,11,2316.0,May,31,31,2021-05-01,2020-21,2020-21
Toyota Corolla,Production,13,18552.0,May,1527,1527,2021-05-01,2020-21,2020-21
Toyota Corolla,Sales,14,18355.0,May,1514,1514,2021-05-01,2020-21,2020-21
Toyota Yaris,Production,16,29127.0,May,2145,2145,2021-05-01,2020-21,2020-21
Toyota Yaris,Sales,17,28295.0,May,2099,2099,2021-05-01,2020-21,2020-21
Hyundai Elantra,Production,19,1071.0,May,279,279,2021-05-01,2020-21,2020-21
Hyundai Elantra,Sales,20,855.0,May,259,259,2021-05-01,2020-21,2020-21
Suzuki Cultus,Production,27,18714.0,May,2347,2347,2021-05-01,2020-21,2020-21
Suzuki Cultus,Sales,28,17510.0,May,1820,1820,2021-05-01,2020-21,2020-21
Suzuki WagonR,Production,30,12280.0,May,953,953,2021-05-01,2020-21,2020-21
Suzuki WagonR,Sales,31,12659.0,May,1491,1491,2021-05-01,2020-21,2020-21
Suzuki Mehran,Production,38,0.0,May,0,0,2021-05-01,2020-21,2020-21
Suzuki Mehran,Sales,39,0.0,May,0,0,2021-05-01,2020-21,2020-21
Suzuki Bolan,Production,41,8864.0,May,563,563,2021-05-01,2020-21,2020-21
Suzuki Bolan,Sales,42,8196.0,May,764,764,2021-05-01,2020-21,2020-21
Suzuki Alto,Production,44,35994.0,May,3416,3416,2021-05-01,2020-21,2020-21
Suzuki Alto,Sales,45,37720.0,May,3375,3375,2021-05-01,2020-21,2020-21
Honda Cars (Civic & City),Production,7,25081.0,Jun,2980,2980,2021-06-01,2020-21,2020-21
Honda Cars (Civic & City),Sales,8,25276.0,Jun,2826,2826,2021-06-01,2020-21,2020-21
Suzuki Swift,Production,10,2111.0,Jun,296,296,2021-06-01,2020-21,2020-21
Suzuki Swift,Sales,11,2316.0,Jun,208,208,2021-06-01,2020-21,2020-21
Toyota Corolla,Production,13,18552.0,Jun,2079,2079,2021-06-01,2020-21,2020-21
Toyota Corolla,Sales,14,18355.0,Jun,1862,1862,2021-06-01,2020-21,2020-21
Toyota Yaris,Production,16,29127.0,Jun,2716,2716,2021-06-01,2020-21,2020-21
Toyota Yaris,Sales,17,28295.0,Jun,1876,1876,2021-06-01,2020-21,2020-21
Hyundai Elantra,Production,19,1071.0,Jun,341,341,2021-06-01,2020-21,2020-21
Hyundai Elantra,Sales,20,855.0,Jun,270,270,2021-06-01,2020-21,2020-21
Suzuki Cultus,Production,27,18714.0,Jun,3397,3397,2021-06-01,2020-21,2020-21
Suzuki Cultus,Sales,28,17510.0,Jun,2270,2270,2021-06-01,2020-21,2020-21
Suzuki WagonR,Production,30,12280.0,Jun,1674,1674,2021-06-01,2020-21,2020-21
Suzuki WagonR,Sales,31,12659.0,Jun,854,854,2021-06-01,2020-21,2020-21
Suzuki Mehran,Production,38,0.0,Jun,0,0,2021-06-01,2020-21,2020-21
Suzuki Mehran,Sales,39,0.0,Jun,0,0,2021-06-01,2020-21,2020-21
Suzuki Bolan,Production,41,8864.0,Jun,942,942,2021-06-01,2020-21,2020-21
Suzuki Bolan,Sales,42,8196.0,Jun,187,187,2021-06-01,2020-21,2020-21
Suzuki Alto,Production,44,35994.0,Jun,3729,3729,2021-06-01,2020-21,2020-21
Suzuki Alto,Sales,45,37720.0,Jun,1216,1216,2021-06-01,2020-21,2020-21
Honda Cars (Civic & City),Production,7,35079.0,Jul,1856,1856,2021-07-01,2021-22,2021-22
Honda Cars (Civic & City),Sales,8,35197.0,Jul,1700,1700,2021-07-01,2021-22,2021-22
Suzuki Swift,Production,10,6425.0,Jul,191,191,2021-07-01,2021-22,2021-22
Suzuki Swift,Sales,11,6190.0,Jul,225,225,2021-07-01,2021-22,2021-22
Toyota (Corolla & Yaris),Production,13,55383.0,Jul,4181,4181,2021-07-01,2021-22,2021-22
Toyota (Corolla & Yaris),Sales,14,56528.0,Jul,5020,5020,2021-07-01,2021-22,2021-22
Hyundai Elantra,Production,16,3748.0,Jul,91,91,2021-07-01,2021-22,2021-22
Hyundai Elantra,Sales,17,3610.0,Jul,157,157,2021-07-01,2021-22,2021-22
Hyundai Sonata,Production,19,2920.0,Jul,209,209,2021-07-01,2021-22,2021-22
Hyundai Sonata,Sales,20,2782.0,Jul,163,163,2021-07-01,2021-22,2021-22
BAIC D20,Production,22,18.0,Jul,2,2,2021-07-01,2021-22,2021-22
BAIC D20,Sales,23,14.0,Jul,0,0,2021-07-01,2021-22,2021-22
Suzuki Cultus,Production,30,21510.0,Jul,3051,3051,2021-07-01,2021-22,2021-22
Suzuki Cultus,Sales,31,23169.0,Jul,4213,4213,2021-07-01,2021-22,2021-22
Suzuki WagonR,Production,33,21949.0,Jul,1457,1457,2021-07-01,2021-22,2021-22
Suzuki WagonR,Sales,34,23131.0,Jul,2131,2131,2021-07-01,2021-22,2021-22
Suzuki Bolan,Production,41,11528.0,Jul,396,396,2021-07-01,2021-22,2021-22
Suzuki Bolan,Sales,42,12361.0,Jul,950,950,2021-07-01,2021-22,2021-22
Suzuki Alto,Production,44,67873.0,Jul,3893,3893,2021-07-01,2021-22,2021-22
Suzuki Alto,Sales,45,71198.0,Jul,6110,6110,2021-07-01,2021-22,2021-22
Honda Cars (Civic & City),Production,7,35079.0,Aug,2593,2593,2021-08-01,2021-22,2021-22
Honda Cars (Civic & City),Sales,8,35197.0,Aug,2726,2726,2021-08-01,2021-22,2021-22
Suzuki Swift,Production,10,6425.0,Aug,191,191,2021-08-01,2021-22,2021-22
Suzuki Swift,Sales,11,6190.0,Aug,154,154,2021-08-01,2021-22,2021-22
Toyota (Corolla & Yaris),Production,13,55383.0,Aug,3801,3801,2021-08-01,2021-22,2021-22
Toyota (Corolla & Yaris),Sales,14,56528.0,Aug,3967,3967,2021-08-01,2021-22,2021-22
Hyundai Elantra,Production,16,3748.0,Aug,295,295,2021-08-01,2021-22,2021-22
Hyundai Elantra,Sales,17,3610.0,Aug,258,258,2021-08-01,2021-22,2021-22
Hyundai Sonata,Production,19,2920.0,Aug,168,168,2021-08-01,2021-22,2021-22
Hyundai Sonata,Sales,20,2782.0,Aug,142,142,2021-08-01,2021-22,2021-22
BAIC D20,Production,22,18.0,Aug,0,0,2021-08-01,2021-22,2021-22
BAIC D20,Sales,23,14.0,Aug,0,0,2021-08-01,2021-22,2021-22
Suzuki Cultus,Production,30,21510.0,Aug,2907,2907,2021-08-01,2021-22,2021-22
Suzuki Cultus,Sales,31,23169.0,Aug,2845,2845,2021-08-01,2021-22,2021-22
Suzuki WagonR,Production,33,21949.0,Aug,1690,1690,2021-08-01,2021-22,2021-22
Suzuki WagonR,Sales,34,23131.0,Aug,1679,1679,2021-08-01,2021-22,2021-22
Suzuki Bolan,Production,41,11528.0,Aug,1196,1196,2021-08-01,2021-22,2021-22
Suzuki Bolan,Sales,42,12361.0,Aug,1097,1097,2021-08-01,2021-22,2021-22
Suzuki Alto,Production,44,67873.0,Aug,4552,4552,2021-08-01,2021-22,2021-22
Suzuki Alto,Sales,45,71198.0,Aug,5031,5031,2021-08-01,2021-22,2021-22
Honda Cars (Civic & City),Production,7,35079.0,Sep,3263,3263,2021-09-01,2021-22,2021-22
Honda Cars (Civic & City),Sales,8,35197.0,Sep,3367,3367,2021-09-01,2021-22,2021-22
Suzuki Swift,Production,10,6425.0,Sep,3,3,2021-09-01,2021-22,2021-22
Suzuki Swift,Sales,11,6190.0,Sep,87,87,2021-09-01,2021-22,2021-22
Toyota (Corolla & Yaris),Production,13,55383.0,Sep,5006,5006,2021-09-01,2021-22,2021-22
Toyota (Corolla & Yaris),Sales,14,56528.0,Sep,4849,4849,2021-09-01,2021-22,2021-22
Hyundai Elantra,Production,16,3748.0,Sep,225,225,2021-09-01,2021-22,2021-22
Hyundai Elantra,Sales,17,3610.0,Sep,309,309,2021-09-01,2021-22,2021-22
Hyundai Sonata,Production,19,2920.0,Sep,187,187,2021-09-01,2021-22,2021-22
Hyundai Sonata,Sales,20,2782.0,Sep,191,191,2021-09-01,2021-22,2021-22
BAIC D20,Production,22,18.0,Sep,0,0,2021-09-01,2021-22,2021-22
BAIC D20,Sales,23,14.0,Sep,0,0,2021-09-01,2021-22,2021-22
Suzuki Cultus,Production,30,21510.0,Sep,2787,2787,2021-09-01,2021-22,2021-22
Suzuki Cultus,Sales,31,23169.0,Sep,3056,3056,2021-09-01,2021-22,2021-22
Suzuki WagonR,Production,33,21949.0,Sep,1806,1806,2021-09-01,2021-22,2021-22
Suzuki WagonR,Sales,34,23131.0,Sep,1678,1678,2021-09-01,2021-22,2021-22
Suzuki Bolan,Production,41,11528.0,Sep,809,809,2021-09-01,2021-22,2021-22
Suzuki Bolan,Sales,42,12361.0,Sep,894,894,2021-09-01,2021-22,2021-22
Suzuki Alto,Production,44,67873.0,Sep,4946,4946,2021-09-01,2021-22,2021-22
Suzuki Alto,Sales,45,71198.0,Sep,4540,4540,2021-09-01,2021-22,2021-22
Honda Cars (Civic & City),Production,7,35079.0,Oct,2599,2599,2021-10-01,2021-22,2021-22
Honda Cars (Civic & City),Sales,8,35197.0,Oct,2651,2651,2021-10-01,2021-22,2021-22
Suzuki Swift,Production,10,6425.0,Oct,0,0,2021-10-01,2021-22,2021-22
Suzuki Swift,Sales,11,6190.0,Oct,23,23,2021-10-01,2021-22,2021-22
Toyota (Corolla & Yaris),Production,13,55383.0,Oct,5107,5107,2021-10-01,2021-22,2021-22
Toyota (Corolla & Yaris),Sales,14,56528.0,Oct,5378,5378,2021-10-01,2021-22,2021-22
Hyundai Elantra,Production,16,3748.0,Oct,307,307,2021-10-01,2021-22,2021-22
Hyundai Elantra,Sales,17,3610.0,Oct,312,312,2021-10-01,2021-22,2021-22
Hyundai Sonata,Production,19,2920.0,Oct,241,241,2021-10-01,2021-22,2021-22
Hyundai Sonata,Sales,20,2782.0,Oct,255,255,2021-10-01,2021-22,2021-22
BAIC D20,Production,22,18.0,Oct,0,0,2021-10-01,2021-22,2021-22
BAIC D20,Sales,23,14.0,Oct,0,0,2021-10-01,2021-22,2021-22
Suzuki Cultus,Production,30,21510.0,Oct,1264,1264,2021-10-01,2021-22,2021-22
Suzuki Cultus,Sales,31,23169.0,Oct,1340,1340,2021-10-01,2021-22,2021-22
Suzuki WagonR,Production,33,21949.0,Oct,1183,1183,2021-10-01,2021-22,2021-22
Suzuki WagonR,Sales,34,23131.0,Oct,1291,1291,2021-10-01,2021-22,2021-22
Suzuki Bolan,Production,41,11528.0,Oct,1347,1347,2021-10-01,2021-22,2021-22
Suzuki Bolan,Sales,42,12361.0,Oct,1071,1071,2021-10-01,2021-22,2021-22
Suzuki Alto,Production,44,67873.0,Oct,4654,4654,2021-10-01,2021-22,2021-22
Suzuki Alto,Sales,45,71198.0,Oct,5092,5092,2021-10-01,2021-22,2021-22
Honda Cars (Civic & City),Production,7,35079.0,Nov,2777,2777,2021-11-01,2021-22,2021-22
Honda Cars (Civic & City),Sales,8,35197.0,Nov,2771,2771,2021-11-01,2021-22,2021-22
Suzuki Swift,Production,10,6425.0,Nov,0,0,2021-11-01,2021-22,2021-22
Suzuki Swift,Sales,11,6190.0,Nov,6,6,2021-11-01,2021-22,2021-22
Toyota (Corolla & Yaris),Production,13,55383.0,Nov,4904,4904,2021-11-01,2021-22,2021-22
Toyota (Corolla & Yaris),Sales,14,56528.0,Nov,4761,4761,2021-11-01,2021-22,2021-22
Hyundai Elantra,Production,16,3748.0,Nov,224,224,2021-11-01,2021-22,2021-22
Hyundai Elantra,Sales,17,3610.0,Nov,244,244,2021-11-01,2021-22,2021-22
Hyundai Sonata,Production,19,2920.0,Nov,326,326,2021-11-01,2021-22,2021-22
Hyundai Sonata,Sales,20,2782.0,Nov,320,320,2021-11-01,2021-22,2021-22
BAIC D20,Production,22,18.0,Nov,2,2,2021-11-01,2021-22,2021-22
BAIC D20,Sales,23,14.0,Nov,0,0,2021-11-01,2021-22,2021-22
Suzuki Cultus,Production,30,21510.0,Nov,1703,1703,2021-11-01,2021-22,2021-22
Suzuki Cultus,Sales,31,23169.0,Nov,1651,1651,2021-11-01,2021-22,2021-22
Suzuki WagonR,Production,33,21949.0,Nov,2126,2126,2021-11-01,2021-22,2021-22
Suzuki WagonR,Sales,34,23131.0,Nov,1989,1989,2021-11-01,2021-22,2021-22
Suzuki Bolan,Production,41,11528.0,Nov,1234,1234,2021-11-01,2021-22,2021-22
Suzuki Bolan,Sales,42,12361.0,Nov,1189,1189,2021-11-01,2021-22,2021-22
Suzuki Alto,Production,44,67873.0,Nov,3333,3333,2021-11-01,2021-22,2021-22
Suzuki Alto,Sales,45,71198.0,Nov,2420,2420,2021-11-01,2021-22,2021-22
Honda Cars (Civic & City),Production,7,35079.0,Dec,4399,4399,2021-12-01,2021-22,2021-22
Honda Cars (Civic & City),Sales,8,35197.0,Dec,4405,4405,2021-12-01,2021-22,2021-22
Suzuki Swift,Production,10,6425.0,Dec,0,0,2021-12-01,2021-22,2021-22
Suzuki Swift,Sales,11,6190.0,Dec,2,2,2021-12-01,2021-22,2021-22
Toyota (Corolla & Yaris),Production,13,55383.0,Dec,5052,5052,2021-12-01,2021-22,2021-22
Toyota (Corolla & Yaris),Sales,14,56528.0,Dec,5151,5151,2021-12-01,2021-22,2021-22
Hyundai Elantra,Production,16,3748.0,Dec,180,180,2021-12-01,2021-22,2021-22
Hyundai Elantra,Sales,17,3610.0,Dec,228,228,2021-12-01,2021-22,2021-22
Hyundai Sonata,Production,19,2920.0,Dec,112,112,2021-12-01,2021-22,2021-22
Hyundai Sonata,Sales,20,2782.0,Dec,169,169,2021-12-01,2021-22,2021-22
BAIC D20,Production,22,18.0,Dec,9,9,2021-12-01,2021-22,2021-22
BAIC D20,Sales,23,14.0,Dec,9,9,2021-12-01,2021-22,2021-22
Suzuki Cultus,Production,30,21510.0,Dec,1183,1183,2021-12-01,2021-22,2021-22
Suzuki Cultus,Sales,31,23169.0,Dec,1411,1411,2021-12-01,2021-22,2021-22
Suzuki WagonR,Production,33,21949.0,Dec,2156,2156,2021-12-01,2021-22,2021-22
Suzuki WagonR,Sales,34,23131.0,Dec,2861,2861,2021-12-01,2021-22,2021-22
Suzuki Bolan,Production,41,11528.0,Dec,969,969,2021-12-01,2021-22,2021-22
Suzuki Bolan,Sales,42,12361.0,Dec,1040,1040,2021-12-01,2021-22,2021-22
Suzuki Alto,Production,44,67873.0,Dec,8108,8108,2021-12-01,2021-22,2021-22
Suzuki Alto,Sales,45,71198.0,Dec,9195,9195,2021-12-01,2021-22,2021-22
Honda Cars (Civic & City),Production,7,35079.0,Jan,3830,3830,2022-01-01,2021-22,2021-22
Honda Cars (Civic & City),Sales,8,35197.0,Jan,3646,3646,2022-01-01,2021-22,2021-22
Suzuki Swift,Production,10,6425.0,Jan,0,0,2022-01-01,2021-22,2021-22
Suzuki Swift,Sales,11,6190.0,Jan,0,0,2022-01-01,2021-22,2021-22
Toyota (Corolla & Yaris),Production,13,55383.0,Jan,5620,5620,2022-01-01,2021-22,2021-22
Toyota (Corolla & Yaris),Sales,14,56528.0,Jan,5528,5528,2022-01-01,2021-22,2021-22
Hyundai Elantra,Production,16,3748.0,Jan,237,237,2022-01-01,2021-22,2021-22
Hyundai Elantra,Sales,17,3610.0,Jan,109,109,2022-01-01,2021-22,2021-22
Hyundai Sonata,Production,19,2920.0,Jan,329,329,2022-01-01,2021-22,2021-22
Hyundai Sonata,Sales,20,2782.0,Jan,172,172,2022-01-01,2021-22,2021-22
BAIC D20,Production,22,18.0,Jan,1,1,2022-01-01,2021-22,2021-22
BAIC D20,Sales,23,14.0,Jan,1,1,2022-01-01,2021-22,2021-22
Suzuki Cultus,Production,30,21510.0,Jan,1324,1324,2022-01-01,2021-22,2021-22
Suzuki Cultus,Sales,31,23169.0,Jan,1172,1172,2022-01-01,2021-22,2021-22
Suzuki WagonR,Production,33,21949.0,Jan,2052,2052,2022-01-01,2021-22,2021-22
Suzuki WagonR,Sales,34,23131.0,Jan,1537,1537,2022-01-01,2021-22,2021-22
Suzuki Bolan,Production,41,11528.0,Jan,1242,1242,2022-01-01,2021-22,2021-22
Suzuki Bolan,Sales,42,12361.0,Jan,956,956,2022-01-01,2021-22,2021-22
Suzuki Alto,Production,44,67873.0,Jan,3721,3721,2022-01-01,2021-22,2021-22
Suzuki Alto,Sales,45,71198.0,Jan,3864,3864,2022-01-01,2021-22,2021-22
Honda Cars (Civic & City),Production,7,35079.0,Feb,2264,2264,2022-02-01,2021-22,2021-22
Honda Cars (Civic & City),Sales,8,35197.0,Feb,2286,2286,2022-02-01,2021-22,2021-22
Suzuki Swift,Production,10,6425.0,Feb,0,0,2022-02-01,2021-22,2021-22
Suzuki Swift,Sales,11,6190.0,Feb,0,0,2022-02-01,2021-22,2021-22
Toyota (Corolla & Yaris),Production,13,55383.0,Feb,3497,3497,2022-02-01,2021-22,2021-22
Toyota (Corolla & Yaris),Sales,14,56528.0,Feb,3646,3646,2022-02-01,2021-22,2021-22
Hyundai Elantra,Production,16,3748.0,Feb,254,254,2022-02-01,2021-22,2021-22
Hyundai Elantra,Sales,17,3610.0,Feb,312,312,2022-02-01,2021-22,2021-22
Hyundai Sonata,Production,19,2920.0,Feb,208,208,2022-02-01,2021-22,2021-22
Hyundai Sonata,Sales,20,2782.0,Feb,226,226,2022-02-01,2021-22,2021-22
BAIC D20,Production,22,18.0,Feb,1,1,2022-02-01,2021-22,2021-22
BAIC D20,Sales,23,14.0,Feb,1,1,2022-02-01,2021-22,2021-22
Suzuki Cultus,Production,30,21510.0,Feb,1940,1940,2022-02-01,2021-22,2021-22
Suzuki Cultus,Sales,31,23169.0,Feb,1692,1692,2022-02-01,2021-22,2021-22
Suzuki WagonR,Production,33,21949.0,Feb,1701,1701,2022-02-01,2021-22,2021-22
Suzuki WagonR,Sales,34,23131.0,Feb,1646,1646,2022-02-01,2021-22,2021-22
Suzuki Bolan,Production,41,11528.0,Feb,840,840,2022-02-01,2021-22,2021-22
Suzuki Bolan,Sales,42,12361.0,Feb,1070,1070,2022-02-01,2021-22,2021-22
Suzuki Alto,Production,44,67873.0,Feb,7558,7558,2022-02-01,2021-22,2021-22
Suzuki Alto,Sales,45,71198.0,Feb,7175,7175,2022-02-01,2021-22,2021-22
Honda Cars (Civic & City),Production,7,35079.0,Mar,3253,3253,2022-03-01,2021-22,2021-22
Honda Cars (Civic & City),Sales,8,35197.0,Mar,3278,3278,2022-03-01,2021-22,2021-22
Suzuki Swift,Production,10,6425.0,Mar,0,0,2022-03-01,2021-22,2021-22
Suzuki Swift,Sales,11,6190.0,Mar,0,0,2022-03-01,2021-22,2021-22
Toyota (Corolla & Yaris),Production,13,55383.0,Mar,5620,5620,2022-03-01,2021-22,2021-22
Toyota (Corolla & Yaris),Sales,14,56528.0,Mar,5395,5395,2022-03-01,2021-22,2021-22
Hyundai Elantra,Production,16,3748.0,Mar,469,469,2022-03-01,2021-22,2021-22
Hyundai Elantra,Sales,17,3610.0,Mar,357,357,2022-03-01,2021-22,2021-22
Hyundai Sonata,Production,19,2920.0,Mar,193,193,2022-03-01,2021-22,2021-22
Hyundai Sonata,Sales,20,2782.0,Mar,250,250,2022-03-01,2021-22,2021-22
BAIC D20,Production,22,18.0,Mar,0,0,2022-03-01,2021-22,2021-22
BAIC D20,Sales,23,14.0,Mar,0,0,2022-03-01,2021-22,2021-22
Suzuki Cultus,Production,30,21510.0,Mar,623,623,2022-03-01,2021-22,2021-22
Suzuki Cultus,Sales,31,23169.0,Mar,306,306,2022-03-01,2021-22,2021-22
Suzuki WagonR,Production,33,21949.0,Mar,2030,2030,2022-03-01,2021-22,2021-22
Suzuki WagonR,Sales,34,23131.0,Mar,2104,2104,2022-03-01,2021-22,2021-22
Suzuki Bolan,Production,41,11528.0,Mar,1017,1017,2022-03-01,2021-22,2021-22
Suzuki Bolan,Sales,42,12361.0,Mar,1295,1295,2022-03-01,2021-22,2021-22
Suzuki Alto,Production,44,67873.0,Mar,9693,9693,2022-03-01,2021-22,2021-22
Suzuki Alto,Sales,45,71198.0,Mar,9814,9814,2022-03-01,2021-22,2021-22
Honda Cars (Civic & City),Production,7,35079.0,Apr,2131,2131,2022-04-01,2021-22,2021-22
Honda Cars (Civic & City),Sales,8,35197.0,Apr,2265,2265,2022-04-01,2021-22,2021-22
Suzuki Swift,Production,10,6425.0,Apr,3346,3346,2022-04-01,2021-22,2021-22
Suzuki Swift,Sales,11,6190.0,Apr,2273,2273,2022-04-01,2021-22,2021-22
Toyota (Corolla & Yaris),Production,13,55383.0,Apr,4058,4058,2022-04-01,2021-22,2021-22
Toyota (Corolla & Yaris),Sales,14,56528.0,Apr,4117,4117,2022-04-01,2021-22,2021-22
Hyundai Elantra,Production,16,3748.0,Apr,322,322,2022-04-01,2021-22,2021-22
Hyundai Elantra,Sales,17,3610.0,Apr,240,240,2022-04-01,2021-22,2021-22
Hyundai Sonata,Production,19,2920.0,Apr,238,238,2022-04-01,2021-22,2021-22
Hyundai Sonata,Sales,20,2782.0,Apr,293,293,2022-04-01,2021-22,2021-22
BAIC D20,Production,22,18.0,Apr,1,1,2022-04-01,2021-22,2021-22
BAIC D20,Sales,23,14.0,Apr,1,1,2022-04-01,2021-22,2021-22
Suzuki Cultus,Production,30,21510.0,Apr,1178,1178,2022-04-01,2021-22,2021-22
Suzuki Cultus,Sales,31,23169.0,Apr,1745,1745,2022-04-01,2021-22,2021-22
Suzuki WagonR,Production,33,21949.0,Apr,1791,1791,2022-04-01,2021-22,2021-22
Suzuki WagonR,Sales,34,23131.0,Apr,1823,1823,2022-04-01,2021-22,2021-22
Suzuki Bolan,Production,41,11528.0,Apr,581,581,2022-04-01,2021-22,2021-22
Suzuki Bolan,Sales,42,12361.0,Apr,860,860,2022-04-01,2021-22,2021-22
Suzuki Alto,Production,44,67873.0,Apr,4609,4609,2022-04-01,2021-22,2021-22
Suzuki Alto,Sales,45,71198.0,Apr,5009,5009,2022-04-01,2021-22,2021-22
Honda Cars (Civic & City),Production,7,35079.0,May,2679,2679,2022-05-01,2021-22,2021-22
Honda Cars (Civic & City),Sales,8,35197.0,May,2681,2681,2022-05-01,2021-22,2021-22
Suzuki Swift,Production,10,6425.0,May,1340,1340,2022-05-01,2021-22,2021-22
Suzuki Swift,Sales,11,6190.0,May,1744,1744,2022-05-01,2021-22,2021-22
Toyota (Corolla & Yaris),Production,13,55383.0,May,4241,4241,2022-05-01,2021-22,2021-22
Toyota (Corolla & Yaris),Sales,14,56528.0,May,4263,4263,2022-05-01,2021-22,2021-22
Hyundai Elantra,Production,16,3748.0,May,444,444,2022-05-01,2021-22,2021-22
Hyundai Elantra,Sales,17,3610.0,May,594,594,2022-05-01,2021-22,2021-22
Hyundai Sonata,Production,19,2920.0,May,574,574,2022-05-01,2021-22,2021-22
Hyundai Sonata,Sales,20,2782.0,May,400,400,2022-05-01,2021-22,2021-22
BAIC D20,Production,22,18.0,May,1,1,2022-05-01,2021-22,2021-22
BAIC D20,Sales,23,14.0,May,1,1,2022-05-01,2021-22,2021-22
Suzuki Cultus,Production,30,21510.0,May,1186,1186,2022-05-01,2021-22,2021-22
Suzuki Cultus,Sales,31,23169.0,May,1270,1270,2022-05-01,2021-22,2021-22
Suzuki WagonR,Production,33,21949.0,May,2195,2195,2022-05-01,2021-22,2021-22
Suzuki WagonR,Sales,34,23131.0,May,2258,2258,2022-05-01,2021-22,2021-22
Suzuki Bolan,Production,41,11528.0,May,801,801,2022-05-01,2021-22,2021-22
Suzuki Bolan,Sales,42,12361.0,May,723,723,2022-05-01,2021-22,2021-22
Suzuki Alto,Production,44,67873.0,May,5539,5539,2022-05-01,2021-22,2021-22
Suzuki Alto,Sales,45,71198.0,May,5461,5461,2022-05-01,2021-22,2021-22
Honda Cars (Civic & City),Production,7,35079.0,Jun,3435,3435,2022-06-01,2021-22,2021-22
Honda Cars (Civic & City),Sales,8,35197.0,Jun,3421,3421,2022-06-01,2021-22,2021-22
Suzuki Swift,Production,10,6425.0,Jun,1354,1354,2022-06-01,2021-22,2021-22
Suzuki Swift,Sales,11,6190.0,Jun,1676,1676,2022-06-01,2021-22,2021-22
Toyota (Corolla & Yaris),Production,13,55383.0,Jun,4296,4296,2022-06-01,2021-22,2021-22
Toyota (Corolla & Yaris),Sales,14,56528.0,Jun,4453,4453,2022-06-01,2021-22,2021-22
Hyundai Elantra,Production,16,3748.0,Jun,700,700,2022-06-01,2021-22,2021-22
Hyundai Elantra,Sales,17,3610.0,Jun,490,490,2022-06-01,2021-22,2021-22
Hyundai Sonata,Production,19,2920.0,Jun,135,135,2022-06-01,2021-22,2021-22
Hyundai Sonata,Sales,20,2782.0,Jun,201,201,2022-06-01,2021-22,2021-22
BAIC D20,Production,22,18.0,Jun,1,1,2022-06-01,2021-22,2021-22
BAIC D20,Sales,23,14.0,Jun,1,1,2022-06-01,2021-22,2021-22
Suzuki Cultus,Production,30,21510.0,Jun,2364,2364,2022-06-01,2021-22,2021-22
Suzuki Cultus,Sales,31,23169.0,Jun,2468,2468,2022-06-01,2021-22,2021-22
Suzuki WagonR,Production,33,21949.0,Jun,1762,1762,2022-06-01,2021-22,2021-22
Suzuki WagonR,Sales,34,23131.0,Jun,2134,2134,2022-06-01,2021-22,2021-22
Suzuki Bolan,Production,41,11528.0,Jun,1096,1096,2022-06-01,2021-22,2021-22
Suzuki Bolan,Sales,42,12361.0,Jun,1216,1216,2022-06-01,2021-22,2021-22
Suzuki Alto,Production,44,67873.0,Jun,7267,7267,2022-06-01,2021-22,2021-22
Suzuki Alto,Sales,45,71198.0,Jun,7487,7487,2022-06-01,2021-22,2021-22
Honda Cars (Civic & City),Production,7,12801.0,Jul,2387,2387,2022-07-01,2022-23,2022-23
Honda Cars (Civic & City),Sales,8,12823.0,Jul,2408,2408,2022-07-01,2022-23,2022-23
Suzuki Swift,Production,10,9626.0,Jul,1028,1028,2022-07-01,2022-23,2022-23
Suzuki Swift,Sales,11,9338.0,Jul,321,321,2022-07-01,2022-23,2022-23
Toyota (Corolla & Yaris),Production,13,19650.0,Jul,2566,2566,2022-07-01,2022-23,2022-23
Toyota (Corolla & Yaris),Sales,14,18838.0,Jul,1734,1734,2022-07-01,2022-23,2022-23
Hyundai Elantra,Production,16,2487.0,Jul,10,10,2022-07-01,2022-23,2022-23
Hyundai Elantra,Sales,17,2162.0,Jul,0,0,2022-07-01,2022-23,2022-23
Hyundai Sonata,Production,19,1488.0,Jul,282,282,2022-07-01,2022-23,2022-23
Hyundai Sonata,Sales,20,1433.0,Jul,0,0,2022-07-01,2022-23,2022-23
BAIC D20,Production,22,0.0,Jul,0,0,2022-07-01,2022-23,2022-23
BAIC D20,Sales,23,1.0,Jul,1,1,2022-07-01,2022-23,2022-23
Suzuki Cultus,Production,30,8129.0,Jul,1251,1251,2022-07-01,2022-23,2022-23
Suzuki Cultus,Sales,31,6956.0,Jul,661,661,2022-07-01,2022-23,2022-23
Suzuki WagonR,Production,33,7241.0,Jul,1218,1218,2022-07-01,2022-23,2022-23
Suzuki WagonR,Sales,34,5434.0,Jul,282,282,2022-07-01,2022-23,2022-23
Suzuki Bolan,Production,41,4662.0,Jul,739,739,2022-07-01,2022-23,2022-23
Suzuki Bolan,Sales,42,4447.0,Jul,353,353,2022-07-01,2022-23,2022-23
Suzuki Alto,Production,44,35900.0,Jul,4936,4936,2022-07-01,2022-23,2022-23
Suzuki Alto,Sales,45,35379.0,Jul,4618,4618,2022-07-01,2022-23,2022-23
Honda Cars (Civic & City),Production,7,12801.0,Aug,1482,1482,2022-08-01,2022-23,2022-23
Honda Cars (Civic & City),Sales,8,12823.0,Aug,1436,1436,2022-08-01,2022-23,2022-23
Suzuki Swift,Production,10,9626.0,Aug,929,929,2022-08-01,2022-23,2022-23
Suzuki Swift,Sales,11,9338.0,Aug,532,532,2022-08-01,2022-23,2022-23
Toyota (Corolla & Yaris),Production,13,19650.0,Aug,2216,2216,2022-08-01,2022-23,2022-23
Toyota (Corolla & Yaris),Sales,14,18838.0,Aug,2901,2901,2022-08-01,2022-23,2022-23
Hyundai Elantra,Production,16,2487.0,Aug,731,731,2022-08-01,2022-23,2022-23
Hyundai Elantra,Sales,17,2162.0,Aug,581,581,2022-08-01,2022-23,2022-23
Hyundai Sonata,Production,19,1488.0,Aug,127,127,2022-08-01,2022-23,2022-23
Hyundai Sonata,Sales,20,1433.0,Aug,234,234,2022-08-01,2022-23,2022-23
BAIC D20,Production,22,0.0,Aug,0,0,2022-08-01,2022-23,2022-23
BAIC D20,Sales,23,1.0,Aug,0,0,2022-08-01,2022-23,2022-23
Suzuki Cultus,Production,30,8129.0,Aug,470,470,2022-08-01,2022-23,2022-23
Suzuki Cultus,Sales,31,6956.0,Aug,411,411,2022-08-01,2022-23,2022-23
Suzuki WagonR,Production,33,7241.0,Aug,1245,1245,2022-08-01,2022-23,2022-23
Suzuki WagonR,Sales,34,5434.0,Aug,365,365,2022-08-01,2022-23,2022-23
Suzuki Bolan,Production,41,4662.0,Aug,453,453,2022-08-01,2022-23,2022-23
Suzuki Bolan,Sales,42,4447.0,Aug,227,227,2022-08-01,2022-23,2022-23
Suzuki Alto,Production,44,35900.0,Aug,1949,1949,2022-08-01,2022-23,2022-23
Suzuki Alto,Sales,45,35379.0,Aug,2293,2293,2022-08-01,2022-23,2022-23
Honda Cars (Civic & City),Production,7,12801.0,Sep,1191,1191,2022-09-01,2022-23,2022-23
Honda Cars (Civic & City),Sales,8,12823.0,Sep,1201,1201,2022-09-01,2022-23,2022-23
Suzuki Swift,Production,10,9626.0,Sep,694,694,2022-09-01,2022-23,2022-23
Suzuki Swift,Sales,11,9338.0,Sep,1263,1263,2022-09-01,2022-23,2022-23
Toyota (Corolla & Yaris),Production,13,19650.0,Sep,1747,1747,2022-09-01,2022-23,2022-23
Toyota (Corolla & Yaris),Sales,14,18838.0,Sep,1780,1780,2022-09-01,2022-23,2022-23
Hyundai Elantra,Production,16,2487.0,Sep,149,149,2022-09-01,2022-23,2022-23
Hyundai Elantra,Sales,17,2162.0,Sep,320,320,2022-09-01,2022-23,2022-23
Hyundai Sonata,Production,19,1488.0,Sep,0,0,2022-09-01,2022-23,2022-23
Hyundai Sonata,Sales,20,1433.0,Sep,151,151,2022-09-01,2022-23,2022-23
BAIC D20,Production,22,0.0,Sep,0,0,2022-09-01,2022-23,2022-23
BAIC D20,Sales,23,1.0,Sep,0,0,2022-09-01,2022-23,2022-23
Suzuki Cultus,Production,30,8129.0,Sep,316,316,2022-09-01,2022-23,2022-23
Suzuki Cultus,Sales,31,6956.0,Sep,751,751,2022-09-01,2022-23,2022-23
Suzuki WagonR,Production,33,7241.0,Sep,191,191,2022-09-01,2022-23,2022-23
Suzuki WagonR,Sales,34,5434.0,Sep,766,766,2022-09-01,2022-23,2022-23
Suzuki Bolan,Production,41,4662.0,Sep,680,680,2022-09-01,2022-23,2022-23
Suzuki Bolan,Sales,42,4447.0,Sep,609,609,2022-09-01,2022-23,2022-23
Suzuki Alto,Production,44,35900.0,Sep,2430,2430,2022-09-01,2022-23,2022-23
Suzuki Alto,Sales,45,35379.0,Sep,2372,2372,2022-09-01,2022-23,2022-23
Honda Cars (Civic & City),Production,7,12801.0,Oct,1380,1380,2022-10-01,2022-23,2022-23
Honda Cars (Civic & City),Sales,8,12823.0,Oct,1371,1371,2022-10-01,2022-23,2022-23
Suzuki Swift,Production,10,9626.0,Oct,1153,1153,2022-10-01,2022-23,2022-23
Suzuki Swift,Sales,11,9338.0,Oct,1350,1350,2022-10-01,2022-23,2022-23
Toyota (Corolla & Yaris),Production,13,19650.0,Oct,1761,1761,2022-10-01,2022-23,2022-23
Toyota (Corolla & Yaris),Sales,14,18838.0,Oct,1838,1838,2022-10-01,2022-23,2022-23
Hyundai Elantra,Production,16,2487.0,Oct,125,125,2022-10-01,2022-23,2022-23
Hyundai Elantra,Sales,17,2162.0,Oct,135,135,2022-10-01,2022-23,2022-23
Hyundai Sonata,Production,19,1488.0,Oct,181,181,2022-10-01,2022-23,2022-23
Hyundai Sonata,Sales,20,1433.0,Oct,77,77,2022-10-01,2022-23,2022-23
BAIC D20,Production,22,0.0,Oct,0,0,2022-10-01,2022-23,2022-23
BAIC D20,Sales,23,1.0,Oct,0,0,2022-10-01,2022-23,2022-23
Suzuki Cultus,Production,30,8129.0,Oct,996,996,2022-10-01,2022-23,2022-23
Suzuki Cultus,Sales,31,6956.0,Oct,1129,1129,2022-10-01,2022-23,2022-23
Suzuki WagonR,Production,33,7241.0,Oct,494,494,2022-10-01,2022-23,2022-23
Suzuki WagonR,Sales,34,5434.0,Oct,768,768,2022-10-01,2022-23,2022-23
Suzuki Bolan,Production,41,4662.0,Oct,425,425,2022-10-01,2022-23,2022-23
Suzuki Bolan,Sales,42,4447.0,Oct,280,280,2022-10-01,2022-23,2022-23
Suzuki Alto,Production,44,35900.0,Oct,4182,4182,2022-10-01,2022-23,2022-23
Suzuki Alto,Sales,45,35379.0,Oct,4181,4181,2022-10-01,2022-23,2022-23
Honda Cars (Civic & City),Production,7,12801.0,Nov,1796,1796,2022-11-01,2022-23,2022-23
Honda Cars (Civic & City),Sales,8,12823.0,Nov,1509,1509,2022-11-01,2022-23,2022-23
Suzuki Swift,Production,10,9626.0,Nov,2194,2194,2022-11-01,2022-23,2022-23
Suzuki Swift,Sales,11,9338.0,Nov,2242,2242,2022-11-01,2022-23,2022-23
Toyota (Corolla & Yaris),Production,13,19650.0,Nov,2049,2049,2022-11-01,2022-23,2022-23
Toyota (Corolla & Yaris),Sales,14,18838.0,Nov,1933,1933,2022-11-01,2022-23,2022-23
Hyundai Elantra,Production,16,2487.0,Nov,8,8,2022-11-01,2022-23,2022-23
Hyundai Elantra,Sales,17,2162.0,Nov,101,101,2022-11-01,2022-23,2022-23
Hyundai Sonata,Production,19,1488.0,Nov,0,0,2022-11-01,2022-23,2022-23
Hyundai Sonata,Sales,20,1433.0,Nov,42,42,2022-11-01,2022-23,2022-23
BAIC D20,Production,22,0.0,Nov,0,0,2022-11-01,2022-23,2022-23
BAIC D20,Sales,23,1.0,Nov,0,0,2022-11-01,2022-23,2022-23
Suzuki Cultus,Production,30,8129.0,Nov,1055,1055,2022-11-01,2022-23,2022-23
Suzuki Cultus,Sales,31,6956.0,Nov,1134,1134,2022-11-01,2022-23,2022-23
Suzuki WagonR,Production,33,7241.0,Nov,679,679,2022-11-01,2022-23,2022-23
Suzuki WagonR,Sales,34,5434.0,Nov,716,716,2022-11-01,2022-23,2022-23
Suzuki Bolan,Production,41,4662.0,Nov,479,479,2022-11-01,2022-23,2022-23
Suzuki Bolan,Sales,42,4447.0,Nov,503,503,2022-11-01,2022-23,2022-23
Suzuki Alto,Production,44,35900.0,Nov,7246,7246,2022-11-01,2022-23,2022-23
Suzuki Alto,Sales,45,35379.0,Nov,7252,7252,2022-11-01,2022-23,2022-23
Honda Cars (Civic & City),Production,7,12801.0,Dec,1194,1194,2022-12-01,2022-23,2022-23
Honda Cars (Civic & City),Sales,8,12823.0,Dec,981,981,2022-12-01,2022-23,2022-23
Suzuki Swift,Production,10,9626.0,Dec,1609,1609,2022-12-01,2022-23,2022-23
Suzuki Swift,Sales,11,9338.0,Dec,1428,1428,2022-12-01,2022-23,2022-23
Toyota (Corolla & Yaris),Production,13,19650.0,Dec,1721,1721,2022-12-01,2022-23,2022-23
Toyota (Corolla & Yaris),Sales,14,18838.0,Dec,1879,1879,2022-12-01,2022-23,2022-23
Hyundai Elantra,Production,16,2487.0,Dec,65,65,2022-12-01,2022-23,2022-23
Hyundai Elantra,Sales,17,2162.0,Dec,145,145,2022-12-01,2022-23,2022-23
Hyundai Sonata,Production,19,1488.0,Dec,32,32,2022-12-01,2022-23,2022-23
Hyundai Sonata,Sales,20,1433.0,Dec,56,56,2022-12-01,2022-23,2022-23
BAIC D20,Production,22,0.0,Dec,0,0,2022-12-01,2022-23,2022-23
BAIC D20,Sales,23,1.0,Dec,0,0,2022-12-01,2022-23,2022-23
Suzuki Cultus,Production,30,8129.0,Dec,1249,1249,2022-12-01,2022-23,2022-23
Suzuki Cultus,Sales,31,6956.0,Dec,1057,1057,2022-12-01,2022-23,2022-23
Suzuki WagonR,Production,33,7241.0,Dec,677,677,2022-12-01,2022-23,2022-23
Suzuki WagonR,Sales,34,5434.0,Dec,872,872,2022-12-01,2022-23,2022-23
Suzuki Bolan,Production,41,4662.0,Dec,481,481,2022-12-01,2022-23,2022-23
Suzuki Bolan,Sales,42,4447.0,Dec,464,464,2022-12-01,2022-23,2022-23
Suzuki Alto,Production,44,35900.0,Dec,6730,6730,2022-12-01,2022-23,2022-23
Suzuki Alto,Sales,45,35379.0,Dec,6898,6898,2022-12-01,2022-23,2022-23
Honda Cars (Civic & City),Production,7,12801.0,Jan,1256,1256,2023-01-01,2022-23,2022-23
Honda Cars (Civic & City),Sales,8,12823.0,Jan,1620,1620,2023-01-01,2022-23,2022-23
Suzuki Swift,Production,10,9626.0,Jan,5,5,2023-01-01,2022-23,2022-23
Suzuki Swift,Sales,11,9338.0,Jan,504,504,2023-01-01,2022-23,2022-23
Toyota (Corolla & Yaris),Production,13,19650.0,Jan,2525,2525,2023-01-01,2022-23,2022-23
Toyota (Corolla & Yaris),Sales,14,18838.0,Jan,1719,1719,2023-01-01,2022-23,2022-23
Hyundai Elantra,Production,16,2487.0,Jan,343,343,2023-01-01,2022-23,2022-23
Hyundai Elantra,Sales,17,2162.0,Jan,173,173,2023-01-01,2022-23,2022-23
Hyundai Sonata,Production,19,1488.0,Jan,253,253,2023-01-01,2022-23,2022-23
Hyundai Sonata,Sales,20,1433.0,Jan,191,191,2023-01-01,2022-23,2022-23
BAIC D20,Production,22,0.0,Jan,0,0,2023-01-01,2022-23,2022-23
BAIC D20,Sales,23,1.0,Jan,0,0,2023-01-01,2022-23,2022-23
Suzuki Cultus,Production,30,8129.0,Jan,528,528,2023-01-01,2022-23,2022-23
Suzuki Cultus,Sales,31,6956.0,Jan,543,543,2023-01-01,2022-23,2022-23
Suzuki WagonR,Production,33,7241.0,Jan,467,467,2023-01-01,2022-23,2022-23
Suzuki WagonR,Sales,34,5434.0,Jan,671,671,2023-01-01,2022-23,2022-23
Suzuki Bolan,Production,41,4662.0,Jan,346,346,2023-01-01,2022-23,2022-23
Suzuki Bolan,Sales,42,4447.0,Jan,556,556,2023-01-01,2022-23,2022-23
Suzuki Alto,Production,44,35900.0,Jan,0,0,2023-01-01,2022-23,2022-23
Suzuki Alto,Sales,45,35379.0,Jan,44,44,2023-01-01,2022-23,2022-23
Honda Cars (Civic & City),Production,7,12801.0,Feb,1330,1330,2023-02-01,2022-23,2022-23
Honda Cars (Civic & City),Sales,8,12823.0,Feb,1244,1244,2023-02-01,2022-23,2022-23
Suzuki Swift,Production,10,9626.0,Feb,230,230,2023-02-01,2022-23,2022-23
Suzuki Swift,Sales,11,9338.0,Feb,67,67,2023-02-01,2022-23,2022-23
Toyota (Corolla & Yaris),Production,13,19650.0,Feb,850,850,2023-02-01,2022-23,2022-23
Toyota (Corolla & Yaris),Sales,14,18838.0,Feb,1091,1091,2023-02-01,2022-23,2022-23
Hyundai Elantra,Production,16,2487.0,Feb,234,234,2023-02-01,2022-23,2022-23
Hyundai Elantra,Sales,17,2162.0,Feb,243,243,2023-02-01,2022-23,2022-23
Hyundai Sonata,Production,19,1488.0,Feb,104,104,2023-02-01,2022-23,2022-23
Hyundai Sonata,Sales,20,1433.0,Feb,197,197,2023-02-01,2022-23,2022-23
BAIC D20,Production,22,0.0,Feb,0,0,2023-02-01,2022-23,2022-23
BAIC D20,Sales,23,1.0,Feb,0,0,2023-02-01,2022-23,2022-23
Suzuki Cultus,Production,30,8129.0,Feb,273,273,2023-02-01,2022-23,2022-23
Suzuki Cultus,Sales,31,6956.0,Feb,72,72,2023-02-01,2022-23,2022-23
Suzuki WagonR,Production,33,7241.0,Feb,599,599,2023-02-01,2022-23,2022-23
Suzuki WagonR,Sales,34,5434.0,Feb,93,93,2023-02-01,2022-23,2022-23
Suzuki Bolan,Production,41,4662.0,Feb,481,481,2023-02-01,2022-23,2022-23
Suzuki Bolan,Sales,42,4447.0,Feb,91,91,2023-02-01,2022-23,2022-23
Suzuki Alto,Production,44,35900.0,Feb,607,607,2023-02-01,2022-23,2022-23
Suzuki Alto,Sales,45,35379.0,Feb,544,544,2023-02-01,2022-23,2022-23
Honda Cars (Civic & City),Production,7,12801.0,Mar,545,545,2023-03-01,2022-23,2022-23
Honda Cars (Civic & City),Sales,8,12823.0,Mar,611,611,2023-03-01,2022-23,2022-23
Suzuki Swift,Production,10,9626.0,Mar,811,811,2023-03-01,2022-23,2022-23
Suzuki Swift,Sales,11,9338.0,Mar,877,877,2023-03-01,2022-23,2022-23
Toyota (Corolla & Yaris),Production,13,19650.0,Mar,1021,1021,2023-03-01,2022-23,2022-23
Toyota (Corolla & Yaris),Sales,14,18838.0,Mar,1119,1119,2023-03-01,2022-23,2022-23
Hyundai Elantra,Production,16,2487.0,Mar,208,208,2023-03-01,2022-23,2022-23
Hyundai Elantra,Sales,17,2162.0,Mar,188,188,2023-03-01,2022-23,2022-23
Hyundai Sonata,Production,19,1488.0,Mar,115,115,2023-03-01,2022-23,2022-23
Hyundai Sonata,Sales,20,1433.0,Mar,118,118,2023-03-01,2022-23,2022-23
BAIC D20,Production,22,0.0,Mar,0,0,2023-03-01,2022-23,2022-23
BAIC D20,Sales,23,1.0,Mar,0,0,2023-03-01,2022-23,2022-23
Suzuki Cultus,Production,30,8129.0,Mar,293,293,2023-03-01,2022-23,2022-23
Suzuki Cultus,Sales,31,6956.0,Mar,475,475,2023-03-01,2022-23,2022-23
Suzuki WagonR,Production,33,7241.0,Mar,320,320,2023-03-01,2022-23,2022-23
Suzuki WagonR,Sales,34,5434.0,Mar,489,489,2023-03-01,2022-23,2022-23
Suzuki Bolan,Production,41,4662.0,Mar,159,159,2023-03-01,2022-23,2022-23
Suzuki Bolan,Sales,42,4447.0,Mar,782,782,2023-03-01,2022-23,2022-23
Suzuki Alto,Production,44,35900.0,Mar,2539,2539,2023-03-01,2022-23,2022-23
Suzuki Alto,Sales,45,35379.0,Mar,2542,2542,2023-03-01,2022-23,2022-23
Honda Cars (Civic & City),Production,7,12801.0,Apr,0,0,2023-04-01,2022-23,2022-23
Honda Cars (Civic & City),Sales,8,12823.0,Apr,159,159,2023-04-01,2022-23,2022-23
Suzuki Swift,Production,10,9626.0,Apr,220,220,2023-04-01,2022-23,2022-23
Suzuki Swift,Sales,11,9338.0,Apr,145,145,2023-04-01,2022-23,2022-23
Toyota (Corolla & Yaris),Production,13,19650.0,Apr,928,928,2023-04-01,2022-23,2022-23
Toyota (Corolla & Yaris),Sales,14,18838.0,Apr,1007,1007,2023-04-01,2022-23,2022-23
Hyundai Elantra,Production,16,2487.0,Apr,243,243,2023-04-01,2022-23,2022-23
Hyundai Elantra,Sales,17,2162.0,Apr,119,119,2023-04-01,2022-23,2022-23
Hyundai Sonata,Production,19,1488.0,Apr,42,42,2023-04-01,2022-23,2022-23
Hyundai Sonata,Sales,20,1433.0,Apr,155,155,2023-04-01,2022-23,2022-23
BAIC D20,Production,22,0.0,Apr,0,0,2023-04-01,2022-23,2022-23
BAIC D20,Sales,23,1.0,Apr,0,0,2023-04-01,2022-23,2022-23
Suzuki Cultus,Production,30,8129.0,Apr,521,521,2023-04-01,2022-23,2022-23
Suzuki Cultus,Sales,31,6956.0,Apr,177,177,2023-04-01,2022-23,2022-23
Suzuki WagonR,Production,33,7241.0,Apr,360,360,2023-04-01,2022-23,2022-23
Suzuki WagonR,Sales,34,5434.0,Apr,99,99,2023-04-01,2022-23,2022-23
Suzuki Bolan,Production,41,4662.0,Apr,154,154,2023-04-01,2022-23,2022-23
Suzuki Bolan,Sales,42,4447.0,Apr,163,163,2023-04-01,2022-23,2022-23
Suzuki Alto,Production,44,35900.0,Apr,1272,1272,2023-04-01,2022-23,2022-23
Suzuki Alto,Sales,45,35379.0,Apr,820,820,2023-04-01,2022-23,2022-23
Honda Cars (Civic & City),Production,7,12801.0,May,25,25,2023-05-01,2022-23,2022-23
Honda Cars (Civic & City),Sales,8,12823.0,May,56,56,2023-05-01,2022-23,2022-23
Suzuki Swift,Production,10,9626.0,May,295,295,2023-05-01,2022-23,2022-23
Suzuki Swift,Sales,11,9338.0,May,332,332,2023-05-01,2022-23,2022-23
Toyota (Corolla & Yaris),Production,13,19650.0,May,1029,1029,2023-05-01,2022-23,2022-23
Toyota (Corolla & Yaris),Sales,14,18838.0,May,853,853,2023-05-01,2022-23,2022-23
Hyundai Elantra,Production,16,2487.0,May,320,320,2023-05-01,2022-23,2022-23
Hyundai Elantra,Sales,17,2162.0,May,69,69,2023-05-01,2022-23,2022-23
Hyundai Sonata,Production,19,1488.0,May,180,180,2023-05-01,2022-23,2022-23
Hyundai Sonata,Sales,20,1433.0,May,135,135,2023-05-01,2022-23,2022-23
BAIC D20,Production,22,0.0,May,0,0,2023-05-01,2022-23,2022-23
BAIC D20,Sales,23,1.0,May,0,0,2023-05-01,2022-23,2022-23
Suzuki Cultus,Production,30,8129.0,May,724,724,2023-05-01,2022-23,2022-23
Suzuki Cultus,Sales,31,6956.0,May,282,282,2023-05-01,2022-23,2022-23
Suzuki WagonR,Production,33,7241.0,May,345,345,2023-05-01,2022-23,2022-23
Suzuki WagonR,Sales,34,5434.0,May,148,148,2023-05-01,2022-23,2022-23
Suzuki Bolan,Production,41,4662.0,May,50,50,2023-05-01,2022-23,2022-23
Suzuki Bolan,Sales,42,4447.0,May,157,157,2023-05-01,2022-23,2022-23
Suzuki Alto,Production,44,35900.0,May,2125,2125,2023-05-01,2022-23,2022-23
Suzuki Alto,Sales,45,35379.0,May,1902,1902,2023-05-01,2022-23,2022-23
Honda Cars (Civic & City),Production,7,12801.0,Jun,215,215,2023-06-01,2022-23,2022-23
Honda Cars (Civic & City),Sales,8,12823.0,Jun,227,227,2023-06-01,2022-23,2022-23
Suzuki Swift,Production,10,9626.0,Jun,458,458,2023-06-01,2022-23,2022-23
Suzuki Swift,Sales,11,9338.0,Jun,277,277,2023-06-01,2022-23,2022-23
Toyota (Corolla & Yaris),Production,13,19650.0,Jun,1237,1237,2023-06-01,2022-23,2022-23
Toyota (Corolla & Yaris),Sales,14,18838.0,Jun,984,984,2023-06-01,2022-23,2022-23
Hyundai Elantra,Production,16,2487.0,Jun,51,51,2023-06-01,2022-23,2022-23
Hyundai Elantra,Sales,17,2162.0,Jun,88,88,2023-06-01,2022-23,2022-23
Hyundai Sonata,Production,19,1488.0,Jun,172,172,2023-06-01,2022-23,2022-23
Hyundai Sonata,Sales,20,1433.0,Jun,77,77,2023-06-01,2022-23,2022-23
BAIC D20,Production,22,0.0,Jun,0,0,2023-06-01,2022-23,2022-23
BAIC D20,Sales,23,1.0,Jun,0,0,2023-06-01,2022-23,2022-23
Suzuki Cultus,Production,30,8129.0,Jun,453,453,2023-06-01,2022-23,2022-23
Suzuki Cultus,Sales,31,6956.0,Jun,264,264,2023-06-01,2022-23,2022-23
Suzuki WagonR,Production,33,7241.0,Jun,646,646,2023-06-01,2022-23,2022-23
Suzuki WagonR,Sales,34,5434.0,Jun,165,165,2023-06-01,2022-23,2022-23
Suzuki Bolan,Production,41,4662.0,Jun,215,215,2023-06-01,2022-23,2022-23
Suzuki Bolan,Sales,42,4447.0,Jun,262,262,2023-06-01,2022-23,2022-23
Suzuki Alto,Production,44,35900.0,Jun,1884,1884,2023-06-01,2022-23,2022-23
Suzuki Alto,Sales,45,35379.0,Jun,1913,1913,2023-06-01,2022-23,2022-23
Honda Cars (Civic & City),Production,7,12159.0,Jul,179,179,2023-07-01,2023-24,2023-24
Honda Cars (Civic & City),Sales,8,11501.0,Jul,208,208,2023-07-01,2023-24,2023-24
Suzuki Swift,Production,10,5208.0,Jul,386,386,2023-07-01,2023-24,2023-24
Suzuki Swift,Sales,11,5567.0,Jul,249,249,2023-07-01,2023-24,2023-24
"Toyota (Corolla, Yaris & Corolla Cross)",Production,13,15726.0,Jul,1165,1165,2023-07-01,2023-24,2023-24
"Toyota (Corolla, Yaris & Corolla Cross)",Sales,14,16307.0,Jul,1067,1067,2023-07-01,2023-24,2023-24
Hyundai Elantra,Production,16,712.0,Jul,48,48,2023-07-01,2023-24,2023-24
Hyundai Elantra,Sales,17,1193.0,Jul,80,80,2023-07-01,2023-24,2023-24
Hyundai Sonata,Production,19,771.0,Jul,194,194,2023-07-01,2023-24,2023-24
Hyundai Sonata,Sales,20,881.0,Jul,90,90,2023-07-01,2023-24,2023-24
BAIC D20,Production,22,0.0,Jul,0,0,2023-07-01,2023-24,2023-24
BAIC D20,Sales,23,0.0,Jul,0,0,2023-07-01,2023-24,2023-24
Suzuki Cultus,Production,30,2689.0,Jul,0,0,2023-07-01,2023-24,2023-24
Suzuki Cultus,Sales,31,3878.0,Jul,177,177,2023-07-01,2023-24,2023-24
Suzuki WagonR,Production,33,1783.0,Jul,203,203,2023-07-01,2023-24,2023-24
Suzuki WagonR,Sales,34,3595.0,Jul,245,245,2023-07-01,2023-24,2023-24
Suzuki Bolan,Production,41,3486.0,Jul,90,90,2023-07-01,2023-24,2023-24
Suzuki Bolan,Sales,42,2774.0,Jul,146,146,2023-07-01,2023-24,2023-24
Suzuki Alto,Production,44,37060.0,Jul,1233,1233,2023-07-01,2023-24,2023-24
Suzuki Alto,Sales,45,35883.0,Jul,1440,1440,2023-07-01,2023-24,2023-24
Honda Cars (Civic & City),Production,7,12159.0,Aug,540,540,2023-08-01,2023-24,2023-24
Honda Cars (Civic & City),Sales,8,11501.0,Aug,492,492,2023-08-01,2023-24,2023-24
Suzuki Swift,Production,10,5208.0,Aug,670,670,2023-08-01,2023-24,2023-24
Suzuki Swift,Sales,11,5567.0,Aug,506,506,2023-08-01,2023-24,2023-24
"Toyota (Corolla, Yaris & Corolla Cross)",Production,13,15726.0,Aug,932,932,2023-08-01,2023-24,2023-24
"Toyota (Corolla, Yaris & Corolla Cross)",Sales,14,16307.0,Aug,1119,1119,2023-08-01,2023-24,2023-24
Hyundai Elantra,Production,16,712.0,Aug,15,15,2023-08-01,2023-24,2023-24
Hyundai Elantra,Sales,17,1193.0,Aug,92,92,2023-08-01,2023-24,2023-24
Hyundai Sonata,Production,19,771.0,Aug,142,142,2023-08-01,2023-24,2023-24
Hyundai Sonata,Sales,20,881.0,Aug,101,101,2023-08-01,2023-24,2023-24
BAIC D20,Production,22,0.0,Aug,0,0,2023-08-01,2023-24,2023-24
BAIC D20,Sales,23,0.0,Aug,0,0,2023-08-01,2023-24,2023-24
Suzuki Cultus,Production,30,2689.0,Aug,158,158,2023-08-01,2023-24,2023-24
Suzuki Cultus,Sales,31,3878.0,Aug,305,305,2023-08-01,2023-24,2023-24
Suzuki WagonR,Production,33,1783.0,Aug,229,229,2023-08-01,2023-24,2023-24
Suzuki WagonR,Sales,34,3595.0,Aug,359,359,2023-08-01,2023-24,2023-24
Suzuki Bolan,Production,41,3486.0,Aug,141,141,2023-08-01,2023-24,2023-24
Suzuki Bolan,Sales,42,2774.0,Aug,166,166,2023-08-01,2023-24,2023-24
Suzuki Alto,Production,44,37060.0,Aug,3404,3404,2023-08-01,2023-24,2023-24
Suzuki Alto,Sales,45,35883.0,Aug,2769,2769,2023-08-01,2023-24,2023-24
Honda Cars (Civic & City),Production,7,12159.0,Sep,1143,1143,2023-09-01,2023-24,2023-24
Honda Cars (Civic & City),Sales,8,11501.0,Sep,1160,1160,2023-09-01,2023-24,2023-24
Suzuki Swift,Production,10,5208.0,Sep,404,404,2023-09-01,2023-24,2023-24
Suzuki Swift,Sales,11,5567.0,Sep,506,506,2023-09-01,2023-24,2023-24
"Toyota (Corolla, Yaris & Corolla Cross)",Production,13,15726.0,Sep,1134,1134,2023-09-01,2023-24,2023-24
"Toyota (Corolla, Yaris & Corolla Cross)",Sales,14,16307.0,Sep,1050,1050,2023-09-01,2023-24,2023-24
Hyundai Elantra,Production,16,712.0,Sep,2,2,2023-09-01,2023-24,2023-24
Hyundai Elantra,Sales,17,1193.0,Sep,97,97,2023-09-01,2023-24,2023-24
Hyundai Sonata,Production,19,771.0,Sep,106,106,2023-09-01,2023-24,2023-24
Hyundai Sonata,Sales,20,881.0,Sep,126,126,2023-09-01,2023-24,2023-24
BAIC D20,Production,22,0.0,Sep,0,0,2023-09-01,2023-24,2023-24
BAIC D20,Sales,23,0.0,Sep,0,0,2023-09-01,2023-24,2023-24
Suzuki Cultus,Production,30,2689.0,Sep,147,147,2023-09-01,2023-24,2023-24
Suzuki Cultus,Sales,31,3878.0,Sep,332,332,2023-09-01,2023-24,2023-24
Suzuki WagonR,Production,33,1783.0,Sep,142,142,2023-09-01,2023-24,2023-24
Suzuki WagonR,Sales,34,3595.0,Sep,359,359,2023-09-01,2023-24,2023-24
Suzuki Bolan,Production,41,3486.0,Sep,155,155,2023-09-01,2023-24,2023-24
Suzuki Bolan,Sales,42,2774.0,Sep,229,229,2023-09-01,2023-24,2023-24
Suzuki Alto,Production,44,37060.0,Sep,3031,3031,2023-09-01,2023-24,2023-24
Suzuki Alto,Sales,45,35883.0,Sep,2551,2551,2023-09-01,2023-24,2023-24
Honda Cars (Civic & City),Production,7,12159.0,Oct,897,897,2023-10-01,2023-24,2023-24
Honda Cars (Civic & City),Sales,8,11501.0,Oct,379,379,2023-10-01,2023-24,2023-24
Suzuki Swift,Production,10,5208.0,Oct,243,243,2023-10-01,2023-24,2023-24
Suzuki Swift,Sales,11,5567.0,Oct,315,315,2023-10-01,2023-24,2023-24
"Toyota (Corolla, Yaris & Corolla Cross)",Production,13,15726.0,Oct,482,482,2023-10-01,2023-24,2023-24
"Toyota (Corolla, Yaris & Corolla Cross)",Sales,14,16307.0,Oct,796,796,2023-10-01,2023-24,2023-24
Hyundai Elantra,Production,16,712.0,Oct,8,8,2023-10-01,2023-24,2023-24
Hyundai Elantra,Sales,17,1193.0,Oct,52,52,2023-10-01,2023-24,2023-24
Hyundai Sonata,Production,19,771.0,Oct,77,77,2023-10-01,2023-24,2023-24
Hyundai Sonata,Sales,20,881.0,Oct,38,38,2023-10-01,2023-24,2023-24
BAIC D20,Production,22,0.0,Oct,0,0,2023-10-01,2023-24,2023-24
BAIC D20,Sales,23,0.0,Oct,0,0,2023-10-01,2023-24,2023-24
Suzuki Cultus,Production,30,2689.0,Oct,173,173,2023-10-01,2023-24,2023-24
Suzuki Cultus,Sales,31,3878.0,Oct,328,328,2023-10-01,2023-24,2023-24
Suzuki WagonR,Production,33,1783.0,Oct,155,155,2023-10-01,2023-24,2023-24
Suzuki WagonR,Sales,34,3595.0,Oct,197,197,2023-10-01,2023-24,2023-24
Suzuki Bolan,Production,41,3486.0,Oct,157,157,2023-10-01,2023-24,2023-24
Suzuki Bolan,Sales,42,2774.0,Oct,143,143,2023-10-01,2023-24,2023-24
Suzuki Alto,Production,44,37060.0,Oct,1676,1676,2023-10-01,2023-24,2023-24
Suzuki Alto,Sales,45,35883.0,Oct,2602,2602,2023-10-01,2023-24,2023-24
Honda Cars (Civic & City),Production,7,12159.0,Nov,821,821,2023-11-01,2023-24,2023-24
Honda Cars (Civic & City),Sales,8,11501.0,Nov,912,912,2023-11-01,2023-24,2023-24
Suzuki Swift,Production,10,5208.0,Nov,411,411,2023-11-01,2023-24,2023-24
Suzuki Swift,Sales,11,5567.0,Nov,276,276,2023-11-01,2023-24,2023-24
"Toyota (Corolla, Yaris & Corolla Cross)",Production,13,15726.0,Nov,419,419,2023-11-01,2023-24,2023-24
"Toyota (Corolla, Yaris & Corolla Cross)",Sales,14,16307.0,Nov,693,693,2023-11-01,2023-24,2023-24
Hyundai Elantra,Production,16,712.0,Nov,1,1,2023-11-01,2023-24,2023-24
Hyundai Elantra,Sales,17,1193.0,Nov,105,105,2023-11-01,2023-24,2023-24
Hyundai Sonata,Production,19,771.0,Nov,51,51,2023-11-01,2023-24,2023-24
Hyundai Sonata,Sales,20,881.0,Nov,47,47,2023-11-01,2023-24,2023-24
BAIC D20,Production,22,0.0,Nov,0,0,2023-11-01,2023-24,2023-24
BAIC D20,Sales,23,0.0,Nov,0,0,2023-11-01,2023-24,2023-24
Suzuki Cultus,Production,30,2689.0,Nov,225,225,2023-11-01,2023-24,2023-24
Suzuki Cultus,Sales,31,3878.0,Nov,469,469,2023-11-01,2023-24,2023-24
Suzuki WagonR,Production,33,1783.0,Nov,0,0,2023-11-01,2023-24,2023-24
Suzuki WagonR,Sales,34,3595.0,Nov,260,260,2023-11-01,2023-24,2023-24
Suzuki Bolan,Production,41,3486.0,Nov,39,39,2023-11-01,2023-24,2023-24
Suzuki Bolan,Sales,42,2774.0,Nov,169,169,2023-11-01,2023-24,2023-24
Suzuki Alto,Production,44,37060.0,Nov,2304,2304,2023-11-01,2023-24,2023-24
Suzuki Alto,Sales,45,35883.0,Nov,1944,1944,2023-11-01,2023-24,2023-24
Honda Cars (Civic & City),Production,7,12159.0,Dec,1100,1100,2023-12-01,2023-24,2023-24
Honda Cars (Civic & City),Sales,8,11501.0,Dec,787,787,2023-12-01,2023-24,2023-24
Suzuki Swift,Production,10,5208.0,Dec,460,460,2023-12-01,2023-24,2023-24
Suzuki Swift,Sales,11,5567.0,Dec,378,378,2023-12-01,2023-24,2023-24
"Toyota (Corolla, Yaris & Corolla Cross)",Production,13,15726.0,Dec,577,577,2023-12-01,2023-24,2023-24
"Toyota (Corolla, Yaris & Corolla Cross)",Sales,14,16307.0,Dec,554,554,2023-12-01,2023-24,2023-24
Hyundai Elantra,Production,16,712.0,Dec,59,59,2023-12-01,2023-24,2023-24
Hyundai Elantra,Sales,17,1193.0,Dec,39,39,2023-12-01,2023-24,2023-24
Hyundai Sonata,Production,19,771.0,Dec,52,52,2023-12-01,2023-24,2023-24
Hyundai Sonata,Sales,20,881.0,Dec,27,27,2023-12-01,2023-24,2023-24
BAIC D20,Production,22,0.0,Dec,0,0,2023-12-01,2023-24,2023-24
BAIC D20,Sales,23,0.0,Dec,0,0,2023-12-01,2023-24,2023-24
Suzuki Cultus,Production,30,2689.0,Dec,359,359,2023-12-01,2023-24,2023-24
Suzuki Cultus,Sales,31,3878.0,Dec,297,297,2023-12-01,2023-24,2023-24
Suzuki WagonR,Production,33,1783.0,Dec,0,0,2023-12-01,2023-24,2023-24
Suzuki WagonR,Sales,34,3595.0,Dec,409,409,2023-12-01,2023-24,2023-24
Suzuki Bolan,Production,41,3486.0,Dec,292,292,2023-12-01,2023-24,2023-24
Suzuki Bolan,Sales,42,2774.0,Dec,326,326,2023-12-01,2023-24,2023-24
Suzuki Alto,Production,44,37060.0,Dec,3755,3755,2023-12-01,2023-24,2023-24
Suzuki Alto,Sales,45,35883.0,Dec,2099,2099,2023-12-01,2023-24,2023-24
Honda Cars (Civic & City),Production,7,12159.0,Jan,1437,1437,2024-01-01,2023-24,2023-24
Honda Cars (Civic & City),Sales,8,11501.0,Jan,1207,1207,2024-01-01,2023-24,2023-24
Suzuki Swift,Production,10,5208.0,Jan,567,567,2024-01-01,2023-24,2023-24
Suzuki Swift,Sales,11,5567.0,Jan,552,552,2024-01-01,2023-24,2023-24
"Toyota (Corolla, Yaris & Corolla Cross)",Production,13,15726.0,Jan,2659,2659,2024-01-01,2023-24,2023-24
"Toyota (Corolla, Yaris & Corolla Cross)",Sales,14,16307.0,Jan,2143,2143,2024-01-01,2023-24,2023-24
Hyundai Elantra,Production,16,712.0,Jan,60,60,2024-01-01,2023-24,2023-24
Hyundai Elantra,Sales,17,1193.0,Jan,132,132,2024-01-01,2023-24,2023-24
Hyundai Sonata,Production,19,771.0,Jan,4,4,2024-01-01,2023-24,2023-24
Hyundai Sonata,Sales,20,881.0,Jan,57,57,2024-01-01,2023-24,2023-24
BAIC D20,Production,22,0.0,Jan,0,0,2024-01-01,2023-24,2023-24
BAIC D20,Sales,23,0.0,Jan,0,0,2024-01-01,2023-24,2023-24
Suzuki Cultus,Production,30,2689.0,Jan,288,288,2024-01-01,2023-24,2023-24
Suzuki Cultus,Sales,31,3878.0,Jan,273,273,2024-01-01,2023-24,2023-24
Suzuki WagonR,Production,33,1783.0,Jan,0,0,2024-01-01,2023-24,2023-24
Suzuki WagonR,Sales,34,3595.0,Jan,320,320,2024-01-01,2023-24,2023-24
Suzuki Bolan,Production,41,3486.0,Jan,192,192,2024-01-01,2023-24,2023-24
Suzuki Bolan,Sales,42,2774.0,Jan,135,135,2024-01-01,2023-24,2023-24
Suzuki Alto,Production,44,37060.0,Jan,4411,4411,2024-01-01,2023-24,2023-24
Suzuki Alto,Sales,45,35883.0,Jan,2983,2983,2024-01-01,2023-24,2023-24
Honda Cars (Civic & City),Production,7,12159.0,Feb,1498,1498,2024-02-01,2023-24,2023-24
Honda Cars (Civic & City),Sales,8,11501.0,Feb,1375,1375,2024-02-01,2023-24,2023-24
Suzuki Swift,Production,10,5208.0,Feb,585,585,2024-02-01,2023-24,2023-24
Suzuki Swift,Sales,11,5567.0,Feb,663,663,2024-02-01,2023-24,2023-24
"Toyota (Corolla, Yaris & Corolla Cross)",Production,13,15726.0,Feb,1676,1676,2024-02-01,2023-24,2023-24
"Toyota (Corolla, Yaris & Corolla Cross)",Sales,14,16307.0,Feb,1761,1761,2024-02-01,2023-24,2023-24
Hyundai Elantra,Production,16,712.0,Feb,60,60,2024-02-01,2023-24,2023-24
Hyundai Elantra,Sales,17,1193.0,Feb,89,89,2024-02-01,2023-24,2023-24
Hyundai Sonata,Production,19,771.0,Feb,2,2,2024-02-01,2023-24,2023-24
Hyundai Sonata,Sales,20,881.0,Feb,55,55,2024-02-01,2023-24,2023-24
BAIC D20,Production,22,0.0,Feb,0,0,2024-02-01,2023-24,2023-24
BAIC D20,Sales,23,0.0,Feb,0,0,2024-02-01,2023-24,2023-24
Suzuki Cultus,Production,30,2689.0,Feb,240,240,2024-02-01,2023-24,2023-24
Suzuki Cultus,Sales,31,3878.0,Feb,320,320,2024-02-01,2023-24,2023-24
Suzuki WagonR,Production,33,1783.0,Feb,97,97,2024-02-01,2023-24,2023-24
Suzuki WagonR,Sales,34,3595.0,Feb,136,136,2024-02-01,2023-24,2023-24
Suzuki Bolan,Production,41,3486.0,Feb,192,192,2024-02-01,2023-24,2023-24
Suzuki Bolan,Sales,42,2774.0,Feb,183,183,2024-02-01,2023-24,2023-24
Suzuki Alto,Production,44,37060.0,Feb,3654,3654,2024-02-01,2023-24,2023-24
Suzuki Alto,Sales,45,35883.0,Feb,3373,3373,2024-02-01,2023-24,2023-24
Honda Cars (Civic & City),Production,7,12159.0,Mar,1444,1444,2024-03-01,2023-24,2023-24
Honda Cars (Civic & City),Sales,8,11501.0,Mar,1994,1994,2024-03-01,2023-24,2023-24
Suzuki Swift,Production,10,5208.0,Mar,326,326,2024-03-01,2023-24,2023-24
Suzuki Swift,Sales,11,5567.0,Mar,141,141,2024-03-01,2023-24,2023-24
"Toyota (Corolla, Yaris & Corolla Cross)",Production,13,15726.0,Mar,1547,1547,2024-03-01,2023-24,2023-24
"Toyota (Corolla, Yaris & Corolla Cross)",Sales,14,16307.0,Mar,1547,1547,2024-03-01,2023-24,2023-24
Hyundai Elantra,Production,16,712.0,Mar,152,152,2024-03-01,2023-24,2023-24
Hyundai Elantra,Sales,17,1193.0,Mar,92,92,2024-03-01,2023-24,2023-24
Hyundai Sonata,Production,19,771.0,Mar,115,115,2024-03-01,2023-24,2023-24
Hyundai Sonata,Sales,20,881.0,Mar,70,70,2024-03-01,2023-24,2023-24
BAIC D20,Production,22,0.0,Mar,0,0,2024-03-01,2023-24,2023-24
BAIC D20,Sales,23,0.0,Mar,0,0,2024-03-01,2023-24,2023-24
Suzuki Cultus,Production,30,2689.0,Mar,192,192,2024-03-01,2023-24,2023-24
Suzuki Cultus,Sales,31,3878.0,Mar,302,302,2024-03-01,2023-24,2023-24
Suzuki WagonR,Production,33,1783.0,Mar,144,144,2024-03-01,2023-24,2023-24
Suzuki WagonR,Sales,34,3595.0,Mar,367,367,2024-03-01,2023-24,2023-24
Suzuki Bolan,Production,41,3486.0,Mar,191,191,2024-03-01,2023-24,2023-24
Suzuki Bolan,Sales,42,2774.0,Mar,237,237,2024-03-01,2023-24,2023-24
Suzuki Alto,Production,44,37060.0,Mar,3159,3159,2024-03-01,2023-24,2023-24
Suzuki Alto,Sales,45,35883.0,Mar,2922,2922,2024-03-01,2023-24,2023-24
Honda Cars (Civic & City),Production,7,12159.0,Apr,1165,1165,2024-04-01,2023-24,2023-24
Honda Cars (Civic & City),Sales,8,11501.0,Apr,956,956,2024-04-01,2023-24,2023-24
Suzuki Swift,Production,10,5208.0,Apr,295,295,2024-04-01,2023-24,2023-24
Suzuki Swift,Sales,11,5567.0,Apr,328,328,2024-04-01,2023-24,2023-24
"Toyota (Corolla, Yaris & Corolla Cross)",Production,13,15726.0,Apr,1524,1524,2024-04-01,2023-24,2023-24
"Toyota (Corolla, Yaris & Corolla Cross)",Sales,14,16307.0,Apr,1722,1722,2024-04-01,2023-24,2023-24
Hyundai Elantra,Production,16,712.0,Apr,21,21,2024-04-01,2023-24,2023-24
Hyundai Elantra,Sales,17,1193.0,Apr,111,111,2024-04-01,2023-24,2023-24
Hyundai Sonata,Production,19,771.0,Apr,5,5,2024-04-01,2023-24,2023-24
Hyundai Sonata,Sales,20,881.0,Apr,95,95,2024-04-01,2023-24,2023-24
BAIC D20,Production,22,0.0,Apr,0,0,2024-04-01,2023-24,2023-24
BAIC D20,Sales,23,0.0,Apr,0,0,2024-04-01,2023-24,2023-24
Suzuki Cultus,Production,30,2689.0,Apr,287,287,2024-04-01,2023-24,2023-24
Suzuki Cultus,Sales,31,3878.0,Apr,320,320,2024-04-01,2023-24,2023-24
Suzuki WagonR,Production,33,1783.0,Apr,287,287,2024-04-01,2023-24,2023-24
Suzuki WagonR,Sales,34,3595.0,Apr,318,318,2024-04-01,2023-24,2023-24
Suzuki Bolan,Production,41,3486.0,Apr,202,202,2024-04-01,2023-24,2023-24
Suzuki Bolan,Sales,42,2774.0,Apr,237,237,2024-04-01,2023-24,2023-24
Suzuki Alto,Production,44,37060.0,Apr,3020,3020,2024-04-01,2023-24,2023-24
Suzuki Alto,Sales,45,35883.0,Apr,4786,4786,2024-04-01,2023-24,2023-24
Honda Cars (Civic & City),Production,7,12159.0,May,1020,1020,2024-05-01,2023-24,2023-24
Honda Cars (Civic & City),Sales,8,11501.0,May,1049,1049,2024-05-01,2023-24,2023-24
Suzuki Swift,Production,10,5208.0,May,217,217,2024-05-01,2023-24,2023-24
Suzuki Swift,Sales,11,5567.0,May,714,714,2024-05-01,2023-24,2023-24
"Toyota (Corolla, Yaris & Corolla Cross)",Production,13,15726.0,May,1641,1641,2024-05-01,2023-24,2023-24
"Toyota (Corolla, Yaris & Corolla Cross)",Sales,14,16307.0,May,1562,1562,2024-05-01,2023-24,2023-24
Hyundai Elantra,Production,16,712.0,May,43,43,2024-05-01,2023-24,2023-24
Hyundai Elantra,Sales,17,1193.0,May,108,108,2024-05-01,2023-24,2023-24
Hyundai Sonata,Production,19,771.0,May,0,0,2024-05-01,2023-24,2023-24
Hyundai Sonata,Sales,20,881.0,May,63,63,2024-05-01,2023-24,2023-24
BAIC D20,Production,22,0.0,May,0,0,2024-05-01,2023-24,2023-24
BAIC D20,Sales,23,0.0,May,0,0,2024-05-01,2023-24,2023-24
Suzuki Cultus,Production,30,2689.0,May,383,383,2024-05-01,2023-24,2023-24
Suzuki Cultus,Sales,31,3878.0,May,229,229,2024-05-01,2023-24,2023-24
Suzuki WagonR,Production,33,1783.0,May,240,240,2024-05-01,2023-24,2023-24
Suzuki WagonR,Sales,34,3595.0,May,253,253,2024-05-01,2023-24,2023-24
Suzuki Bolan,Production,41,3486.0,May,840,840,2024-05-01,2023-24,2023-24
Suzuki Bolan,Sales,42,2774.0,May,447,447,2024-05-01,2023-24,2023-24
Suzuki Alto,Production,44,37060.0,May,4096,4096,2024-05-01,2023-24,2023-24
Suzuki Alto,Sales,45,35883.0,May,4062,4062,2024-05-01,2023-24,2023-24
Honda Cars (Civic & City),Production,7,12159.0,Jun,915,915,2024-06-01,2023-24,2023-24
Honda Cars (Civic & City),Sales,8,11501.0,Jun,982,982,2024-06-01,2023-24,2023-24
Suzuki Swift,Production,10,5208.0,Jun,644,644,2024-06-01,2023-24,2023-24
Suzuki Swift,Sales,11,5567.0,Jun,939,939,2024-06-01,2023-24,2023-24
"Toyota (Corolla, Yaris & Corolla Cross)",Production,13,15726.0,Jun,1970,1970,2024-06-01,2023-24,2023-24
"Toyota (Corolla, Yaris & Corolla Cross)",Sales,14,16307.0,Jun,2293,2293,2024-06-01,2023-24,2023-24
Hyundai Elantra,Production,16,712.0,Jun,243,243,2024-06-01,2023-24,2023-24
Hyundai Elantra,Sales,17,1193.0,Jun,196,196,2024-06-01,2023-24,2023-24
Hyundai Sonata,Production,19,771.0,Jun,23,23,2024-06-01,2023-24,2023-24
Hyundai Sonata,Sales,20,881.0,Jun,112,112,2024-06-01,2023-24,2023-24
BAIC D20,Production,22,0.0,Jun,0,0,2024-06-01,2023-24,2023-24
BAIC D20,Sales,23,0.0,Jun,0,0,2024-06-01,2023-24,2023-24
Suzuki Cultus,Production,30,2689.0,Jun,237,237,2024-06-01,2023-24,2023-24
Suzuki Cultus,Sales,31,3878.0,Jun,526,526,2024-06-01,2023-24,2023-24
Suzuki WagonR,Production,33,1783.0,Jun,286,286,2024-06-01,2023-24,2023-24
Suzuki WagonR,Sales,34,3595.0,Jun,372,372,2024-06-01,2023-24,2023-24
Suzuki Bolan,Production,41,3486.0,Jun,995,995,2024-06-01,2023-24,2023-24
Suzuki Bolan,Sales,42,2774.0,Jun,356,356,2024-06-01,2023-24,2023-24
Suzuki Alto,Production,44,37060.0,Jun,3317,3317,2024-06-01,2023-24,2023-24
Suzuki Alto,Sales,45,35883.0,Jun,4352,4352,2024-06-01,2023-24,2023-24
Honda Cars (Civic & City),Production,7,16242.0,Jul,802,802,2024-07-01,2024-25,2024-25
Honda Cars (Civic & City),Sales,8,16614.0,Jul,790,790,2024-07-01,2024-25,2024-25
Suzuki Swift,Production,10,9317.0,Jul,880,880,2024-07-01,2024-25,2024-25
Suzuki Swift,Sales,11,9138.0,Jul,502,502,2024-07-01,2024-25,2024-25
"Toyota (Corolla, Yaris & Corolla Cross)",Production,13,25121.0,Jul,1384,1384,2024-07-01,2024-25,2024-25
"Toyota (Corolla, Yaris & Corolla Cross)",Sales,14,25212.0,Jul,1106,1106,2024-07-01,2024-25,2024-25
Hyundai Elantra,Production,16,1758.0,Jul,64,64,2024-07-01,2024-25,2024-25
Hyundai Elantra,Sales,17,1850.0,Jul,33,33,2024-07-01,2024-25,2024-25
Hyundai Sonata,Production,19,1125.0,Jul,27,27,2024-07-01,2024-25,2024-25
Hyundai Sonata,Sales,20,1104.0,Jul,34,34,2024-07-01,2024-25,2024-25
BAIC D20 Sazgar,Production,22,0.0,Jul,0,0,2024-07-01,2024-25,2024-25
BAIC D20 Sazgar,Sales,23,4.0,Jul,0,0,2024-07-01,2024-25,2024-25
Suzuki Cultus,Production,30,3320.0,Jul,149,149,2024-07-01,2024-25,2024-25
Suzuki Cultus,Sales,31,2905.0,Jul,96,96,2024-07-01,2024-25,2024-25
Suzuki WagonR,Production,33,2115.0,Jul,195,195,2024-07-01,2024-25,2024-25
Suzuki WagonR,Sales,34,2166.0,Jul,139,139,2024-07-01,2024-25,2024-25
Suzuki Bolan,Production,41,2030.0,Jul,398,398,2024-07-01,2024-25,2024-25
Suzuki Bolan,Sales,42,3168.0,Jul,288,288,2024-07-01,2024-25,2024-25
Suzuki Alto,Production,44,44821.0,Jul,2715,2715,2024-07-01,2024-25,2024-25
Suzuki Alto,Sales,45,46466.0,Jul,2869,2869,2024-07-01,2024-25,2024-25
Suzuki Every,Production,47,5343.0,Jul,0,0,2024-07-01,2024-25,2024-25
Suzuki Every,Sales,48,3390.0,Jul,0,0,2024-07-01,2024-25,2024-25
DEWAN Honri-Ve,Production,55,210.0,Jul,0,0,2024-07-01,2024-25,2024-25
DEWAN Honri-Ve,Sales,56,186.0,Jul,0,0,2024-07-01,2024-25,2024-25
Honda Cars (Civic & City),Production,7,16242.0,Aug,1015,1015,2024-08-01,2024-25,2024-25
Honda Cars (Civic & City),Sales,8,16614.0,Aug,1073,1073,2024-08-01,2024-25,2024-25
Suzuki Swift,Production,10,9317.0,Aug,365,365,2024-08-01,2024-25,2024-25
Suzuki Swift,Sales,11,9138.0,Aug,559,559,2024-08-01,2024-25,2024-25
"Toyota (Corolla, Yaris & Corolla Cross)",Production,13,25121.0,Aug,1870,1870,2024-08-01,2024-25,2024-25
"Toyota (Corolla, Yaris & Corolla Cross)",Sales,14,25212.0,Aug,1565,1565,2024-08-01,2024-25,2024-25
Hyundai Elantra,Production,16,1758.0,Aug,74,74,2024-08-01,2024-25,2024-25
Hyundai Elantra,Sales,17,1850.0,Aug,70,70,2024-08-01,2024-25,2024-25
Hyundai Sonata,Production,19,1125.0,Aug,70,70,2024-08-01,2024-25,2024-25
Hyundai Sonata,Sales,20,1104.0,Aug,63,63,2024-08-01,2024-25,2024-25
BAIC D20 Sazgar,Production,22,0.0,Aug,0,0,2024-08-01,2024-25,2024-25
BAIC D20 Sazgar,Sales,23,4.0,Aug,0,0,2024-08-01,2024-25,2024-25
Suzuki Cultus,Production,30,3320.0,Aug,45,45,2024-08-01,2024-25,2024-25
Suzuki Cultus,Sales,31,2905.0,Aug,131,131,2024-08-01,2024-25,2024-25
Suzuki WagonR,Production,33,2115.0,Aug,110,110,2024-08-01,2024-25,2024-25
Suzuki WagonR,Sales,34,2166.0,Aug,190,190,2024-08-01,2024-25,2024-25
Suzuki Bolan,Production,41,2030.0,Aug,281,281,2024-08-01,2024-25,2024-25
Suzuki Bolan,Sales,42,3168.0,Aug,743,743,2024-08-01,2024-25,2024-25
Suzuki Alto,Production,44,44821.0,Aug,727,727,2024-08-01,2024-25,2024-25
Suzuki Alto,Sales,45,46466.0,Aug,2023,2023,2024-08-01,2024-25,2024-25
Suzuki Every,Production,47,5343.0,Aug,0,0,2024-08-01,2024-25,2024-25
Suzuki Every,Sales,48,3390.0,Aug,0,0,2024-08-01,2024-25,2024-25
DEWAN Honri-Ve,Production,55,210.0,Aug,0,0,2024-08-01,2024-25,2024-25
DEWAN Honri-Ve,Sales,56,186.0,Aug,0,0,2024-08-01,2024-25,2024-25
Honda Cars (Civic & City),Production,7,16242.0,Sep,1138,1138,2024-09-01,2024-25,2024-25
Honda Cars (Civic & City),Sales,8,16614.0,Sep,1143,1143,2024-09-01,2024-25,2024-25
Suzuki Swift,Production,10,9317.0,Sep,769,769,2024-09-01,2024-25,2024-25
Suzuki Swift,Sales,11,9138.0,Sep,608,608,2024-09-01,2024-25,2024-25
"Toyota (Corolla, Yaris & Corolla Cross)",Production,13,25121.0,Sep,1812,1812,2024-09-01,2024-25,2024-25
"Toyota (Corolla, Yaris & Corolla Cross)",Sales,14,25212.0,Sep,1883,1883,2024-09-01,2024-25,2024-25
Hyundai Elantra,Production,16,1758.0,Sep,2,2,2024-09-01,2024-25,2024-25
Hyundai Elantra,Sales,17,1850.0,Sep,100,100,2024-09-01,2024-25,2024-25
Hyundai Sonata,Production,19,1125.0,Sep,112,112,2024-09-01,2024-25,2024-25
Hyundai Sonata,Sales,20,1104.0,Sep,58,58,2024-09-01,2024-25,2024-25
BAIC D20 Sazgar,Production,22,0.0,Sep,0,0,2024-09-01,2024-25,2024-25
BAIC D20 Sazgar,Sales,23,4.0,Sep,0,0,2024-09-01,2024-25,2024-25
Suzuki Cultus,Production,30,3320.0,Sep,77,77,2024-09-01,2024-25,2024-25
Suzuki Cultus,Sales,31,2905.0,Sep,59,59,2024-09-01,2024-25,2024-25
Suzuki WagonR,Production,33,2115.0,Sep,191,191,2024-09-01,2024-25,2024-25
Suzuki WagonR,Sales,34,2166.0,Sep,182,182,2024-09-01,2024-25,2024-25
Suzuki Bolan,Production,41,2030.0,Sep,1351,1351,2024-09-01,2024-25,2024-25
Suzuki Bolan,Sales,42,3168.0,Sep,615,615,2024-09-01,2024-25,2024-25
Suzuki Alto,Production,44,44821.0,Sep,4127,4127,2024-09-01,2024-25,2024-25
Suzuki Alto,Sales,45,46466.0,Sep,3146,3146,2024-09-01,2024-25,2024-25
Suzuki Every,Production,47,5343.0,Sep,0,0,2024-09-01,2024-25,2024-25
Suzuki Every,Sales,48,3390.0,Sep,0,0,2024-09-01,2024-25,2024-25
DEWAN Honri-Ve,Production,55,210.0,Sep,0,0,2024-09-01,2024-25,2024-25
DEWAN Honri-Ve,Sales,56,186.0,Sep,0,0,2024-09-01,2024-25,2024-25
Honda Cars (Civic & City),Production,7,16242.0,Oct,1245,1245,2024-10-01,2024-25,2024-25
Honda Cars (Civic & City),Sales,8,16614.0,Oct,1418,1418,2024-10-01,2024-25,2024-25
Suzuki Swift,Production,10,9317.0,Oct,588,588,2024-10-01,2024-25,2024-25
Suzuki Swift,Sales,11,9138.0,Oct,330,330,2024-10-01,2024-25,2024-25
"Toyota (Corolla, Yaris & Corolla Cross)",Production,13,25121.0,Oct,1906,1906,2024-10-01,2024-25,2024-25
"Toyota (Corolla, Yaris & Corolla Cross)",Sales,14,25212.0,Oct,2101,2101,2024-10-01,2024-25,2024-25
Hyundai Elantra,Production,16,1758.0,Oct,190,190,2024-10-01,2024-25,2024-25
Hyundai Elantra,Sales,17,1850.0,Oct,105,105,2024-10-01,2024-25,2024-25
Hyundai Sonata,Production,19,1125.0,Oct,60,60,2024-10-01,2024-25,2024-25
Hyundai Sonata,Sales,20,1104.0,Oct,43,43,2024-10-01,2024-25,2024-25
BAIC D20 Sazgar,Production,22,0.0,Oct,0,0,2024-10-01,2024-25,2024-25
BAIC D20 Sazgar,Sales,23,4.0,Oct,0,0,2024-10-01,2024-25,2024-25
Suzuki Cultus,Production,30,3320.0,Oct,310,310,2024-10-01,2024-25,2024-25
Suzuki Cultus,Sales,31,2905.0,Oct,343,343,2024-10-01,2024-25,2024-25
Suzuki WagonR,Production,33,2115.0,Oct,207,207,2024-10-01,2024-25,2024-25
Suzuki WagonR,Sales,34,2166.0,Oct,226,226,2024-10-01,2024-25,2024-25
Suzuki Bolan,Production,41,2030.0,Oct,0,0,2024-10-01,2024-25,2024-25
Suzuki Bolan,Sales,42,3168.0,Oct,1044,1044,2024-10-01,2024-25,2024-25
Suzuki Alto,Production,44,44821.0,Oct,3985,3985,2024-10-01,2024-25,2024-25
Suzuki Alto,Sales,45,46466.0,Oct,4685,4685,2024-10-01,2024-25,2024-25
Suzuki Every,Production,47,5343.0,Oct,736,736,2024-10-01,2024-25,2024-25
Suzuki Every,Sales,48,3390.0,Oct,262,262,2024-10-01,2024-25,2024-25
DEWAN Honri-Ve,Production,55,210.0,Oct,0,0,2024-10-01,2024-25,2024-25
DEWAN Honri-Ve,Sales,56,186.0,Oct,0,0,2024-10-01,2024-25,2024-25
Honda Cars (Civic & City),Production,7,16242.0,Nov,1215,1215,2024-11-01,2024-25,2024-25
Honda Cars (Civic & City),Sales,8,16614.0,Nov,1010,1010,2024-11-01,2024-25,2024-25
Suzuki Swift,Production,10,9317.0,Nov,714,714,2024-11-01,2024-25,2024-25
Suzuki Swift,Sales,11,9138.0,Nov,917,917,2024-11-01,2024-25,2024-25
"Toyota (Corolla, Yaris & Corolla Cross)",Production,13,25121.0,Nov,1340,1340,2024-11-01,2024-25,2024-25
"Toyota (Corolla, Yaris & Corolla Cross)",Sales,14,25212.0,Nov,1822,1822,2024-11-01,2024-25,2024-25
Hyundai Elantra,Production,16,1758.0,Nov,187,187,2024-11-01,2024-25,2024-25
Hyundai Elantra,Sales,17,1850.0,Nov,150,150,2024-11-01,2024-25,2024-25
Hyundai Sonata,Production,19,1125.0,Nov,28,28,2024-11-01,2024-25,2024-25
Hyundai Sonata,Sales,20,1104.0,Nov,31,31,2024-11-01,2024-25,2024-25
BAIC D20 Sazgar,Production,22,0.0,Nov,0,0,2024-11-01,2024-25,2024-25
BAIC D20 Sazgar,Sales,23,4.0,Nov,0,0,2024-11-01,2024-25,2024-25
Suzuki Cultus,Production,30,3320.0,Nov,245,245,2024-11-01,2024-25,2024-25
Suzuki Cultus,Sales,31,2905.0,Nov,179,179,2024-11-01,2024-25,2024-25
Suzuki WagonR,Production,33,2115.0,Nov,289,289,2024-11-01,2024-25,2024-25
Suzuki WagonR,Sales,34,2166.0,Nov,202,202,2024-11-01,2024-25,2024-25
Suzuki Bolan,Production,41,2030.0,Nov,0,0,2024-11-01,2024-25,2024-25
Suzuki Bolan,Sales,42,3168.0,Nov,206,206,2024-11-01,2024-25,2024-25
Suzuki Alto,Production,44,44821.0,Nov,3825,3825,2024-11-01,2024-25,2024-25
Suzuki Alto,Sales,45,46466.0,Nov,2756,2756,2024-11-01,2024-25,2024-25
Suzuki Every,Production,47,5343.0,Nov,981,981,2024-11-01,2024-25,2024-25
Suzuki Every,Sales,48,3390.0,Nov,636,636,2024-11-01,2024-25,2024-25
DEWAN Honri-Ve,Production,55,210.0,Nov,70,70,2024-11-01,2024-25,2024-25
DEWAN Honri-Ve,Sales,56,186.0,Nov,63,63,2024-11-01,2024-25,2024-25
Honda Cars (Civic & City),Production,7,16242.0,Dec,1277,1277,2024-12-01,2024-25,2024-25
Honda Cars (Civic & City),Sales,8,16614.0,Dec,970,970,2024-12-01,2024-25,2024-25
Suzuki Swift,Production,10,9317.0,Dec,682,682,2024-12-01,2024-25,2024-25
Suzuki Swift,Sales,11,9138.0,Dec,668,668,2024-12-01,2024-25,2024-25
"Toyota (Corolla, Yaris & Corolla Cross)",Production,13,25121.0,Dec,1102,1102,2024-12-01,2024-25,2024-25
"Toyota (Corolla, Yaris & Corolla Cross)",Sales,14,25212.0,Dec,1156,1156,2024-12-01,2024-25,2024-25
Hyundai Elantra,Production,16,1758.0,Dec,179,179,2024-12-01,2024-25,2024-25
Hyundai Elantra,Sales,17,1850.0,Dec,145,145,2024-12-01,2024-25,2024-25
Hyundai Sonata,Production,19,1125.0,Dec,75,75,2024-12-01,2024-25,2024-25
Hyundai Sonata,Sales,20,1104.0,Dec,38,38,2024-12-01,2024-25,2024-25
BAIC D20 Sazgar,Production,22,0.0,Dec,0,0,2024-12-01,2024-25,2024-25
BAIC D20 Sazgar,Sales,23,4.0,Dec,0,0,2024-12-01,2024-25,2024-25
Suzuki Cultus,Production,30,3320.0,Dec,382,382,2024-12-01,2024-25,2024-25
Suzuki Cultus,Sales,31,2905.0,Dec,322,322,2024-12-01,2024-25,2024-25
Suzuki WagonR,Production,33,2115.0,Dec,237,237,2024-12-01,2024-25,2024-25
Suzuki WagonR,Sales,34,2166.0,Dec,220,220,2024-12-01,2024-25,2024-25
Suzuki Bolan,Production,41,2030.0,Dec,0,0,2024-12-01,2024-25,2024-25
Suzuki Bolan,Sales,42,3168.0,Dec,117,117,2024-12-01,2024-25,2024-25
Suzuki Alto,Production,44,44821.0,Dec,4201,4201,2024-12-01,2024-25,2024-25
Suzuki Alto,Sales,45,46466.0,Dec,4115,4115,2024-12-01,2024-25,2024-25
Suzuki Every,Production,47,5343.0,Dec,944,944,2024-12-01,2024-25,2024-25
Suzuki Every,Sales,48,3390.0,Dec,113,113,2024-12-01,2024-25,2024-25
DEWAN Honri-Ve,Production,55,210.0,Dec,40,40,2024-12-01,2024-25,2024-25
DEWAN Honri-Ve,Sales,56,186.0,Dec,41,41,2024-12-01,2024-25,2024-25
Honda Cars (Civic & City),Production,7,16242.0,Jan,1535,1535,2025-01-01,2024-25,2024-25
Honda Cars (Civic & City),Sales,8,16614.0,Jan,1985,1985,2025-01-01,2024-25,2024-25
Suzuki Swift,Production,10,9317.0,Jan,807,807,2025-01-01,2024-25,2024-25
Suzuki Swift,Sales,11,9138.0,Jan,1060,1060,2025-01-01,2024-25,2024-25
"Toyota (Corolla, Yaris & Corolla Cross)",Production,13,25121.0,Jan,2351,2351,2025-01-01,2024-25,2024-25
"Toyota (Corolla, Yaris & Corolla Cross)",Sales,14,25212.0,Jan,2149,2149,2025-01-01,2024-25,2024-25
Hyundai Elantra,Production,16,1758.0,Jan,187,187,2025-01-01,2024-25,2024-25
Hyundai Elantra,Sales,17,1850.0,Jan,157,157,2025-01-01,2024-25,2024-25
Hyundai Sonata,Production,19,1125.0,Jan,137,137,2025-01-01,2024-25,2024-25
Hyundai Sonata,Sales,20,1104.0,Jan,167,167,2025-01-01,2024-25,2024-25
BAIC D20 Sazgar,Production,22,0.0,Jan,0,0,2025-01-01,2024-25,2024-25
BAIC D20 Sazgar,Sales,23,4.0,Jan,0,0,2025-01-01,2024-25,2024-25
Suzuki Cultus,Production,30,3320.0,Jan,383,383,2025-01-01,2024-25,2024-25
Suzuki Cultus,Sales,31,2905.0,Jan,475,475,2025-01-01,2024-25,2024-25
Suzuki WagonR,Production,33,2115.0,Jan,147,147,2025-01-01,2024-25,2024-25
Suzuki WagonR,Sales,34,2166.0,Jan,242,242,2025-01-01,2024-25,2024-25
Suzuki Bolan,Production,41,2030.0,Jan,0,0,2025-01-01,2024-25,2024-25
Suzuki Bolan,Sales,42,3168.0,Jan,138,138,2025-01-01,2024-25,2024-25
Suzuki Alto,Production,44,44821.0,Jan,4738,4738,2025-01-01,2024-25,2024-25
Suzuki Alto,Sales,45,46466.0,Jan,5039,5039,2025-01-01,2024-25,2024-25
Suzuki Every,Production,47,5343.0,Jan,620,620,2025-01-01,2024-25,2024-25
Suzuki Every,Sales,48,3390.0,Jan,456,456,2025-01-01,2024-25,2024-25
DEWAN Honri-Ve,Production,55,210.0,Jan,20,20,2025-01-01,2024-25,2024-25
DEWAN Honri-Ve,Sales,56,186.0,Jan,15,15,2025-01-01,2024-25,2024-25
Honda Cars (Civic & City),Production,7,16242.0,Feb,1838,1838,2025-02-01,2024-25,2024-25
Honda Cars (Civic & City),Sales,8,16614.0,Feb,1876,1876,2025-02-01,2024-25,2024-25
Suzuki Swift,Production,10,9317.0,Feb,633,633,2025-02-01,2024-25,2024-25
Suzuki Swift,Sales,11,9138.0,Feb,651,651,2025-02-01,2024-25,2024-25
"Toyota (Corolla, Yaris & Corolla Cross)",Production,13,25121.0,Feb,2074,2074,2025-02-01,2024-25,2024-25
"Toyota (Corolla, Yaris & Corolla Cross)",Sales,14,25212.0,Feb,1820,1820,2025-02-01,2024-25,2024-25
Hyundai Elantra,Production,16,1758.0,Feb,252,252,2025-02-01,2024-25,2024-25
Hyundai Elantra,Sales,17,1850.0,Feb,205,205,2025-02-01,2024-25,2024-25
Hyundai Sonata,Production,19,1125.0,Feb,114,114,2025-02-01,2024-25,2024-25
Hyundai Sonata,Sales,20,1104.0,Feb,148,148,2025-02-01,2024-25,2024-25
BAIC D20 Sazgar,Production,22,0.0,Feb,0,0,2025-02-01,2024-25,2024-25
BAIC D20 Sazgar,Sales,23,4.0,Feb,0,0,2025-02-01,2024-25,2024-25
Suzuki Cultus,Production,30,3320.0,Feb,289,289,2025-02-01,2024-25,2024-25
Suzuki Cultus,Sales,31,2905.0,Feb,282,282,2025-02-01,2024-25,2024-25
Suzuki WagonR,Production,33,2115.0,Feb,167,167,2025-02-01,2024-25,2024-25
Suzuki WagonR,Sales,34,2166.0,Feb,207,207,2025-02-01,2024-25,2024-25
Suzuki Bolan,Production,41,2030.0,Feb,0,0,2025-02-01,2024-25,2024-25
Suzuki Bolan,Sales,42,3168.0,Feb,9,9,2025-02-01,2024-25,2024-25
Suzuki Alto,Production,44,44821.0,Feb,4016,4016,2025-02-01,2024-25,2024-25
Suzuki Alto,Sales,45,46466.0,Feb,3561,3561,2025-02-01,2024-25,2024-25
Suzuki Every,Production,47,5343.0,Feb,390,390,2025-02-01,2024-25,2024-25
Suzuki Every,Sales,48,3390.0,Feb,110,110,2025-02-01,2024-25,2024-25
DEWAN Honri-Ve,Production,55,210.0,Feb,20,20,2025-02-01,2024-25,2024-25
DEWAN Honri-Ve,Sales,56,186.0,Feb,13,13,2025-02-01,2024-25,2024-25
Honda Cars (Civic & City),Production,7,16242.0,Mar,940,940,2025-03-01,2024-25,2024-25
Honda Cars (Civic & City),Sales,8,16614.0,Mar,1195,1195,2025-03-01,2024-25,2024-25
Suzuki Swift,Production,10,9317.0,Mar,520,520,2025-03-01,2024-25,2024-25
Suzuki Swift,Sales,11,9138.0,Mar,596,596,2025-03-01,2024-25,2024-25
"Toyota (Corolla, Yaris & Corolla Cross)",Production,13,25121.0,Mar,2255,2255,2025-03-01,2024-25,2024-25
"Toyota (Corolla, Yaris & Corolla Cross)",Sales,14,25212.0,Mar,2378,2378,2025-03-01,2024-25,2024-25
Hyundai Elantra,Production,16,1758.0,Mar,375,375,2025-03-01,2024-25,2024-25
Hyundai Elantra,Sales,17,1850.0,Mar,212,212,2025-03-01,2024-25,2024-25
Hyundai Sonata,Production,19,1125.0,Mar,63,63,2025-03-01,2024-25,2024-25
Hyundai Sonata,Sales,20,1104.0,Mar,104,104,2025-03-01,2024-25,2024-25
BAIC D20 Sazgar,Production,22,0.0,Mar,0,0,2025-03-01,2024-25,2024-25
BAIC D20 Sazgar,Sales,23,4.0,Mar,0,0,2025-03-01,2024-25,2024-25
Suzuki Cultus,Production,30,3320.0,Mar,144,144,2025-03-01,2024-25,2024-25
Suzuki Cultus,Sales,31,2905.0,Mar,97,97,2025-03-01,2024-25,2024-25
Suzuki WagonR,Production,33,2115.0,Mar,94,94,2025-03-01,2024-25,2024-25
Suzuki WagonR,Sales,34,2166.0,Mar,97,97,2025-03-01,2024-25,2024-25
Suzuki Bolan,Production,41,2030.0,Mar,0,0,2025-03-01,2024-25,2024-25
Suzuki Bolan,Sales,42,3168.0,Mar,8,8,2025-03-01,2024-25,2024-25
Suzuki Alto,Production,44,44821.0,Mar,2956,2956,2025-03-01,2024-25,2024-25
Suzuki Alto,Sales,45,46466.0,Mar,3090,3090,2025-03-01,2024-25,2024-25
Suzuki Every,Production,47,5343.0,Mar,284,284,2025-03-01,2024-25,2024-25
Suzuki Every,Sales,48,3390.0,Mar,353,353,2025-03-01,2024-25,2024-25
DEWAN Honri-Ve,Production,55,210.0,Mar,0,0,2025-03-01,2024-25,2024-25
DEWAN Honri-Ve,Sales,56,186.0,Mar,0,0,2025-03-01,2024-25,2024-25
Honda Cars (Civic & City),Production,7,16242.0,Apr,1549,1549,2025-04-01,2024-25,2024-25
Honda Cars (Civic & City),Sales,8,16614.0,Apr,1574,1574,2025-04-01,2024-25,2024-25
Suzuki Swift,Production,10,9317.0,Apr,863,863,2025-04-01,2024-25,2024-25
Suzuki Swift,Sales,11,9138.0,Apr,671,671,2025-04-01,2024-25,2024-25
"Toyota (Corolla, Yaris & Corolla Cross)",Production,13,25121.0,Apr,3000,3000,2025-04-01,2024-25,2024-25
"Toyota (Corolla, Yaris & Corolla Cross)",Sales,14,25212.0,Apr,2516,2516,2025-04-01,2024-25,2024-25
Hyundai Elantra,Production,16,1758.0,Apr,143,143,2025-04-01,2024-25,2024-25
Hyundai Elantra,Sales,17,1850.0,Apr,218,218,2025-04-01,2024-25,2024-25
Hyundai Sonata,Production,19,1125.0,Apr,183,183,2025-04-01,2024-25,2024-25
Hyundai Sonata,Sales,20,1104.0,Apr,196,196,2025-04-01,2024-25,2024-25
BAIC D20 Sazgar,Production,22,0.0,Apr,0,0,2025-04-01,2024-25,2024-25
BAIC D20 Sazgar,Sales,23,4.0,Apr,0,0,2025-04-01,2024-25,2024-25
Suzuki Cultus,Production,30,3320.0,Apr,235,235,2025-04-01,2024-25,2024-25
Suzuki Cultus,Sales,31,2905.0,Apr,146,146,2025-04-01,2024-25,2024-25
Suzuki WagonR,Production,33,2115.0,Apr,155,155,2025-04-01,2024-25,2024-25
Suzuki WagonR,Sales,34,2166.0,Apr,84,84,2025-04-01,2024-25,2024-25
Suzuki Bolan,Production,41,2030.0,Apr,0,0,2025-04-01,2024-25,2024-25
Suzuki Bolan,Sales,42,3168.0,Apr,0,0,2025-04-01,2024-25,2024-25
Suzuki Alto,Production,44,44821.0,Apr,3559,3559,2025-04-01,2024-25,2024-25
Suzuki Alto,Sales,45,46466.0,Apr,2276,2276,2025-04-01,2024-25,2024-25
Suzuki Every,Production,47,5343.0,Apr,413,413,2025-04-01,2024-25,2024-25
Suzuki Every,Sales,48,3390.0,Apr,323,323,2025-04-01,2024-25,2024-25
DEWAN Honri-Ve,Production,55,210.0,Apr,0,0,2025-04-01,2024-25,2024-25
DEWAN Honri-Ve,Sales,56,186.0,Apr,0,0,2025-04-01,2024-25,2024-25
Honda Cars (Civic & City),Production,7,16242.0,May,2210,2210,2025-05-01,2024-25,2024-25
Honda Cars (Civic & City),Sales,8,16614.0,May,1870,1870,2025-05-01,2024-25,2024-25
Suzuki Swift,Production,10,9317.0,May,1106,1106,2025-05-01,2024-25,2024-25
Suzuki Swift,Sales,11,9138.0,May,792,792,2025-05-01,2024-25,2024-25
"Toyota (Corolla, Yaris & Corolla Cross)",Production,13,25121.0,May,3461,3461,2025-05-01,2024-25,2024-25
"Toyota (Corolla, Yaris & Corolla Cross)",Sales,14,25212.0,May,3814,3814,2025-05-01,2024-25,2024-25
Hyundai Elantra,Production,16,1758.0,May,33,33,2025-05-01,2024-25,2024-25
Hyundai Elantra,Sales,17,1850.0,May,180,180,2025-05-01,2024-25,2024-25
Hyundai Sonata,Production,19,1125.0,May,123,123,2025-05-01,2024-25,2024-25
Hyundai Sonata,Sales,20,1104.0,May,122,122,2025-05-01,2024-25,2024-25
BAIC D20 Sazgar,Production,22,0.0,May,0,0,2025-05-01,2024-25,2024-25
BAIC D20 Sazgar,Sales,23,4.0,May,0,0,2025-05-01,2024-25,2024-25
Suzuki Cultus,Production,30,3320.0,May,547,547,2025-05-01,2024-25,2024-25
Suzuki Cultus,Sales,31,2905.0,May,252,252,2025-05-01,2024-25,2024-25
Suzuki WagonR,Production,33,2115.0,May,322,322,2025-05-01,2024-25,2024-25
Suzuki WagonR,Sales,34,2166.0,May,224,224,2025-05-01,2024-25,2024-25
Suzuki Bolan,Production,41,2030.0,May,0,0,2025-05-01,2024-25,2024-25
Suzuki Bolan,Sales,42,3168.0,May,0,0,2025-05-01,2024-25,2024-25
Suzuki Alto,Production,44,44821.0,May,3991,3991,2025-05-01,2024-25,2024-25
Suzuki Alto,Sales,45,46466.0,May,3409,3409,2025-05-01,2024-25,2024-25
Suzuki Every,Production,47,5343.0,May,547,547,2025-05-01,2024-25,2024-25
Suzuki Every,Sales,48,3390.0,May,456,456,2025-05-01,2024-25,2024-25
DEWAN Honri-Ve,Production,55,210.0,May,20,20,2025-05-01,2024-25,2024-25
DEWAN Honri-Ve,Sales,56,186.0,May,24,24,2025-05-01,2024-25,2024-25
Honda Cars (Civic & City),Production,7,16242.0,Jun,1478,1478,2025-06-01,2024-25,2024-25
Honda Cars (Civic & City),Sales,8,16614.0,Jun,1710,1710,2025-06-01,2024-25,2024-25
Suzuki Swift,Production,10,9317.0,Jun,1390,1390,2025-06-01,2024-25,2024-25
Suzuki Swift,Sales,11,9138.0,Jun,1784,1784,2025-06-01,2024-25,2024-25
"Toyota (Corolla, Yaris & Corolla Cross)",Production,13,25121.0,Jun,2566,2566,2025-06-01,2024-25,2024-25
"Toyota (Corolla, Yaris & Corolla Cross)",Sales,14,25212.0,Jun,2902,2902,2025-06-01,2024-25,2024-25
Hyundai Elantra,Production,16,1758.0,Jun,72,72,2025-06-01,2024-25,2024-25
Hyundai Elantra,Sales,17,1850.0,Jun,275,275,2025-06-01,2024-25,2024-25
Hyundai Sonata,Production,19,1125.0,Jun,133,133,2025-06-01,2024-25,2024-25
Hyundai Sonata,Sales,20,1104.0,Jun,100,100,2025-06-01,2024-25,2024-25
BAIC D20 Sazgar,Production,22,0.0,Jun,0,0,2025-06-01,2024-25,2024-25
BAIC D20 Sazgar,Sales,23,4.0,Jun,4,4,2025-06-01,2024-25,2024-25
Suzuki Cultus,Production,30,3320.0,Jun,514,514,2025-06-01,2024-25,2024-25
Suzuki Cultus,Sales,31,2905.0,Jun,523,523,2025-06-01,2024-25,2024-25
Suzuki WagonR,Production,33,2115.0,Jun,1,1,2025-06-01,2024-25,2024-25
Suzuki WagonR,Sales,34,2166.0,Jun,153,153,2025-06-01,2024-25,2024-25
Suzuki Bolan,Production,41,2030.0,Jun,0,0,2025-06-01,2024-25,2024-25
Suzuki Bolan,Sales,42,3168.0,Jun,0,0,2025-06-01,2024-25,2024-25
Suzuki Alto,Production,44,44821.0,Jun,5981,5981,2025-06-01,2024-25,2024-25
Suzuki Alto,Sales,45,46466.0,Jun,9497,9497,2025-06-01,2024-25,2024-25
Suzuki Every,Production,47,5343.0,Jun,428,428,2025-06-01,2024-25,2024-25
Suzuki Every,Sales,48,3390.0,Jun,681,681,2025-06-01,2024-25,2024-25
DEWAN Honri-Ve,Production,55,210.0,Jun,40,40,2025-06-01,2024-25,2024-25
DEWAN Honri-Ve,Sales,56,186.0,Jun,30,30,2025-06-01,2024-25,2024-25
Honda Cars (Civic & City),Production,7,24741.0,Jul,1169,1169,2025-07-01,2025-26,2025-26
Honda Cars (Civic & City),Sales,8,24416.0,Jul,1143,1143,2025-07-01,2025-26,2025-26
Suzuki Swift,Production,10,17584.0,Jul,648,648,2025-07-01,2025-26,2025-26
Suzuki Swift,Sales,11,17076.0,Jul,522,522,2025-07-01,2025-26,2025-26
"Toyota (Corolla, Yaris & Corolla Cross)",Production,13,36617.0,Jul,2484,2484,2025-07-01,2025-26,2025-26
"Toyota (Corolla, Yaris & Corolla Cross)",Sales,14,35831.0,Jul,2418,2418,2025-07-01,2025-26,2025-26
Hyundai Elantra,Production,16,2789.0,Jul,210,210,2025-07-01,2025-26,2025-26
Hyundai Elantra,Sales,17,2835.0,Jul,141,141,2025-07-01,2025-26,2025-26
Hyundai Sonata,Production,19,641.0,Jul,141,141,2025-07-01,2025-26,2025-26
Hyundai Sonata,Sales,20,572.0,Jul,66,66,2025-07-01,2025-26,2025-26
BAIC D20 Sazgar,Production,22,0.0,Jul,0,0,2025-07-01,2025-26,2025-26
BAIC D20 Sazgar,Sales,23,0.0,Jul,0,0,2025-07-01,2025-26,2025-26
Suzuki Cultus,Production,30,4914.0,Jul,209,209,2025-07-01,2025-26,2025-26
Suzuki Cultus,Sales,31,4900.0,Jul,239,239,2025-07-01,2025-26,2025-26
Suzuki WagonR,Production,33,0.0,Jul,0,0,2025-07-01,2025-26,2025-26
Suzuki WagonR,Sales,34,53.0,Jul,25,25,2025-07-01,2025-26,2025-26
Suzuki Bolan,Production,41,0.0,Jul,0,0,2025-07-01,2025-26,2025-26
Suzuki Bolan,Sales,42,0.0,Jul,0,0,2025-07-01,2025-26,2025-26
Suzuki Alto,Production,44,64185.0,Jul,4808,4808,2025-07-01,2025-26,2025-26
Suzuki Alto,Sales,45,62035.0,Jul,2327,2327,2025-07-01,2025-26,2025-26
Suzuki Every,Production,47,6359.0,Jul,162,162,2025-07-01,2025-26,2025-26
Suzuki Every,Sales,48,7570.0,Jul,230,230,2025-07-01,2025-26,2025-26
DEWAN Honri-Ve,Production,55,360.0,Jul,25,25,2025-07-01,2025-26,2025-26
DEWAN Honri-Ve,Sales,56,343.0,Jul,24,24,2025-07-01,2025-26,2025-26
Honda Cars (Civic & City),Production,7,24741.0,Aug,968,968,2025-08-01,2025-26,2025-26
Honda Cars (Civic & City),Sales,8,24416.0,Aug,699,699,2025-08-01,2025-26,2025-26
Suzuki Swift,Production,10,17584.0,Aug,1591,1591,2025-08-01,2025-26,2025-26
Suzuki Swift,Sales,11,17076.0,Aug,1473,1473,2025-08-01,2025-26,2025-26
"Toyota (Corolla, Yaris & Corolla Cross)",Production,13,36617.0,Aug,2614,2614,2025-08-01,2025-26,2025-26
"Toyota (Corolla, Yaris & Corolla Cross)",Sales,14,35831.0,Aug,2553,2553,2025-08-01,2025-26,2025-26
Hyundai Elantra,Production,16,2789.0,Aug,220,220,2025-08-01,2025-26,2025-26
Hyundai Elantra,Sales,17,2835.0,Aug,145,145,2025-08-01,2025-26,2025-26
Hyundai Sonata,Production,19,641.0,Aug,85,85,2025-08-01,2025-26,2025-26
Hyundai Sonata,Sales,20,572.0,Aug,58,58,2025-08-01,2025-26,2025-26
BAIC D20 Sazgar,Production,22,0.0,Aug,0,0,2025-08-01,2025-26,2025-26
BAIC D20 Sazgar,Sales,23,0.0,Aug,0,0,2025-08-01,2025-26,2025-26
Suzuki Cultus,Production,30,4914.0,Aug,490,490,2025-08-01,2025-26,2025-26
Suzuki Cultus,Sales,31,4900.0,Aug,497,497,2025-08-01,2025-26,2025-26
Suzuki WagonR,Production,33,0.0,Aug,0,0,2025-08-01,2025-26,2025-26
Suzuki WagonR,Sales,34,53.0,Aug,22,22,2025-08-01,2025-26,2025-26
Suzuki Bolan,Production,41,0.0,Aug,0,0,2025-08-01,2025-26,2025-26
Suzuki Bolan,Sales,42,0.0,Aug,0,0,2025-08-01,2025-26,2025-26
Suzuki Alto,Production,44,64185.0,Aug,6238,6238,2025-08-01,2025-26,2025-26
Suzuki Alto,Sales,45,62035.0,Aug,4193,4193,2025-08-01,2025-26,2025-26
Suzuki Every,Production,47,6359.0,Aug,364,364,2025-08-01,2025-26,2025-26
Suzuki Every,Sales,48,7570.0,Aug,376,376,2025-08-01,2025-26,2025-26
DEWAN Honri-Ve,Production,55,360.0,Aug,20,20,2025-08-01,2025-26,2025-26
DEWAN Honri-Ve,Sales,56,343.0,Aug,41,41,2025-08-01,2025-26,2025-26
Honda Cars (Civic & City),Production,7,24741.0,Sep,1939,1939,2025-09-01,2025-26,2025-26
Honda Cars (Civic & City),Sales,8,24416.0,Sep,1977,1977,2025-09-01,2025-26,2025-26
Suzuki Swift,Production,10,17584.0,Sep,1394,1394,2025-09-01,2025-26,2025-26
Suzuki Swift,Sales,11,17076.0,Sep,1403,1403,2025-09-01,2025-26,2025-26
"Toyota (Corolla, Yaris & Corolla Cross)",Production,13,36617.0,Sep,2708,2708,2025-09-01,2025-26,2025-26
"Toyota (Corolla, Yaris & Corolla Cross)",Sales,14,35831.0,Sep,2655,2655,2025-09-01,2025-26,2025-26
Hyundai Elantra,Production,16,2789.0,Sep,222,222,2025-09-01,2025-26,2025-26
Hyundai Elantra,Sales,17,2835.0,Sep,131,131,2025-09-01,2025-26,2025-26
Hyundai Sonata,Production,19,641.0,Sep,63,63,2025-09-01,2025-26,2025-26
Hyundai Sonata,Sales,20,572.0,Sep,58,58,2025-09-01,2025-26,2025-26
BAIC D20 Sazgar,Production,22,0.0,Sep,0,0,2025-09-01,2025-26,2025-26
BAIC D20 Sazgar,Sales,23,0.0,Sep,0,0,2025-09-01,2025-26,2025-26
Suzuki Cultus,Production,30,4914.0,Sep,517,517,2025-09-01,2025-26,2025-26
Suzuki Cultus,Sales,31,4900.0,Sep,427,427,2025-09-01,2025-26,2025-26
Suzuki WagonR,Production,33,0.0,Sep,0,0,2025-09-01,2025-26,2025-26
Suzuki WagonR,Sales,34,53.0,Sep,6,6,2025-09-01,2025-26,2025-26
Suzuki Bolan,Production,41,0.0,Sep,0,0,2025-09-01,2025-26,2025-26
Suzuki Bolan,Sales,42,0.0,Sep,0,0,2025-09-01,2025-26,2025-26
Suzuki Alto,Production,44,64185.0,Sep,6319,6319,2025-09-01,2025-26,2025-26
Suzuki Alto,Sales,45,62035.0,Sep,4718,4718,2025-09-01,2025-26,2025-26
Suzuki Every,Production,47,6359.0,Sep,476,476,2025-09-01,2025-26,2025-26
Suzuki Every,Sales,48,7570.0,Sep,721,721,2025-09-01,2025-26,2025-26
DEWAN Honri-Ve,Production,55,360.0,Sep,30,30,2025-09-01,2025-26,2025-26
DEWAN Honri-Ve,Sales,56,343.0,Sep,30,30,2025-09-01,2025-26,2025-26
Honda Cars (Civic & City),Production,7,24741.0,Oct,2351,2351,2025-10-01,2025-26,2025-26
Honda Cars (Civic & City),Sales,8,24416.0,Oct,2247,2247,2025-10-01,2025-26,2025-26
Suzuki Swift,Production,10,17584.0,Oct,1078,1078,2025-10-01,2025-26,2025-26
Suzuki Swift,Sales,11,17076.0,Oct,1170,1170,2025-10-01,2025-26,2025-26
"Toyota (Corolla, Yaris & Corolla Cross)",Production,13,36617.0,Oct,3809,3809,2025-10-01,2025-26,2025-26
"Toyota (Corolla, Yaris & Corolla Cross)",Sales,14,35831.0,Oct,3742,3742,2025-10-01,2025-26,2025-26
Hyundai Elantra,Production,16,2789.0,Oct,500,500,2025-10-01,2025-26,2025-26
Hyundai Elantra,Sales,17,2835.0,Oct,325,325,2025-10-01,2025-26,2025-26
Hyundai Sonata,Production,19,641.0,Oct,48,48,2025-10-01,2025-26,2025-26
Hyundai Sonata,Sales,20,572.0,Oct,45,45,2025-10-01,2025-26,2025-26
BAIC D20 Sazgar,Production,22,0.0,Oct,0,0,2025-10-01,2025-26,2025-26
BAIC D20 Sazgar,Sales,23,0.0,Oct,0,0,2025-10-01,2025-26,2025-26
Suzuki Cultus,Production,30,4914.0,Oct,332,332,2025-10-01,2025-26,2025-26
Suzuki Cultus,Sales,31,4900.0,Oct,517,517,2025-10-01,2025-26,2025-26
Suzuki WagonR,Production,33,0.0,Oct,0,0,2025-10-01,2025-26,2025-26
Suzuki WagonR,Sales,34,53.0,Oct,0,0,2025-10-01,2025-26,2025-26
Suzuki Bolan,Production,41,0.0,Oct,0,0,2025-10-01,2025-26,2025-26
Suzuki Bolan,Sales,42,0.0,Oct,0,0,2025-10-01,2025-26,2025-26
Suzuki Alto,Production,44,64185.0,Oct,6395,6395,2025-10-01,2025-26,2025-26
Suzuki Alto,Sales,45,62035.0,Oct,4931,4931,2025-10-01,2025-26,2025-26
Suzuki Every,Production,47,6359.0,Oct,579,579,2025-10-01,2025-26,2025-26
Suzuki Every,Sales,48,7570.0,Oct,516,516,2025-10-01,2025-26,2025-26
DEWAN Honri-Ve,Production,55,360.0,Oct,20,20,2025-10-01,2025-26,2025-26
DEWAN Honri-Ve,Sales,56,343.0,Oct,20,20,2025-10-01,2025-26,2025-26
Honda Cars (Civic & City),Production,7,24741.0,Nov,2198,2198,2025-11-01,2025-26,2025-26
Honda Cars (Civic & City),Sales,8,24416.0,Nov,2359,2359,2025-11-01,2025-26,2025-26
Suzuki Swift,Production,10,17584.0,Nov,1101,1101,2025-11-01,2025-26,2025-26
Suzuki Swift,Sales,11,17076.0,Nov,1367,1367,2025-11-01,2025-26,2025-26
"Toyota (Corolla, Yaris & Corolla Cross)",Production,13,36617.0,Nov,3056,3056,2025-11-01,2025-26,2025-26
"Toyota (Corolla, Yaris & Corolla Cross)",Sales,14,35831.0,Nov,3236,3236,2025-11-01,2025-26,2025-26
Hyundai Elantra,Production,16,2789.0,Nov,486,486,2025-11-01,2025-26,2025-26
Hyundai Elantra,Sales,17,2835.0,Nov,283,283,2025-11-01,2025-26,2025-26
Hyundai Sonata,Production,19,641.0,Nov,13,13,2025-11-01,2025-26,2025-26
Hyundai Sonata,Sales,20,572.0,Nov,25,25,2025-11-01,2025-26,2025-26
BAIC D20 Sazgar,Production,22,0.0,Nov,0,0,2025-11-01,2025-26,2025-26
BAIC D20 Sazgar,Sales,23,0.0,Nov,0,0,2025-11-01,2025-26,2025-26
Suzuki Cultus,Production,30,4914.0,Nov,390,390,2025-11-01,2025-26,2025-26
Suzuki Cultus,Sales,31,4900.0,Nov,485,485,2025-11-01,2025-26,2025-26
Suzuki WagonR,Production,33,0.0,Nov,0,0,2025-11-01,2025-26,2025-26
Suzuki WagonR,Sales,34,53.0,Nov,0,0,2025-11-01,2025-26,2025-26
Suzuki Bolan,Production,41,0.0,Nov,0,0,2025-11-01,2025-26,2025-26
Suzuki Bolan,Sales,42,0.0,Nov,0,0,2025-11-01,2025-26,2025-26
Suzuki Alto,Production,44,64185.0,Nov,5124,5124,2025-11-01,2025-26,2025-26
Suzuki Alto,Sales,45,62035.0,Nov,4069,4069,2025-11-01,2025-26,2025-26
Suzuki Every,Production,47,6359.0,Nov,560,560,2025-11-01,2025-26,2025-26
Suzuki Every,Sales,48,7570.0,Nov,572,572,2025-11-01,2025-26,2025-26
DEWAN Honri-Ve,Production,55,360.0,Nov,30,30,2025-11-01,2025-26,2025-26
DEWAN Honri-Ve,Sales,56,343.0,Nov,12,12,2025-11-01,2025-26,2025-26
Honda Cars (Civic & City),Production,7,24741.0,Dec,2129,2129,2025-12-01,2025-26,2025-26
Honda Cars (Civic & City),Sales,8,24416.0,Dec,1739,1739,2025-12-01,2025-26,2025-26
Suzuki Swift,Production,10,17584.0,Dec,1331,1331,2025-12-01,2025-26,2025-26
Suzuki Swift,Sales,11,17076.0,Dec,1009,1009,2025-12-01,2025-26,2025-26
"Toyota (Corolla, Yaris & Corolla Cross)",Production,13,36617.0,Dec,1959,1959,2025-12-01,2025-26,2025-26
"Toyota (Corolla, Yaris & Corolla Cross)",Sales,14,35831.0,Dec,2116,2116,2025-12-01,2025-26,2025-26
Hyundai Elantra,Production,16,2789.0,Dec,201,201,2025-12-01,2025-26,2025-26
Hyundai Elantra,Sales,17,2835.0,Dec,221,221,2025-12-01,2025-26,2025-26
Hyundai Sonata,Production,19,641.0,Dec,0,0,2025-12-01,2025-26,2025-26
Hyundai Sonata,Sales,20,572.0,Dec,78,78,2025-12-01,2025-26,2025-26
BAIC D20 Sazgar,Production,22,0.0,Dec,0,0,2025-12-01,2025-26,2025-26
BAIC D20 Sazgar,Sales,23,0.0,Dec,0,0,2025-12-01,2025-26,2025-26
Suzuki Cultus,Production,30,4914.0,Dec,267,267,2025-12-01,2025-26,2025-26
Suzuki Cultus,Sales,31,4900.0,Dec,303,303,2025-12-01,2025-26,2025-26
Suzuki WagonR,Production,33,0.0,Dec,0,0,2025-12-01,2025-26,2025-26
Suzuki WagonR,Sales,34,53.0,Dec,0,0,2025-12-01,2025-26,2025-26
Suzuki Bolan,Production,41,0.0,Dec,0,0,2025-12-01,2025-26,2025-26
Suzuki Bolan,Sales,42,0.0,Dec,0,0,2025-12-01,2025-26,2025-26
Suzuki Alto,Production,44,64185.0,Dec,4388,4388,2025-12-01,2025-26,2025-26
Suzuki Alto,Sales,45,62035.0,Dec,3863,3863,2025-12-01,2025-26,2025-26
Suzuki Every,Production,47,6359.0,Dec,448,448,2025-12-01,2025-26,2025-26
Suzuki Every,Sales,48,7570.0,Dec,1330,1330,2025-12-01,2025-26,2025-26
DEWAN Honri-Ve,Production,55,360.0,Dec,12,12,2025-12-01,2025-26,2025-26
DEWAN Honri-Ve,Sales,56,343.0,Dec,12,12,2025-12-01,2025-26,2025-26
Honda Cars (Civic & City),Production,7,24741.0,Jan,3188,3188,2026-01-01,2025-26,2025-26
Honda Cars (Civic & City),Sales,8,24416.0,Jan,3364,3364,2026-01-01,2025-26,2025-26
Suzuki Swift,Production,10,17584.0,Jan,2074,2074,2026-01-01,2025-26,2025-26
Suzuki Swift,Sales,11,17076.0,Jan,1977,1977,2026-01-01,2025-26,2025-26
"Toyota (Corolla, Yaris & Corolla Cross)",Production,13,36617.0,Jan,4999,4999,2026-01-01,2025-26,2025-26
"Toyota (Corolla, Yaris & Corolla Cross)",Sales,14,35831.0,Jan,4078,4078,2026-01-01,2025-26,2025-26
Hyundai Elantra,Production,16,2789.0,Jan,38,38,2026-01-01,2025-26,2025-26
Hyundai Elantra,Sales,17,2835.0,Jan,304,304,2026-01-01,2025-26,2025-26
Hyundai Sonata,Production,19,641.0,Jan,60,60,2026-01-01,2025-26,2025-26
Hyundai Sonata,Sales,20,572.0,Jan,40,40,2026-01-01,2025-26,2025-26
BAIC D20 Sazgar,Production,22,0.0,Jan,0,0,2026-01-01,2025-26,2025-26
BAIC D20 Sazgar,Sales,23,0.0,Jan,0,0,2026-01-01,2025-26,2025-26
Suzuki Cultus,Production,30,4914.0,Jan,414,414,2026-01-01,2025-26,2025-26
Suzuki Cultus,Sales,31,4900.0,Jan,495,495,2026-01-01,2025-26,2025-26
Suzuki WagonR,Production,33,0.0,Jan,0,0,2026-01-01,2025-26,2025-26
Suzuki WagonR,Sales,34,53.0,Jan,0,0,2026-01-01,2025-26,2025-26
Suzuki Bolan,Production,41,0.0,Jan,0,0,2026-01-01,2025-26,2025-26
Suzuki Bolan,Sales,42,0.0,Jan,0,0,2026-01-01,2025-26,2025-26
Suzuki Alto,Production,44,64185.0,Jan,6290,6290,2026-01-01,2025-26,2025-26
Suzuki Alto,Sales,45,62035.0,Jan,7071,7071,2026-01-01,2025-26,2025-26
Suzuki Every,Production,47,6359.0,Jan,752,752,2026-01-01,2025-26,2025-26
Suzuki Every,Sales,48,7570.0,Jan,1235,1235,2026-01-01,2025-26,2025-26
DEWAN Honri-Ve,Production,55,360.0,Jan,38,38,2026-01-01,2025-26,2025-26
DEWAN Honri-Ve,Sales,56,343.0,Jan,38,38,2026-01-01,2025-26,2025-26
Honda Cars (Civic & City),Production,7,24741.0,Feb,1938,1938,2026-02-01,2025-26,2025-26
Honda Cars (Civic & City),Sales,8,24416.0,Feb,1861,1861,2026-02-01,2025-26,2025-26
Suzuki Swift,Production,10,17584.0,Feb,1467,1467,2026-02-01,2025-26,2025-26
Suzuki Swift,Sales,11,17076.0,Feb,1634,1634,2026-02-01,2025-26,2025-26
"Toyota (Corolla, Yaris & Corolla Cross)",Production,13,36617.0,Feb,2846,2846,2026-02-01,2025-26,2025-26
"Toyota (Corolla, Yaris & Corolla Cross)",Sales,14,35831.0,Feb,3102,3102,2026-02-01,2025-26,2025-26
Hyundai Elantra,Production,16,2789.0,Feb,265,265,2026-02-01,2025-26,2025-26
Hyundai Elantra,Sales,17,2835.0,Feb,193,193,2026-02-01,2025-26,2025-26
Hyundai Sonata,Production,19,641.0,Feb,25,25,2026-02-01,2025-26,2025-26
Hyundai Sonata,Sales,20,572.0,Feb,43,43,2026-02-01,2025-26,2025-26
BAIC D20 Sazgar,Production,22,0.0,Feb,0,0,2026-02-01,2025-26,2025-26
BAIC D20 Sazgar,Sales,23,0.0,Feb,0,0,2026-02-01,2025-26,2025-26
Suzuki Cultus,Production,30,4914.0,Feb,506,506,2026-02-01,2025-26,2025-26
Suzuki Cultus,Sales,31,4900.0,Feb,460,460,2026-02-01,2025-26,2025-26
Suzuki WagonR,Production,33,0.0,Feb,0,0,2026-02-01,2025-26,2025-26
Suzuki WagonR,Sales,34,53.0,Feb,0,0,2026-02-01,2025-26,2025-26
Suzuki Bolan,Production,41,0.0,Feb,0,0,2026-02-01,2025-26,2025-26
Suzuki Bolan,Sales,42,0.0,Feb,0,0,2026-02-01,2025-26,2025-26
Suzuki Alto,Production,44,64185.0,Feb,4236,4236,2026-02-01,2025-26,2025-26
Suzuki Alto,Sales,45,62035.0,Feb,5522,5522,2026-02-01,2025-26,2025-26
Suzuki Every,Production,47,6359.0,Feb,564,564,2026-02-01,2025-26,2025-26
Suzuki Every,Sales,48,7570.0,Feb,540,540,2026-02-01,2025-26,2025-26
DEWAN Honri-Ve,Production,55,360.0,Feb,33,33,2026-02-01,2025-26,2025-26
DEWAN Honri-Ve,Sales,56,343.0,Feb,33,33,2026-02-01,2025-26,2025-26
Honda Cars (Civic & City),Production,7,24741.0,Mar,1833,1833,2026-03-01,2025-26,2025-26
Honda Cars (Civic & City),Sales,8,24416.0,Mar,2049,2049,2026-03-01,2025-26,2025-26
Suzuki Swift,Production,10,17584.0,Mar,1299,1299,2026-03-01,2025-26,2025-26
Suzuki Swift,Sales,11,17076.0,Mar,992,992,2026-03-01,2025-26,2025-26
"Toyota (Corolla, Yaris & Corolla Cross)",Production,13,36617.0,Mar,2793,2793,2026-03-01,2025-26,2025-26
"Toyota (Corolla, Yaris & Corolla Cross)",Sales,14,35831.0,Mar,3145,3145,2026-03-01,2025-26,2025-26
Hyundai Elantra,Production,16,2789.0,Mar,165,165,2026-03-01,2025-26,2025-26
Hyundai Elantra,Sales,17,2835.0,Mar,218,218,2026-03-01,2025-26,2025-26
Hyundai Sonata,Production,19,641.0,Mar,34,34,2026-03-01,2025-26,2025-26
Hyundai Sonata,Sales,20,572.0,Mar,43,43,2026-03-01,2025-26,2025-26
BAIC D20 Sazgar,Production,22,0.0,Mar,0,0,2026-03-01,2025-26,2025-26
BAIC D20 Sazgar,Sales,23,0.0,Mar,0,0,2026-03-01,2025-26,2025-26
Suzuki Cultus,Production,30,4914.0,Mar,263,263,2026-03-01,2025-26,2025-26
Suzuki Cultus,Sales,31,4900.0,Mar,294,294,2026-03-01,2025-26,2025-26
Suzuki WagonR,Production,33,0.0,Mar,0,0,2026-03-01,2025-26,2025-26
Suzuki WagonR,Sales,34,53.0,Mar,0,0,2026-03-01,2025-26,2025-26
Suzuki Bolan,Production,41,0.0,Mar,0,0,2026-03-01,2025-26,2025-26
Suzuki Bolan,Sales,42,0.0,Mar,0,0,2026-03-01,2025-26,2025-26
Suzuki Alto,Production,44,64185.0,Mar,3918,3918,2026-03-01,2025-26,2025-26
Suzuki Alto,Sales,45,62035.0,Mar,4571,4571,2026-03-01,2025-26,2025-26
Suzuki Every,Production,47,6359.0,Mar,506,506,2026-03-01,2025-26,2025-26
Suzuki Every,Sales,48,7570.0,Mar,390,390,2026-03-01,2025-26,2025-26
DEWAN Honri-Ve,Production,55,360.0,Mar,32,32,2026-03-01,2025-26,2025-26
DEWAN Honri-Ve,Sales,56,343.0,Mar,53,53,2026-03-01,2025-26,2025-26
Honda Cars (Civic & City),Production,7,24741.0,Apr,2413,2413,2026-04-01,2025-26,2025-26
Honda Cars (Civic & City),Sales,8,24416.0,Apr,2432,2432,2026-04-01,2025-26,2025-26
Suzuki Swift,Production,10,17584.0,Apr,2138,2138,2026-04-01,2025-26,2025-26
Suzuki Swift,Sales,11,17076.0,Apr,2205,2205,2026-04-01,2025-26,2025-26
"Toyota (Corolla, Yaris & Corolla Cross)",Production,13,36617.0,Apr,3472,3472,2026-04-01,2025-26,2025-26
"Toyota (Corolla, Yaris & Corolla Cross)",Sales,14,35831.0,Apr,3451,3451,2026-04-01,2025-26,2025-26
Hyundai Elantra,Production,16,2789.0,Apr,203,203,2026-04-01,2025-26,2025-26
Hyundai Elantra,Sales,17,2835.0,Apr,428,428,2026-04-01,2025-26,2025-26
Hyundai Sonata,Production,19,641.0,Apr,56,56,2026-04-01,2025-26,2025-26
Hyundai Sonata,Sales,20,572.0,Apr,34,34,2026-04-01,2025-26,2025-26
BAIC D20 Sazgar,Production,22,0.0,Apr,0,0,2026-04-01,2025-26,2025-26
BAIC D20 Sazgar,Sales,23,0.0,Apr,0,0,2026-04-01,2025-26,2025-26
Suzuki Cultus,Production,30,4914.0,Apr,506,506,2026-04-01,2025-26,2025-26
Suzuki Cultus,Sales,31,4900.0,Apr,489,489,2026-04-01,2025-26,2025-26
Suzuki WagonR,Production,33,0.0,Apr,0,0,2026-04-01,2025-26,2025-26
Suzuki WagonR,Sales,34,53.0,Apr,0,0,2026-04-01,2025-26,2025-26
Suzuki Bolan,Production,41,0.0,Apr,0,0,2026-04-01,2025-26,2025-26
Suzuki Bolan,Sales,42,0.0,Apr,0,0,2026-04-01,2025-26,2025-26
Suzuki Alto,Production,44,64185.0,Apr,6081,6081,2026-04-01,2025-26,2025-26
Suzuki Alto,Sales,45,62035.0,Apr,7567,7567,2026-04-01,2025-26,2025-26
Suzuki Every,Production,47,6359.0,Apr,787,787,2026-04-01,2025-26,2025-26
Suzuki Every,Sales,48,7570.0,Apr,751,751,2026-04-01,2025-26,2025-26
DEWAN Honri-Ve,Production,55,360.0,Apr,30,30,2026-04-01,2025-26,2025-26
DEWAN Honri-Ve,Sales,56,343.0,Apr,30,30,2026-04-01,2025-26,2025-26
Honda Cars (Civic & City),Production,7,24741.0,May,1923,1923,2026-05-01,2025-26,2025-26
Honda Cars (Civic & City),Sales,8,24416.0,May,1952,1952,2026-05-01,2025-26,2025-26
Suzuki Swift,Production,10,17584.0,May,1559,1559,2026-05-01,2025-26,2025-26
Suzuki Swift,Sales,11,17076.0,May,1656,1656,2026-05-01,2025-26,2025-26
"Toyota (Corolla, Yaris & Corolla Cross)",Production,13,36617.0,May,2777,2777,2026-05-01,2025-26,2025-26
"Toyota (Corolla, Yaris & Corolla Cross)",Sales,14,35831.0,May,2685,2685,2026-05-01,2025-26,2025-26
Hyundai Elantra,Production,16,2789.0,May,182,182,2026-05-01,2025-26,2025-26
Hyundai Elantra,Sales,17,2835.0,May,209,209,2026-05-01,2025-26,2025-26
Hyundai Sonata,Production,19,641.0,May,29,29,2026-05-01,2025-26,2025-26
Hyundai Sonata,Sales,20,572.0,May,31,31,2026-05-01,2025-26,2025-26
BAIC D20 Sazgar,Production,22,0.0,May,0,0,2026-05-01,2025-26,2025-26
BAIC D20 Sazgar,Sales,23,0.0,May,0,0,2026-05-01,2025-26,2025-26
Suzuki Cultus,Production,30,4914.0,May,466,466,2026-05-01,2025-26,2025-26
Suzuki Cultus,Sales,31,4900.0,May,255,255,2026-05-01,2025-26,2025-26
Suzuki WagonR,Production,33,0.0,May,0,0,2026-05-01,2025-26,2025-26
Suzuki WagonR,Sales,34,53.0,May,0,0,2026-05-01,2025-26,2025-26
Suzuki Bolan,Production,41,0.0,May,0,0,2026-05-01,2025-26,2025-26
Suzuki Bolan,Sales,42,0.0,May,0,0,2026-05-01,2025-26,2025-26
Suzuki Alto,Production,44,64185.0,May,4467,4467,2026-05-01,2025-26,2025-26
Suzuki Alto,Sales,45,62035.0,May,5964,5964,2026-05-01,2025-26,2025-26
Suzuki Every,Production,47,6359.0,May,367,367,2026-05-01,2025-26,2025-26
Suzuki Every,Sales,48,7570.0,May,429,429,2026-05-01,2025-26,2025-26
DEWAN Honri-Ve,Production,55,360.0,May,30,30,2026-05-01,2025-26,2025-26
DEWAN Honri-Ve,Sales,56,343.0,May,30,30,2026-05-01,2025-26,2025-26
Honda Cars (Civic & City),Production,7,24741.0,Jun,2692,2692,2026-06-01,2025-26,2025-26
Honda Cars (Civic & City),Sales,8,24416.0,Jun,2594,2594,2026-06-01,2025-26,2025-26
Suzuki Swift,Production,10,17584.0,Jun,1904,1904,2026-06-01,2025-26,2025-26
Suzuki Swift,Sales,11,17076.0,Jun,1668,1668,2026-06-01,2025-26,2025-26
"Toyota (Corolla, Yaris & Corolla Cross)",Production,13,36617.0,Jun,3100,3100,2026-06-01,2025-26,2025-26
"Toyota (Corolla, Yaris & Corolla Cross)",Sales,14,35831.0,Jun,2650,2650,2026-06-01,2025-26,2025-26
Hyundai Elantra,Production,16,2789.0,Jun,97,97,2026-06-01,2025-26,2025-26
Hyundai Elantra,Sales,17,2835.0,Jun,237,237,2026-06-01,2025-26,2025-26
Hyundai Sonata,Production,19,641.0,Jun,87,87,2026-06-01,2025-26,2025-26
Hyundai Sonata,Sales,20,572.0,Jun,51,51,2026-06-01,2025-26,2025-26
BAIC D20 Sazgar,Production,22,0.0,Jun,0,0,2026-06-01,2025-26,2025-26
BAIC D20 Sazgar,Sales,23,0.0,Jun,0,0,2026-06-01,2025-26,2025-26
Suzuki Cultus,Production,30,4914.0,Jun,554,554,2026-06-01,2025-26,2025-26
Suzuki Cultus,Sales,31,4900.0,Jun,439,439,2026-06-01,2025-26,2025-26
Suzuki WagonR,Production,33,0.0,Jun,0,0,2026-06-01,2025-26,2025-26
Suzuki WagonR,Sales,34,53.0,Jun,0,0,2026-06-01,2025-26,2025-26
Suzuki Bolan,Production,41,0.0,Jun,0,0,2026-06-01,2025-26,2025-26
Suzuki Bolan,Sales,42,0.0,Jun,0,0,2026-06-01,2025-26,2025-26
Suzuki Alto,Production,44,64185.0,Jun,5921,5921,2026-06-01,2025-26,2025-26
Suzuki Alto,Sales,45,62035.0,Jun,7239,7239,2026-06-01,2025-26,2025-26
Suzuki Every,Production,47,6359.0,Jun,794,794,2026-06-01,2025-26,2025-26
Suzuki Every,Sales,48,7570.0,Jun,480,480,2026-06-01,2025-26,2025-26
DEWAN Honri-Ve,Production,55,360.0,Jun,60,60,2026-06-01,2025-26,2025-26
DEWAN Honri-Ve,Sales,56,343.0,Jun,20,20,2026-06-01,2025-26,2025-26
