date,meteostat_temperature_c,meteostat_humidity_pct
2018-05-17,29.323076923076922,37.84615384615385
2018-05-18,29.281818181818185,40.22727272727273
2018-05-19,27.791666666666668,34.625
2018-05-20,28.869565217391305,35.26086956521739
2018-05-21,29.979166666666668,30.041666666666668
2018-05-22,30.27916666666667,29.583333333333332
2018-05-23,30.104166666666668,30.5
2018-05-24,30.608695652173914,29.652173913043477
2018-05-25,31.97826086956522,26.782608695652176
2018-05-26,32.138888888888886,27.38888888888889
2018-05-27,32.630434782608695,24.73913043478261
2018-05-28,32.958333333333336,25.833333333333332
2018-05-29,33.3,28.304347826086957
2018-05-30,34.55,24.27777777777778
2018-05-31,33.32272727272727,30.636363636363637
2018-06-01,35.72727272727273,29.954545454545453
2018-06-02,34.108695652173914,33.65217391304348
2018-06-03,34.18095238095238,42.142857142857146
2018-06-04,35.0,42.166666666666664
2018-06-05,31.925,56.05
2018-06-06,31.238095238095237,51.38095238095238
2018-06-07,32.77333333333333,51.6
2018-06-08,35.13636363636363,48.40909090909091
2018-06-09,29.636363636363637,60.31818181818182
2018-06-10,29.0625,60.958333333333336
2018-06-11,33.1875,41.625
2018-06-12,34.36363636363637,34.31818181818182
2018-06-13,36.40909090909091,27.636363636363637
2018-06-14,37.52857142857143,29.333333333333332
2018-06-15,32.725,48.35
2018-06-16,29.452380952380953,58.76190476190476
2018-06-17,28.808695652173913,58.52173913043478
2018-06-18,29.227272727272727,57.13636363636363
2018-06-19,31.217391304347824,47.95652173913044
2018-06-20,31.666666666666668,43.333333333333336
2018-06-21,32.52272727272727,41.04545454545455
2018-06-22,31.013636363636362,41.86363636363637
2018-06-23,31.40909090909091,40.5
2018-06-24,32.15909090909091,39.54545454545455
2018-06-25,33.445454545454545,31.90909090909091
2018-06-26,35.041666666666664,31.625
2018-06-27,32.11904761904762,44.666666666666664
2018-06-28,29.5125,58.0625
2018-06-29,28.2875,62.875
2018-06-30,29.45,61.75
2018-07-01,33.3875,55.875
2018-07-02,31.8,61.0
2018-07-03,28.1,74.125
2018-07-04,26.666666666666668,73.0
2018-07-05,28.885714285714286,60.04761904761905
2018-07-06,31.11111111111111,50.5
2018-07-07,33.8,44.25
2018-07-08,35.214285714285715,45.80952380952381
2018-07-09,35.03333333333333,51.666666666666664
2018-07-10,34.047826086956526,55.17391304347826
2018-07-11,31.256521739130434,66.34782608695652
2018-07-12,30.869565217391305,67.95652173913044
2018-07-13,28.26086956521739,77.69565217391305
2018-07-14,32.57142857142857,63.57142857142857
2018-07-15,29.869565217391305,80.0
2018-07-16,29.7,78.05
2018-07-17,30.90909090909091,74.31818181818181
2018-07-18,29.25,76.0
2018-07-19,30.342857142857145,71.47619047619048
2018-07-20,31.67391304347826,65.6086956521739
2018-07-21,30.920833333333334,68.33333333333333
2018-07-22,30.21666666666667,72.16666666666667
2018-07-23,27.583333333333332,82.20833333333333
2018-07-24,28.474999999999998,81.125
2018-07-25,30.21666666666667,75.0
2018-07-26,28.879166666666666,74.66666666666667
2018-07-27,27.662499999999998,77.45833333333333
2018-07-28,28.2,75.41666666666667
2018-07-29,28.683333333333334,69.70833333333333
2018-07-30,30.333333333333332,62.583333333333336
2018-07-31,31.787499999999998,61.916666666666664
2018-08-01,30.483333333333334,61.666666666666664
2018-08-02,29.474999999999998,67.41666666666667
2018-08-03,31.7625,64.20833333333333
2018-08-04,32.275,67.79166666666667
2018-08-05,33.170833333333334,66.45833333333333
2018-08-06,30.604166666666668,72.41666666666667
2018-08-07,26.02916666666667,91.625
2018-08-08,26.962500000000002,84.08333333333333
2018-08-09,29.645833333333332,74.20833333333333
2018-08-10,31.0,71.29166666666667
2018-08-11,30.420833333333334,75.08333333333333
2018-08-12,29.733333333333334,81.66666666666667
2018-08-13,27.84583333333333,82.66666666666667
2018-08-14,26.766666666666666,81.66666666666667
2018-08-15,29.758333333333336,72.5
2018-08-16,31.166666666666668,67.70833333333333
2018-08-17,31.3125,67.58333333333333
2018-08-18,28.900000000000002,73.41666666666667
2018-08-19,30.1375,72.375
2018-08-20,31.054166666666664,73.16666666666667
2018-08-21,29.65833333333333,78.08333333333333
2018-08-22,30.454166666666666,75.58333333333333
2018-08-23,30.0125,75.5
2018-08-24,29.15416666666667,78.375
2018-08-25,28.28333333333333,74.83333333333333
2018-08-26,27.47083333333333,75.33333333333333
2018-08-27,28.391666666666666,73.16666666666667
2018-08-28,29.991666666666664,67.41666666666667
2018-08-29,31.241666666666664,65.20833333333333
2018-08-30,31.25,67.16666666666667
2018-08-31,31.454166666666666,69.875
2018-09-01,29.358333333333334,69.70833333333333
2018-09-02,30.025000000000002,68.04166666666667
2018-09-03,28.433333333333334,67.95833333333333
2018-09-04,29.2375,70.0
2018-09-05,30.162499999999998,65.54166666666667
2018-09-06,30.495833333333334,65.91666666666667
2018-09-07,30.5125,66.79166666666667
2018-09-08,30.204166666666666,63.958333333333336
2018-09-09,30.5125,65.91666666666667
2018-09-10,30.370833333333334,67.375
2018-09-11,28.3,70.5
2018-09-12,30.116666666666664,72.70833333333333
2018-09-13,28.920833333333334,73.875
2018-09-14,26.775000000000002,67.95833333333333
2018-09-15,25.354166666666668,65.29166666666667
2018-09-16,25.679166666666664,60.416666666666664
2018-09-17,25.09583333333333,67.75
2018-09-18,27.191666666666666,56.791666666666664
2018-09-19,27.6375,58.375
2018-09-20,28.866666666666664,57.916666666666664
2018-09-21,28.8625,59.416666666666664
2018-09-22,27.8125,60.25
2018-09-23,26.433333333333334,70.83333333333333
2018-09-24,26.579166666666666,67.5
2018-09-25,27.679166666666664,66.29166666666667
2018-09-26,28.25,62.125
2018-09-27,28.5625,59.458333333333336
2018-09-28,27.775000000000002,57.708333333333336
2018-09-29,25.045833333333334,69.25
2018-09-30,25.879166666666666,57.291666666666664
2018-10-01,26.566666666666666,50.708333333333336
2018-10-02,26.816666666666666,52.5
2018-10-03,25.90833333333333,51.25
2018-10-04,25.008333333333336,49.083333333333336
2018-10-05,23.879166666666666,51.583333333333336
2018-10-06,24.333333333333332,48.166666666666664
2018-10-07,24.708333333333332,49.625
2018-10-08,23.775000000000002,57.916666666666664
2018-10-09,21.766666666666666,63.083333333333336
2018-10-10,22.75,65.91666666666667
2018-10-11,22.40416666666667,57.5
2018-10-12,22.058333333333334,51.125
2018-10-13,21.916666666666668,57.291666666666664
2018-10-14,22.166666666666668,56.375
2018-10-15,22.508333333333336,59.333333333333336
2018-10-16,22.358333333333334,53.291666666666664
2018-10-17,21.212500000000002,60.833333333333336
2018-10-18,21.025000000000002,55.458333333333336
2018-10-19,21.40416666666667,52.0
2018-10-20,21.070833333333333,45.833333333333336
2018-10-21,21.054166666666667,48.5
2018-10-22,20.75,53.25
2018-10-23,21.349999999999998,51.125
2018-10-24,20.920833333333334,51.166666666666664
2018-10-25,20.708333333333332,53.041666666666664
2018-10-26,20.900000000000002,55.416666666666664
2018-10-27,20.754166666666666,54.416666666666664
2018-10-28,20.895833333333332,53.583333333333336
2018-10-29,21.158333333333335,56.041666666666664
2018-10-30,21.645833333333332,62.666666666666664
2018-10-31,21.6875,66.33333333333333
2018-11-01,21.108333333333334,69.125
2018-11-02,17.375,76.79166666666667
2018-11-03,16.125,71.375
2018-11-04,16.1125,64.5
2018-11-05,16.383333333333333,59.5
2018-11-06,16.791666666666668,55.333333333333336
2018-11-07,16.733333333333334,56.916666666666664
2018-11-08,17.066666666666666,60.625
2018-11-09,17.05,56.916666666666664
2018-11-10,16.983333333333334,62.625
2018-11-11,17.270833333333332,63.958333333333336
2018-11-12,17.308333333333334,64.625
2018-11-13,15.25,73.375
2018-11-14,14.608333333333334,77.45833333333333
2018-11-15,14.8125,70.70833333333333
2018-11-16,15.320833333333333,60.541666666666664
2018-11-17,14.895833333333334,56.291666666666664
2018-11-18,16.662499999999998,54.375
2018-11-19,17.366666666666667,56.458333333333336
2018-11-20,17.775000000000002,56.25
2018-11-21,16.658333333333335,57.666666666666664
2018-11-22,15.258333333333333,63.375
2018-11-23,15.504166666666668,58.166666666666664
2018-11-24,15.545833333333334,56.625
2018-11-25,16.929166666666667,55.791666666666664
2018-11-26,16.633333333333333,57.458333333333336
2018-11-27,16.758333333333333,62.833333333333336
2018-11-28,17.408333333333335,63.583333333333336
2018-11-29,16.145833333333332,62.916666666666664
2018-11-30,15.191666666666668,62.083333333333336
2018-12-01,14.795833333333334,60.291666666666664
2018-12-02,14.570833333333333,63.708333333333336
2018-12-03,13.8375,66.91666666666667
2018-12-04,13.558333333333332,63.458333333333336
2018-12-05,13.5625,67.04166666666667
2018-12-06,13.616666666666667,65.91666666666667
2018-12-07,13.091666666666667,66.625
2018-12-08,13.275,65.79166666666667
2018-12-09,13.7875,65.54166666666667
2018-12-10,11.304166666666667,85.16666666666667
2018-12-11,10.924999999999999,82.5
2018-12-12,11.483333333333334,76.20833333333333
2018-12-13,11.179166666666667,72.79166666666667
2018-12-14,10.908333333333333,72.41666666666667
2018-12-15,10.329166666666667,70.91666666666667
2018-12-16,10.733333333333334,67.95833333333333
2018-12-17,10.645833333333334,65.875
2018-12-18,10.450000000000001,70.33333333333333
2018-12-19,12.220833333333333,66.70833333333333
2018-12-20,11.583333333333334,67.875
2018-12-21,10.924999999999999,66.58333333333333
2018-12-22,10.704166666666666,65.41666666666667
2018-12-23,10.129166666666666,67.08333333333333
2018-12-24,9.704166666666667,66.375
2018-12-25,9.383333333333333,62.791666666666664
2018-12-26,8.529166666666667,65.20833333333333
2018-12-27,8.429166666666667,61.791666666666664
2018-12-28,8.4625,63.708333333333336
2018-12-29,9.354166666666666,58.958333333333336
2018-12-30,10.770833333333334,64.0
2018-12-31,10.266666666666667,64.58333333333333
2019-01-01,10.516666666666667,66.625
2019-01-02,11.833333333333334,74.04166666666667
2019-01-03,10.445833333333333,70.875
2019-01-04,10.645833333333334,68.20833333333333
2019-01-05,9.416666666666666,81.20833333333333
2019-01-06,9.283333333333333,78.08333333333333
2019-01-07,9.116666666666667,73.75
2019-01-08,10.170833333333333,70.75
2019-01-09,10.229166666666666,66.875
2019-01-10,10.133333333333333,68.0
2019-01-11,11.708333333333334,68.16666666666667
2019-01-12,10.616666666666667,80.625
2019-01-13,9.008333333333333,74.58333333333333
2019-01-14,8.270833333333334,68.375
2019-01-15,9.2125,67.91666666666667
2019-01-16,9.720833333333333,71.91666666666667
2019-01-17,9.924999999999999,70.25
2019-01-18,9.641666666666667,69.16666666666667
2019-01-19,13.141666666666666,66.54166666666667
2019-01-20,11.841666666666667,75.16666666666667
2019-01-21,10.954166666666666,92.25
2019-01-22,9.666666666666666,95.25
2019-01-23,10.041666666666666,78.54166666666667
2019-01-24,9.3375,74.0
2019-01-25,8.808333333333334,72.91666666666667
2019-01-26,9.200000000000001,67.5
2019-01-27,8.924999999999999,63.083333333333336
2019-01-28,9.016666666666667,61.5
2019-01-29,9.775,56.583333333333336
2019-01-30,10.700000000000001,68.58333333333333
2019-01-31,10.112499999999999,83.08333333333333
2019-02-01,10.916666666666666,77.75
2019-02-02,11.9125,70.95833333333333
2019-02-03,12.725,63.166666666666664
2019-02-04,12.387500000000001,68.20833333333333
2019-02-05,13.9125,68.375
2019-02-06,10.591666666666667,85.20833333333333
2019-02-07,10.104166666666666,80.5
2019-02-08,11.145833333333334,75.83333333333333
2019-02-09,11.291666666666666,66.0
2019-02-10,12.558333333333332,62.791666666666664
2019-02-11,14.1,63.333333333333336
2019-02-12,13.762500000000001,68.95833333333333
2019-02-13,14.375,71.58333333333333
2019-02-14,11.533333333333333,84.625
2019-02-15,12.829166666666666,76.375
2019-02-16,13.299999999999999,66.95833333333333
2019-02-17,13.266666666666666,68.75
2019-02-18,11.866666666666667,81.875
2019-02-19,12.174999999999999,75.29166666666667
2019-02-20,11.525,82.375
2019-02-21,11.549999999999999,85.79166666666667
2019-02-22,11.745833333333332,79.25
2019-02-23,13.083333333333334,67.29166666666667
2019-02-24,14.0625,63.625
2019-02-25,12.866666666666667,61.041666666666664
2019-02-26,9.466666666666667,84.20833333333333
2019-02-27,10.704166666666666,72.79166666666667
2019-02-28,11.641666666666666,66.79166666666667
2019-03-01,12.029166666666667,70.375
2019-03-02,10.991666666666667,84.25
2019-03-03,12.237499999999999,79.20833333333333
2019-03-04,13.329166666666666,71.875
2019-03-05,14.220833333333333,65.91666666666667
2019-03-06,14.945833333333333,61.416666666666664
2019-03-07,13.908333333333333,66.45833333333333
2019-03-08,14.2125,65.16666666666667
2019-03-09,15.612499999999999,58.375
2019-03-10,16.216666666666665,56.25
2019-03-11,12.8125,76.5
2019-03-12,14.479166666666666,67.375
2019-03-13,14.066666666666668,68.95833333333333
2019-03-14,14.004166666666668,71.25
2019-03-15,15.479166666666666,64.20833333333333
2019-03-16,16.658333333333335,59.25
2019-03-17,17.816666666666666,57.041666666666664
2019-03-18,18.325,57.875
2019-03-19,16.554166666666667,68.70833333333333
2019-03-20,15.362499999999999,73.29166666666667
2019-03-21,16.962500000000002,63.791666666666664
2019-03-22,18.341666666666665,56.0
2019-03-23,17.266666666666666,59.708333333333336
2019-03-24,18.183333333333334,59.375
2019-03-25,19.541666666666668,55.708333333333336
2019-03-26,20.583333333333332,52.541666666666664
2019-03-27,21.47083333333333,54.125
2019-03-28,23.03333333333333,52.75
2019-03-29,22.379166666666666,55.916666666666664
2019-03-30,20.495833333333334,57.166666666666664
2019-03-31,20.95,51.958333333333336
2019-04-01,22.616666666666664,44.666666666666664
2019-04-02,23.395833333333332,44.791666666666664
2019-04-03,24.379166666666666,45.75
2019-04-04,25.349999999999998,47.25
2019-04-05,25.7375,48.166666666666664
2019-04-06,25.579166666666666,48.625
2019-04-07,25.3875,49.25
2019-04-08,25.537499999999998,48.083333333333336
2019-04-09,24.891666666666666,50.25
2019-04-10,24.479166666666668,52.833333333333336
2019-04-11,23.675,56.125
2019-04-12,24.2625,54.708333333333336
2019-04-13,22.758333333333336,62.333333333333336
2019-04-14,23.395833333333332,60.125
2019-04-15,24.541666666666668,56.875
2019-04-16,21.108333333333334,71.125
2019-04-17,17.920833333333334,83.33333333333333
2019-04-18,19.629166666666666,72.25
2019-04-19,22.333333333333332,60.375
2019-04-20,23.712500000000002,56.375
2019-04-21,24.758333333333336,54.666666666666664
2019-04-22,26.170833333333334,51.25
2019-04-23,26.995833333333334,49.166666666666664
2019-04-24,24.099999999999998,60.166666666666664
2019-04-25,24.129166666666666,59.375
2019-04-26,25.295833333333334,52.458333333333336
2019-04-27,26.162499999999998,46.875
2019-04-28,26.72083333333333,42.291666666666664
2019-04-29,27.05,41.25
2019-04-30,25.21666666666667,47.208333333333336
2019-05-01,25.787499999999998,45.291666666666664
2019-05-02,24.7,46.708333333333336
2019-05-03,24.916666666666668,45.625
2019-05-04,26.054166666666664,40.75
2019-05-05,27.46666666666667,34.958333333333336
2019-05-06,28.066666666666666,33.125
2019-05-07,28.679166666666664,33.25
2019-05-08,29.620833333333334,32.833333333333336
2019-05-09,29.645833333333332,34.0
2019-05-10,28.925,38.333333333333336
2019-05-11,27.72083333333333,44.833333333333336
2019-05-12,28.491666666666664,44.041666666666664
2019-05-13,28.429166666666664,43.666666666666664
2019-05-14,28.02916666666667,45.5
2019-05-15,27.879166666666666,46.833333333333336
2019-05-16,24.59166666666667,58.458333333333336
2019-05-17,23.604166666666668,64.66666666666667
2019-05-18,25.599999999999998,57.291666666666664
2019-05-19,27.120833333333334,49.791666666666664
2019-05-20,28.09166666666667,45.625
2019-05-21,25.78333333333333,42.416666666666664
2019-05-22,27.808333333333334,38.458333333333336
2019-05-23,26.34166666666667,51.0
2019-05-24,24.6375,59.041666666666664
2019-05-25,26.45,50.625
2019-05-26,27.583333333333332,44.625
2019-05-27,28.920833333333334,40.5
2019-05-28,29.995833333333334,36.916666666666664
2019-05-29,30.516666666666666,36.375
2019-05-30,30.9875,36.25
2019-05-31,29.953333333333333,37.53333333333333
2019-06-16,32.0,59.0
2019-06-18,41.0,36.0
2019-07-02,39.0,51.0
2019-08-09,31.0,75.0
2019-08-27,32.0,64.0
2019-08-28,32.5,59.0
2019-08-29,34.0,56.6
2019-08-30,27.666666666666668,71.66666666666667
2019-08-31,28.7,69.0
2019-09-01,30.5,65.0
2019-09-02,30.833333333333332,61.666666666666664
2019-09-03,30.25,68.33333333333333
2019-09-04,29.875,72.5
2019-09-05,29.0,77.0
2019-09-06,28.8,75.6
2019-09-07,30.1,56.6
2019-09-08,31.416666666666668,52.5
2019-09-09,30.9,61.8
2019-09-10,30.25,64.16666666666667
2019-09-11,31.1,65.0
2019-09-12,33.5,57.2
2019-09-13,28.6,68.8
2019-09-14,31.4,59.0
2019-09-15,32.2,55.4
2019-09-16,26.833333333333332,70.0
2019-09-17,28.5,69.0
2019-09-18,28.5,68.16666666666667
2019-09-19,26.0,83.66666666666667
2019-09-20,26.666666666666668,65.66666666666667
2019-09-21,27.333333333333332,67.33333333333333
2019-09-22,30.166666666666668,56.166666666666664
2019-09-23,27.833333333333332,75.16666666666667
2019-09-24,26.166666666666668,85.66666666666667
2019-09-25,27.625,78.75
2019-09-26,29.666666666666668,70.5
2019-09-27,25.357142857142858,84.71428571428571
2019-09-28,25.0,81.6
2019-09-29,25.083333333333332,75.66666666666667
2019-09-30,22.875,80.75
2019-10-01,23.642857142857142,72.42857142857143
2019-10-02,24.2,71.8
2019-10-03,20.3,87.57142857142857
2019-10-04,23.0625,69.0
2019-10-05,24.5,61.142857142857146
2019-10-06,22.25,69.625
2019-10-07,24.0,53.142857142857146
2019-10-08,24.099999999999998,57.714285714285715
2019-10-09,24.5625,60.375
2019-10-10,25.5,58.714285714285715
2019-10-11,25.357142857142858,55.142857142857146
2019-10-12,24.875,61.625
2019-10-13,24.428571428571427,66.42857142857143
2019-10-14,25.5,61.125
2019-10-15,25.8125,64.875
2019-10-16,25.8125,66.875
2019-10-17,24.357142857142858,71.28571428571429
2019-10-18,21.0,66.66666666666667
2019-10-19,20.5625,66.25
2019-10-20,21.4375,59.875
2019-10-21,19.4,64.8
2019-10-22,21.4375,56.0
2019-10-23,20.5,61.857142857142854
2019-10-24,20.916666666666668,58.5
2019-10-25,23.055555555555557,52.333333333333336
2019-10-26,21.214285714285715,52.285714285714285
2019-10-27,20.666666666666668,57.2
2019-10-28,20.416666666666668,56.833333333333336
2019-10-29,21.857142857142858,59.57142857142857
2019-10-30,21.9375,62.375
2019-10-31,21.833333333333332,63.5
2019-11-01,20.357142857142858,63.833333333333336
2019-11-02,20.875,62.375
2019-11-03,19.666666666666668,68.0
2019-11-04,20.8125,57.625
2019-11-05,17.1,68.0
2019-11-06,15.75,87.5
2019-11-07,14.333333333333334,79.33333333333333
2019-11-08,15.5,70.0
2019-11-09,15.916666666666666,67.33333333333333
2019-11-10,18.0,64.57142857142857
2019-11-11,18.285714285714285,62.0
2019-11-12,16.3,71.6
2019-11-13,16.6,75.4
2019-11-14,18.0625,72.125
2019-11-15,17.571428571428573,80.33333333333333
2019-11-16,16.75,83.5
2019-11-17,15.1,76.0
2019-11-18,16.3,63.0
2019-11-19,16.25,63.833333333333336
2019-11-20,16.75,68.16666666666667
2019-11-21,15.833333333333334,75.0
2019-11-22,14.5,81.4
2019-11-23,16.357142857142858,73.0
2019-11-24,16.0625,72.375
2019-11-25,16.875,72.125
2019-11-26,14.666666666666666,75.33333333333333
2019-11-27,14.083333333333334,81.0
2019-11-28,14.142857142857142,72.28571428571429
2019-11-29,12.875,71.75
2019-11-30,13.5,67.14285714285714
2019-12-01,13.928571428571429,60.0
2019-12-02,13.666666666666666,59.666666666666664
2019-12-03,12.666666666666666,66.83333333333333
2019-12-04,12.571428571428571,64.0
2019-12-05,11.714285714285714,67.28571428571429
2019-12-06,11.714285714285714,68.0
2019-12-07,12.916666666666666,64.33333333333333
2019-12-08,10.857142857142858,71.85714285714286
2019-12-09,11.0,71.83333333333333
2019-12-10,10.5,77.33333333333333
2019-12-11,12.142857142857142,78.14285714285714
2019-12-12,10.875,81.25
2019-12-13,10.9,87.4
2019-12-14,10.3,95.2
2019-12-15,12.3,71.2
2019-12-16,11.333333333333334,75.66666666666667
2019-12-17,11.714285714285714,62.42857142857143
2019-12-18,7.8,73.5
2019-12-19,9.0,78.16666666666667
2019-12-20,8.916666666666666,79.5
2019-12-21,10.428571428571429,71.57142857142857
2019-12-22,10.916666666666666,66.66666666666667
2019-12-23,9.4,77.0
2019-12-24,8.833333333333334,84.83333333333333
2019-12-25,9.583333333333334,75.66666666666667
2019-12-26,6.5,86.75
2019-12-27,5.5625,89.875
2019-12-28,5.333333333333333,94.83333333333333
2019-12-29,5.833333333333333,88.33333333333333
2019-12-30,6.666666666666667,76.66666666666667
2019-12-31,9.214285714285714,62.0
2020-01-01,9.416666666666666,62.833333333333336
2020-01-02,11.3,60.4
2020-01-03,8.9,74.2
2020-01-04,8.8,71.8
2020-01-05,8.25,65.5
2020-01-06,8.375,82.5
2020-01-07,8.083333333333334,92.16666666666667
2020-01-08,7.333333333333333,84.5
2020-01-09,9.0,66.4
2020-01-10,8.857142857142858,64.85714285714286
2020-01-11,7.5,70.33333333333333
2020-01-12,10.3,65.6
2020-01-13,8.25,98.25
2020-01-14,7.9,86.0
2020-01-15,9.714285714285714,80.28571428571429
2020-01-16,10.0,76.5
2020-01-17,10.625,71.0
2020-01-18,10.142857142857142,74.0
2020-01-19,9.416666666666666,63.833333333333336
2020-01-20,11.125,63.125
2020-01-21,9.625,71.875
2020-01-22,6.8,83.4
2020-01-23,10.083333333333334,66.16666666666667
2020-01-24,11.857142857142858,53.57142857142857
2020-01-25,9.916666666666666,68.0
2020-01-26,11.428571428571429,65.14285714285714
2020-01-27,11.2,65.8
2020-01-28,9.5,88.25
2020-01-29,9.833333333333334,92.16666666666667
2020-01-30,11.5,73.6
2020-01-31,10.9,67.2
2020-02-01,10.9,66.6
2020-02-02,10.916666666666666,62.833333333333336
2020-02-03,12.166666666666666,56.666666666666664
2020-02-04,9.333333333333334,73.0
2020-02-05,12.0,59.166666666666664
2020-02-06,9.083333333333334,69.66666666666667
2020-02-07,10.0,69.5
2020-02-08,10.357142857142858,65.28571428571429
2020-02-09,11.785714285714286,64.14285714285714
2020-02-10,10.928571428571429,63.42857142857143
2020-02-11,11.5,67.6
2020-02-12,13.5,68.25
2020-02-13,14.583333333333334,68.0
2020-02-14,16.2,56.4
2020-02-15,15.166666666666666,53.833333333333336
2020-02-16,17.1,40.6
2020-02-17,14.642857142857142,53.857142857142854
2020-02-18,13.125,56.75
2020-02-19,15.142857142857142,51.285714285714285
2020-02-20,12.916666666666666,71.5
2020-02-21,12.833333333333334,75.16666666666667
2020-02-22,14.0,68.5
2020-02-23,17.285714285714285,59.42857142857143
2020-02-24,16.6875,61.875
2020-02-25,15.416666666666666,59.0
2020-02-26,14.25,70.0
2020-02-27,18.816666666666666,57.833333333333336
2020-02-28,14.75,89.75
2020-02-29,12.8,96.4
2020-03-01,14.75,80.0
2020-03-02,16.916666666666668,66.0
2020-03-03,18.0,61.75
2020-03-04,13.6,79.8
2020-03-05,12.875,88.75
2020-03-06,12.0,91.8
2020-03-07,11.3,90.8
2020-03-08,12.9,87.2
2020-03-09,13.2,67.8
2020-03-10,14.333333333333334,67.33333333333333
2020-03-11,15.0,72.28571428571429
2020-03-12,13.5,81.6
2020-03-13,13.6,68.0
2020-03-14,16.4,56.6
2020-03-15,18.142857142857142,55.142857142857146
2020-03-16,17.4,63.0
2020-03-17,18.8,56.4
2020-03-18,21.0,50.4
2020-03-19,18.666666666666668,58.0
2020-03-20,22.3,48.6
2020-03-21,17.166666666666668,78.66666666666667
2020-03-22,20.625,53.25
2020-03-23,19.5,59.857142857142854
2020-03-24,15.833333333333334,91.66666666666667
2020-03-25,20.375,63.75
2020-03-26,19.666666666666668,71.5
2020-03-27,14.75,96.5
2020-03-28,14.333333333333334,93.0
2020-03-29,18.3,65.6
2020-03-30,17.2,74.0
2020-03-31,18.0,68.33333333333333
2020-04-01,17.8,77.6
2020-04-02,18.6,60.4
2020-04-03,18.071428571428573,61.42857142857143
2020-04-04,22.4,52.0
2020-04-05,19.416666666666668,62.5
2020-04-06,21.375,52.25
2020-04-07,19.75,57.666666666666664
2020-04-08,20.833333333333332,54.5
2020-04-09,21.285714285714285,57.714285714285715
2020-04-10,21.428571428571427,61.285714285714285
2020-04-11,23.25,52.875
2020-04-12,25.875,50.75
2020-04-13,25.5,56.166666666666664
2020-04-14,24.75,62.5
2020-04-15,24.166666666666668,57.833333333333336
2020-04-16,23.916666666666668,58.666666666666664
2020-04-17,19.4,81.4
2020-04-18,17.875,86.625
2020-04-19,21.0,65.57142857142857
2020-04-20,20.5,52.5
2020-04-21,23.0,50.833333333333336
2020-04-22,21.9,59.4
2020-04-23,25.3,48.2
2020-04-24,27.5,47.285714285714285
2020-04-25,24.0,60.4
2020-04-26,25.875,55.5
2020-04-27,21.166666666666668,75.16666666666667
2020-04-28,23.428571428571427,68.0
2020-04-29,26.214285714285715,55.57142857142857
2020-04-30,26.083333333333332,55.0
2020-05-01,28.1875,49.0
2020-05-02,26.5,53.0
2020-05-03,22.583333333333332,67.5
2020-05-04,23.666666666666668,64.16666666666667
2020-05-05,24.214285714285715,55.57142857142857
2020-05-06,25.619999999999997,43.0
2020-05-07,26.645833333333332,42.583333333333336
2020-05-08,28.224999999999998,40.833333333333336
2020-05-09,28.291666666666668,43.708333333333336
2020-05-10,28.208333333333332,47.666666666666664
2020-05-11,26.254166666666666,54.916666666666664
2020-05-12,26.233333333333334,55.291666666666664
2020-05-13,27.141666666666666,53.875
2020-05-14,22.729166666666668,72.45833333333333
2020-05-15,24.170833333333334,62.0
2020-05-16,26.55,50.958333333333336
2020-05-17,26.925,46.541666666666664
2020-05-18,27.066666666666666,40.708333333333336
2020-05-19,27.037499999999998,41.583333333333336
2020-05-20,28.066666666666666,38.916666666666664
2020-05-21,29.6875,37.208333333333336
2020-05-22,30.78333333333333,37.125
2020-05-23,29.84583333333333,43.458333333333336
2020-05-24,30.579166666666666,40.916666666666664
2020-05-25,32.295833333333334,36.958333333333336
2020-05-26,33.020833333333336,33.458333333333336
2020-05-27,33.09583333333333,32.583333333333336
2020-05-28,31.5,36.5
2020-05-29,28.145833333333332,47.541666666666664
2020-05-30,24.504166666666666,64.25
2020-05-31,23.95,66.45833333333333
2020-06-01,25.05,64.125
2020-06-02,25.508333333333336,59.916666666666664
2020-06-03,26.433333333333334,53.708333333333336
2020-06-04,28.179166666666664,48.458333333333336
2020-06-05,28.829166666666666,49.75
2020-06-06,27.95,54.125
2020-06-07,28.633333333333336,55.958333333333336
2020-06-08,30.1375,53.708333333333336
2020-06-09,29.675,53.416666666666664
2020-06-10,31.020833333333332,48.625
2020-06-11,30.545833333333334,50.375
2020-06-12,30.7,45.958333333333336
2020-06-13,30.070833333333336,44.208333333333336
2020-06-14,31.816666666666666,39.541666666666664
2020-06-15,32.61666666666667,38.916666666666664
2020-06-16,33.170833333333334,36.708333333333336
2020-06-17,33.729166666666664,35.416666666666664
2020-06-18,33.30833333333333,36.333333333333336
2020-06-19,31.97083333333333,38.833333333333336
2020-06-20,32.69583333333333,40.083333333333336
2020-06-21,33.59166666666667,38.416666666666664
2020-06-22,33.725,47.541666666666664
2020-06-23,33.137499999999996,52.083333333333336
2020-06-24,28.895833333333332,63.083333333333336
2020-06-25,29.516666666666666,61.916666666666664
2020-06-26,31.916666666666668,56.708333333333336
2020-06-27,31.84166666666667,53.958333333333336
2020-06-28,31.608333333333334,55.041666666666664
2020-06-29,31.15833333333333,53.125
2020-06-30,32.699999999999996,50.0
2020-07-01,33.541666666666664,49.041666666666664
2020-07-02,34.36666666666667,46.166666666666664
2020-07-03,35.11666666666667,42.458333333333336
2020-07-04,31.02916666666667,51.916666666666664
2020-07-05,28.145833333333332,59.666666666666664
2020-07-06,31.391666666666666,50.208333333333336
2020-07-07,32.6875,49.916666666666664
2020-07-08,32.03333333333333,54.583333333333336
2020-07-09,32.75833333333333,55.041666666666664
2020-07-10,32.49166666666667,55.75
2020-07-11,30.849999999999998,58.458333333333336
2020-07-12,28.004166666666666,64.54166666666667
2020-07-13,30.833333333333332,54.416666666666664
2020-07-14,32.891666666666666,49.416666666666664
2020-07-15,32.145833333333336,55.333333333333336
2020-07-16,30.770833333333332,60.583333333333336
2020-07-17,31.4375,60.0
2020-07-18,32.12083333333333,58.625
2020-07-19,32.612500000000004,58.583333333333336
2020-07-20,29.866666666666664,63.291666666666664
2020-07-21,25.770833333333332,73.04166666666667
2020-07-22,28.349999999999998,63.083333333333336
2020-07-23,31.354166666666668,58.208333333333336
2020-07-24,31.645833333333332,61.708333333333336
2020-07-25,29.495833333333334,67.83333333333333
2020-07-26,29.375,70.5
2020-07-27,31.541666666666668,64.625
2020-07-28,32.28333333333333,61.583333333333336
2020-07-29,31.2375,67.04166666666667
2020-07-30,29.145833333333332,75.70833333333333
2020-07-31,29.479166666666668,74.45833333333333
2020-08-01,29.383333333333336,69.91666666666667
2020-08-02,31.791666666666668,64.125
2020-08-03,31.204166666666666,66.875
2020-08-04,30.820833333333336,62.166666666666664
2020-08-05,32.416666666666664,60.125
2020-08-06,33.34583333333333,56.458333333333336
2020-08-07,32.262499999999996,64.41666666666667
2020-08-08,31.379166666666666,69.875
2020-08-09,29.40833333333333,75.91666666666667
2020-08-10,29.741666666666664,74.66666666666667
2020-08-11,30.808333333333334,71.79166666666667
2020-08-12,32.30833333333333,66.75
2020-08-13,30.679166666666664,73.04166666666667
2020-08-14,29.6125,77.41666666666667
2020-08-15,31.1125,73.375
2020-08-16,32.645833333333336,69.95833333333333
2020-08-17,32.00416666666667,72.91666666666667
2020-08-18,30.46666666666667,72.66666666666667
2020-08-19,29.09166666666667,76.20833333333333
2020-08-20,25.633333333333336,89.25
2020-08-21,26.795833333333334,81.95833333333333
2020-08-22,29.375,67.54166666666667
2020-08-23,30.995833333333334,66.45833333333333
2020-08-24,30.995833333333334,67.58333333333333
2020-08-25,29.129166666666666,76.33333333333333
2020-08-26,26.40833333333333,86.08333333333333
2020-08-27,25.825,87.875
2020-08-28,27.087500000000002,77.95833333333333
2020-08-29,28.804166666666664,69.04166666666667
2020-08-30,29.53333333333333,66.33333333333333
2020-08-31,25.545833333333334,85.91666666666667
2020-09-01,23.84166666666667,88.91666666666667
2020-09-02,26.016666666666666,81.91666666666667
2020-09-03,26.916666666666668,80.04166666666667
2020-09-04,26.320833333333336,81.79166666666667
2020-09-05,27.65416666666667,72.95833333333333
2020-09-06,29.108333333333334,68.33333333333333
2020-09-07,28.041666666666668,63.375
2020-09-08,28.6125,61.625
2020-09-09,29.058333333333334,64.41666666666667
2020-09-10,29.337500000000002,59.458333333333336
2020-09-11,29.254166666666666,62.291666666666664
2020-09-12,29.78333333333333,61.666666666666664
2020-09-13,29.458333333333332,59.208333333333336
2020-09-14,29.670833333333334,59.625
2020-09-15,29.666666666666668,58.083333333333336
2020-09-16,29.59583333333333,56.875
2020-09-17,29.629166666666666,55.208333333333336
2020-09-18,29.5625,54.583333333333336
2020-09-19,29.425,54.5
2020-09-20,28.929166666666664,52.833333333333336
2020-09-21,29.09583333333333,49.25
2020-09-22,29.129166666666666,52.541666666666664
2020-09-23,28.78333333333333,53.041666666666664
2020-09-24,28.6375,52.708333333333336
2020-09-25,28.045833333333334,55.333333333333336
2020-09-26,26.099999999999998,53.625
2020-09-27,26.349999999999998,54.958333333333336
2020-09-28,26.65416666666667,54.916666666666664
2020-09-29,26.641666666666666,53.0
2020-09-30,26.433333333333334,52.708333333333336
2020-10-01,26.204166666666666,53.041666666666664
2020-10-02,25.829166666666666,51.0
2020-10-03,25.65416666666667,46.125
2020-10-04,25.599999999999998,46.291666666666664
2020-10-05,25.454166666666666,47.208333333333336
2020-10-06,25.508333333333336,48.25
2020-10-07,25.7,48.291666666666664
2020-10-08,26.037499999999998,51.125
2020-10-09,26.008333333333336,52.041666666666664
2020-10-10,25.712500000000002,50.041666666666664
2020-10-11,25.270833333333332,48.666666666666664
2020-10-12,25.15833333333333,51.75
2020-10-13,24.354166666666668,52.25
2020-10-14,23.379166666666666,51.208333333333336
2020-10-15,23.275000000000002,50.416666666666664
2020-10-16,23.3625,51.333333333333336
2020-10-17,24.041666666666668,48.916666666666664
2020-10-18,23.754166666666666,49.166666666666664
2020-10-19,22.84166666666667,50.416666666666664
2020-10-20,22.90833333333333,49.625
2020-10-21,22.275000000000002,52.958333333333336
2020-10-22,22.037499999999998,52.958333333333336
2020-10-23,21.695833333333336,50.458333333333336
2020-10-24,21.141666666666666,51.583333333333336
2020-10-25,19.070833333333333,56.583333333333336
2020-10-26,19.783333333333335,51.0
2020-10-27,19.779166666666665,53.666666666666664
2020-10-28,19.883333333333333,53.75
2020-10-29,19.558333333333334,55.208333333333336
2020-10-30,19.2375,53.25
2020-10-31,18.816666666666666,49.75
2020-11-01,19.158333333333335,50.0
2020-11-02,19.629166666666666,49.791666666666664
2020-11-03,19.291666666666668,53.0
2020-11-04,18.766666666666666,53.833333333333336
2020-11-05,18.3625,52.833333333333336
2020-11-06,18.104166666666668,50.875
2020-11-07,17.974999999999998,50.708333333333336
2020-11-08,18.066666666666666,51.541666666666664
2020-11-09,17.712500000000002,54.75
2020-11-10,17.583333333333332,57.166666666666664
2020-11-11,17.6125,57.125
2020-11-12,17.3625,59.291666666666664
2020-11-13,17.370833333333334,55.458333333333336
2020-11-14,16.875,64.0
2020-11-15,14.091666666666667,82.5
2020-11-16,13.658333333333333,81.33333333333333
2020-11-17,13.504166666666668,72.41666666666667
2020-11-18,13.908333333333333,67.25
2020-11-19,13.758333333333333,70.75
2020-11-20,13.362499999999999,64.04166666666667
2020-11-21,12.487499999999999,61.291666666666664
2020-11-22,11.5875,67.58333333333333
2020-11-23,12.158333333333333,74.25
2020-11-24,12.5375,75.45833333333333
2020-11-25,11.858333333333334,87.16666666666667
2020-11-26,12.545833333333334,80.79166666666667
2020-11-27,12.9625,70.75
2020-11-28,13.070833333333333,67.58333333333333
2020-11-29,13.4625,68.20833333333333
2020-11-30,14.004166666666668,68.45833333333333
2020-12-01,14.799999999999999,65.41666666666667
2020-12-02,15.120833333333332,64.79166666666667
2020-12-03,14.858333333333334,65.54166666666667
2020-12-04,14.8375,68.29166666666667
2020-12-05,15.083333333333334,68.29166666666667
2020-12-06,15.283333333333333,67.125
2020-12-07,15.020833333333334,69.79166666666667
2020-12-08,14.033333333333333,82.125
2020-12-09,13.879166666666668,79.75
2020-12-10,13.766666666666666,75.875
2020-12-11,12.266666666666666,78.45833333333333
2020-12-12,11.325000000000001,86.83333333333333
2020-12-13,10.733333333333334,81.83333333333333
2020-12-14,10.112499999999999,77.875
2020-12-15,9.595833333333333,75.20833333333333
2020-12-16,9.095833333333333,70.45833333333333
2020-12-17,8.783333333333333,65.625
2020-12-18,8.704166666666667,60.916666666666664
2020-12-19,9.241666666666667,58.75
2020-12-20,10.3375,58.666666666666664
2020-12-21,11.754166666666668,60.833333333333336
2020-12-22,12.1,65.16666666666667
2020-12-23,11.658333333333333,66.58333333333333
2020-12-24,11.383333333333333,65.70833333333333
2020-12-25,11.025,65.0
2020-12-26,11.2125,65.16666666666667
2020-12-27,8.495833333333334,75.875
2020-12-28,8.5375,75.16666666666667
2020-12-29,9.220833333333333,69.91666666666667
2020-12-30,9.2125,65.5
2020-12-31,9.6,61.416666666666664
2021-01-01,9.75,61.541666666666664
2021-01-02,9.950000000000001,61.166666666666664
2021-01-03,10.958333333333334,65.70833333333333
2021-01-04,12.683333333333332,72.41666666666667
2021-01-05,11.35,83.95833333333333
2021-01-06,11.475,82.875
2021-01-07,11.370833333333332,77.58333333333333
2021-01-08,10.924999999999999,78.125
2021-01-09,10.6,73.20833333333333
2021-01-10,11.2125,67.875
2021-01-11,10.829166666666666,67.79166666666667
2021-01-12,10.362499999999999,64.45833333333333
2021-01-13,9.683333333333334,69.08333333333333
2021-01-14,8.9625,78.16666666666667
2021-01-15,9.904166666666667,74.625
2021-01-16,10.387500000000001,73.45833333333333
2021-01-17,9.058333333333334,82.20833333333333
2021-01-18,10.141666666666667,77.08333333333333
2021-01-19,11.525,65.875
2021-01-20,12.216666666666667,58.25
2021-01-21,12.15,54.416666666666664
2021-01-22,11.987499999999999,58.291666666666664
2021-01-23,11.654166666666667,67.95833333333333
2021-01-24,11.020833333333334,63.25
2021-01-25,11.058333333333332,60.75
2021-01-26,11.35,56.083333333333336
2021-01-27,11.325000000000001,55.666666666666664
2021-01-28,11.208333333333334,54.166666666666664
2021-01-29,11.220833333333333,51.708333333333336
2021-01-30,11.158333333333333,50.791666666666664
2021-01-31,11.708333333333334,50.791666666666664
2021-02-01,13.795833333333334,50.541666666666664
2021-02-02,13.045833333333334,55.833333333333336
2021-02-03,13.3375,57.416666666666664
2021-02-04,12.775,61.625
2021-02-05,11.554166666666667,63.125
2021-02-06,12.470833333333333,62.125
2021-02-07,13.475,60.166666666666664
2021-02-08,14.7125,57.708333333333336
2021-02-09,15.470833333333333,57.5
2021-02-10,15.833333333333334,56.208333333333336
2021-02-11,16.004166666666666,55.041666666666664
2021-02-12,16.075,56.041666666666664
2021-02-13,16.104166666666668,58.208333333333336
2021-02-14,16.304166666666667,57.416666666666664
2021-02-15,16.445833333333333,57.041666666666664
2021-02-16,16.704166666666666,54.375
2021-02-17,16.908333333333335,50.75
2021-02-18,17.025000000000002,50.083333333333336
2021-02-19,17.0,51.875
2021-02-20,17.329166666666666,55.125
2021-02-21,17.891666666666666,55.833333333333336
2021-02-22,18.241666666666667,57.0
2021-02-23,18.733333333333334,59.083333333333336
2021-02-24,18.908333333333335,57.041666666666664
2021-02-25,19.779166666666665,54.666666666666664
2021-02-26,18.716666666666665,60.291666666666664
2021-02-27,16.900000000000002,65.08333333333333
2021-02-28,17.004166666666666,51.375
2021-03-01,17.870833333333334,46.166666666666664
2021-03-02,18.379166666666666,43.333333333333336
2021-03-03,18.841666666666665,44.083333333333336
2021-03-04,19.666666666666668,45.083333333333336
2021-03-05,19.816666666666666,45.583333333333336
2021-03-06,18.3625,49.666666666666664
2021-03-07,19.008333333333333,51.375
2021-03-08,18.608333333333334,58.958333333333336
2021-03-09,19.945833333333333,53.333333333333336
2021-03-10,20.241666666666667,49.5
2021-03-11,17.479166666666668,64.58333333333333
2021-03-12,16.308333333333334,75.5
2021-03-13,18.583333333333332,62.791666666666664
2021-03-14,17.979166666666668,62.875
2021-03-15,19.037499999999998,59.5
2021-03-16,19.879166666666666,57.5
2021-03-17,20.908333333333335,54.125
2021-03-18,21.229166666666668,51.0
2021-03-19,21.875,45.375
2021-03-20,22.441666666666666,44.875
2021-03-21,18.4375,65.625
2021-03-22,15.958333333333334,85.25
2021-03-23,15.0,87.125
2021-03-24,16.650000000000002,72.58333333333333
2021-03-25,19.099999999999998,58.0
2021-03-26,20.900000000000002,55.5
2021-03-27,22.141666666666666,54.333333333333336
2021-03-28,23.587500000000002,53.25
2021-03-29,23.587500000000002,52.208333333333336
2021-03-30,22.46666666666667,43.375
2021-03-31,21.666666666666668,33.125
2021-04-01,21.316666666666666,27.041666666666668
2021-04-02,20.962500000000002,22.958333333333332
2021-04-03,21.233333333333334,30.0
2021-04-04,21.083333333333332,38.083333333333336
2021-04-05,22.287499999999998,46.208333333333336
2021-04-06,20.304166666666667,58.666666666666664
2021-04-07,19.412499999999998,60.166666666666664
2021-04-08,20.791666666666668,45.625
2021-04-09,22.070833333333336,40.333333333333336
2021-04-10,23.508333333333336,37.208333333333336
2021-04-11,23.770833333333332,42.083333333333336
2021-04-12,24.45,43.75
2021-04-13,24.979166666666668,41.791666666666664
2021-04-14,25.4375,41.791666666666664
2021-04-15,22.28333333333333,56.541666666666664
2021-04-16,20.425,64.08333333333333
2021-04-17,18.904166666666665,71.66666666666667
2021-04-18,19.741666666666667,64.25
2021-04-19,21.891666666666666,49.833333333333336
2021-04-20,21.379166666666666,48.583333333333336
2021-04-21,21.258333333333333,55.208333333333336
2021-04-22,19.458333333333332,63.666666666666664
2021-04-23,20.108333333333334,57.583333333333336
2021-04-24,22.95,47.583333333333336
2021-04-25,24.429166666666664,43.291666666666664
2021-04-26,26.816666666666666,38.625
2021-04-27,28.166666666666668,36.333333333333336
2021-04-28,28.958333333333332,35.5
2021-04-29,29.520833333333332,33.958333333333336
2021-04-30,29.150000000000002,34.458333333333336
2021-05-01,29.504166666666666,34.708333333333336
2021-05-02,29.858333333333334,35.833333333333336
2021-05-03,30.075,38.541666666666664
2021-05-04,27.508333333333336,44.416666666666664
2021-05-05,25.858333333333334,52.916666666666664
2021-05-06,26.729166666666668,47.291666666666664
2021-05-07,25.84166666666667,51.875
2021-05-08,26.65416666666667,49.833333333333336
2021-05-09,27.745833333333334,46.041666666666664
2021-05-10,27.087500000000002,48.833333333333336
2021-05-11,24.962500000000002,57.583333333333336
2021-05-12,25.650000000000002,51.666666666666664
2021-05-13,24.495833333333334,51.125
2021-05-14,24.8625,50.375
2021-05-15,25.983333333333334,47.375
2021-05-16,27.36666666666667,44.291666666666664
2021-05-17,28.2375,39.791666666666664
2021-05-18,29.59583333333333,36.333333333333336
2021-05-19,29.275000000000002,37.333333333333336
2021-05-20,28.129166666666666,43.416666666666664
2021-05-21,27.304166666666664,43.458333333333336
2021-05-22,27.837500000000002,38.958333333333336
2021-05-23,25.570833333333336,45.666666666666664
2021-05-24,27.258333333333336,39.25
2021-05-25,29.258333333333336,30.833333333333332
2021-05-26,30.65416666666667,27.458333333333332
2021-05-27,32.237500000000004,26.375
2021-05-28,33.30416666666667,27.416666666666668
2021-05-29,33.016666666666666,31.791666666666668
2021-05-30,31.895833333333332,38.416666666666664
2021-05-31,30.224999999999998,43.5
2021-06-01,27.84583333333333,48.916666666666664
2021-06-02,29.25833333333333,45.041666666666664
2021-06-03,27.929166666666664,52.375
2021-06-04,29.537499999999998,50.875
2021-06-05,30.8125,47.208333333333336
2021-06-06,32.295833333333334,43.833333333333336
2021-06-07,34.05833333333333,42.041666666666664
2021-06-08,35.5625,39.208333333333336
2021-06-09,36.75,36.916666666666664
2021-06-10,36.90416666666667,35.375
2021-06-11,34.237500000000004,44.833333333333336
2021-06-12,32.68333333333333,45.25
2021-06-13,29.025000000000002,51.125
2021-06-14,29.583333333333332,50.25
2021-06-15,29.304166666666664,46.541666666666664
2021-06-16,27.883333333333336,51.625
2021-06-17,27.65416666666667,50.125
2021-06-18,30.34583333333333,41.25
2021-06-19,31.741666666666664,36.916666666666664
2021-06-20,30.120833333333334,41.25
2021-06-21,30.625,41.166666666666664
2021-06-22,32.12916666666667,37.0
2021-06-23,33.1625,34.25
2021-06-24,33.43333333333333,34.083333333333336
2021-06-25,31.275000000000002,41.541666666666664
2021-06-26,29.537499999999998,47.25
2021-06-27,31.71666666666667,44.541666666666664
2021-06-28,32.94166666666667,37.125
2021-06-29,34.69583333333333,33.75
2021-06-30,35.75833333333333,32.75
2021-07-01,34.94166666666667,33.375
2021-07-02,33.09583333333333,40.833333333333336
2021-07-03,31.349999999999998,43.583333333333336
2021-07-04,31.929166666666664,44.083333333333336
2021-07-05,31.4375,48.791666666666664
2021-07-06,32.9375,46.083333333333336
2021-07-07,33.43333333333333,42.666666666666664
2021-07-08,34.25833333333333,42.666666666666664
2021-07-09,33.625,49.958333333333336
2021-07-10,31.758333333333336,59.791666666666664
2021-07-11,31.65833333333333,63.333333333333336
2021-07-12,27.6125,73.625
2021-07-13,27.6875,72.70833333333333
2021-07-14,27.054166666666664,73.95833333333333
2021-07-15,30.141666666666666,62.666666666666664
2021-07-16,31.6125,62.083333333333336
2021-07-17,32.920833333333334,61.625
2021-07-18,33.75833333333333,60.083333333333336
2021-07-19,29.020833333333332,76.70833333333333
2021-07-20,26.729166666666668,82.04166666666667
2021-07-21,27.083333333333332,75.0
2021-07-22,29.25,63.083333333333336
2021-07-23,30.745833333333334,62.25
2021-07-24,32.295833333333334,60.125
2021-07-25,32.729166666666664,62.625
2021-07-26,30.758333333333336,74.375
2021-07-27,29.758333333333336,79.875
2021-07-28,27.46666666666667,86.625
2021-07-29,27.820833333333336,77.91666666666667
2021-07-30,28.875,75.45833333333333
2021-07-31,28.7625,75.875
2021-08-01,29.629166666666666,68.33333333333333
2021-08-02,29.212500000000002,69.08333333333333
2021-08-03,30.1125,68.875
2021-08-04,28.770833333333332,69.08333333333333
2021-08-05,29.816666666666666,67.54166666666667
2021-08-06,29.020833333333332,67.5
2021-08-07,30.383333333333336,65.79166666666667
2021-08-08,29.474999999999998,69.41666666666667
2021-08-09,28.791666666666668,66.91666666666667
2021-08-10,29.866666666666664,66.45833333333333
2021-08-11,30.8125,65.20833333333333
2021-08-12,30.791666666666668,66.375
2021-08-13,30.075,66.375
2021-08-14,27.349999999999998,68.95833333333333
2021-08-15,26.083333333333332,67.16666666666667
2021-08-16,28.916666666666668,56.666666666666664
2021-08-17,30.087500000000002,57.333333333333336
2021-08-18,31.058333333333334,55.625
2021-08-19,31.2625,56.375
2021-08-20,30.47083333333333,56.5
2021-08-21,29.15416666666667,62.375
2021-08-22,28.741666666666664,65.91666666666667
2021-08-23,30.22083333333333,65.95833333333333
2021-08-24,31.620833333333334,63.791666666666664
2021-08-25,31.979166666666668,63.208333333333336
2021-08-26,31.754166666666666,64.45833333333333
2021-08-27,31.337500000000002,66.25
2021-08-28,27.7375,69.95833333333333
2021-08-29,25.7375,74.20833333333333
2021-08-30,26.5125,68.66666666666667
2021-08-31,26.2,67.41666666666667
2021-09-01,27.90416666666667,63.625
2021-09-02,29.070833333333336,61.083333333333336
2021-09-03,29.066666666666666,62.916666666666664
2021-09-04,28.920833333333334,62.625
2021-09-05,30.070833333333336,63.583333333333336
2021-09-06,30.645833333333332,63.708333333333336
2021-09-07,29.712500000000002,68.66666666666667
2021-09-08,26.349999999999998,82.0
2021-09-09,27.15416666666667,75.04166666666667
2021-09-10,27.150000000000002,74.75
2021-09-11,25.59166666666667,79.95833333333333
2021-09-12,26.854166666666668,68.25
2021-09-13,28.208333333333332,65.25
2021-09-14,29.120833333333334,64.75
2021-09-15,29.683333333333334,63.166666666666664
2021-09-16,30.0125,62.083333333333336
2021-09-17,29.041666666666668,65.16666666666667
2021-09-18,28.974999999999998,68.625
2021-09-19,29.9375,65.66666666666667
2021-09-20,28.537499999999998,69.45833333333333
2021-09-21,26.479166666666668,74.125
2021-09-22,26.90416666666667,66.0
2021-09-23,26.287499999999998,67.0
2021-09-24,27.258333333333336,62.291666666666664
2021-09-25,28.1375,62.708333333333336
2021-09-26,28.495833333333334,63.625
2021-09-27,28.883333333333336,63.416666666666664
2021-09-28,29.34166666666667,62.916666666666664
2021-09-29,29.025000000000002,64.16666666666667
2021-09-30,28.28333333333333,67.45833333333333
2021-10-01,27.195833333333336,71.70833333333333
2021-10-02,26.116666666666664,73.20833333333333
2021-10-03,26.7375,64.95833333333333
2021-10-04,26.679166666666664,67.91666666666667
2021-10-05,26.22083333333333,63.208333333333336
2021-10-06,25.9375,59.125
2021-10-07,25.895833333333332,57.958333333333336
2021-10-08,26.266666666666666,59.875
2021-10-09,26.766666666666666,60.083333333333336
2021-10-10,24.65416666666667,62.291666666666664
2021-10-11,23.704166666666666,57.916666666666664
2021-10-12,23.995833333333334,54.916666666666664
2021-10-13,24.15833333333333,56.041666666666664
2021-10-14,23.95,55.958333333333336
2021-10-15,24.099999999999998,52.541666666666664
2021-10-16,24.525000000000002,52.041666666666664
2021-10-17,23.691666666666666,57.625
2021-10-18,22.370833333333334,65.04166666666667
2021-10-19,22.566666666666666,61.25
2021-10-20,22.53333333333333,58.708333333333336
2021-10-21,22.929166666666664,56.958333333333336
2021-10-22,21.65833333333333,60.333333333333336
2021-10-23,19.420833333333334,66.125
2021-10-24,17.358333333333334,70.75
2021-10-25,17.441666666666666,65.95833333333333
2021-10-26,17.929166666666667,63.75
2021-10-27,19.229166666666668,61.333333333333336
2021-10-28,19.045833333333334,61.125
2021-10-29,19.345833333333335,59.458333333333336
2021-10-30,19.491666666666667,55.0
2021-10-31,18.633333333333333,55.25
2021-11-01,18.341666666666665,57.875
2021-11-02,18.304166666666667,58.625
2021-11-03,18.325,56.958333333333336
2021-11-04,18.033333333333335,58.0
2021-11-05,17.349999999999998,62.0
2021-11-06,17.775000000000002,57.875
2021-11-07,17.491666666666667,55.083333333333336
2021-11-08,17.712500000000002,52.708333333333336
2021-11-09,17.845833333333335,54.166666666666664
2021-11-10,17.929166666666667,55.041666666666664
2021-11-11,17.804166666666667,55.083333333333336
2021-11-12,17.329166666666666,50.791666666666664
2021-11-13,16.629166666666666,53.416666666666664
2021-11-14,16.208333333333332,55.041666666666664
2021-11-15,15.854166666666666,53.916666666666664
2021-11-16,15.004166666666668,55.833333333333336
2021-11-17,15.025,57.791666666666664
2021-11-18,15.4,56.041666666666664
2021-11-19,15.195833333333333,55.083333333333336
2021-11-20,15.125,55.333333333333336
2021-11-21,15.0625,55.833333333333336
2021-11-22,14.641666666666666,55.333333333333336
2021-11-23,14.741666666666667,54.666666666666664
2021-11-24,15.445833333333333,56.041666666666664
2021-11-25,15.779166666666667,57.625
2021-11-26,14.716666666666667,58.541666666666664
2021-11-27,14.9125,61.291666666666664
2021-11-28,14.945833333333333,62.125
2021-11-29,14.770833333333334,59.458333333333336
2021-11-30,14.433333333333335,60.541666666666664
2021-12-01,14.179166666666667,58.666666666666664
2021-12-02,14.1625,60.291666666666664
2021-12-03,14.487499999999999,59.875
2021-12-04,15.112499999999999,57.791666666666664
2021-12-05,14.200000000000001,70.25
2021-12-06,13.583333333333334,69.75
2021-12-07,12.845833333333333,66.625
2021-12-08,13.1,61.041666666666664
2021-12-09,13.191666666666668,57.041666666666664
2021-12-10,12.816666666666668,56.791666666666664
2021-12-11,11.754166666666668,57.833333333333336
2021-12-12,11.283333333333333,59.583333333333336
2021-12-13,11.166666666666666,61.791666666666664
2021-12-14,10.420833333333333,66.875
2021-12-15,10.408333333333333,64.875
2021-12-16,9.125,65.29166666666667
2021-12-17,8.8125,60.916666666666664
2021-12-18,8.5875,59.416666666666664
2021-12-19,8.341666666666667,59.791666666666664
2021-12-20,9.254166666666666,57.416666666666664
2021-12-21,11.058333333333332,55.166666666666664
2021-12-22,11.508333333333333,55.541666666666664
2021-12-23,12.466666666666667,58.5
2021-12-24,12.220833333333333,60.125
2021-12-25,12.104166666666666,61.666666666666664
2021-12-26,10.958333333333334,69.375
2021-12-27,10.258333333333333,74.66666666666667
2021-12-28,9.966666666666667,69.91666666666667
2021-12-29,9.645833333333334,63.166666666666664
2021-12-30,9.512500000000001,60.541666666666664
2021-12-31,10.216666666666667,58.583333333333336
2022-01-01,9.65,63.416666666666664
2022-01-02,10.924999999999999,61.916666666666664
2022-01-03,10.679166666666667,64.66666666666667
2022-01-04,10.487499999999999,79.66666666666667
2022-01-05,9.729166666666666,94.20833333333333
2022-01-06,10.375,89.29166666666667
2022-01-07,9.670833333333333,96.08333333333333
2022-01-08,10.424999999999999,87.41666666666667
2022-01-09,10.370833333333334,77.0
2022-01-10,9.958333333333334,74.58333333333333
2022-01-11,10.183333333333334,70.33333333333333
2022-01-12,9.904166666666667,65.125
2022-01-13,10.75,62.041666666666664
2022-01-14,10.5375,62.875
2022-01-15,9.9625,65.375
2022-01-16,10.329166666666667,67.79166666666667
2022-01-17,9.783333333333333,78.20833333333333
2022-01-18,10.924999999999999,76.08333333333333
2022-01-19,10.700000000000001,82.375
2022-01-20,11.320833333333333,83.66666666666667
2022-01-21,10.35,85.45833333333333
2022-01-22,9.391666666666667,89.58333333333333
2022-01-23,9.045833333333333,91.66666666666667
2022-01-24,10.424999999999999,83.70833333333333
2022-01-25,10.325000000000001,77.04166666666667
2022-01-26,10.266666666666667,67.70833333333333
2022-01-27,10.279166666666667,62.916666666666664
2022-01-28,10.129166666666666,61.833333333333336
2022-01-29,11.241666666666667,59.666666666666664
2022-01-30,11.558333333333332,61.875
2022-01-31,12.083333333333334,60.541666666666664
2022-02-01,12.4625,60.0
2022-02-02,11.391666666666666,64.79166666666667
2022-02-03,11.054166666666667,74.125
2022-02-04,10.429166666666667,70.95833333333333
2022-02-05,11.129166666666668,70.70833333333333
2022-02-06,12.137500000000001,73.83333333333333
2022-02-07,13.370833333333332,66.75
2022-02-08,12.654166666666667,62.666666666666664
2022-02-09,13.158333333333333,59.083333333333336
2022-02-10,12.679166666666667,53.25
2022-02-11,12.525,50.791666666666664
2022-02-12,13.029166666666667,51.791666666666664
2022-02-13,13.404166666666667,53.666666666666664
2022-02-14,14.016666666666666,56.583333333333336
2022-02-15,14.533333333333333,59.291666666666664
2022-02-16,14.829166666666666,56.791666666666664
2022-02-17,14.5,54.458333333333336
2022-02-18,14.220833333333333,57.375
2022-02-19,14.583333333333334,51.666666666666664
2022-02-20,15.170833333333334,43.958333333333336
2022-02-21,15.987499999999999,38.375
2022-02-22,15.758333333333333,47.791666666666664
2022-02-23,13.487499999999999,72.875
2022-02-24,13.483333333333334,75.5
2022-02-25,11.820833333333333,80.5
2022-02-26,11.75,76.41666666666667
2022-02-27,13.241666666666667,63.25
2022-02-28,13.7875,57.625
2022-03-01,15.9125,56.666666666666664
2022-03-02,16.195833333333333,58.0
2022-03-03,14.504166666666668,69.91666666666667
2022-03-04,15.741666666666667,63.583333333333336
2022-03-05,16.787499999999998,58.958333333333336
2022-03-06,16.295833333333334,64.875
2022-03-07,15.854166666666666,75.16666666666667
2022-03-08,17.425,62.0
2022-03-09,17.7375,60.5
2022-03-10,18.7,55.75
2022-03-11,19.8875,51.333333333333336
2022-03-12,21.125,51.208333333333336
2022-03-13,21.683333333333334,51.916666666666664
2022-03-14,23.704166666666666,47.333333333333336
2022-03-15,24.858333333333334,47.625
2022-03-16,25.21666666666667,46.458333333333336
2022-03-17,26.275000000000002,43.083333333333336
2022-03-18,25.383333333333336,52.416666666666664
2022-03-19,23.53333333333333,60.916666666666664
2022-03-20,23.650000000000002,56.666666666666664
2022-03-21,24.0,49.958333333333336
2022-03-22,24.195833333333336,44.916666666666664
2022-03-23,23.47083333333333,44.125
2022-03-24,23.65416666666667,45.666666666666664
2022-03-25,23.958333333333332,39.875
2022-03-26,24.400000000000002,37.708333333333336
2022-03-27,25.337500000000002,39.25
2022-03-28,26.34583333333333,37.416666666666664
2022-03-29,26.133333333333336,36.75
2022-03-30,25.8875,37.583333333333336
2022-03-31,25.825,37.083333333333336
2022-04-01,26.0,32.75
2022-04-02,25.833333333333332,36.125
2022-04-03,26.558333333333334,36.125
2022-04-04,26.75,35.708333333333336
2022-04-05,27.037499999999998,33.125
2022-04-06,27.650000000000002,32.291666666666664
2022-04-07,28.3,32.708333333333336
2022-04-08,28.962500000000002,32.875
2022-04-09,29.354166666666668,33.083333333333336
2022-04-10,28.287499999999998,34.75
2022-04-11,29.604166666666668,34.75
2022-04-12,29.1375,36.416666666666664
2022-04-13,27.34166666666667,40.5
2022-04-14,26.670833333333334,38.666666666666664
2022-04-15,27.233333333333334,34.833333333333336
2022-04-16,28.25,34.125
2022-04-17,28.8625,34.5
2022-04-18,29.416666666666668,34.416666666666664
2022-04-19,28.4875,38.5
2022-04-20,27.34583333333333,41.291666666666664
2022-04-21,25.316666666666666,47.166666666666664
2022-04-22,25.0125,46.541666666666664
2022-04-23,26.458333333333332,40.916666666666664
2022-04-24,27.474999999999998,36.166666666666664
2022-04-25,27.870833333333334,37.375
2022-04-26,28.891666666666666,33.583333333333336
2022-04-27,30.554166666666664,30.083333333333332
2022-04-28,31.95,28.666666666666668
2022-04-29,31.766666666666666,30.5
2022-04-30,31.9375,30.458333333333332
2022-05-01,32.645833333333336,31.0
2022-05-02,32.104166666666664,33.0
2022-05-03,27.912499999999998,46.75
2022-05-04,24.758333333333336,55.5
2022-05-05,26.8125,46.166666666666664
2022-05-06,28.958333333333332,38.416666666666664
2022-05-07,30.037499999999998,36.375
2022-05-08,31.291666666666668,35.083333333333336
2022-05-09,31.179166666666664,38.583333333333336
2022-05-10,31.233333333333334,40.666666666666664
2022-05-11,32.11666666666667,36.916666666666664
2022-05-12,32.53333333333333,36.166666666666664
2022-05-13,33.074999999999996,29.291666666666668
2022-05-14,33.97083333333333,23.25
2022-05-15,33.954166666666666,23.833333333333332
2022-05-16,33.44583333333333,25.208333333333332
2022-05-17,30.754166666666666,32.833333333333336
2022-05-18,30.729166666666668,36.458333333333336
2022-05-19,31.21666666666667,35.333333333333336
2022-05-20,27.354166666666668,44.541666666666664
2022-05-21,29.8875,34.333333333333336
2022-05-22,30.4875,31.833333333333332
2022-05-23,26.266666666666666,39.041666666666664
2022-05-24,25.25,46.291666666666664
2022-05-25,27.766666666666666,45.083333333333336
2022-05-26,30.420833333333334,42.625
2022-05-27,31.020833333333332,41.375
2022-05-28,31.125,35.0
2022-05-29,30.40416666666667,34.208333333333336
2022-05-30,30.7,31.333333333333332
2022-05-31,30.0625,33.666666666666664
2022-06-01,29.77916666666667,33.291666666666664
2022-06-02,31.15416666666667,26.75
2022-06-03,31.72083333333333,23.666666666666668
2022-06-04,32.59166666666667,21.0
2022-06-05,33.25,19.208333333333332
2022-06-06,33.8125,19.333333333333332
2022-06-07,34.11666666666667,20.125
2022-06-08,33.69583333333333,21.791666666666668
2022-06-09,34.37916666666667,20.375
2022-06-10,34.295833333333334,22.083333333333332
2022-06-11,34.05416666666667,24.75
2022-06-12,33.295833333333334,26.083333333333332
2022-06-13,33.00416666666667,27.333333333333332
2022-06-14,35.170833333333334,28.416666666666668
2022-06-15,36.13333333333333,28.875
2022-06-16,33.300000000000004,35.625
2022-06-17,28.02916666666667,53.0
2022-06-18,25.84583333333333,60.5
2022-06-19,26.616666666666664,58.541666666666664
2022-06-20,25.229166666666668,61.166666666666664
2022-06-21,21.1125,72.66666666666667
2022-06-22,23.566666666666666,65.625
2022-06-23,27.495833333333334,48.375
2022-06-24,29.916666666666668,43.25
2022-06-25,31.7625,39.625
2022-06-26,33.166666666666664,42.083333333333336
2022-06-27,34.016666666666666,42.333333333333336
2022-06-28,34.887499999999996,42.583333333333336
2022-06-29,35.137499999999996,43.916666666666664
2022-06-30,32.362500000000004,59.416666666666664
2022-07-01,29.070833333333336,70.58333333333333
2022-07-02,31.058333333333334,66.04166666666667
2022-07-03,31.2,65.58333333333333
2022-07-04,31.2625,64.79166666666667
2022-07-05,29.945833333333336,67.45833333333333
2022-07-06,29.520833333333332,72.66666666666667
2022-07-07,31.025000000000002,66.125
2022-07-08,31.525000000000002,67.16666666666667
2022-07-09,29.295833333333334,72.75
2022-07-10,28.254166666666666,73.79166666666667
2022-07-11,28.7625,71.08333333333333
2022-07-12,29.3,71.45833333333333
2022-07-13,28.0125,73.70833333333333
2022-07-14,26.625,76.83333333333333
2022-07-15,28.270833333333332,67.04166666666667
2022-07-16,30.40416666666667,59.791666666666664
2022-07-17,30.295833333333334,61.375
2022-07-18,31.5125,59.583333333333336
2022-07-19,32.670833333333334,58.041666666666664
2022-07-20,29.791666666666668,68.29166666666667
2022-07-21,26.441666666666666,83.0
2022-07-22,28.075,73.375
2022-07-23,28.329166666666666,73.54166666666667
2022-07-24,27.520833333333332,78.0
2022-07-25,27.025000000000002,82.41666666666667
2022-07-26,28.633333333333336,76.20833333333333
2022-07-27,27.754166666666666,81.125
2022-07-28,26.804166666666664,83.41666666666667
2022-07-29,26.712500000000002,81.29166666666667
2022-07-30,28.28333333333333,73.875
2022-07-31,27.78333333333333,75.20833333333333
2022-08-01,26.929166666666664,72.375
2022-08-02,28.808333333333334,65.16666666666667
2022-08-03,30.170833333333334,59.541666666666664
2022-08-04,30.770833333333332,60.583333333333336
2022-08-05,29.412499999999998,68.33333333333333
2022-08-06,29.620833333333334,68.79166666666667
2022-08-07,30.425,65.66666666666667
2022-08-08,30.150000000000002,67.45833333333333
2022-08-09,30.9375,62.958333333333336
2022-08-10,31.849999999999998,62.083333333333336
2022-08-11,29.229166666666668,73.75
2022-08-12,29.541666666666668,64.5
2022-08-13,31.120833333333334,61.958333333333336
2022-08-14,30.395833333333332,66.375
2022-08-15,27.075,80.16666666666667
2022-08-16,28.1875,76.0
2022-08-17,26.745833333333334,80.625
2022-08-18,28.650000000000002,68.41666666666667
2022-08-19,30.129166666666666,64.16666666666667
2022-08-20,29.2375,67.875
2022-08-21,28.125,69.0
2022-08-22,29.3875,60.791666666666664
2022-08-23,30.208333333333332,57.958333333333336
2022-08-24,27.166666666666668,71.25
2022-08-25,25.391666666666666,83.79166666666667
2022-08-26,25.858333333333334,78.45833333333333
2022-08-27,27.65833333333333,69.54166666666667
2022-08-28,28.541666666666668,68.08333333333333
2022-08-29,28.791666666666668,65.79166666666667
2022-08-30,29.5,62.25
2022-08-31,30.025000000000002,59.916666666666664
2022-09-01,30.337500000000002,58.083333333333336
2022-09-02,30.291666666666668,61.625
2022-09-03,29.804166666666664,62.958333333333336
2022-09-04,27.866666666666664,70.25
2022-09-05,26.0125,75.83333333333333
2022-09-06,27.7375,66.16666666666667
2022-09-07,29.0125,62.083333333333336
2022-09-08,29.833333333333332,63.375
2022-09-09,29.849999999999998,66.125
2022-09-10,27.916666666666668,70.125
2022-09-11,25.9875,72.08333333333333
2022-09-12,26.8,65.58333333333333
2022-09-13,28.1125,60.333333333333336
2022-09-14,28.40416666666667,58.0
2022-09-15,28.304166666666664,61.75
2022-09-16,28.108333333333334,65.45833333333333
2022-09-17,26.754166666666666,66.375
2022-09-18,27.412499999999998,58.666666666666664
2022-09-19,27.84166666666667,58.291666666666664
2022-09-20,28.479166666666668,61.875
2022-09-21,28.47083333333333,61.75
2022-09-22,28.575,60.416666666666664
2022-09-23,28.691666666666666,60.458333333333336
2022-09-24,27.266666666666666,65.625
2022-09-25,25.829166666666666,70.83333333333333
2022-09-26,26.1875,67.5
2022-09-27,26.916666666666668,60.666666666666664
2022-09-28,27.4375,63.041666666666664
2022-09-29,27.391666666666666,59.708333333333336
2022-09-30,27.504166666666666,58.208333333333336
2022-10-01,27.104166666666668,58.333333333333336
2022-10-02,26.516666666666666,56.0
2022-10-03,26.579166666666666,53.166666666666664
2022-10-04,26.45,50.5
2022-10-05,26.108333333333334,48.833333333333336
2022-10-06,24.945833333333336,50.25
2022-10-07,24.650000000000002,52.291666666666664
2022-10-08,24.5625,55.791666666666664
2022-10-09,24.52916666666667,56.541666666666664
2022-10-10,24.195833333333336,58.833333333333336
2022-10-11,23.72083333333333,61.166666666666664
2022-10-12,22.375,64.5
2022-10-13,23.05,60.875
2022-10-14,23.40416666666667,56.0
2022-10-15,23.395833333333332,58.208333333333336
2022-10-16,23.662499999999998,56.458333333333336
2022-10-17,23.587500000000002,56.541666666666664
2022-10-18,22.9875,56.333333333333336
2022-10-19,22.354166666666668,53.625
2022-10-20,20.166666666666668,56.875
2022-10-21,20.354166666666668,55.125
2022-10-22,20.520833333333332,53.833333333333336
2022-10-23,20.5625,54.333333333333336
2022-10-24,20.695833333333333,54.0
2022-10-25,20.912499999999998,52.416666666666664
2022-10-26,21.3125,53.208333333333336
2022-10-27,21.575,54.666666666666664
2022-10-28,21.270833333333332,52.958333333333336
2022-10-29,21.041666666666668,53.708333333333336
2022-10-30,21.095833333333335,55.833333333333336
2022-10-31,21.083333333333332,58.041666666666664
2022-11-01,20.925,61.75
2022-11-02,20.995833333333334,57.5
2022-11-03,21.108333333333334,51.833333333333336
2022-11-04,20.650000000000002,58.208333333333336
2022-11-05,19.566666666666666,66.04166666666667
2022-11-06,17.916666666666668,71.91666666666667
2022-11-07,17.416666666666668,71.79166666666667
2022-11-08,17.662499999999998,68.58333333333333
2022-11-09,16.404166666666665,72.95833333333333
2022-11-10,16.070833333333333,71.33333333333333
2022-11-11,16.025000000000002,63.75
2022-11-12,15.674999999999999,61.916666666666664
2022-11-13,14.879166666666668,62.625
2022-11-14,13.983333333333334,77.08333333333333
2022-11-15,14.470833333333333,75.375
2022-11-16,14.7125,72.83333333333333
2022-11-17,15.033333333333333,65.29166666666667
2022-11-18,14.670833333333334,65.91666666666667
2022-11-19,14.791666666666666,70.41666666666667
2022-11-20,14.941666666666665,66.20833333333333
2022-11-21,14.779166666666667,61.875
2022-11-22,14.720833333333333,58.791666666666664
2022-11-23,14.549999999999999,56.833333333333336
2022-11-24,14.895833333333334,57.166666666666664
2022-11-25,15.0,59.458333333333336
2022-11-26,14.870833333333332,61.041666666666664
2022-11-27,14.470833333333333,62.833333333333336
2022-11-28,14.7125,63.416666666666664
2022-11-29,14.733333333333334,63.375
2022-11-30,14.454166666666666,63.458333333333336
2022-12-01,14.133333333333333,62.041666666666664
2022-12-02,14.195833333333333,62.125
2022-12-03,14.3125,62.75
2022-12-04,13.733333333333334,62.333333333333336
2022-12-05,13.725,61.083333333333336
2022-12-06,13.733333333333334,59.125
2022-12-07,13.2875,58.541666666666664
2022-12-08,12.941666666666668,57.541666666666664
2022-12-09,14.4,59.458333333333336
2022-12-10,14.333333333333334,64.0
2022-12-11,13.758333333333333,61.833333333333336
2022-12-12,13.620833333333332,59.041666666666664
2022-12-13,13.775,57.583333333333336
2022-12-14,13.012500000000001,57.083333333333336
2022-12-15,12.758333333333333,56.458333333333336
2022-12-16,12.158333333333333,57.916666666666664
2022-12-17,12.674999999999999,56.75
2022-12-18,12.7875,58.666666666666664
2022-12-19,12.366666666666667,60.416666666666664
2022-12-20,12.079166666666666,61.125
2022-12-21,11.825000000000001,60.75
2022-12-22,11.091666666666667,60.833333333333336
2022-12-23,9.450000000000001,65.75
2022-12-24,8.383333333333333,70.33333333333333
2022-12-25,8.950000000000001,71.5
2022-12-26,10.4125,65.75
2022-12-27,10.841666666666667,59.208333333333336
2022-12-28,10.508333333333333,57.666666666666664
2022-12-29,9.045833333333333,70.125
2022-12-30,10.570833333333333,74.83333333333333
2022-12-31,10.558333333333334,70.20833333333333
2023-01-01,10.291666666666666,64.08333333333333
2023-01-02,9.816666666666666,63.0
2023-01-03,9.737499999999999,60.416666666666664
2023-01-04,9.7125,58.5
2023-01-05,9.924999999999999,58.541666666666664
2023-01-06,8.695833333333333,66.16666666666667
2023-01-07,10.279166666666667,67.20833333333333
2023-01-08,11.075000000000001,69.83333333333333
2023-01-09,12.345833333333333,69.54166666666667
2023-01-10,12.629166666666668,67.08333333333333
2023-01-11,11.299999999999999,79.25
2023-01-12,10.579166666666667,79.875
2023-01-13,9.4,70.54166666666667
2023-01-14,8.629166666666666,64.29166666666667
2023-01-15,9.045833333333333,62.25
2023-01-16,8.616666666666667,59.083333333333336
2023-01-17,8.404166666666667,58.041666666666664
2023-01-18,8.541666666666666,58.083333333333336
2023-01-19,10.9,54.833333333333336
2023-01-20,10.804166666666667,60.5
2023-01-21,10.170833333333333,68.79166666666667
2023-01-22,9.858333333333333,67.0
2023-01-23,10.020833333333334,66.08333333333333
2023-01-24,9.754166666666666,71.54166666666667
2023-01-25,10.25,75.04166666666667
2023-01-26,10.004166666666666,70.54166666666667
2023-01-27,10.904166666666667,62.75
2023-01-28,10.720833333333333,61.75
2023-01-29,11.012500000000001,66.66666666666667
2023-01-30,10.804166666666667,77.16666666666667
2023-01-31,11.570833333333333,70.375
2023-02-01,12.233333333333334,62.25
2023-02-02,13.112499999999999,60.666666666666664
2023-02-03,13.362499999999999,59.916666666666664
2023-02-04,14.891666666666666,57.083333333333336
2023-02-05,14.612499999999999,58.375
2023-02-06,14.454166666666666,67.91666666666667
2023-02-07,13.441666666666668,64.125
2023-02-08,13.858333333333334,58.625
2023-02-09,12.291666666666666,66.83333333333333
2023-02-10,13.200000000000001,67.25
2023-02-11,12.362499999999999,53.958333333333336
2023-02-12,11.233333333333334,46.333333333333336
2023-02-13,12.4375,42.375
2023-02-14,14.433333333333332,43.958333333333336
2023-02-15,16.091666666666665,51.375
2023-02-16,17.670833333333334,54.375
2023-02-17,17.8,56.208333333333336
2023-02-18,17.970833333333335,54.958333333333336
2023-02-19,18.866666666666667,55.75
2023-02-20,17.766666666666666,62.666666666666664
2023-02-21,17.775000000000002,54.583333333333336
2023-02-22,17.304166666666667,51.208333333333336
2023-02-23,17.8,48.208333333333336
2023-02-24,18.6125,42.458333333333336
2023-02-25,18.558333333333334,43.0
2023-02-26,18.616666666666667,51.0
2023-02-27,18.633333333333333,50.041666666666664
2023-02-28,16.729166666666668,56.875
2023-03-01,16.245833333333334,64.58333333333333
2023-03-02,16.404166666666665,68.16666666666667
2023-03-03,17.179166666666667,63.5
2023-03-04,18.6125,56.125
2023-03-05,19.383333333333333,51.708333333333336
2023-03-06,19.912499999999998,48.25
2023-03-07,20.204166666666666,44.083333333333336
2023-03-08,20.879166666666666,40.916666666666664
2023-03-09,20.870833333333334,43.958333333333336
2023-03-10,21.2625,44.333333333333336
2023-03-11,21.9875,44.041666666666664
2023-03-12,21.337500000000002,50.041666666666664
2023-03-13,21.729166666666668,48.041666666666664
2023-03-14,22.4375,43.416666666666664
2023-03-15,22.508333333333336,44.5
2023-03-16,19.587500000000002,59.291666666666664
2023-03-17,16.745833333333334,75.95833333333333
2023-03-18,17.441666666666666,72.70833333333333
2023-03-19,18.375,65.04166666666667
2023-03-20,19.183333333333334,59.291666666666664
2023-03-21,17.545833333333334,67.04166666666667
2023-03-22,18.491666666666667,65.29166666666667
2023-03-23,18.212500000000002,65.45833333333333
2023-03-24,16.162499999999998,73.91666666666667
2023-03-25,14.575000000000001,81.58333333333333
2023-03-26,16.9375,67.125
2023-03-27,19.504166666666666,56.625
2023-03-28,20.529166666666665,51.666666666666664
2023-03-29,19.670833333333334,55.75
2023-03-30,19.125,62.041666666666664
2023-03-31,16.979166666666668,73.16666666666667
2023-04-01,16.7625,78.25
2023-04-02,18.037499999999998,66.04166666666667
2023-04-03,18.041666666666668,66.5
2023-04-04,18.7375,62.25
2023-04-05,19.6125,54.875
2023-04-06,19.854166666666668,55.5
2023-04-07,21.495833333333334,48.333333333333336
2023-04-08,22.925,43.333333333333336
2023-04-09,23.641666666666666,39.541666666666664
2023-04-10,24.6375,39.208333333333336
2023-04-11,25.2625,40.625
2023-04-12,25.925,40.083333333333336
2023-04-13,26.916666666666668,38.708333333333336
2023-04-14,27.858333333333334,36.583333333333336
2023-04-15,28.679166666666664,36.083333333333336
2023-04-16,26.462500000000002,40.125
2023-04-17,26.620833333333334,41.833333333333336
2023-04-18,23.204166666666666,58.833333333333336
2023-04-19,20.591666666666665,67.91666666666667
2023-04-20,20.241666666666667,64.95833333333333
2023-04-21,20.104166666666668,57.333333333333336
2023-04-22,21.458333333333332,46.375
2023-04-23,23.633333333333336,41.125
2023-04-24,25.3625,38.208333333333336
2023-04-25,25.675,39.75
2023-04-26,24.995833333333334,44.708333333333336
2023-04-27,24.34583333333333,48.833333333333336
2023-04-28,23.233333333333334,50.25
2023-04-29,25.8625,42.875
2023-04-30,25.78333333333333,45.291666666666664
2023-05-01,22.65416666666667,60.0
2023-05-02,20.175,73.625
2023-05-03,21.795833333333334,63.75
2023-05-04,22.224999999999998,60.458333333333336
2023-05-05,23.77916666666667,52.541666666666664
2023-05-06,23.9875,52.708333333333336
2023-05-07,22.670833333333334,52.458333333333336
2023-05-08,22.599999999999998,47.0
2023-05-09,24.2625,39.833333333333336
2023-05-10,26.691666666666666,34.916666666666664
2023-05-11,28.599999999999998,28.541666666666668
2023-05-12,28.974999999999998,28.458333333333332
2023-05-13,27.891666666666666,35.833333333333336
2023-05-14,27.479166666666668,39.5
2023-05-15,29.429166666666664,31.708333333333332
2023-05-16,28.520833333333332,35.416666666666664
2023-05-17,29.333333333333332,37.333333333333336
2023-05-18,27.433333333333334,45.75
2023-05-19,28.270833333333332,39.583333333333336
2023-05-20,30.679166666666664,31.541666666666668
2023-05-21,31.983333333333334,28.041666666666668
2023-05-22,32.84583333333334,28.208333333333332
2023-05-23,30.766666666666666,35.208333333333336
2023-05-24,26.583333333333332,52.5
2023-05-25,25.47083333333333,56.625
2023-05-26,23.974999999999998,57.333333333333336
2023-05-27,26.354166666666668,43.291666666666664
2023-05-28,27.858333333333334,40.5
2023-05-29,25.40416666666667,51.083333333333336
2023-05-30,24.141666666666666,56.625
2023-05-31,21.508333333333336,69.04166666666667
2023-06-01,19.5,81.04166666666667
2023-06-02,23.145833333333332,63.75
2023-06-03,26.254166666666666,52.5
2023-06-04,28.27916666666667,43.916666666666664
2023-06-05,28.912499999999998,40.958333333333336
2023-06-06,28.870833333333334,40.708333333333336
2023-06-07,28.233333333333334,44.541666666666664
2023-06-08,30.054166666666664,44.333333333333336
2023-06-09,31.983333333333334,43.583333333333336
2023-06-10,32.395833333333336,44.333333333333336
2023-06-11,31.016666666666666,43.583333333333336
2023-06-12,31.974999999999998,40.083333333333336
2023-06-13,32.637499999999996,38.791666666666664
2023-06-14,31.316666666666666,44.75
2023-06-15,29.008333333333336,52.25
2023-06-16,29.883333333333336,51.041666666666664
2023-06-17,31.816666666666666,48.166666666666664
2023-06-18,32.80833333333333,44.208333333333336
2023-06-19,32.300000000000004,43.916666666666664
2023-06-20,34.21666666666667,42.916666666666664
2023-06-21,34.979166666666664,44.583333333333336
2023-06-22,35.762499999999996,49.75
2023-06-23,35.541666666666664,52.625
2023-06-24,34.045833333333334,55.375
2023-06-25,31.183333333333334,61.041666666666664
2023-06-26,27.875,71.04166666666667
2023-06-27,30.375,60.875
2023-06-28,28.75,66.125
2023-06-29,30.3,60.291666666666664
2023-06-30,29.391666666666666,58.708333333333336
2023-07-01,30.254166666666666,55.375
2023-07-02,31.77916666666667,54.458333333333336
2023-07-03,31.7625,58.541666666666664
2023-07-04,29.462500000000002,60.375
2023-07-05,27.462500000000002,66.29166666666667
2023-07-06,27.833333333333332,64.91666666666667
2023-07-07,26.5125,68.33333333333333
2023-07-08,26.941666666666666,66.08333333333333
2023-07-09,28.25,60.625
2023-07-10,29.162499999999998,58.916666666666664
2023-07-11,31.275000000000002,50.875
2023-07-12,31.933333333333334,52.25
2023-07-13,30.662499999999998,54.5
2023-07-14,30.383333333333336,62.25
2023-07-15,29.145833333333332,68.375
2023-07-16,29.375,70.41666666666667
2023-07-17,31.420833333333334,61.25
2023-07-18,30.633333333333336,69.41666666666667
2023-07-19,27.420833333333334,83.66666666666667
2023-07-20,29.150000000000002,75.5
2023-07-21,29.96666666666667,73.83333333333333
2023-07-22,28.770833333333332,78.41666666666667
2023-07-23,27.879166666666666,75.83333333333333
2023-07-24,29.679166666666664,66.41666666666667
2023-07-25,29.045833333333334,71.29166666666667
2023-07-26,28.78333333333333,73.91666666666667
2023-07-27,28.229166666666668,77.54166666666667
2023-07-28,28.166666666666668,74.25
2023-07-29,27.15833333333333,72.5
2023-07-30,29.708333333333332,63.75
2023-07-31,30.583333333333332,64.5
2023-08-01,31.1375,63.75
2023-08-02,31.075,66.54166666666667
2023-08-03,30.212500000000002,64.625
2023-08-04,30.287499999999998,65.95833333333333
2023-08-05,28.629166666666666,74.20833333333333
2023-08-06,29.770833333333332,71.83333333333333
2023-08-07,29.079166666666666,69.08333333333333
2023-08-08,30.53333333333333,64.20833333333333
2023-08-09,31.520833333333332,63.833333333333336
2023-08-10,30.34583333333333,70.79166666666667
2023-08-11,30.008333333333336,66.75
2023-08-12,32.05833333333333,63.166666666666664
2023-08-13,32.291666666666664,64.875
2023-08-14,28.90833333333333,72.33333333333333
2023-08-15,28.099999999999998,72.04166666666667
2023-08-16,30.375,69.41666666666667
2023-08-17,28.916666666666668,71.08333333333333
2023-08-18,30.162499999999998,67.54166666666667
2023-08-19,30.858333333333334,67.45833333333333
2023-08-20,31.495833333333334,64.66666666666667
2023-08-21,32.420833333333334,64.70833333333333
2023-08-22,33.24166666666667,60.0
2023-08-23,31.7,67.04166666666667
2023-08-24,27.900000000000002,74.0
2023-08-25,26.995833333333334,73.375
2023-08-26,26.97083333333333,69.95833333333333
2023-08-27,28.84583333333333,63.208333333333336
2023-08-28,27.933333333333334,63.083333333333336
2023-08-29,28.8875,58.958333333333336
2023-08-30,30.291666666666668,56.916666666666664
2023-08-31,31.075,55.375
2023-09-01,31.366666666666664,62.041666666666664
2023-09-02,30.891666666666666,63.458333333333336
2023-09-03,30.037499999999998,62.0
2023-09-04,30.7,60.291666666666664
2023-09-05,28.445833333333336,58.5
2023-09-06,29.329166666666666,56.083333333333336
2023-09-07,30.483333333333334,55.041666666666664
2023-09-08,30.52916666666667,55.75
2023-09-09,30.416666666666668,59.916666666666664
2023-09-10,29.59166666666667,63.833333333333336
2023-09-11,30.2,65.70833333333333
2023-09-12,30.787499999999998,65.875
2023-09-13,30.541666666666668,68.45833333333333
2023-09-14,31.004166666666666,69.08333333333333
2023-09-15,30.370833333333334,66.45833333333333
2023-09-16,27.95,71.625
2023-09-17,27.712500000000002,70.33333333333333
2023-09-18,27.083333333333332,68.75
2023-09-19,27.941666666666666,65.08333333333333
2023-09-20,28.104166666666668,67.0
2023-09-21,28.6875,58.791666666666664
2023-09-22,26.858333333333334,67.29166666666667
2023-09-23,26.629166666666666,68.79166666666667
2023-09-24,26.27916666666667,66.66666666666667
2023-09-25,24.925,64.29166666666667
2023-09-26,25.616666666666664,59.041666666666664
2023-09-27,25.849999999999998,55.416666666666664
2023-09-28,26.008333333333336,55.791666666666664
2023-09-29,24.7375,54.375
2023-09-30,24.4375,52.5
2023-10-01,24.7625,51.916666666666664
2023-10-02,24.958333333333332,50.125
2023-10-03,25.233333333333334,47.583333333333336
2023-10-04,25.241666666666664,44.75
2023-10-05,25.400000000000002,46.666666666666664
2023-10-06,25.870833333333334,46.0
2023-10-07,26.495833333333334,47.083333333333336
2023-10-08,26.650000000000002,49.958333333333336
2023-10-09,24.558333333333334,58.375
2023-10-10,23.391666666666666,57.958333333333336
2023-10-11,23.729166666666668,56.583333333333336
2023-10-12,24.270833333333332,54.541666666666664
2023-10-13,24.670833333333334,56.958333333333336
2023-10-14,22.291666666666668,65.5
2023-10-15,21.662499999999998,67.375
2023-10-16,18.491666666666667,76.04166666666667
2023-10-17,17.537499999999998,75.625
2023-10-18,18.408333333333335,66.79166666666667
2023-10-19,19.745833333333334,62.208333333333336
2023-10-20,20.420833333333334,59.875
2023-10-21,20.966666666666665,60.333333333333336
2023-10-22,20.25,68.33333333333333
2023-10-23,20.058333333333334,61.625
2023-10-24,21.004166666666666,58.291666666666664
2023-10-25,21.183333333333334,54.458333333333336
2023-10-26,20.916666666666668,53.5
2023-10-27,21.091666666666665,54.291666666666664
2023-10-28,21.295833333333334,55.458333333333336
2023-10-29,21.208333333333332,58.625
2023-10-30,21.608333333333334,63.875
2023-10-31,21.804166666666664,65.79166666666667
2023-11-01,21.5625,65.54166666666667
2023-11-02,21.01666666666667,60.541666666666664
2023-11-03,20.254166666666666,59.375
2023-11-04,19.854166666666668,56.75
2023-11-05,19.229166666666668,55.875
2023-11-06,19.158333333333335,55.375
2023-11-07,18.991666666666667,59.541666666666664
2023-11-08,19.345833333333335,60.958333333333336
2023-11-09,18.599999999999998,66.20833333333333
2023-11-10,16.175,75.79166666666667
2023-11-11,16.608333333333334,69.25
2023-11-12,16.979166666666668,68.20833333333333
2023-11-13,16.833333333333332,68.25
2023-11-14,17.25,66.125
2023-11-15,17.070833333333333,64.91666666666667
2023-11-16,17.033333333333335,62.208333333333336
2023-11-17,17.033333333333335,60.458333333333336
2023-11-18,16.3125,60.958333333333336
2023-11-19,16.483333333333334,61.5
2023-11-20,16.087500000000002,61.25
2023-11-21,15.779166666666667,61.5
2023-11-22,15.545833333333334,63.625
2023-11-23,15.504166666666668,65.79166666666667
2023-11-24,15.858333333333334,64.33333333333333
2023-11-25,15.266666666666666,61.291666666666664
2023-11-26,15.354166666666666,63.375
2023-11-27,15.766666666666666,64.625
2023-11-28,16.454166666666666,63.125
2023-11-29,15.895833333333334,63.5
2023-11-30,15.0375,75.66666666666667
2023-12-01,14.9375,69.58333333333333
2023-12-02,14.85,65.16666666666667
2023-12-03,14.708333333333334,64.16666666666667
2023-12-04,14.4,63.75
2023-12-05,13.674999999999999,64.08333333333333
2023-12-06,13.495833333333332,63.416666666666664
2023-12-07,13.5,61.5
2023-12-08,13.25,59.958333333333336
2023-12-09,12.9625,59.083333333333336
2023-12-10,12.579166666666667,57.791666666666664
2023-12-11,12.104166666666666,59.541666666666664
2023-12-12,12.525,63.625
2023-12-13,12.095833333333333,62.958333333333336
2023-12-14,11.745833333333332,62.583333333333336
2023-12-15,11.783333333333333,60.041666666666664
2023-12-16,11.645833333333334,62.416666666666664
2023-12-17,11.5,64.125
2023-12-18,11.725,61.5
2023-12-19,11.725,56.125
2023-12-20,11.691666666666668,57.083333333333336
2023-12-21,11.991666666666667,59.333333333333336
2023-12-22,11.5875,63.041666666666664
2023-12-23,14.6625,61.0
2023-12-24,13.433333333333332,65.95833333333333
2023-12-25,13.229166666666666,64.875
2023-12-26,13.0625,61.333333333333336
2023-12-27,13.3375,60.083333333333336
2023-12-28,12.862499999999999,62.166666666666664
2023-12-29,12.091666666666667,67.375
2023-12-30,12.429166666666667,67.29166666666667
2023-12-31,11.795833333333334,67.875
2024-01-01,11.245833333333332,70.08333333333333
2024-01-02,9.095833333333333,80.375
2024-01-03,8.549999999999999,83.75
2024-01-04,9.308333333333334,78.58333333333333
2024-01-05,9.970833333333333,74.41666666666667
2024-01-06,9.883333333333333,72.25
2024-01-07,9.75,70.66666666666667
2024-01-08,9.741666666666667,69.16666666666667
2024-01-09,10.745833333333332,64.83333333333333
2024-01-10,10.579166666666667,61.708333333333336
2024-01-11,10.070833333333333,63.75
2024-01-12,9.987499999999999,67.75
2024-01-13,11.254166666666668,66.375
2024-01-14,10.354166666666666,67.91666666666667
2024-01-15,10.729166666666666,66.16666666666667
2024-01-16,10.041666666666666,67.66666666666667
2024-01-17,10.829166666666666,62.708333333333336
2024-01-18,11.270833333333334,59.083333333333336
2024-01-19,10.995833333333332,61.291666666666664
2024-01-20,9.520833333333334,74.29166666666667
2024-01-21,8.508333333333333,80.70833333333333
2024-01-22,7.995833333333334,82.0
2024-01-23,8.15,82.91666666666667
2024-01-24,8.5625,77.875
2024-01-25,9.716666666666667,71.45833333333333
2024-01-26,12.045833333333334,63.958333333333336
2024-01-27,12.6,57.625
2024-01-28,13.200000000000001,62.041666666666664
2024-01-29,13.4625,67.625
2024-01-30,12.25,72.08333333333333
2024-01-31,11.595833333333333,82.08333333333333
2024-02-01,10.625,71.75
2024-02-02,10.512500000000001,55.875
2024-02-03,10.6,62.541666666666664
2024-02-04,10.799999999999999,67.83333333333333
2024-02-05,10.404166666666667,65.125
2024-02-06,10.85,59.666666666666664
2024-02-07,11.079166666666666,55.083333333333336
2024-02-08,12.1,46.75
2024-02-09,12.441666666666668,47.208333333333336
2024-02-10,13.137500000000001,48.5
2024-02-11,13.666666666666666,48.791666666666664
2024-02-12,13.641666666666666,48.875
2024-02-13,14.841666666666667,48.833333333333336
2024-02-14,14.766666666666666,46.416666666666664
2024-02-15,15.095833333333333,44.375
2024-02-16,15.091666666666667,46.416666666666664
2024-02-17,16.470833333333335,48.208333333333336
2024-02-18,14.054166666666667,67.625
2024-02-19,12.924999999999999,77.45833333333333
2024-02-20,12.512500000000001,72.16666666666667
2024-02-21,12.645833333333334,57.291666666666664
2024-02-22,13.029166666666667,50.666666666666664
2024-02-23,12.6,47.666666666666664
2024-02-24,12.654166666666667,47.375
2024-02-25,13.391666666666666,46.958333333333336
2024-02-26,12.820833333333333,52.458333333333336
2024-02-27,14.216666666666667,53.791666666666664
2024-02-28,15.554166666666667,54.333333333333336
2024-02-29,14.891666666666666,58.5
2024-03-01,12.908333333333333,81.58333333333333
2024-03-02,12.395833333333334,89.41666666666667
2024-03-03,11.083333333333334,77.04166666666667
2024-03-04,11.233333333333334,61.333333333333336
2024-03-05,12.854166666666666,56.375
2024-03-06,14.179166666666667,55.958333333333336
2024-03-07,15.012500000000001,56.666666666666664
2024-03-08,15.4125,53.5
2024-03-09,16.870833333333334,48.166666666666664
2024-03-10,17.154166666666665,52.083333333333336
2024-03-11,17.145833333333332,56.083333333333336
2024-03-12,18.608333333333334,51.375
2024-03-13,15.133333333333333,66.66666666666667
2024-03-14,15.970833333333333,63.625
2024-03-15,17.229166666666668,52.833333333333336
2024-03-16,18.099999999999998,48.125
2024-03-17,19.170833333333334,44.916666666666664
2024-03-18,19.129166666666666,46.083333333333336
2024-03-19,21.0625,39.916666666666664
2024-03-20,21.8,41.375
2024-03-21,20.525000000000002,50.458333333333336
2024-03-22,19.883333333333333,60.375
2024-03-23,21.05,52.041666666666664
2024-03-24,22.695833333333336,48.041666666666664
2024-03-25,23.504166666666666,43.458333333333336
2024-03-26,22.879166666666666,47.875
2024-03-27,20.408333333333335,65.70833333333333
2024-03-28,21.3875,64.70833333333333
2024-03-29,20.954166666666666,66.25
2024-03-30,18.908333333333335,71.875
2024-03-31,19.616666666666667,58.583333333333336
2024-04-01,20.912499999999998,49.0
2024-04-02,21.84583333333333,46.0
2024-04-03,20.770833333333332,50.25
2024-04-04,21.53333333333333,46.166666666666664
2024-04-05,22.4875,42.625
2024-04-06,23.65833333333333,36.5
2024-04-07,23.84166666666667,37.708333333333336
2024-04-08,24.379166666666666,36.0
2024-04-09,24.883333333333336,34.291666666666664
2024-04-10,23.879166666666666,42.083333333333336
2024-04-11,23.837500000000002,45.625
2024-04-12,24.670833333333334,45.5
2024-04-13,20.675,66.29166666666667
2024-04-14,18.75,78.33333333333333
2024-04-15,18.462500000000002,79.70833333333333
2024-04-16,21.212500000000002,63.833333333333336
2024-04-17,23.616666666666664,51.666666666666664
2024-04-18,21.770833333333332,62.0
2024-04-19,17.791666666666668,82.125
2024-04-20,20.3875,68.625
2024-04-21,22.133333333333336,56.416666666666664
2024-04-22,23.40833333333333,49.708333333333336
2024-04-23,23.445833333333336,48.666666666666664
2024-04-24,24.849999999999998,44.833333333333336
2024-04-25,26.229166666666668,42.375
2024-04-26,24.429166666666664,52.791666666666664
2024-04-27,20.291666666666668,68.33333333333333
2024-04-28,20.179166666666667,70.0
2024-04-29,18.154166666666665,70.25
2024-04-30,18.404166666666665,58.541666666666664
2024-05-01,21.508333333333336,45.5
2024-05-02,24.05,40.75
2024-05-03,23.679166666666664,47.291666666666664
2024-05-04,24.741666666666664,49.0
2024-05-05,26.75,42.5
2024-05-06,28.554166666666664,41.375
2024-05-07,29.599999999999998,36.208333333333336
2024-05-08,29.84583333333333,36.75
2024-05-09,30.287499999999998,39.041666666666664
2024-05-10,28.395833333333332,49.416666666666664
2024-05-11,28.0125,46.25
2024-05-12,26.058333333333334,50.0
2024-05-13,27.041666666666668,39.708333333333336
2024-05-14,28.983333333333334,34.916666666666664
2024-05-15,30.304166666666664,35.125
2024-05-16,31.483333333333334,35.375
2024-05-17,31.662499999999998,33.75
2024-05-18,31.566666666666666,33.791666666666664
2024-05-19,31.2625,35.958333333333336
2024-05-20,32.55416666666667,32.0
2024-05-21,32.96666666666666,29.25
2024-05-22,33.27916666666667,30.75
2024-05-23,33.40833333333333,31.75
2024-05-24,33.00833333333333,34.416666666666664
2024-05-25,32.75,32.5
2024-05-26,33.425000000000004,27.875
2024-05-27,33.75833333333333,25.041666666666668
2024-05-28,33.81666666666667,20.625
2024-05-29,33.520833333333336,20.916666666666668
2024-05-30,34.03333333333333,20.833333333333332
2024-05-31,33.108333333333334,21.416666666666668
2024-06-01,33.645833333333336,21.791666666666668
2024-06-02,33.59583333333333,23.291666666666668
2024-06-03,34.333333333333336,26.125
2024-06-04,32.56666666666667,30.625
2024-06-05,29.650000000000002,38.291666666666664
2024-06-06,27.695833333333336,44.958333333333336
2024-06-07,28.420833333333334,38.291666666666664
2024-06-08,29.9875,32.666666666666664
2024-06-09,31.020833333333332,28.208333333333332
2024-06-10,32.2125,26.833333333333332
2024-06-11,33.44583333333333,24.583333333333332
2024-06-12,34.80833333333333,24.291666666666668
2024-06-13,34.80833333333333,24.625
2024-06-14,34.045833333333334,28.666666666666668
2024-06-15,34.82083333333333,27.166666666666668
2024-06-16,35.612500000000004,26.583333333333332
2024-06-17,36.041666666666664,25.583333333333332
2024-06-18,33.7875,34.083333333333336
2024-06-19,33.824999999999996,32.5
2024-06-20,31.90833333333333,37.625
2024-06-21,29.8875,45.666666666666664
2024-06-22,31.46666666666667,37.625
2024-06-23,32.329166666666666,35.75
2024-06-24,33.583333333333336,35.208333333333336
2024-06-25,34.55833333333333,33.333333333333336
2024-06-26,35.625,32.166666666666664
2024-06-27,32.516666666666666,45.875
2024-06-28,32.15416666666667,51.708333333333336
2024-06-29,32.175000000000004,54.166666666666664
2024-06-30,32.862500000000004,54.083333333333336
2024-07-01,32.59166666666667,59.0
2024-07-02,33.03333333333333,57.708333333333336
2024-07-03,33.708333333333336,56.625
2024-07-04,29.133333333333336,72.20833333333333
2024-07-05,28.791666666666668,71.91666666666667
2024-07-06,27.045833333333334,72.16666666666667
2024-07-07,29.004166666666666,60.791666666666664
2024-07-08,31.370833333333334,52.541666666666664
2024-07-09,32.1875,54.458333333333336
2024-07-10,30.162499999999998,64.625
2024-07-11,31.308333333333334,58.125
2024-07-12,29.825,59.583333333333336
2024-07-13,29.150000000000002,53.625
2024-07-14,30.02916666666667,50.583333333333336
2024-07-15,31.808333333333334,45.416666666666664
2024-07-16,33.13333333333333,49.75
2024-07-17,32.75416666666667,52.625
2024-07-18,30.78333333333333,61.125
2024-07-19,31.829166666666666,55.208333333333336
2024-07-20,31.729166666666668,55.791666666666664
2024-07-21,33.375,52.083333333333336
2024-07-22,32.199999999999996,59.333333333333336
2024-07-23,28.433333333333334,70.5
2024-07-24,30.804166666666664,63.791666666666664
2024-07-25,31.708333333333332,63.916666666666664
2024-07-26,30.65833333333333,69.25
2024-07-27,31.108333333333334,64.16666666666667
2024-07-28,29.587500000000002,73.58333333333333
2024-07-29,29.070833333333336,76.5
2024-07-30,29.0,79.54166666666667
2024-07-31,31.370833333333334,68.125
2024-08-01,28.708333333333332,78.125
2024-08-02,29.758333333333336,71.58333333333333
2024-08-03,29.3,69.29166666666667
2024-08-04,28.445833333333336,71.75
2024-08-05,29.625,67.79166666666667
2024-08-06,29.71666666666667,68.75
2024-08-07,28.554166666666664,75.45833333333333
2024-08-08,27.808333333333334,72.54166666666667
2024-08-09,29.775000000000002,69.625
2024-08-10,29.329166666666666,77.58333333333333
2024-08-11,25.72083333333333,87.41666666666667
2024-08-12,28.491666666666664,75.25
2024-08-13,30.620833333333334,68.04166666666667
2024-08-14,31.25,69.54166666666667
2024-08-15,28.27916666666667,79.91666666666667
2024-08-16,28.6125,73.625
2024-08-17,27.295833333333334,78.91666666666667
2024-08-18,28.195833333333336,77.91666666666667
2024-08-19,29.395833333333332,73.66666666666667
2024-08-20,28.354166666666668,69.58333333333333
2024-08-21,27.712500000000002,69.54166666666667
2024-08-22,29.15833333333333,61.458333333333336
2024-08-23,30.120833333333334,60.333333333333336
2024-08-24,30.129166666666666,60.166666666666664
2024-08-25,30.037499999999998,62.083333333333336
2024-08-26,29.8875,62.416666666666664
2024-08-27,27.258333333333336,71.29166666666667
2024-08-28,26.55,74.75
2024-08-29,26.075,75.20833333333333
2024-08-30,25.508333333333336,76.83333333333333
2024-08-31,27.979166666666668,66.5
2024-09-01,28.96666666666667,66.625
2024-09-02,27.77916666666667,71.95833333333333
2024-09-03,27.46666666666667,72.0
2024-09-04,28.129166666666666,72.08333333333333
2024-09-05,28.620833333333334,71.5
2024-09-06,27.629166666666666,68.33333333333333
2024-09-07,26.625,70.5
2024-09-08,28.608333333333334,65.75
2024-09-09,29.425,66.04166666666667
2024-09-10,28.854166666666668,64.75
2024-09-11,29.075,56.958333333333336
2024-09-12,29.2375,55.75
2024-09-13,28.820833333333336,64.5
2024-09-14,26.770833333333332,63.041666666666664
2024-09-15,27.308333333333334,61.291666666666664
2024-09-16,27.925,55.333333333333336
2024-09-17,28.337500000000002,54.75
2024-09-18,28.354166666666668,56.958333333333336
2024-09-19,29.020833333333332,53.416666666666664
2024-09-20,28.766666666666666,54.416666666666664
2024-09-21,29.575,57.916666666666664
2024-09-22,30.054166666666664,62.041666666666664
2024-09-23,30.5,59.458333333333336
2024-09-24,30.537499999999998,59.0
2024-09-25,30.520833333333332,60.458333333333336
2024-09-26,27.837500000000002,68.75
2024-09-27,25.420833333333334,72.66666666666667
2024-09-28,25.545833333333334,68.625
2024-09-29,26.375,65.91666666666667
2024-09-30,27.166666666666668,65.70833333333333
2024-10-01,27.2625,52.416666666666664
2024-10-02,26.925,50.875
2024-10-03,26.849999999999998,56.041666666666664
2024-10-04,27.15833333333333,58.708333333333336
2024-10-05,26.295833333333334,64.83333333333333
2024-10-06,24.745833333333334,59.208333333333336
2024-10-07,24.929166666666664,58.791666666666664
2024-10-08,24.316666666666666,59.333333333333336
2024-10-09,23.741666666666664,54.916666666666664
2024-10-10,23.954166666666666,50.208333333333336
2024-10-11,24.195833333333336,49.708333333333336
2024-10-12,24.212500000000002,51.041666666666664
2024-10-13,24.6375,52.583333333333336
2024-10-14,23.233333333333334,54.666666666666664
2024-10-15,23.879166666666666,52.125
2024-10-16,24.395833333333332,51.458333333333336
2024-10-17,24.8125,51.458333333333336
2024-10-18,24.366666666666664,55.583333333333336
2024-10-19,24.204166666666666,56.416666666666664
2024-10-20,23.9875,59.083333333333336
2024-10-21,23.920833333333334,61.125
2024-10-22,24.0625,59.541666666666664
2024-10-23,23.266666666666666,61.083333333333336
2024-10-24,23.09583333333333,59.583333333333336
2024-10-25,22.883333333333336,56.375
2024-10-26,23.258333333333336,56.5
2024-10-27,22.995833333333334,59.375
2024-10-28,23.041666666666668,63.375
2024-10-29,22.883333333333336,67.125
2024-10-30,22.275000000000002,65.91666666666667
2024-10-31,21.791666666666668,60.166666666666664
2024-11-01,21.1375,59.5
2024-11-02,20.941666666666666,59.083333333333336
2024-11-03,20.991666666666667,58.0
2024-11-04,20.995833333333334,57.75
2024-11-05,21.108333333333334,59.916666666666664
2024-11-06,21.416666666666668,62.625
2024-11-07,20.912499999999998,62.916666666666664
2024-11-08,20.925,66.16666666666667
2024-11-09,20.616666666666667,65.58333333333333
2024-11-10,20.474999999999998,70.33333333333333
2024-11-11,18.8,74.25
2024-11-12,18.662499999999998,69.70833333333333
2024-11-13,18.25,64.75
2024-11-14,18.054166666666667,66.45833333333333
2024-11-15,17.783333333333335,68.08333333333333
2024-11-16,17.020833333333332,67.16666666666667
2024-11-17,16.479166666666668,62.083333333333336
2024-11-18,15.512500000000001,58.5
2024-11-19,15.2875,55.75
2024-11-20,15.2875,53.5
2024-11-21,15.791666666666666,54.041666666666664
2024-11-22,15.9375,56.375
2024-11-23,16.224999999999998,61.458333333333336
2024-11-24,16.958333333333332,60.875
2024-11-25,15.854166666666666,58.708333333333336
2024-11-26,14.966666666666667,58.875
2024-11-27,14.533333333333333,55.166666666666664
2024-11-28,14.204166666666666,56.375
2024-11-29,14.375,57.625
2024-11-30,15.120833333333332,56.166666666666664
2024-12-01,14.754166666666668,58.625
2024-12-02,15.645833333333334,56.458333333333336
2024-12-03,16.091666666666665,52.333333333333336
2024-12-04,14.858333333333334,50.291666666666664
2024-12-05,13.404166666666667,50.208333333333336
2024-12-06,12.629166666666668,48.625
2024-12-07,12.066666666666668,50.875
2024-12-08,11.058333333333332,57.166666666666664
2024-12-09,9.629166666666666,58.083333333333336
2024-12-10,9.433333333333334,54.416666666666664
2024-12-11,9.958333333333334,55.166666666666664
2024-12-12,10.370833333333334,52.916666666666664
2024-12-13,10.674999999999999,51.208333333333336
2024-12-14,10.441666666666666,51.458333333333336
2024-12-15,10.420833333333333,54.25
2024-12-16,10.595833333333333,53.291666666666664
2024-12-17,10.466666666666667,51.166666666666664
2024-12-18,10.091666666666667,53.958333333333336
2024-12-19,9.729166666666666,56.166666666666664
2024-12-20,9.833333333333334,57.5
2024-12-21,9.754166666666666,57.791666666666664
2024-12-22,10.479166666666666,56.25
2024-12-23,10.158333333333333,60.458333333333336
2024-12-24,10.079166666666667,61.166666666666664
2024-12-25,10.5375,57.458333333333336
2024-12-26,10.729166666666666,52.916666666666664
2024-12-27,10.808333333333332,56.041666666666664
2024-12-28,10.466666666666667,67.08333333333333
2024-12-29,10.299999999999999,64.33333333333333
2024-12-30,10.2875,59.041666666666664
2024-12-31,10.237499999999999,58.083333333333336
2025-01-01,10.229166666666666,63.875
2025-01-02,12.166666666666666,61.125
2025-01-03,13.233333333333334,60.083333333333336
2025-01-04,13.658333333333333,54.5
2025-01-05,12.325000000000001,60.5
2025-01-06,12.083333333333334,57.5
2025-01-07,11.529166666666667,54.916666666666664
2025-01-08,11.3375,49.25
2025-01-09,11.391666666666666,47.458333333333336
2025-01-10,11.141666666666666,46.291666666666664
2025-01-11,10.608333333333333,56.375
2025-01-12,11.362499999999999,61.083333333333336
2025-01-13,10.504166666666666,55.125
2025-01-14,10.308333333333334,55.75
2025-01-15,11.279166666666667,50.125
2025-01-16,10.825000000000001,56.75
2025-01-17,10.533333333333333,56.833333333333336
2025-01-18,11.520833333333334,55.0
2025-01-19,10.795833333333334,57.5
2025-01-20,11.6625,58.166666666666664
2025-01-21,12.495833333333332,57.708333333333336
2025-01-22,11.670833333333334,56.625
2025-01-23,12.295833333333334,49.5
2025-01-24,13.133333333333333,39.708333333333336
2025-01-25,12.5625,35.208333333333336
2025-01-26,12.341666666666667,37.083333333333336
2025-01-27,12.433333333333332,36.875
2025-01-28,12.895833333333334,37.916666666666664
2025-01-29,13.991666666666667,47.833333333333336
2025-01-30,13.679166666666667,48.708333333333336
2025-01-31,14.270833333333334,45.0
2025-02-01,13.108333333333334,56.75
2025-02-02,13.170833333333334,54.375
2025-02-03,13.629166666666668,49.5
2025-02-04,13.520833333333334,50.833333333333336
2025-02-05,12.433333333333332,52.125
2025-02-06,12.658333333333333,46.041666666666664
2025-02-07,13.091666666666667,43.083333333333336
2025-02-08,14.35,38.0
2025-02-09,16.079166666666666,36.25
2025-02-10,16.325,38.541666666666664
2025-02-11,15.508333333333333,46.916666666666664
2025-02-12,14.25,47.833333333333336
2025-02-13,13.450000000000001,41.875
2025-02-14,14.362499999999999,34.5
2025-02-15,16.108333333333334,36.75
2025-02-16,16.270833333333332,40.958333333333336
2025-02-17,16.458333333333332,45.833333333333336
2025-02-18,16.650000000000002,38.208333333333336
2025-02-19,16.745833333333334,36.75
2025-02-20,13.066666666666668,63.125
2025-02-21,13.5375,64.33333333333333
2025-02-22,15.525,56.416666666666664
2025-02-23,16.341666666666665,50.125
2025-02-24,17.333333333333332,44.916666666666664
2025-02-25,14.883333333333333,64.16666666666667
2025-02-26,15.595833333333333,76.125
2025-02-27,13.779166666666667,86.04166666666667
2025-02-28,14.054166666666667,76.625
2025-03-01,14.762500000000001,64.125
2025-03-02,15.954166666666666,52.083333333333336
2025-03-03,13.104166666666666,74.45833333333333
2025-03-04,12.933333333333332,63.583333333333336
2025-03-05,14.879166666666668,46.083333333333336
2025-03-06,16.433333333333334,41.5
2025-03-07,17.420833333333334,40.625
2025-03-08,18.775000000000002,37.916666666666664
2025-03-09,19.537499999999998,41.291666666666664
2025-03-10,17.816666666666666,58.625
2025-03-11,18.816666666666666,61.791666666666664
2025-03-12,19.466666666666665,59.416666666666664
2025-03-13,18.125,60.875
2025-03-14,16.766666666666666,59.375
2025-03-15,16.166666666666668,64.66666666666667
2025-03-16,18.158333333333335,55.75
2025-03-17,19.162499999999998,48.25
2025-03-18,20.108333333333334,43.458333333333336
2025-03-19,20.529166666666665,42.958333333333336
2025-03-20,20.583333333333332,41.791666666666664
2025-03-21,21.354166666666668,36.916666666666664
2025-03-22,22.099999999999998,32.75
2025-03-23,22.766666666666666,34.666666666666664
2025-03-24,23.208333333333332,39.833333333333336
2025-03-25,22.875,47.375
2025-03-26,23.041666666666668,43.833333333333336
2025-03-27,21.775000000000002,47.541666666666664
2025-03-28,18.108333333333334,41.25
2025-03-29,18.683333333333334,34.083333333333336
2025-03-30,20.520833333333332,31.708333333333332
2025-03-31,21.84583333333333,27.708333333333332
2025-04-01,22.46666666666667,28.25
2025-04-02,23.358333333333334,27.666666666666668
2025-04-03,21.304166666666667,35.041666666666664
2025-04-04,22.766666666666666,34.541666666666664
2025-04-05,24.829166666666666,34.166666666666664
2025-04-06,26.575,32.75
2025-04-07,28.03333333333333,34.541666666666664
2025-04-08,26.708333333333332,45.833333333333336
2025-04-09,26.016666666666666,47.75
2025-04-10,27.5,39.666666666666664
2025-04-11,24.508333333333336,44.75
2025-04-12,24.775000000000002,41.875
2025-04-13,26.633333333333336,38.458333333333336
2025-04-14,28.083333333333332,40.625
2025-04-15,29.004166666666666,41.291666666666664
2025-04-16,27.0,47.416666666666664
2025-04-17,27.770833333333332,44.166666666666664
2025-04-18,28.037499999999998,42.541666666666664
2025-04-19,25.808333333333334,49.458333333333336
2025-04-20,25.037499999999998,48.541666666666664
2025-04-21,25.974999999999998,40.0
2025-04-22,26.608333333333334,33.5
2025-04-23,27.258333333333336,26.875
2025-04-24,27.520833333333332,25.291666666666668
2025-04-25,28.3,22.041666666666668
2025-04-26,28.375,22.625
2025-04-27,29.045833333333334,23.375
2025-04-28,30.491666666666664,22.75
2025-04-29,30.245833333333334,27.083333333333332
2025-04-30,30.5,35.375
2025-05-01,28.129166666666666,44.791666666666664
2025-05-02,25.445833333333336,53.5
2025-05-03,25.97083333333333,52.166666666666664
2025-05-04,24.241666666666664,59.208333333333336
2025-05-05,25.075,56.666666666666664
2025-05-06,27.004166666666666,49.625
2025-05-07,28.3875,46.833333333333336
2025-05-08,26.625,54.791666666666664
2025-05-09,26.170833333333334,57.625
2025-05-10,27.704166666666666,48.708333333333336
2025-05-11,28.458333333333332,43.791666666666664
2025-05-12,28.224999999999998,43.25
2025-05-13,29.358333333333334,38.583333333333336
2025-05-14,30.308333333333334,33.958333333333336
2025-05-15,31.691666666666666,29.625
2025-05-16,32.25416666666667,27.583333333333332
2025-05-17,32.458333333333336,27.458333333333332
2025-05-18,32.90416666666667,30.583333333333332
2025-05-19,32.15,32.583333333333336
2025-05-20,33.545833333333334,29.125
2025-05-21,33.97083333333333,27.583333333333332
2025-05-22,33.0625,31.5
2025-05-23,32.05416666666667,37.875
2025-05-24,29.358333333333334,48.791666666666664
2025-05-25,28.662499999999998,47.416666666666664
2025-05-26,30.675,42.541666666666664
2025-05-27,29.895833333333332,46.458333333333336
2025-05-28,30.34166666666667,43.5
2025-05-29,30.650000000000002,40.583333333333336
2025-05-30,28.3875,42.041666666666664
2025-05-31,25.650000000000002,55.833333333333336
2025-06-01,27.233333333333334,44.125
2025-06-02,28.40833333333333,36.333333333333336
2025-06-03,26.916666666666668,41.208333333333336
2025-06-04,26.445833333333336,43.291666666666664
2025-06-05,28.666666666666668,40.0
2025-06-06,31.179166666666664,40.75
2025-06-07,33.0375,37.25
2025-06-08,33.93333333333333,33.291666666666664
2025-06-09,34.891666666666666,29.208333333333332
2025-06-10,35.979166666666664,27.916666666666668
2025-06-11,36.24583333333333,28.875
2025-06-12,36.55416666666667,26.875
2025-06-13,35.454166666666666,28.416666666666668
2025-06-14,33.795833333333334,32.583333333333336
2025-06-15,34.19583333333333,28.875
2025-06-16,31.833333333333332,38.916666666666664
2025-06-17,31.608333333333334,43.541666666666664
2025-06-18,33.05416666666667,46.5
2025-06-19,34.704166666666666,45.75
2025-06-20,34.37083333333333,51.458333333333336
2025-06-21,32.6,59.541666666666664
2025-06-22,29.78333333333333,67.375
2025-06-23,31.8,62.291666666666664
2025-06-24,32.354166666666664,65.58333333333333
2025-06-25,29.9375,72.75
2025-06-26,28.004166666666666,75.45833333333333
2025-06-27,29.775000000000002,67.375
2025-06-28,30.5,67.45833333333333
2025-06-29,31.016666666666666,65.5
2025-06-30,30.058333333333334,66.0
2025-07-01,29.170833333333334,73.45833333333333
2025-07-02,29.2,69.125
2025-07-03,30.354166666666668,68.0
2025-07-04,31.583333333333332,67.29166666666667
2025-07-05,31.608333333333334,70.875
2025-07-06,29.1125,76.0
2025-07-07,28.90833333333333,72.79166666666667
2025-07-08,28.9375,71.70833333333333
2025-07-09,27.945833333333336,72.70833333333333
2025-07-10,26.991666666666664,76.375
2025-07-11,28.837500000000002,65.0
2025-07-12,30.962500000000002,60.541666666666664
2025-07-13,30.691666666666666,63.666666666666664
2025-07-14,28.425,63.333333333333336
2025-07-15,26.52916666666667,74.79166666666667
2025-07-16,25.0125,84.16666666666667
2025-07-17,25.295833333333334,85.54166666666667
2025-07-18,28.416666666666668,74.16666666666667
2025-07-19,30.662499999999998,65.375
2025-07-20,31.679166666666664,66.875
2025-07-21,29.925,73.95833333333333
2025-07-22,27.02916666666667,83.04166666666667
2025-07-23,26.741666666666664,79.75
2025-07-24,28.070833333333336,75.0
2025-07-25,30.2,67.25
2025-07-26,31.2,64.875
2025-07-27,31.96666666666667,64.375
2025-07-28,31.974999999999998,64.08333333333333
2025-07-29,30.329166666666666,69.16666666666667
2025-07-30,27.59166666666667,77.25
2025-07-31,29.395833333333332,68.95833333333333
2025-08-01,29.46666666666667,70.0
2025-08-02,28.587500000000002,71.83333333333333
2025-08-03,29.9875,68.66666666666667
2025-08-04,30.333333333333332,67.29166666666667
2025-08-05,29.75,72.79166666666667
2025-08-06,27.708333333333332,74.75
2025-08-07,28.425,73.45833333333333
2025-08-08,27.599999999999998,74.91666666666667
2025-08-09,29.366666666666664,69.08333333333333
2025-08-10,29.691666666666666,71.125
2025-08-11,31.15833333333333,68.375
2025-08-12,29.587500000000002,74.29166666666667
2025-08-13,28.6125,77.08333333333333
2025-08-14,27.8875,80.875
2025-08-15,27.4875,82.5
2025-08-16,29.483333333333334,74.79166666666667
2025-08-17,28.25,78.04166666666667
2025-08-18,26.395833333333332,82.875
2025-08-19,26.241666666666664,76.625
2025-08-20,28.40833333333333,69.25
2025-08-21,29.46666666666667,68.16666666666667
2025-08-22,30.45,65.95833333333333
2025-08-23,28.791666666666668,73.91666666666667
2025-08-24,25.77916666666667,78.08333333333333
2025-08-25,26.77916666666667,71.04166666666667
2025-08-26,26.71666666666667,71.375
2025-08-27,27.266666666666666,70.83333333333333
2025-08-28,29.316666666666666,66.45833333333333
2025-08-29,29.15833333333333,70.79166666666667
2025-08-30,26.545833333333334,81.125
2025-08-31,26.679166666666664,78.875
2025-09-01,25.995833333333334,77.08333333333333
2025-09-02,25.333333333333332,78.08333333333333
2025-09-03,24.579166666666666,79.125
2025-09-04,26.962500000000002,69.5
2025-09-05,28.570833333333336,65.08333333333333
2025-09-06,29.25,63.875
2025-09-07,26.933333333333334,74.125
2025-09-08,26.645833333333332,73.75
2025-09-09,27.604166666666668,71.58333333333333
2025-09-10,28.804166666666664,68.79166666666667
2025-09-11,29.2625,69.5
2025-09-12,29.183333333333334,72.5
2025-09-13,29.0125,73.75
2025-09-14,29.575,71.45833333333333
2025-09-15,29.645833333333332,70.25
2025-09-16,28.6875,68.83333333333333
2025-09-17,29.420833333333334,65.625
2025-09-18,27.97083333333333,67.70833333333333
2025-09-19,27.370833333333334,66.20833333333333
2025-09-20,28.383333333333336,63.958333333333336
2025-09-21,28.670833333333334,61.458333333333336
2025-09-22,29.108333333333334,63.416666666666664
2025-09-23,28.954166666666666,62.458333333333336
2025-09-24,28.95,62.25
2025-09-25,28.47083333333333,62.333333333333336
2025-09-26,27.995833333333334,56.708333333333336
2025-09-27,27.974999999999998,52.916666666666664
2025-09-28,28.0,53.541666666666664
2025-09-29,27.775000000000002,56.375
2025-09-30,27.95,53.375
2025-10-01,27.479166666666668,56.041666666666664
2025-10-02,26.891666666666666,56.375
2025-10-03,25.645833333333332,61.333333333333336
2025-10-04,24.858333333333334,61.958333333333336
2025-10-05,23.34583333333333,64.45833333333333
2025-10-06,19.95,69.83333333333333
2025-10-07,18.720833333333335,70.04166666666667
2025-10-08,20.720833333333335,62.041666666666664
2025-10-09,21.883333333333336,57.166666666666664
2025-10-10,22.166666666666668,56.333333333333336
2025-10-11,22.77916666666667,54.958333333333336
2025-10-12,22.916666666666668,56.541666666666664
2025-10-13,23.40416666666667,57.041666666666664
2025-10-14,23.604166666666668,60.791666666666664
2025-10-15,23.929166666666664,60.5
2025-10-16,23.670833333333334,60.333333333333336
2025-10-17,23.837500000000002,59.208333333333336
2025-10-18,23.758333333333336,58.833333333333336
2025-10-19,23.337500000000002,57.541666666666664
2025-10-20,23.045833333333334,56.166666666666664
2025-10-21,22.745833333333334,53.541666666666664
2025-10-22,21.962500000000002,51.0
2025-10-23,22.016666666666666,51.416666666666664
2025-10-24,21.704166666666666,52.666666666666664
2025-10-25,21.71666666666667,53.916666666666664
2025-10-26,21.40416666666667,54.541666666666664
2025-10-27,21.125,56.583333333333336
2025-10-28,21.1125,56.291666666666664
2025-10-29,20.820833333333333,59.5
2025-10-30,21.224999999999998,59.833333333333336
2025-10-31,20.875,57.333333333333336
2025-11-01,20.216666666666665,57.083333333333336
2025-11-02,20.150000000000002,55.666666666666664
2025-11-03,19.5,56.25
2025-11-04,17.658333333333335,62.666666666666664
2025-11-05,16.854166666666668,59.875
2025-11-06,16.329166666666666,54.583333333333336
2025-11-07,16.279166666666665,53.333333333333336
2025-11-08,16.55,51.75
2025-11-09,16.5,51.875
2025-11-10,15.854166666666666,53.25
2025-11-11,15.725,53.541666666666664
2025-11-12,15.795833333333334,52.833333333333336
2025-11-13,16.0125,53.041666666666664
2025-11-14,15.450000000000001,54.291666666666664
2025-11-15,15.1625,54.791666666666664
2025-11-16,15.233333333333334,56.458333333333336
2025-11-17,15.466666666666667,55.583333333333336
2025-11-18,15.620833333333332,56.083333333333336
2025-11-19,15.566666666666668,57.958333333333336
2025-11-20,15.429166666666667,59.75
2025-11-21,15.579166666666666,61.125
2025-11-22,15.058333333333332,60.708333333333336
2025-11-23,14.299999999999999,59.291666666666664
2025-11-24,13.920833333333334,59.166666666666664
2025-11-25,13.458333333333334,57.333333333333336
2025-11-26,13.233333333333334,58.416666666666664
2025-11-27,13.120833333333332,59.458333333333336
2025-11-28,12.829166666666666,59.083333333333336
2025-11-29,12.75,57.791666666666664
2025-11-30,12.654166666666667,55.541666666666664
2025-12-01,12.441666666666668,56.5
2025-12-02,12.308333333333332,56.833333333333336
2025-12-03,12.200000000000001,58.75
2025-12-04,12.683333333333332,58.333333333333336
2025-12-05,13.7125,55.375
2025-12-06,13.4125,53.708333333333336
2025-12-07,13.554166666666667,54.291666666666664
2025-12-08,13.575000000000001,54.541666666666664
2025-12-09,13.325000000000001,52.625
2025-12-10,13.637500000000001,51.0
2025-12-11,13.391666666666666,54.75
2025-12-12,13.779166666666667,57.916666666666664
2025-12-13,13.595833333333333,62.0
2025-12-14,13.9125,62.5
2025-12-15,14.329166666666666,61.833333333333336
2025-12-16,15.0625,56.416666666666664
2025-12-17,15.1,56.333333333333336
2025-12-18,14.566666666666668,59.875
2025-12-19,14.233333333333334,61.75
2025-12-20,14.341666666666667,62.5
2025-12-21,14.233333333333334,72.75
2025-12-22,13.766666666666666,76.54166666666667
2025-12-23,13.458333333333334,71.625
2025-12-24,13.254166666666665,62.708333333333336
2025-12-25,12.483333333333334,60.25
2025-12-26,12.641666666666666,59.416666666666664
2025-12-27,11.9375,61.125
2025-12-28,12.041666666666666,64.875
2025-12-29,12.991666666666667,64.75
2025-12-30,12.341666666666667,70.83333333333333
2025-12-31,10.904166666666667,78.54166666666667
2026-01-01,11.291666666666666,80.91666666666667
2026-01-02,11.129166666666668,73.91666666666667
2026-01-03,11.2125,72.25
2026-01-04,10.9375,75.54166666666667
2026-01-05,10.566666666666666,74.75
2026-01-06,9.933333333333334,72.25
2026-01-07,10.266666666666667,64.70833333333333
2026-01-08,9.4625,64.70833333333333
2026-01-09,8.220833333333333,71.29166666666667
2026-01-10,9.020833333333334,65.5
2026-01-11,9.541666666666666,63.041666666666664
2026-01-12,9.633333333333333,66.125
2026-01-13,9.737499999999999,68.41666666666667
2026-01-14,10.570833333333333,63.0
2026-01-15,11.070833333333333,61.541666666666664
2026-01-16,10.870833333333332,68.95833333333333
2026-01-17,11.491666666666667,63.375
2026-01-18,12.033333333333333,56.875
2026-01-19,12.7875,57.25
2026-01-20,12.620833333333332,59.291666666666664
2026-01-21,12.491666666666667,56.708333333333336
2026-01-22,11.225,61.416666666666664
2026-01-23,10.041666666666666,74.0
2026-01-24,8.625,66.66666666666667
2026-01-25,11.200000000000001,57.25
2026-01-26,10.4375,64.5
2026-01-27,10.358333333333333,77.95833333333333
2026-01-28,10.495833333333334,73.33333333333333
2026-01-29,11.458333333333334,65.875
2026-01-30,12.729166666666666,63.125
2026-01-31,13.004166666666668,61.0
2026-02-01,12.85,65.79166666666667
2026-02-02,12.645833333333334,64.25
2026-02-03,13.291666666666666,61.875
2026-02-04,13.341666666666667,59.083333333333336
2026-02-05,13.733333333333334,55.0
2026-02-06,13.8125,53.916666666666664
2026-02-07,14.0875,54.416666666666664
2026-02-08,13.916666666666666,54.208333333333336
2026-02-09,13.920833333333334,55.125
2026-02-10,14.170833333333334,56.541666666666664
2026-02-11,14.674999999999999,55.958333333333336
2026-02-12,15.233333333333334,52.166666666666664
2026-02-13,16.0125,50.166666666666664
2026-02-14,16.337500000000002,50.5
2026-02-15,16.791666666666668,48.291666666666664
2026-02-16,16.783333333333335,48.625
2026-02-17,17.458333333333332,49.083333333333336
2026-02-18,17.679166666666667,51.75
2026-02-19,17.679166666666667,50.583333333333336
2026-02-20,17.974999999999998,50.458333333333336
2026-02-21,18.345833333333335,49.458333333333336
2026-02-22,18.587500000000002,48.458333333333336
2026-02-23,18.945833333333333,49.541666666666664
2026-02-24,18.908333333333335,47.583333333333336
2026-02-25,19.170833333333334,46.291666666666664
2026-02-26,19.570833333333333,46.75
2026-02-27,19.520833333333332,47.625
2026-02-28,19.8,43.916666666666664
2026-03-01,19.775000000000002,40.958333333333336
2026-03-02,20.191666666666666,38.208333333333336
2026-03-03,21.270833333333332,36.416666666666664
2026-03-04,22.854166666666668,37.833333333333336
2026-03-05,24.008333333333336,39.375
2026-03-06,23.708333333333332,42.75
2026-03-07,23.212500000000002,49.541666666666664
2026-03-08,23.34166666666667,49.5
2026-03-09,23.0125,45.5
2026-03-10,21.770833333333332,58.583333333333336
2026-03-11,20.716666666666665,63.458333333333336
2026-03-12,20.462500000000002,60.5
2026-03-13,20.841666666666665,50.625
2026-03-14,21.329166666666666,44.916666666666664
2026-03-15,17.279166666666665,59.875
2026-03-16,15.566666666666668,62.708333333333336
2026-03-17,16.908333333333335,54.166666666666664
2026-03-18,15.950000000000001,65.875
2026-03-19,15.6875,75.58333333333333
2026-03-20,16.183333333333334,71.54166666666667
2026-03-21,17.287499999999998,62.958333333333336
2026-03-22,19.3625,55.041666666666664
2026-03-23,20.541666666666668,50.583333333333336
2026-03-24,21.508333333333336,44.875
2026-03-25,21.820833333333336,46.708333333333336
2026-03-26,20.79583333333333,56.375
2026-03-27,22.633333333333336,50.5
2026-03-28,21.883333333333336,53.583333333333336
2026-03-29,20.941666666666666,64.16666666666667
2026-03-30,18.283333333333335,80.04166666666667
2026-03-31,20.395833333333332,65.91666666666667
2026-04-01,21.745833333333334,55.125
2026-04-02,21.52916666666667,58.083333333333336
2026-04-03,18.55,74.95833333333333
2026-04-04,17.3,75.20833333333333
2026-04-05,19.495833333333334,61.791666666666664
2026-04-06,20.470833333333335,56.083333333333336
2026-04-07,16.470833333333335,75.16666666666667
2026-04-08,16.170833333333334,74.33333333333333
2026-04-09,17.1875,64.54166666666667
2026-04-10,19.604166666666668,51.541666666666664
2026-04-11,20.758333333333333,49.583333333333336
2026-04-12,21.7375,48.75
2026-04-13,23.162499999999998,43.833333333333336
2026-04-14,24.40833333333333,43.708333333333336
2026-04-15,25.645833333333332,40.041666666666664
2026-04-16,25.295833333333334,44.458333333333336
2026-04-17,23.27916666666667,54.291666666666664
2026-04-18,23.05,57.291666666666664
2026-04-19,24.575,51.583333333333336
2026-04-20,25.712500000000002,43.416666666666664
2026-04-21,26.745833333333334,39.125
2026-04-22,28.129166666666666,38.583333333333336
2026-04-23,28.587500000000002,40.041666666666664
2026-04-24,27.816666666666666,44.75
2026-04-25,27.9375,44.0
2026-04-26,28.504166666666666,39.083333333333336
2026-04-27,28.929166666666664,39.208333333333336
2026-04-28,26.895833333333332,45.125
2026-04-29,25.75,48.333333333333336
2026-04-30,25.495833333333334,49.875
2026-05-01,26.875,45.791666666666664
2026-05-02,28.045833333333334,40.625
2026-05-03,26.27916666666667,43.75
2026-05-04,23.6375,52.208333333333336
2026-05-05,24.820833333333336,47.291666666666664
2026-05-06,26.645833333333332,38.708333333333336
2026-05-07,27.65833333333333,41.416666666666664
2026-05-08,28.150000000000002,43.541666666666664
2026-05-09,29.229166666666668,44.625
2026-05-10,29.620833333333334,46.75
2026-05-11,26.558333333333334,55.958333333333336
2026-05-12,25.8875,54.5
2026-05-13,27.604166666666668,43.583333333333336
2026-05-14,28.349999999999998,39.416666666666664
2026-05-15,28.445833333333336,39.791666666666664
2026-05-16,29.420833333333334,39.0
2026-05-17,30.9875,35.666666666666664
2026-05-18,32.637499999999996,34.208333333333336
2026-05-19,32.270833333333336,35.833333333333336
2026-05-20,32.175000000000004,32.208333333333336
2026-05-21,29.7625,40.333333333333336
2026-05-22,29.929166666666664,38.291666666666664
2026-05-23,29.554166666666664,38.375
2026-05-24,29.599999999999998,37.166666666666664
2026-05-25,29.983333333333334,33.25
2026-05-26,30.558333333333334,30.083333333333332
2026-05-27,32.42916666666667,28.083333333333332
2026-05-28,32.2125,27.833333333333332
2026-05-29,30.354166666666668,32.916666666666664
2026-05-30,28.333333333333332,39.333333333333336
2026-05-31,28.795833333333334,45.791666666666664
2026-06-01,29.754166666666666,45.375
2026-06-02,30.1375,46.583333333333336
2026-06-03,29.09166666666667,48.708333333333336
2026-06-04,27.65416666666667,51.25
2026-06-05,28.041666666666668,48.208333333333336
2026-06-06,29.729166666666668,40.666666666666664
2026-06-07,30.854166666666668,36.041666666666664
2026-06-08,32.3375,32.375
2026-06-09,32.9625,30.25
2026-06-10,33.791666666666664,30.041666666666668
2026-06-11,33.016666666666666,31.875
2026-06-12,28.770833333333332,42.833333333333336
2026-06-13,27.766666666666666,49.5
2026-06-14,29.054166666666664,47.083333333333336
2026-06-15,30.079166666666666,45.041666666666664
2026-06-16,30.1875,46.291666666666664
2026-06-17,29.71666666666667,48.958333333333336
2026-06-18,29.383333333333336,49.375
2026-06-19,29.2625,47.083333333333336
2026-06-20,30.070833333333336,45.416666666666664
2026-06-21,30.191666666666666,42.0
2026-06-22,28.7625,49.291666666666664
2026-06-23,30.433333333333334,44.875
2026-06-24,32.112500000000004,44.125
2026-06-25,30.679166666666664,51.125
2026-06-26,31.65833333333333,51.083333333333336
2026-06-27,33.208333333333336,47.0
2026-06-28,34.041666666666664,47.041666666666664
2026-06-29,34.50416666666667,49.0
2026-06-30,34.1625,52.5
2026-07-01,32.041666666666664,58.0
2026-07-02,29.458333333333332,65.16666666666667
2026-07-03,30.49166666666667,58.416666666666664
2026-07-04,32.75833333333333,50.375
2026-07-05,33.612500000000004,48.041666666666664
2026-07-06,32.825,52.458333333333336
2026-07-07,30.995833333333334,57.875
2026-07-08,30.78333333333333,56.833333333333336
2026-07-09,31.787499999999998,52.916666666666664
2026-07-10,31.65416666666667,54.75
2026-07-11,29.308333333333334,63.916666666666664
2026-07-12,27.849999999999998,66.20833333333333
2026-07-13,30.066666666666666,56.166666666666664
2026-07-14,30.9875,50.958333333333336
2026-07-15,30.787499999999998,54.916666666666664
2026-07-16,31.995833333333334,54.583333333333336
2026-07-17,32.358333333333334,58.791666666666664
2026-07-18,32.775,61.583333333333336
2026-07-19,31.145833333333332,67.20833333333333
2026-07-20,29.2,72.33333333333333
2026-07-21,26.983333333333334,79.16666666666667
2026-07-22,26.079166666666666,79.54166666666667
2026-07-23,27.3125,73.70833333333333
2026-07-24,27.666666666666668,70.70833333333333
2026-07-25,28.129166666666666,70.08333333333333
2026-07-26,28.758333333333336,69.41666666666667
2026-07-27,31.104166666666668,62.708333333333336
2026-07-28,30.84166666666667,66.0
2026-07-29,28.983333333333334,72.29166666666667
2026-07-30,29.520833333333332,71.45833333333333
2026-07-31,27.304166666666664,77.95833333333333
2026-08-01,28.883333333333336,71.41666666666667
2026-08-02,29.22083333333333,70.70833333333333
2026-08-03,28.90416666666667,75.625
2026-08-04,27.962500000000002,76.29166666666667
2026-08-05,28.912499999999998,70.83333333333333
2026-08-06,28.954166666666666,68.83333333333333
2026-08-07,29.304166666666664,66.66666666666667
2026-08-08,29.55,67.08333333333333
2026-08-09,29.620833333333334,66.875
2026-08-10,30.816666666666666,63.416666666666664
2026-08-11,30.608333333333334,66.79166666666667
2026-08-12,30.087500000000002,68.16666666666667
2026-08-13,31.058333333333334,65.25
2026-08-14,29.770833333333332,71.79166666666667
2026-08-15,28.983333333333334,71.83333333333333
2026-08-16,29.837500000000002,67.75
2026-08-17,29.400000000000002,71.41666666666667
2026-08-18,28.7375,74.5
2026-08-19,27.808333333333334,77.54166666666667
2026-08-20,27.366666666666664,79.125
2026-08-21,28.804166666666664,73.29166666666667
2026-08-22,28.791666666666668,71.75
2026-08-23,28.6875,66.875
2026-08-24,29.712500000000002,61.5
2026-08-25,30.337500000000002,59.625
2026-08-26,30.787499999999998,59.25
2026-08-27,30.795833333333334,61.958333333333336
2026-08-28,30.808333333333334,65.875
2026-08-29,30.75,68.66666666666667
2026-08-30,29.72083333333333,70.95833333333333
2026-08-31,28.583333333333332,74.08333333333333
